is_masked_low/std,unmasked_mismatch_kl/std,time/save_weights,sequence_masked_low/median,trainer_probs/median,masked_mismatch_kl/mean,perf/peak_memory,time/broadcast_weights,sequence_masked_low/std,sequence_masked_low/max,is_masked/max,unmasked_mismatch_kl/min,perf/mfu,perf/throughput,loss/max,trainer_probs/max,trainer_probs/std,is_masked/min,is_masked/mean,unmasked_mismatch_kl/median,_timestamp,is_masked_high/max,is_masked_low/median,sequence_masked_low/min,optim/lr,entropy/min,masked_mismatch_kl/median,time/load_data,is_masked_low/min,masked_mismatch_kl/min,unmasked_mismatch_kl/mean,time/save_ckpt,masked_mismatch_kl/std,inference_probs/std,inference_probs/min,entropy/median,entropy/mean,mismatch_kl/max,_step,time/step,inference_probs/mean,time/forward_backward,masked_mismatch_kl/max,mismatch_kl/min,_runtime,loss/min,trainer_probs/min,entropy/std,mismatch_kl/median,time/wait_for_batch,optim/grad_norm,unmasked_mismatch_kl/max,trainer_probs/mean,is_masked_high/mean,is_masked_high/median,loss/mean,is_masked_low/mean,loss/median,is_masked/std,mismatch_kl/mean,inference_probs/median,step,loss/std,inference_probs/max,is_masked_high/min,perf/throughput_per_gpu,is_masked_high/std,is_masked/median,sequence_masked_low/mean,entropy/max,is_masked_low/max,mismatch_kl/std
0.0,0.00024990682140924037,0.0,0,0.7338494062423706,0.0,5.30859375,0.0,0,0,0,0.0,0.0,0.0,0.00022729426564183086,1.0,0.35463055968284607,0,0.0,0.0010523488745093346,1762975586.2764127,0,0,0,1e-06,0,0.0,0.01677703857421875,0,0.0,0.0010455669835209846,0.0,0.0,0.354573130607605,1.7022642850861303e-08,0.7906856536865234,0.946643590927124,0.0016793044051155448,0,142.68639254570007,0.6299434304237366,109.50549149513245,0.0,0.0,250.088869561,-0.00020295610011089593,1.4282785620878258e-08,0.9000902771949768,0.0010523488745093346,33.00563311576843,0.002889759372919798,0.0016793044051155448,0.6297178864479065,0.0,0,7.381901923508849e-06,0.0,4.3142345020896755e-06,0.0,0.0010455669835209846,0.7338598966598511,0,6.313878111541271e-05,1,0,0.0,0.0,0,0,8.043758392333984,0,0.00024990682140924037
0.0,0.00026397930923849344,1.7425320148468018,0,0.7354987263679504,0.0,6.076171875,1.7425320148468018,0,0,0,0.0,0.44910715707972865,1378.5192710623169,0.00046989062684588134,1.0,0.35416078567504883,0,0.0,0.0010464092483744025,1762975684.6420898,0,0,0,1e-06,0,0.0,0.01807093620300293,0,0.0,0.001053338055498898,0.0,0.0,0.3540077209472656,3.778093926598558e-08,0.7847919464111328,0.9427171945571899,0.0018456093966960907,1,96.62020540237427,0.6309413909912109,96.56144523620605,0.0,0.0,349.327225683,-0.0003693999897222966,3.7672496233653874e-08,0.9033792614936829,0.0010464092483744025,0.00016260147094726562,0.007264105603098869,0.0018456093966960907,0.6306216716766357,0.0,0,3.485308843664825e-05,0.0,1.0188065061811358e-05,0.0,0.001053338055498898,0.735869288444519,1,0.00013897976896259934,1,0,344.6298177655792,0.0,0,0,7.234419822692871,0,0.00026397930923849344
0.0,0.00022272055502980947,1.6229274272918701,0,0.7341814637184143,0.0,11.279296875,1.6229274272918701,0,0,0,0.0,0.4580598849649061,1405.9993673461158,0.0007502794032916427,1.0,0.35339292883872986,0,0.0,0.0010297866538167,1762975783.8577185,0,0,0,1e-06,0,0.0,0.021756649017333984,0,0.0,0.001051439787261188,0.0,0.0,0.3532721698284149,1.2676287575175138e-08,0.7853374481201172,0.9376541972160339,0.001787997200153768,2,97.57839775085449,0.6308578848838806,97.50097370147705,0.0,0.0,446.97174474,-0.0002618536236695945,1.416069128623576e-08,0.89045250415802,0.0010297866538167,7.510185241699219e-05,0.004167633596807718,0.001787997200153768,0.630599856376648,0.0,0,1.8298422219231725e-05,0.0,5.527456323761726e-06,0.0,0.001051439787261188,0.7340102195739746,2,0.0001041970681399107,1,0,351.49984183652896,0.0,0,0,7.276607513427734,0,0.00022272055502980947
0.0,0.00022409649682231247,2.198256492614746,0,0.7460053563117981,0.0,11.279296875,2.198256492614746,0,0,0,0.0,0.4580385712408203,1405.9339455889087,0.0006850814097560942,1.0,0.3543069064617157,0,0.0,0.0011041245888918638,1762975881.510037,0,0,0,1e-06,0,0.0,0.00947427749633789,0,0.0,0.0010997041827067733,0.0,0.0,0.354097455739975,1.9530148165358696e-08,0.7640838623046875,0.9183204174041748,0.0018215366872027516,3,95.4314956665039,0.635392427444458,95.37577152252197,0.0,0.0,543.054780195,-0.0006200564675964415,1.880134981036008e-08,0.8790462017059326,0.0011041245888918638,0.00011014938354492188,0.010310562327504158,0.0018215366872027516,0.6352651715278625,0.0,0,2.2026233637006953e-05,0.0,7.308858130272711e-06,0.0,0.0010997041827067733,0.7454028725624084,3,0.00015392347995657474,1,0,351.4834863972272,0.0,0,0,7.402807235717773,0,0.00022409649682231247
0.0,0.00023556934320367873,1.6459496021270752,0,0.7323178648948669,0.0,11.279296875,1.6459496021270752,0,0,0,0.0,0.45586301291979575,1399.2561427002768,0.00036527510383166373,1.0,0.35504111647605896,0,0.0,0.0011231274111196399,1762975977.5979207,0,0,0,1e-06,0,0.0,0.009119510650634766,0,0.0,0.0011343148071318865,0.0,0.0,0.3549575209617615,3.7482490000684265e-08,0.7847328186035156,0.9482361078262329,0.0018522723112255335,4,94.42211103439331,0.6287845373153687,94.36778569221497,0.0,0.0,634.51938015,-0.00030816972139291465,3.945310922404133e-08,0.9073439240455627,0.0011231274111196399,8.511543273925781e-05,0.005061392206698656,0.0018522723112255335,0.6287297010421753,0.0,0,1.8710685253608972e-05,0.0,5.378335117711686e-06,0.0,0.0011343148071318865,0.7325119376182556,4,0.00010307638149242848,1,0,349.8140356750692,0.0,0,0,7.191760063171387,0,0.00023556934320367873
0.0,0.0004201899573672563,1.510549545288086,0,0.7454606294631958,0.0,11.279296875,1.510549545288086,0,0,0,0.0,0.4543035152487093,1394.4693171979884,0.0010634659556671977,1.0,0.35511356592178345,0,0.0,0.0013401912292465568,1762976069.0632637,0,0,0,1e-06,0,0.0,0.008468151092529297,0,0.0,0.0014150528004392982,0.0,0.0,0.35485175251960754,2.506458152140567e-08,0.7710895538330078,0.9358137845993042,0.004555333871394396,5,89.94148182868958,0.6346970200538635,89.88649463653564,0.0,0.0,734.429090716,-0.0013940478675067425,2.4803302522968806e-08,0.9073618650436401,0.0013401912292465568,0.00016260147094726562,0.01145156379789114,0.004555333871394396,0.6346433758735657,0.0,0,2.9566326702479273e-05,0.0,1.1524189176270738e-05,0.0,0.0014150528004392982,0.7445958852767944,5,0.00024924130411818624,1,0,348.6173292994971,0.0,0,0,7.912614822387695,0,0.0004201899573672563
0.0,0.0004672719514928758,1.8519196510314941,0,0.7403544783592224,0.0,13.892578125,1.8519196510314941,0,0,0,0.0,0.4541194281302626,1393.9042679968506,0.001189877395518124,1.0,0.35579079389572144,0,0.0,0.0014048594748601317,1762976168.9787161,0,0,0,1e-06,0,0.0,0.013563394546508789,0,0.0,0.0014542588032782078,0.0,0.0,0.35550135374069214,2.7945565861386967e-08,0.7799339294433594,0.9484732747077942,0.0037704340647906065,6,98.04792809486389,0.6319403052330017,97.99240016937256,0.0,0.0,832.831804021,-0.0004891069256700575,2.3049080866144322e-08,0.9234972596168518,0.0014048594748601317,0.003777027130126953,0.009522936306893826,0.0037704340647906065,0.6317773461341858,0.0,0,2.6160754714510404e-05,0.0,7.953584827191662e-06,0.0,0.0014542588032782078,0.7397259473800659,6,0.0001929036370711401,1,0,348.47606699921266,0.0,0,0,8.348212242126465,0,0.0004672719514928758
0.0,0.0006115072756074369,1.755434274673462,0,0.7598654627799988,0.0,13.892578125,1.755434274673462,0,0,0,0.0,0.4593916836549147,1410.0872785058714,0.000491246348246932,1.0,0.3542514741420746,0,0.0,0.001419245614670217,1762976267.390943,0,0,0,1e-06,0,0.0,0.00993967056274414,0,0.0,0.0015454753302037716,0.0,0.0,0.35391977429389954,3.895317846058788e-08,0.7357959747314453,0.917470395565033,0.004285587463527918,7,96.63712096214294,0.6416248679161072,96.57959318161011,0.0,0.0,924.621785719,-0.00043538035242818296,3.9708659471671126e-08,0.9143468737602234,0.001419245614670217,0.0002129077911376953,0.006212430540472269,0.004285587463527918,0.6416952013969421,0.0,0,2.2628351871389896e-05,0.0,7.03456180417561e-06,0.0,0.0015454753302037716,0.7592251300811768,7,0.00013492675498127937,1,0,352.52181962646785,0.0,0,0,7.252190589904785,0,0.0006115072756074369
0.0,0.0006672691670246422,1.604710340499878,0,0.727470338344574,0.0,13.89453125,1.604710340499878,0,0,0,0.0008769408450461924,0.4589865783858662,1408.8438215460146,0.0002647334767971188,1.0,0.3564873933792114,0,0.0,0.001737849903292954,1762976359.1535518,0,0,0,1e-06,0,0.0,0.008934974670410156,0,0.0,0.0018437395337969065,0.0,0.0,0.3560979962348938,2.592629577691241e-08,0.8021678924560547,0.9667246341705322,0.007839889265596867,8,90.1446213722229,0.6249732971191406,90.09987163543701,0.0,0.0008769408450461924,1020.846785526,-0.00022477364109363407,2.290896006229559e-08,0.9312599897384644,0.001737849903292954,0.0002262592315673828,0.0034241622779518366,0.007839889265596867,0.625150740146637,0.0,0,9.765534741745796e-06,0.0,6.998641765676439e-06,0.0,0.0018437395337969065,0.7266144752502441,8,7.62634226703085e-05,1,0,352.21095538650366,0.0,0,0,7.476037979125977,0,0.0006672691670246422
0.0,0.0008442517137154937,1.9750158786773682,0,0.7467796802520752,0.0,13.89453125,1.9750158786773682,0,0,0,0.0,0.45805647078439155,1405.9888876341806,0.0005400973604992032,1.0,0.35554420948028564,0,0.0,0.001988582545891404,1762976455.3579283,0,0,0,1e-06,0,0.0,0.009414196014404297,0,0.0,0.0021532203536480665,0.0,0.0,0.35504618287086487,1.6896196441962275e-08,0.7596912384033203,0.9316537380218506,0.007909649051725864,9,94.20993781089783,0.6345095634460449,94.15561008453369,0.0,0.0,1112.917001989,-0.001554297050461173,1.691599571529423e-08,0.9136252999305725,0.001988582545891404,0.00010752677917480469,0.007876381278038025,0.007909649051725864,0.6346085071563721,0.0,0,1.3834737728757318e-05,0.0,1.0079643288918305e-05,0.0,0.0021532203536480665,0.7456453442573547,9,0.00019684342260006815,1,0,351.49722190854516,0.0,0,0,7.334328651428223,0,0.0008442517137154937
0.0,0.0016554560279473662,1.8049883842468262,0,0.7433371543884277,0.08189427852630615,13.89453125,1.8049883842468262,0,0,1,0.00100178353022784,0.45756907223105486,1404.492834213809,0.0002556077088229358,1.0,0.35366812348365784,0,1.9992801753687672e-05,0.0026562411803752184,1762976547.4504235,1,0,0,1e-06,0,0.0,0.017330169677734375,0,0.0,0.0030880486592650414,0.0,1.0359982252120972,0.35303252935409546,1.610024646936381e-08,0.7655143737792969,0.9170591831207275,0.0726407989859581,10,90.27464604377747,0.633578896522522,90.22399854660034,15.757038116455078,0.00100178353022784,1205.295956148,-0.0002739833726081997,1.5240672723848547e-08,0.8731974959373474,0.0026562411803752184,7.987022399902344e-05,0.004535662941634655,0.016146084293723106,0.6338555216789246,1.9992801753687672e-05,0,1.587635233590845e-05,0.0,1.0761921657831408e-05,0.004471308551728725,0.0034004910849034786,0.7415785193443298,10,8.752346184337512e-05,1,0,351.12320855345223,0.004471308551728725,0,0,7.618696212768555,0,0.0046974653378129005
0.0045226882211863995,0.0019589816220104694,2.022244691848755,0,0.7414020299911499,0.032951101660728455,13.89453125,2.022244691848755,0,0,1,0.0,0.45611274480263664,1400.02268629164,0.0007004536455497146,1.0,0.3550069332122803,0,3.0682378564961255e-05,0.0032225975301116705,1762976639.8494287,1,0,0,1e-06,0,0.0,0.01651763916015625,0,0.0,0.0035932341124862432,0.0,0.36707884073257446,0.3541661202907562,6.077548420080348e-08,0.7714691162109375,0.9406619071960449,0.047385409474372864,11,90.36735033988953,0.6311270594596863,90.31424856185913,5.5169572830200195,0.0,1296.456360841,-0.00048646144568920135,3.181789409723024e-08,0.9090936779975891,0.003232672344893217,0.005213260650634766,0.008762416429817677,0.017045259475708008,0.6314030885696411,1.022745891532395e-05,0,4.1043866076506674e-05,2.04549178306479e-05,1.2995833458262496e-05,0.005539111327379942,0.003793146926909685,0.7384916543960571,11,0.0001609258324606344,1,0,350.00567157291,0.003198040183633566,0,0,7.454564094543457,1,0.0033667946700006723
0.003188628936186433,0.0018090105149894953,1.538984775543213,0,0.7485622763633728,0.004812364466488361,13.89453125,1.538984775543213,0,0,1,0.0,0.45705832192265994,1402.9251033688997,0.0005266922526061535,1.0,0.3556618094444275,0,1.0167354957957286e-05,0.003373116487637162,1762976730.9977589,0,0,0,1e-06,0,0.0,0.016321182250976562,0,0.0,0.0037422101013362408,0.0,0.07729801535606384,0.35488203167915344,2.0959824098554236e-08,0.7589359283447266,0.9260832071304321,0.013739945366978645,12,89.60428261756897,0.6348817944526672,89.55114507675171,1.2415900230407715,0.0,1392.583399635,-0.0003770746407099068,1.8205001950377664e-08,0.9021545052528381,0.003373116487637162,0.00026106834411621094,0.007645840756595135,0.013739945366978645,0.6352820992469788,0.0,0,2.9430533686536364e-05,1.0167354957957286e-05,5.7058823585975915e-06,0.003188628936186433,0.0037611019797623158,0.746722936630249,12,0.00016475870506837964,1,0,350.73127584222493,0.0,0,0,7.182003974914551,1,0.001832252717576921
0.00832207128405571,0.002201204188168049,1.2481796741485596,0,0.7363342046737671,0.04248099774122238,13.89453125,1.2481796741485596,0,0,1,0.0,0.4571146921056432,1403.0981297442997,0.00035755816497839987,1.0,0.35486331582069397,0,6.926098285475746e-05,0.003969543147832155,1762976827.118023,0,0,0,1e-06,0,0.0,0.019772052764892578,0,0.0,0.004425567574799061,0.0,0.2624831199645996,0.35391202569007874,2.4004078724715328e-08,0.7785987854003906,0.9298047423362732,0.015116333030164242,13,94.8665874004364,0.6306182146072388,94.80843710899353,2.1292200088500977,0.0,1484.226375678,-0.0003098221786785871,2.2560199042231943e-08,0.8810033798217773,0.004042093176394701,6.818771362304688e-05,0.005675887688994408,0.015116333030164242,0.6307177543640137,0.0,0,2.0437426428543404e-05,6.926098285475746e-05,9.956447684089653e-06,0.00832207128405571,0.004554762039333582,0.7334190011024475,13,0.00011155694664921612,1,0,350.77453243607494,0.0,0,0,7.378573417663574,1,0.0023777878377586603
0.01311973761767149,0.0025887719821184874,2.108146905899048,0,0.7528795599937439,0.13528822362422943,13.89453125,2.108146905899048,0,0,1,0.0,0.46293207664052965,1420.9543953639927,0.0006232119048945606,1.0,0.35638150572776794,0,0.0001822821650421247,0.004208914469927549,1762976918.7848952,1,0,0,1e-06,0,0.0,0.015938282012939453,0,0.0,0.004751566797494888,0.0,0.5485376715660095,0.35528483986854553,2.2203236582640784e-08,0.7522373199462891,0.9282233715057373,0.018623288720846176,14,89.55329442024231,0.6368706822395325,89.5032548904419,5.231081008911133,0.0,1571.830026115,-0.0010126058477908373,2.164426682327303e-08,0.9223769307136536,0.004428904037922621,7.891654968261719e-05,0.010387679561972618,0.017911415547132492,0.6370164155960083,1.0126786946784705e-05,0,3.0069149943301454e-05,0.0001721553853712976,7.282921615114901e-06,0.013500029221177101,0.005206142086535692,0.7506840825080872,14,0.0002315625170012936,1,0,355.2385988409982,0.003182261483743787,0,0,7.241787910461426,1,0.0031847567297518253
0.015243090689182281,0.0031724986620247364,1.2822551727294922,0,0.7559176087379456,0.16093993186950684,13.89453125,1.2822551727294922,0,0,1,0.0,0.4638612706353632,1423.8065249910562,0.0006309286691248417,1.0,0.3551037907600403,0,0.00024296714400406927,0.005163024179637432,1762977006.3962622,1,0,0,1e-06,0,0.0,0.009589672088623047,0,0.0,0.0060049970634281635,0.0,0.653448224067688,0.3538716733455658,3.2904505786746086e-08,0.7396774291992188,0.9148412942886353,0.02732415683567524,15,86.323237657547,0.6391910910606384,86.27260303497314,7.974455833435059,0.0,1666.790286276,-0.0007869888795539737,3.085413879944099e-08,0.9001685380935669,0.005355604458600283,0.00525975227355957,0.009044674225151539,0.02463635616004467,0.6391248106956482,1.0563789146544877e-05,0,4.15357353631407e-05,0.0002324033557670191,7.867176464060321e-06,0.015585592947900295,0.006499914918094873,0.7537647485733032,15,0.00020430766744539142,1,0,355.95163124776406,0.0032501984387636185,0,0,7.391645431518555,1,0.0037596968468278646
0.015407958067953587,0.00316809699870646,1.3580069541931152,0,0.7679858803749084,0.14796239137649536,13.89453125,1.3580069541931152,0,0,1,0.0,0.46167213561903453,1417.0870488941066,0.0004805373027920723,1.0,0.3566664159297943,0,0.0002374591858824715,0.005879041738808155,1762977101.3439527,0,0,0,1e-06,0,0.0,0.011690378189086914,0,0.0,0.006494162604212761,0.0,0.5356338620185852,0.35538026690483093,4.057789126932221e-08,0.7262210845947266,0.9032127857208252,0.022527413442730904,16,93.58244013786316,0.6431989073753357,93.5312397480011,4.966769695281982,0.0,1756.175360347,-0.0002695160801522434,3.134121584480454e-08,0.9053342342376709,0.00615389458835125,0.005335807800292969,0.005385879892855883,0.022527413442730904,0.6430969834327698,0.0,0,1.6638923625578173e-05,0.0002374591858824715,3.998603006039048e-06,0.015407958067953587,0.00695383083075285,0.7646797895431519,16,0.00011729744437616318,1,0,354.27176222352665,0.0,0,0,7.540657997131348,1,0.0035571095068007708
0.01943252794444561,0.003777239006012678,2.1893723011016846,0,0.769133985042572,0.2119755744934082,13.89453125,2.1893723011016846,0,0,1,0.0,0.4640775815795145,1424.4704841383414,0.0012150168186053634,1.0,0.3574672341346741,0,0.00038855490856803954,0.005969048477709293,1762977190.7323513,1,0,0,1e-06,0,0.0,0.00855875015258789,0,0.0,0.006639711558818817,0.0,0.6489983797073364,0.3559763729572296,4.3220325096626766e-08,0.7227535247802734,0.9235334396362305,0.03753755986690521,17,87.18627786636353,0.6428914070129395,87.14058756828308,5.832975387573242,0.0,1835.515496029,-0.0004541814560070634,4.374697937237215e-08,0.9602358341217041,0.006377477198839188,0.00014662742614746094,0.01045537181198597,0.03753755986690521,0.6430280208587646,1.0793191904667765e-05,0,4.3342759454390034e-05,0.0003777617239393294,8.675851859152317e-06,0.019708072766661644,0.007324341218918562,0.7660688757896423,17,0.00023709749802947044,1,0,356.11762103458534,0.003285299288108945,0,0,7.631679534912109,1,0.004622684326022863
0.021355735138058662,0.003827193286269903,1.3949358463287354,0,0.7693785429000854,0.4010102152824402,13.89453125,1.3949358463287354,0,0,1,0.0,0.46577649309773567,1429.6852357422263,0.001183574553579092,1.0,0.35557228326797485,0,0.0005163056775927544,0.007955369539558887,1762977270.0714295,1,0,0,1e-06,0,0.0,0.007036924362182617,0,0.0,0.00821585115045309,0.0,1.3125306367874146,0.3537825345993042,3.0330919997823e-08,0.7175464630126953,0.8901318311691284,0.04826441779732704,18,77.93021702766418,0.6440808176994324,77.89548850059509,14.078109741210938,0.0,1920.558983563,-0.0012263141106814146,2.5179629048466268e-08,0.8941695690155029,0.00851093977689743,0.00017905235290527344,0.018698545172810555,0.023323874920606613,0.6445651054382324,6.0035541537217796e-05,0,5.979597335681319e-05,0.00045627012150362134,3.358917456353083e-05,0.02271663025021553,0.009477756917476654,0.7638104557991028,18,0.00040773654473014176,1,0,357.42130893555657,0.007748075295239687,0,0,8.230451583862305,1,0.005879553500562906
0.02203080616891384,0.003924694377928972,1.5879337787628174,0,0.778860330581665,0.365004301071167,13.89453125,1.5879337787628174,0,0,1,0.0016949956770986319,0.46774447972022337,1435.7259043032273,0.000580207328312099,1.0,0.3559767007827759,0,0.0005297311581671238,0.008202007971704006,1762977355.1142523,1,0,0,1e-06,0,0.0,0.008295059204101562,0,0.0,0.008907157927751541,0.0,1.0198757648468018,0.35410362482070923,1.7976612198822295e-08,0.7018108367919922,0.9027652740478516,0.044382695108652115,19,83.4428346157074,0.6484050154685974,83.3907082080841,8.106036186218262,0.0016949956770986319,2008.151705203,-0.00027678333572112024,1.2955627681776605e-08,0.9483011364936829,0.009222912602126598,9.870529174804688e-05,0.008464661426842213,0.024342801421880722,0.648574709892273,4.414426439325325e-05,0,4.5008582674199715e-05,0.00048558690468780696,9.40822337724967e-06,0.023009920492768288,0.01026867888867855,0.7750760316848755,19,0.00014575223030988127,1,0,358.9314760758068,0.0066440049558877945,0,0,7.638759613037109,1,0.005936322268098593
0.0290712621062994,0.004325855057686567,1.4747779369354248,0,0.7679492235183716,0.6488998532295227,13.89453125,1.4747779369354248,0,0,1,0.0,0.4706424080605345,1444.6209976017901,0.0005046002333983779,1.0,0.35611915588378906,0,0.0008987100445665419,0.010105796158313751,1762977442.5624506,1,0,0,1e-06,0,0.0,0.008820295333862305,0,0.0,0.010348695330321789,0.0,1.669647216796875,0.35399988293647766,3.060504027985189e-08,0.7218074798583984,0.8978042006492615,0.04614174738526344,20,85.96157479286194,0.6430587768554688,85.90235495567322,17.299684524536133,0.0,2087.558430977,-0.0005613638204522431,3.7688309362238215e-08,0.8959196209907532,0.010938024148344994,8.7738037109375e-05,0.008549780584871769,0.02417740970849991,0.6427210569381714,5.286529631121084e-05,0,3.846818799502216e-05,0.0008458447409793735,8.785253157839179e-06,0.029965179041028023,0.01258006226271391,0.7641257047653198,20,0.00019211298786103725,1,0,361.15524940044753,0.007270699832588434,0,0,7.339503288269043,1,0.007058505900204182
0.03573664277791977,0.005150604527443647,1.5870506763458252,0,0.7755820155143738,0.9393253326416016,13.89453125,1.5870506763458252,0,0,1,0.0,0.46875212250115444,1438.8188298332777,0.0004944957327097654,1.0,0.3558168113231659,0,0.001360101392492652,0.012210351414978504,1762977522.1024256,1,0,0,1e-06,0,0.0,0.01622915267944336,0,0.0,0.012738420628011227,0.0,1.9922140836715698,0.35314077138900757,2.65249777697818e-08,0.7039146423339844,0.8882988095283508,0.06479725986719131,21,77.83700013160706,0.6475028395652771,77.77264928817749,19.652009963989258,0.0,2160.098030996,-0.00042475914233364165,2.3623638156777815e-08,0.9022493958473206,0.01465516071766615,0.00010991096496582031,0.008926224894821644,0.03482804447412491,0.6471001505851746,8.137358963722363e-05,0,3.691335950861685e-05,0.0012787277810275555,2.1251258658594452e-05,0.03685468062758446,0.016525324434041977,0.7715351581573486,21,0.00019031675765290856,1,0,359.70470745831943,0.009020416997373104,0,0,7.097489356994629,1,0.009394138120114803
0.039877668023109436,0.0057740830816328526,1.944183111190796,0,0.7640900611877441,1.1499578952789307,13.89453125,1.944183111190796,0,0,1,0.0034665646962821484,0.46834853605983834,1437.5800348639184,0.0007928707636892796,1.0,0.35536348819732666,0,0.0016872284468263388,0.013904702849686146,1762977594.6301491,1,0,0,1e-06,0,0.0,0.007646322250366211,0,0.0,0.01467051263898611,0.0,4.0554914474487305,0.3521542251110077,2.7475024921841396e-08,0.7205467224121094,0.8944172859191895,0.25649508833885193,22,70.57733273506165,0.6419350504875183,70.51099038124084,60.852333068847656,0.0034665646962821484,2236.945432455,-0.000632244162261486,2.4241215257347903e-08,0.9007813334465027,0.017356375232338905,0.0073184967041015625,0.009772892110049725,0.03823085501790047,0.6415207982063293,9.448479249840602e-05,0,3.854185706586577e-05,0.0015927435597404838,1.2433771189535037e-05,0.04104149714112282,0.019805312156677246,0.7590162754058838,22,0.00022605150297749788,1,0,359.3950087159796,0.00971993524581194,0,0,7.76937198638916,1,0.017848221585154533
0.039527930319309235,0.006355044431984425,1.508582353591919,0,0.7716426253318787,0.853289008140564,13.89453125,1.508582353591919,0,0,1,0.004110433626919985,0.46206776229541174,1418.3014116334548,0.0005464464193210006,1.0,0.35852980613708496,0,0.0015774056082591414,0.014328674413263798,1762977671.493682,1,0,0,1e-06,0,0.0,0.007096529006958008,0,0.0,0.015095245093107224,0.0,1.3867933750152588,0.3551537096500397,5.100122635326443e-08,0.7033119201660156,0.896983802318573,0.05785724148154259,23,75.3400559425354,0.6426916122436523,75.28494906425476,11.490516662597656,0.004110433626919985,2317.457777206,-0.0004068876150995493,4.791396079895094e-08,0.9295783042907715,0.016798188909888268,9.465217590332031e-05,0.009012020193040371,0.04401889070868492,0.6422989964485168,1.2519091797003057e-05,0,3.4963861253345385e-05,0.0015648864209651947,1.726137998048216e-05,0.03968547657132149,0.018824182450771332,0.7664118409156799,23,0.00017503317212685943,1,0,354.5753529083637,0.0035382327623665333,0,0,7.550018310546875,1,0.010068962350487709
0.041499581187963486,0.007686955388635397,1.8974568843841553,0,0.7958019375801086,1.0221138000488281,13.89453125,1.8974568843841553,0,0,1,0.0,0.46335896454677794,1422.2647133940443,0.0005812526796944439,1.0,0.3549048900604248,0,0.0017970529152080417,0.015975069254636765,1762977752.0123384,1,0,0,1e-06,0,0.0,0.011793375015258789,0,0.0,0.016689561307430267,0.0,1.5113823413848877,0.351337194442749,5.0065263934584436e-08,0.6636104583740234,0.852702796459198,0.0919133871793747,24,78.61463618278503,0.6582850813865662,78.54826045036316,12.657434463500977,0.0,2394.455445092,-0.00044735081610269845,3.007881943517532e-08,0.9029932618141174,0.01881183497607708,0.005208015441894531,0.010715567506849766,0.051861170679330826,0.6571865677833557,7.188211748143658e-05,0,4.220187111059204e-05,0.001725170761346817,1.7919206811711774e-06,0.042353805154561996,0.020996687933802605,0.7901161313056946,24,0.0002126561594195664,1,0,355.5661783485111,0.008478078991174698,0,0,7.435609817504883,1,0.012155364267528057
0.050315972417593,0.00797239039093256,1.559696912765503,0,0.7724394798278809,1.0877825021743774,13.89453125,1.559696912765503,0,0,1,0.0,0.4613398255838702,1416.067034449402,0.0008726114756427705,1.0,0.35697832703590393,0,0.002551463432610035,0.01891295798122883,1762977829.0043542,1,0,0,1e-06,0,0.0,0.007943868637084961,0,0.0,0.01911301538348198,0.0,1.3729435205459595,0.3527853190898895,1.281927897167634e-08,0.7026748657226562,0.8770912289619446,0.07388627529144287,25,75.41698551177979,0.6458128690719604,75.37386894226074,7.715106964111328,0.0,2466.73584466,-0.001364844269119203,1.3826962685925537e-08,0.8799941539764404,0.021973073482513428,0.00010228157043457031,0.0191122405230999,0.05225492641329765,0.6444337964057922,1.3358447176869959e-05,0,3.0367962608579546e-05,0.002538105007261038,2.6591122150421143e-05,0.050447870045900345,0.024792252108454704,0.767026424407959,25,0.0003858961572404951,1,0,354.0167586123505,0.0036549214273691177,0,0,6.878259658813477,1,0.013035588897764683
0.05184704810380936,0.009641896933317184,1.8567118644714355,0,0.7928305864334106,1.4080753326416016,13.89453125,1.8567118644714355,0,0,1,0.0,0.45877001924352623,1408.1791005627608,0.0006294103222899139,1.0,0.355843722820282,0,0.0028595272451639175,0.020614048466086388,1762977901.2840626,1,0,0,1e-06,0,1.3155114650726318,0.009946107864379883,0,0.0,0.02199660800397396,0.0,1.7338497638702393,0.3509072959423065,1.9468037848469066e-08,0.6713104248046875,0.8536184430122375,0.15146231651306152,26,70.41664791107178,0.6551805138587952,70.36573100090027,8.784136772155762,0.0,2534.749500877,-0.001335044507868588,1.179596420541884e-08,0.8776887655258179,0.026336468756198883,0.005461931228637695,0.014675915241241455,0.07610255479812622,0.6533697247505188,0.00016418338054791093,0,4.5482898713089526e-05,0.0026953439228236675,3.355010994710028e-05,0.053398407995700836,0.029615407809615135,0.7837010025978088,26,0.0003063482290599495,1,0,352.0447751406902,0.01281244307756424,0,0,7.480114936828613,1,0.0172968041151762
0.05078946053981781,0.008713381364941597,1.4416580200195312,0,0.7899706363677979,1.406729817390442,13.89453125,1.4416580200195312,0,0,1,0.0,0.4620631452781835,1418.2872398547968,0.0013946550898253918,1.0,0.3565365672111511,0,0.0027478584088385105,0.0206877700984478,1762977969.2838216,1,0,0,1e-06,0,0.0,0.006813764572143555,0,0.0,0.021755680441856384,0.0,3.5877790451049805,0.35172778367996216,3.699419082181521e-08,0.6700534820556641,0.8573055267333984,0.16503781080245972,27,66.544114112854,0.6539726853370667,66.50425696372986,53.233154296875,0.0,2606.799351978,-0.001203858177177608,3.4634574319625244e-08,0.8925310969352722,0.025101162493228912,9.465217590332031e-05,0.01462000422179699,0.05166829004883766,0.6519343256950378,0.00016163871623575687,0,5.850087836734019e-05,0.00258621945977211,2.3731270630378276e-05,0.05234833434224129,0.028943462297320366,0.7832740545272827,27,0.00031229734304361045,1,0,354.5718099636992,0.012712787836790085,0,0,7.437671661376953,1,0.01687691919505596
0.046466391533613205,0.008851760067045689,1.658578872680664,0,0.7986510396003723,1.107607126235962,13.89453125,1.658578872680664,0,0,1,0.0,0.4614815487192501,1416.502048833379,0.0009684137185104191,1.0,0.3573010563850403,0,0.002233576262369752,0.020314261317253113,1762978041.348105,1,0,0,1e-06,0,0.0,0.007510185241699219,0,0.0,0.021622996777296066,0.0,2.093430757522583,0.352806955575943,1.8201774310000474e-08,0.6570606231689453,0.8537808060646057,0.08913704007863998,28,70.39220523834229,0.6575970649719238,70.34833264350891,24.14331817626953,0.0,2674.839990405,-0.0006191284628584981,1.4099297729330829e-08,0.9028908014297485,0.02471003495156765,0.00017642974853515625,0.015337622724473476,0.04981385916471481,0.6559391617774963,6.979925819905475e-05,0,7.29190360289067e-05,0.002163776895031333,5.0923419621540233e-05,0.04720824956893921,0.02673998475074768,0.7937518358230591,28,0.0003529683453962207,1,0,354.12551220834473,0.008354362100362778,0,0,6.95451545715332,1,0.01353548839688301
0.05331859365105629,0.011431408114731312,1.5054903030395508,0,0.8071797490119934,1.3005183935165405,13.89453125,1.5054903030395508,0,0,1,0.0,0.45708227221271325,1402.998617976417,0.0011371508007869124,1.0,0.3565748333930969,0,0.002975587733089924,0.022375164553523064,1762978109.3942518,1,0,0,1e-06,0,0.0,0.00638270378112793,0,0.0,0.023379266262054443,0.0,1.94843590259552,0.3513205647468567,2.670855181463594e-08,0.6360950469970703,0.8448289632797241,0.1945597529411316,29,66.52921867370605,0.6604112982749939,66.49701118469238,16.472496032714844,0.0,2738.384420212,-0.0006383724976330996,2.6008715181546904e-08,0.9152145981788635,0.027439020574092865,0.0002453327178955078,0.01301301084458828,0.09050644189119339,0.6588684916496277,0.00012463194434531033,0,3.7174351746216416e-05,0.002850955817848444,0.0,0.05446815490722656,0.031523291021585464,0.7973551154136658,29,0.00031448816298507154,1,0,350.7496544941043,0.011163259856402874,0,0,7.614682197570801,1,0.02070951834321022
0.06025368720293045,0.011484784074127674,1.6316723823547363,0,0.7948299646377563,1.3947707414627075,13.89453125,1.6316723823547363,0,0,1,0.0,0.4628247150884011,1420.6248527008506,0.0006320254178717732,1.0,0.35876429080963135,0,0.003773279255256057,0.025337686762213707,1762978172.934327,1,0,0,1e-06,0,1.2992236614227295,0.006329536437988281,0,0.0,0.02672642283141613,0.0,1.7269566059112549,0.3528866469860077,2.9692460046248925e-08,0.6521358489990234,0.8509170413017273,0.13841179013252258,30,61.8952214717865,0.6546260714530945,61.853564739227295,12.572114944458008,0.0,2803.279476635,-0.0006681617232970893,3.042867646740888e-08,0.9132887721061707,0.031838349997997284,0.00036406517028808594,0.00815014448016882,0.06489327549934387,0.65240079164505,0.00012955465354025364,0,2.973534537886735e-05,0.003643724601715803,2.4518238205928355e-05,0.061311520636081696,0.036253876984119415,0.7887371778488159,30,0.00018778095545712858,1,0,355.15621317521266,0.011381563730537891,0,0,7.5575079917907715,1,0.021091774106025696
0.05608019232749939,0.011137142777442932,2.0889804363250732,0,0.8140048384666443,1.292391061782837,13.89453125,2.0889804363250732,0,0,1,0.0,0.4685446680011423,1438.1820552425659,0.0010229934705421329,1.0,0.3571588695049286,0,0.003254516515880823,0.02577207237482071,1762978237.8392015,1,0,0,1e-06,0,1.2224979400634766,0.006684064865112305,0,0.0,0.02715194784104824,0.0,1.960455060005188,0.35117459297180176,7.143122360275811e-08,0.6204681396484375,0.8268935680389404,0.10111141949892044,31,62.80287742614746,0.6653063297271729,62.767242431640625,21.63896942138672,0.0,2863.627387082,-0.0007709104684181511,5.9174080746515756e-08,0.8957377672195435,0.03200561925768852,0.00014853477478027344,0.014044923707842827,0.0616975799202919,0.663108766078949,9.962805779650807e-05,0,5.034351488575339e-05,0.0031548882834613323,1.0107863090524916e-05,0.056955937296152115,0.034595005214214325,0.8045746684074402,31,0.0003094554122071713,1,0,359.54551381064147,0.009980971924960613,0,0,7.411195755004883,1,0.015864074230194092
0.0674641951918602,0.01268074382096529,1.4959325790405273,0,0.8093166351318359,1.68240225315094,13.89453125,1.4959325790405273,0,0,1,0.008862636983394623,0.4740687360497955,1455.1379958008147,0.0010796160204336047,1.0,0.3575781285762787,0,0.004763477481901646,0.03023476153612137,1762978298.1534665,1,0,0,1e-06,0,1.5155677795410156,0.006419658660888672,0,0.0,0.032118141651153564,0.0,1.774298906326294,0.35092610120773315,5.303723682459349e-08,0.6242694854736328,0.8207023739814758,0.24517053365707397,32,58.803285121917725,0.6638896465301514,58.76709008216858,14.691362380981445,0.010286104865372181,2924.186193973,-0.0014669096563011408,3.653161684269435e-08,0.8735653758049011,0.039736516773700714,0.00027561187744140625,0.01827293448150158,0.09242743253707886,0.6603463888168335,0.00019123450329061598,0,6.791269697714597e-05,0.0045722429640591145,4.495111352298409e-05,0.06885397434234619,0.04419827088713646,0.8030990958213806,32,0.0004006646340712905,1,0,363.78449895020367,0.013827554881572723,0,0,7.239800453186035,1,0.02359672077000141
0.07052455097436905,0.013144667260348797,1.4305634498596191,0,0.8133298754692078,1.8720402717590332,13.89453125,1.4305634498596191,0,0,1,0.00997245404869318,0.47637739684288494,1462.2243522381377,0.0011990631464868784,1.0,0.35758617520332336,0,0.005293668247759342,0.030769947916269302,1762978358.7425,1,0,0,1e-06,0,1.622283935546875,0.01723623275756836,0,0.0,0.03289518877863884,0.0,2.098262310028076,0.35056671500205994,4.844261525249749e-08,0.6182308197021484,0.8298943638801575,0.2771322429180145,33,59.150684118270874,0.6645030379295349,59.10589933395386,19.71530532836914,0.00997245404869318,2984.81239823,-0.0012876929249614477,1.925235082467225e-08,0.9103347659111023,0.04224279895424843,8.058547973632812e-05,0.0193223487585783,0.12515754997730255,0.6612610816955566,0.00029505693237297237,0,7.52836131141521e-05,0.004998611286282539,1.2081339264113922e-05,0.07256539911031723,0.04773087054491043,0.8043506145477295,33,0.00041124806739389896,1,0,365.55608805953443,0.01717483624815941,0,0,8.164482116699219,1,0.027509011328220367
0.07356002926826477,0.013062886893749237,1.494053602218628,0,0.8168068528175354,1.7786438465118408,13.89453125,1.494053602218628,0,0,1,0.011430758982896805,0.47769360070682204,1466.264395605253,0.0011003670515492558,1.0,0.3599339723587036,0,0.00561837712302804,0.03540148213505745,1762978419.348544,1,0,0,1e-06,0,1.694057822227478,0.11667418479919434,0,0.0,0.03656690940260887,0.0,1.808995008468628,0.35165536403656006,3.2672922145593475e-08,0.605865478515625,0.8215733170509338,0.12661992013454437,34,59.100088119506836,0.6643533706665039,58.95658087730408,14.340991020202637,0.01194395124912262,3044.633553815,-0.0005806605913676322,2.2407574462590674e-08,0.9116989970207214,0.04578391835093498,9.1552734375e-05,0.015188372693955898,0.08447442948818207,0.660717248916626,0.0001777967408997938,0,5.616261842078529e-05,0.005440580192953348,1.196335597342113e-05,0.07474564015865326,0.05116467550396919,0.8066055774688721,34,0.00031118770129978657,1,0,366.56609890131324,0.013332977890968323,0,0,7.59794807434082,1,0.024451250210404396
0.07412798702716827,0.017266221344470978,2.3094351291656494,0,0.8244372606277466,1.7517845630645752,13.89453125,2.3094351291656494,0,0,1,0.0,0.4827790764495578,1481.874091873435,0.00140655180439353,1.0,0.3571791648864746,0,0.0058281454257667065,0.033859752118587494,1762978479.1904528,1,0,0,1e-06,0,1.4688186645507812,0.00910329818725586,0,0.0,0.03614285588264465,0.0,2.879427194595337,0.3486644923686981,2.962361556058113e-08,0.5890216827392578,0.7980605959892273,0.31213441491127014,35,57.52475357055664,0.6704605221748352,57.4801390171051,27.861413955688477,0.0,3103.976463818,-0.0011023973347619176,7.10132952441711e-10,0.8704491257667542,0.04282829537987709,0.00010585784912109375,0.021967705339193344,0.11100785434246063,0.6664780378341675,0.00030276080360636115,0,6.324750575004146e-05,0.005525384563952684,3.575152004486881e-05,0.07612022757530212,0.052979450672864914,0.8143329620361328,35,0.0003989162214566022,1,0,370.46852296835874,0.017397554591298103,0,0,7.1501264572143555,1,0.03888268768787384
0.08025866746902466,0.017541471868753433,1.484109878540039,0,0.8278927206993103,1.7733666896820068,13.89453125,1.484109878540039,0,0,1,0.0,0.4830900152449117,1482.8285080183553,0.0010505897225812078,1.0,0.3598296344280243,0,0.0068323323503136635,0.036881349980831146,1762978538.5366883,1,0,0,1e-06,0,1.7086772918701172,0.007689476013183594,0,0.0,0.039742693305015564,0.0,1.6905368566513062,0.3510727286338806,2.1384474635510742e-08,0.5791893005371094,0.8179458379745483,0.2200663983821869,36,57.85053825378418,0.6709436178207397,57.814146757125854,11.65412425994873,0.0,3164.24630283,-0.0007421359186992049,1.9587485411420857e-08,0.9335703253746033,0.05109879747033119,0.0013844966888427734,0.017101913690567017,0.1335960477590561,0.6659409403800964,0.0003489632217679173,0,4.5176828280091286e-05,0.006483369041234255,1.5120175476113218e-06,0.08237582445144653,0.057114142924547195,0.8204505443572998,36,0.00035730053787119687,1,0,370.7071270045888,0.018677471205592155,0,0,7.170438766479492,1,0.030841588973999023
0.09107933193445206,0.017152883112430573,1.872262716293335,0,0.8479464650154114,2.016502618789673,13.89453125,1.872262716293335,0,0,1,0.0,0.4857811535622411,1491.0888663160395,0.0018151336116716266,1.0,0.35868141055107117,0,0.008573921397328377,0.041894011199474335,1762978598.8125756,1,0,0,1e-06,0,1.8888630867004395,0.011212348937988281,0,0.0,0.04397593438625336,0.0,2.4481911659240723,0.34807243943214417,3.9564866938235355e-08,0.5294857025146484,0.7706931233406067,0.7118247151374817,37,58.39673566818237,0.6820802092552185,58.34714937210083,25.897098541259766,0.0,3224.447464167,-0.0006140121258795261,3.285026295429816e-08,0.8727829456329346,0.06105073168873787,6.771087646484375e-05,0.019970612600445747,0.1195627823472023,0.6755658984184265,0.00020865738042630255,0,5.7729143009055406e-05,0.008365264162421227,0.0,0.09219854325056076,0.06769514828920364,0.8391655087471008,37,0.0004516132757999003,1,0,372.77221657900986,0.014443608932197094,0,0,7.747953414916992,1,0.053231220692396164
0.09318467229604721,0.020416246727108955,1.2018637657165527,0,0.8493693470954895,2.1826272010803223,13.89453125,1.2018637657165527,0,0,1,0.0,0.4925914429462645,1511.9928198812254,0.002954313065856695,1.0,0.35656672716140747,0,0.009282327257096767,0.04580187052488327,1762978658.9892697,1,0,0,1e-06,0,2.0453720092773438,0.007779598236083984,0,0.0,0.046942733228206635,0.0,2.6149659156799316,0.3455874025821686,3.199962250732824e-08,0.5248928070068359,0.7498011589050293,0.30773377418518066,38,58.962218284606934,0.6837752461433411,58.92937612533569,29.039091110229492,0.0,3277.463714486,-0.0007790492381900549,2.225478024087124e-09,0.8454306721687317,0.06505250185728073,6.413459777832031e-05,0.024792945012450218,0.1172519400715828,0.6780773401260376,0.000522382091730833,0,7.486341201001778e-05,0.008759945631027222,-2.785327751553268e-06,0.0958976075053215,0.07376664876937866,0.8386464715003967,38,0.000555351551156491,1,0,377.99820497030635,0.02284993976354599,0,0,7.803827285766602,1,0.04532167315483093
0.09812498837709427,0.020806217566132545,1.4972469806671143,0,0.8593741655349731,1.981559157371521,13.89453125,1.4972469806671143,0,0,1,0.0,0.49093185924344973,1506.8987836802728,0.0011954439105466008,1.0,0.3596820533275604,0,0.010198259726166725,0.049956951290369034,1762978711.9833765,1,0,0,1e-06,0,1.7394380569458008,0.007687091827392578,0,0.0,0.04986637458205223,0.0,2.431131601333618,0.34646984934806824,3.303442497326614e-08,0.49299049377441406,0.7463525533676147,0.4322035014629364,39,51.48492956161499,0.6851184964179993,51.4483060836792,23.093074798583984,0.0,3334.246203265,-0.0009638944175094366,1.0061737221178646e-08,0.8669403195381165,0.06719459593296051,7.867813110351562e-05,0.020068209618330002,0.13924172520637512,0.6784923672676086,0.00047544334665872157,0,6.65023471810855e-05,0.009722815826535225,5.83383152843453e-05,0.1004713699221611,0.07750972360372543,0.845236599445343,39,0.0004512487503234297,1,0,376.7246959200682,0.021799739450216293,0,0,6.898953437805176,1,0.0515502393245697
0.11229408532381058,0.022006994113326073,1.9299826622009277,0,0.8550366759300232,2.3134255409240723,13.89453125,1.9299826622009277,0,0,1,0.013309766538441181,0.4912372645064618,1507.8362148343065,0.0012582583585754037,1.0,0.3635704517364502,0,0.013267162255942822,0.05429120734333992,1762978768.8054729,1,0,0,1e-06,0,2.1479439735412598,0.007585763931274414,0,0.0,0.058189742267131805,0.0,2.260667085647583,0.35008126497268677,3.178865526365371e-08,0.5078659057617188,0.777805507183075,0.319591224193573,40,54.48232102394104,0.6832987070083618,54.44450855255127,27.529979705810547,0.013309766538441181,3382.909361164,-0.0004556995118036866,5.327841723357096e-09,0.9232174158096313,0.0898171216249466,8.606910705566406e-05,0.015750443562865257,0.1485842615365982,0.6735191941261292,0.0004943055682815611,0,3.5989924072055146e-05,0.012772856280207634,-1.9264993170509115e-05,0.1144176721572876,0.09433437883853912,0.8464237451553345,40,0.00027332722675055265,1,0,376.9590537085766,0.022227710112929344,0,0,7.7251176834106445,1,0.04795027896761894
0.10904183238744736,0.02321428619325161,2.161997079849243,0,0.8560497164726257,2.217898368835449,13.89453125,2.161997079849243,0,0,1,0.0,0.485442522973073,1490.0494511440018,0.0015440313145518303,1.0,0.3625984489917755,0,0.012750082649290562,0.05446174740791321,1762978817.4675345,1,0,0,1e-06,0,1.9687904119491577,0.0072841644287109375,0,0.0,0.05788223817944527,0.0,2.0402283668518066,0.3485720455646515,1.6210096376312322e-08,0.49995994567871094,0.7570295929908752,0.29266396164894104,41,46.48722553253174,0.6820837259292603,46.45497703552246,12.099645614624023,0.0,3436.825387858,-0.000954343588091433,4.632521033443027e-09,0.8838625550270081,0.08456376194953918,6.818771362304688e-05,0.03032323345541954,0.13672888278961182,0.6741744875907898,0.0007154354825615883,0,0.00010709637717809528,0.012034647166728973,2.6824645829037763e-05,0.11219555139541626,0.09425293654203415,0.8408742547035217,41,0.0006328774034045637,1,0,372.51236278600044,0.026738399639725685,0,0,6.891168594360352,1,0.05053221061825752
0.12262341380119324,0.02884390763938427,2.007512092590332,0,0.8792741298675537,2.2431280612945557,13.89453125,2.007512092590332,0,0,1,0.0,0.48389121372048727,1485.2877597161203,0.0011602077865973115,1.0,0.36013278365135193,0,0.015994001179933548,0.06204994395375252,1762978871.3841302,1,0,0,1e-06,0,2.021028757095337,0.0075147151947021484,0,0.0,0.06356409192085266,0.0,1.7107330560684204,0.3438626229763031,2.8574628885280617e-08,0.44051170349121094,0.7057504653930664,0.35526415705680847,42,51.89545679092407,0.6983504891395569,51.86252021789551,10.89831829071045,0.0,3486.203678582,-0.0011872687609866261,2.488906414299663e-09,0.8332393765449524,0.09882235527038574,7.653236389160156e-05,0.028531931340694427,0.17010895907878876,0.687567412853241,0.0007247282192111015,0,8.743643411435187e-05,0.015269273892045021,4.203829121252056e-06,0.12545353174209595,0.10675634443759918,0.8675296902656555,42,0.0004697222320828587,1,0,371.32193992903007,0.026911359280347824,0,0,6.8999481201171875,1,0.059440977871418
0.12868231534957886,0.02541271783411503,2.2292487621307373,0,0.8802240490913391,2.604762554168701,13.89453125,2.2292487621307373,0,0,1,0.014034098945558071,0.48670771996954154,1493.932930651794,0.001939436886459589,1.0,0.3650306165218353,0,0.01792234554886818,0.05951959639787674,1762978920.749464,1,0,0,1e-06,0,2.2244484424591064,0.0067615509033203125,0,0.0,0.06434272229671478,0.0,3.116520404815674,0.34758472442626953,3.823853944595612e-08,0.4405326843261719,0.7384753823280334,0.8342617154121399,43,47.12528872489929,0.6942800283432007,47.094653367996216,29.420623779296875,0.017279639840126038,3535.156391341,-0.001276311813853681,1.1860350923598162e-08,0.9232944846153259,0.09431441128253937,0.0017015933990478516,0.027202753350138664,0.15772022306919098,0.6822477579116821,0.0010799691081047058,0,9.722745016915724e-05,0.016842376440763474,5.4498141253134236e-05,0.13267098367214203,0.12025351822376251,0.8668673038482666,43,0.0004914902965538204,1,0,373.4832326629485,0.03284555673599243,0,0,7.589679718017578,1,0.09519483894109726
0.13710163533687592,0.02697252482175827,1.228083848953247,0,0.9017933011054993,2.208138942718506,13.89453125,1.228083848953247,0,0,1,0.0,0.4850341758630759,1488.796043462695,0.001431307871825993,1.0,0.36210110783576965,0,0.020037200301885605,0.06487632542848587,1762978969.715759,1,0,0,1e-06,0,2.1391563415527344,0.00648951530456543,0,0.0,0.06845341622829437,0.0,2.0426833629608154,0.3430691659450531,6.091765669680171e-08,0.3811759948730469,0.6858164072036743,1.49532949924469,44,47.72753834724426,0.7095825672149658,47.69848418235779,25.595693588256836,0.0,3580.315136166,-0.0015147100202739239,4.540575204714514e-08,0.8762971758842468,0.1036294624209404,6.4849853515625e-05,0.02522929385304451,0.148668572306633,0.6964403986930847,0.0008736331947147846,0,5.4037922382121906e-05,0.01916356571018696,5.9682086430257186e-05,0.1401294618844986,0.11971045285463333,0.8891368508338928,44,0.0005348114646039903,1,0,372.19901086567376,0.02954479120671749,0,0,7.266816139221191,1,0.10324551165103912
0.1464867740869522,0.029059434309601784,2.1733288764953613,0,0.9090436100959778,2.7003097534179688,13.89453125,2.1733288764953613,0,0,1,0.0028245444409549236,0.48170878520964655,1478.5888690115669,0.002476020948961377,1.0,0.3623969554901123,0,0.022900763899087906,0.06733784824609756,1762979014.8555448,1,0,0,1e-06,0,2.3000495433807373,0.006194591522216797,0,0.0,0.07312019914388657,0.0,2.6535637378692627,0.3425745666027069,1.9616761548491013e-08,0.37059974670410156,0.6906099319458008,0.7669796943664551,45,42.961017370224,0.7117148637771606,42.92715001106262,25.36830711364746,0.012791372835636139,3630.169459019,-0.0015969707164913416,1.5195334768236535e-08,0.9182600378990173,0.11292565613985062,0.0012197494506835938,0.03808104991912842,0.21235546469688416,0.698826789855957,0.0009617118630558252,0,0.00011209235526621342,0.021939052268862724,8.653059921925887e-05,0.149589404463768,0.14419594407081604,0.8937243223190308,45,0.0006994794821366668,1,0,369.6472172528917,0.030997028574347496,0,0,7.425881385803223,1,0.09500785917043686
0.15670128166675568,0.03311128914356232,2.23185133934021,0,0.8995128870010376,2.7155110836029053,13.89453125,2.23185133934021,0,0,1,0.0,0.48264282990471863,1481.4558876994072,0.0014952386263757944,1.0,0.3625148832798004,0,0.026527050882577896,0.07098040729761124,1762979064.7241378,1,0,0,1e-06,0,2.569554328918457,0.0068111419677734375,0,0.0,0.07255769520998001,0.0,2.000447988510132,0.34034186601638794,6.356982851229986e-08,0.3909168243408203,0.6813697218894958,0.5192023515701294,46,47.62438106536865,0.7102763652801514,47.59223031997681,13.82215690612793,0.0,3677.416409124,-0.0013408749364316463,5.597701413506684e-09,0.8580317497253418,0.14013071358203888,0.0029294490814208984,0.029347902163863182,0.18440476059913635,0.6946128606796265,0.0013379872543737292,0,9.553695417707786e-05,0.02518906444311142,5.4815445764688775e-05,0.16069883108139038,0.15188822150230408,0.8879950642585754,46,0.0005859136581420898,1,0,370.3639719248518,0.03655456379055977,0,0,7.187429428100586,1,0.09345382452011108
0.15859901905059814,0.03191396966576576,1.2525050640106201,0,0.8894442915916443,2.6716785430908203,13.89453125,1.2525050640106201,0,0,1,0.0,0.48318208610013924,1483.1111164030885,0.0016495551681146026,1.0,0.36580154299736023,0,0.027080466970801353,0.07496165484189987,1762979111.9615567,1,0,0,1e-06,0,2.5163891315460205,0.006383657455444336,0,0.0,0.07768645882606506,0.0,1.596031665802002,0.3445287346839905,1.6883728193306524e-08,0.4196186065673828,0.7177397608757019,0.576308012008667,47,45.97421836853027,0.7052116394042969,45.94784736633301,13.553262710571289,0.0,3723.07277881,-0.0009367550374008715,5.579484430029424e-09,0.9290909767150879,0.14632868766784668,6.079673767089844e-05,0.03546656295657158,0.18277812004089355,0.6882807612419128,0.0012608894612640142,0,8.85970875970088e-05,0.025819577276706696,0.0,0.16232027113437653,0.15409015119075775,0.8814371228218079,47,0.0005624337354674935,1,0,370.77777910077214,0.03548712283372879,0,0,7.290549278259277,1,0.07917502522468567
0.18264055252075195,0.03321082144975662,2.263387441635132,0,0.8928577899932861,2.8113698959350586,13.89453125,2.263387441635132,0,0,1,0.027270304039120674,0.48233403001396935,1480.508036850029,0.0016665260773152113,1.0,0.3706555962562561,0,0.03641447797417641,0.08554799109697342,1762979157.6274388,1,0,0,1e-06,0,2.7572991847991943,0.006403923034667969,0,0.0,0.0888100117444992,0.0,1.5635946989059448,0.3442041575908661,3.939686266107856e-08,0.39730262756347656,0.6858499646186829,0.7285535931587219,48,43.3895320892334,0.7068623304367065,43.364362716674805,11.552908897399902,0.038591064512729645,3769.433782636,-0.0012637634063139558,2.1484392931370166e-08,0.8627068400382996,0.1781635731458664,9.298324584960938e-05,0.044182632118463516,0.22404341399669647,0.6847137808799744,0.0018642223440110683,0,0.00011963638826273382,0.0345502533018589,8.600451110396534e-05,0.18732206523418427,0.19323386251926422,0.8868263959884644,48,0.0006182524957694113,1,0,370.12700921250723,0.04313705116510391,0,0,7.5685930252075195,1,0.09942656755447388
0.18140143156051636,0.035792477428913116,2.0095391273498535,0,0.8852793574333191,2.968625783920288,13.89453125,2.0095391273498535,0,0,1,0.0,0.47956641088397434,1472.0129232774314,0.001646926742978394,1.0,0.3702273368835449,0,0.0356355644762516,0.08286948502063751,1762979203.9927127,1,0,0,1e-06,0,2.6237118244171143,0.004487752914428711,0,0.0,0.0850340723991394,0.0,3.177722215652466,0.34342753887176514,8.339902279885791e-08,0.4121742248535156,0.7129356861114502,1.5670349597930908,49,44.349594593048096,0.7065693140029907,44.31567049026489,44.133888244628906,0.0,3812.218069948,-0.001844941172748804,1.3028707002149531e-08,0.9267042875289917,0.17736610770225525,0.004398822784423828,0.04634832590818405,0.20681536197662354,0.6822477579116821,0.0015697014750912786,0,8.778346091276035e-05,0.034065861254930496,5.3874005971010774e-05,0.1853829026222229,0.19646552205085754,0.8846332430839539,49,0.0006902430322952569,1,0,368.00323081935784,0.039589013904333115,0,0,7.705095291137695,1,0.1457088589668274
0.19573388993740082,0.04190465435385704,1.2149522304534912,0,0.891271710395813,2.905778408050537,13.89453125,1.2149522304534912,0,0,1,0.0,0.48779385060076963,1497.2667719910742,0.0023011798039078712,1.0,0.37024110555648804,0,0.041701946407556534,0.08902591466903687,1762979246.7649019,1,0,0,1e-06,0,2.7768020629882812,0.006525754928588867,0,0.0,0.09207435697317123,0.0,1.7898205518722534,0.3417496383190155,4.238049200466776e-08,0.38970184326171875,0.6841369867324829,0.9023842215538025,50,41.544631004333496,0.711223304271698,41.519309282302856,14.200896263122559,0.0,3855.741422891,-0.0018970280652865767,7.519726175075903e-09,0.8525593280792236,0.19167079031467438,0.0001010894775390625,0.05041639506816864,0.2394903153181076,0.6830751299858093,0.0017993225483223796,0,0.0001290244545089081,0.03990262374281883,7.779976294841617e-05,0.1999107450246811,0.21570105850696564,0.892651379108429,50,0.0007772197714075446,1,0,374.31669299776854,0.04238099232316017,0,0,6.956089019775391,1,0.1323445439338684
0.20055034756660461,0.0408448651432991,1.4564399719238281,0,0.9037083983421326,3.4884002208709717,13.89453125,1.4564399719238281,0,0,1,0.0,0.4904188976906315,1505.3242654951873,0.003524583764374256,1.0,0.37053269147872925,0,0.04381610080599785,0.09016920626163483,1762979290.2946997,1,0,0,1e-06,0,2.7875781059265137,0.0065228939056396484,0,0.0,0.09328648447990417,0.0,6.507322311401367,0.3391912281513214,2.2338273453215152e-08,0.3624744415283203,0.6829615235328674,4.342275142669678,51,42.062307357788086,0.720731794834137,42.03478717803955,97.57257080078125,0.0,3892.80140303,-0.0012576064327731729,3.0312112819785852e-09,0.904303789138794,0.21138837933540344,0.0016131401062011719,0.04786321520805359,0.2476711869239807,0.6886826753616333,0.0018346643773838878,0,0.00015633832663297653,0.04198143631219864,1.2722285646304954e-05,0.2046894133090973,0.25026461482048035,0.9047471284866333,51,0.0009109294041991234,1,0,376.33106637379683,0.042794447392225266,0,0,7.945221900939941,1,0.29373443126678467
0.20806840062141418,0.038243819028139114,1.8765385150909424,0,0.8895262479782104,3.0247678756713867,13.89453125,1.8765385150909424,0,0,1,0.024339260533452034,0.48980233312497595,1503.4317413565454,0.0023811766877770424,1.0,0.3812493681907654,0,0.04714498668909073,0.10313872992992401,1762979327.3609612,1,0,0,1e-06,0,2.8503944873809814,0.0045795440673828125,0,0.0,0.10491982847452164,0.0,1.9723987579345703,0.350490003824234,1.0182599652353019e-07,0.39617347717285156,0.7770838737487793,0.755828320980072,52,35.176984548568726,0.7052072882652283,35.15493106842041,18.027036666870117,0.054136551916599274,3928.764042811,-0.0011869344161823392,2.9985718352776303e-09,1.0755615234375,0.21972014009952545,0.00023889541625976562,0.041237469762563705,0.2802402675151825,0.6699385046958923,0.0017980878474190831,0,9.701547969598323e-05,0.04534690082073212,2.531516474846285e-05,0.2119535356760025,0.24296167492866516,0.8972997665405273,52,0.0007227733731269836,1,0,375.85793533913636,0.04236665740609169,0,0,8.12123966217041,1,0.11980901658535004
0.22430141270160675,0.03889237344264984,1.4277806282043457,0,0.9172362685203552,3.4014699459075928,13.89453125,1.4277806282043457,0,0,1,0.03947235271334648,0.4909772146917633,1507.0380006991118,0.0023270822130143642,1.0,0.3732602894306183,0,0.05532888323068619,0.097804494202137,1762979363.3222232,1,0,0,1e-06,0,2.9497621059417725,0.0040283203125,0,0.0,0.10280799120664597,0.0,4.002753734588623,0.33514001965522766,3.1357362928474686e-08,0.3224754333496094,0.6696391701698303,1.41000497341156,53,34.52950119972229,0.7320597767829895,34.49787092208862,51.89620590209961,0.04759393632411957,3968.344607293,-0.0014349179109558463,1.174604746800867e-09,0.8891236782073975,0.24500912427902222,0.0001823902130126953,0.03903268277645111,0.31542855501174927,0.6912031769752502,0.00219701393507421,0,0.00015135898138396442,0.053131867200136185,9.740348468767479e-05,0.22862620651721954,0.277327299118042,0.916758120059967,53,0.0007702131988480687,1,0,376.75950017477794,0.04682184383273125,0,0,7.184514999389648,1,0.17219381034374237
0.2486482560634613,0.04925243556499481,1.516852617263794,0,0.8989826440811157,3.102175712585449,13.89453125,1.516852617263794,0,0,1,0.0,0.4941204686107628,1516.6861125870587,0.0022430496755987406,1.0,0.37979063391685486,0,0.06862195581197739,0.10434281080961227,1762979402.893739,1,0,0,1e-06,0,2.8639369010925293,0.011561155319213867,0,0.0,0.10745099931955338,0.0,1.8890405893325806,0.3371823728084564,4.912342177476603e-08,0.3571758270263672,0.6940517425537109,1.937491774559021,54,38.05033850669861,0.72910076379776,38.021523237228394,14.74870777130127,0.0,4004.664898353,-0.0019213673658668995,5.980891781831588e-09,0.9188858270645142,0.2989408075809479,9.72747802734375e-05,0.049682632088661194,0.29675543308258057,0.6771859526634216,0.0024153548292815685,0,0.00011261436156928539,0.06620659679174423,2.56288331001997e-05,0.2528156042098999,0.3235960900783539,0.9120417237281799,54,0.0007645497098565102,1,0,379.1715281467647,0.04908793047070503,0,0,7.757680416107178,1,0.2095976024866104
0.2559505105018616,0.046675924211740494,1.559675931930542,0,0.8905966281890869,3.3927230834960938,13.89453125,1.559675931930542,0,0,1,0.0,0.4959450300130684,1522.2865422721911,0.0029474508482962847,1.0,0.38527414202690125,0,0.07359539717435837,0.1162622794508934,1762979439.2266777,1,0,0,1e-06,0,2.8371827602386475,0.00420379638671875,0,0.0,0.11591683328151703,0.0,4.622018337249756,0.342087984085083,3.96678565550701e-08,0.381866455078125,0.7412332892417908,7.029857635498047,55,34.76165533065796,0.7198532223701477,34.735289335250854,69.17347717285156,0.0,4041.268297345,-0.002044845838099718,4.1822911800437623e-10,1.0037471055984497,0.3206018805503845,0.00018072128295898438,0.07400412857532501,0.32055941224098206,0.6662675738334656,0.0031213422771543264,0,0.00018842432473320514,0.0704740583896637,0.00029775177245028317,0.2611176669597626,0.36983394622802734,0.9041352272033691,55,0.0010043933289125562,1,0,380.5716355680478,0.05578307434916496,0,0,7.225580215454102,1,0.46220168471336365
0.25348588824272156,0.05289538949728012,2.0759356021881104,0,0.8740114569664001,3.9564599990844727,13.89453125,2.0759356021881104,0,0,1,0.031796760857105255,0.49291449328254966,1512.9844119925338,0.0034535019658505917,1.0,0.387854665517807,0,0.07198657840490341,0.11778854578733444,1762979475.8303397,1,0,0,1e-06,0,3.070218324661255,0.004075050354003906,0,0.0,0.12378578633069992,0.0,6.067501068115234,0.3485215902328491,4.2774274788826006e-08,0.40799713134765625,0.7849943041801453,4.534005641937256,56,34.5167601108551,0.7081442475318909,34.49031710624695,73.66844177246094,0.05994633957743645,4077.317334363,-0.002142118290066719,2.3043356112140145e-09,1.0708699226379395,0.3293910622596741,0.00015091896057128906,0.05781567841768265,0.402965247631073,0.6550813913345337,0.0029714833945035934,0,0.00018957706924993545,0.06901510059833527,2.067550849460531e-05,0.25847187638282776,0.39992251992225647,0.8935105800628662,56,0.0010421393672004342,1,0,378.24610299813344,0.05443156883120537,0,0,7.235300064086914,1,0.3543189764022827
0.25604772567749023,0.04912475869059563,1.4870657920837402,0,0.8913658261299133,3.5301408767700195,13.89453125,1.4870657920837402,0,0,1,0.0,0.494903996763496,1519.0911258248477,0.0027582207694649696,1.0,0.38955244421958923,0,0.07340560108423233,0.11634689569473267,1762979511.8738213,1,0,0,1e-06,0,2.8908114433288574,0.004263877868652344,0,0.0,0.12072734534740448,0.0,3.0443437099456787,0.3457717001438141,7.348715769239789e-08,0.3731098175048828,0.7688558101654053,3.4553253650665283,57,34.54747200012207,0.717279851436615,34.52084922790527,30.547277450561523,0.0,4114.674326877,-0.0026702256873250008,4.308351453374826e-09,1.068273901939392,0.3220044672489166,0.00014472007751464844,0.06235598772764206,0.2993800938129425,0.661608874797821,0.0028737082611769438,0,0.0001891716819955036,0.07053188979625702,8.341709326487035e-05,0.26080766320228577,0.3909720778465271,0.90911865234375,57,0.0009606567327864468,1,0,379.77278145621193,0.05353124812245369,0,0,7.524658203125,1,0.34888407588005066
0.2657643258571625,0.048499226570129395,1.850452184677124,0,0.890229344367981,3.5536298751831055,13.89453125,1.850452184677124,0,0,1,0.04089780151844025,0.49643887876980447,1523.8023943743433,0.002801758935675025,1.0,0.38734281063079834,0,0.07979866862297058,0.12516333162784576,1762979549.2232864,1,0,0,1e-06,0,3.2073538303375244,0.004436969757080078,0,0.0,0.13039425015449524,0.0,1.9990098476409912,0.33963078260421753,8.84561472958012e-08,0.36376380920410156,0.716728150844574,1.3032851219177246,58,35.48751139640808,0.7247666716575623,35.45938682556152,16.82467269897461,0.06187351420521736,4152.077980968,-0.0023399032652378082,3.364612477518847e-10,0.9326575994491577,0.3815728425979614,0.00011086463928222656,0.07821250706911087,0.46240493655204773,0.6634462475776672,0.003322908654808998,0,0.00023333860735874623,0.07647576183080673,-2.7605496143223718e-05,0.2709878981113434,0.40681156516075134,0.9151702523231506,58,0.001064385287463665,1,0,380.9505985935858,0.057550229132175446,0,0,6.900308609008789,1,0.21093107759952545
0.27026593685150146,0.05428333953022957,1.8062427043914795,0,0.8919066786766052,3.836060047149658,13.89453125,1.8062427043914795,0,0,1,0.004447446670383215,0.48975263627115984,1503.2791985399442,0.004508135374635458,1.0,0.3911471366882324,0,0.08310479670763016,0.12035398930311203,1762979586.623662,1,0,0,1e-06,0,3.4652576446533203,0.004258394241333008,0,0.0,0.12615904211997986,0.0,2.304734945297241,0.34393346309661865,3.274404392072938e-08,0.35782432556152344,0.7319690585136414,3.0031943321228027,59,35.58165645599365,0.7210806608200073,35.55652618408203,24.13379669189453,0.02093053236603737,4190.614653199,-0.0022427591029554605,2.699198364819466e-10,0.9833468198776245,0.3953644335269928,0.00011205673217773438,0.09295901656150818,0.5440454483032227,0.6604548096656799,0.0037708128802478313,0,0.0003127044183202088,0.07933398336172104,0.00014646780618932098,0.27604731917381287,0.4462276101112366,0.9147420525550842,59,0.0011824837420135736,1,0,375.81979963498605,0.061292558908462524,0,0,7.1131696701049805,1,0.29040154814720154
0.27296462655067444,0.07215069979429245,2.136542320251465,0,0.8729674220085144,3.5707476139068604,13.89453125,2.136542320251465,0,0,1,0.0,0.4819352089029422,1479.2838689012654,0.00305054965429008,1.0,0.3907175660133362,0,0.08446017652750015,0.1294756829738617,1762979625.176022,1,0,0,1e-06,0,3.2606494426727295,0.003973722457885742,0,0.0,0.1376238763332367,0.0,2.729945421218872,0.34259188175201416,5.958475313150302e-08,0.3923053741455078,0.7477953433990479,4.295327186584473,60,36.40428972244263,0.7221559286117554,36.38392686843872,30.699865341186523,0.0,4227.114017308,-0.002542506903409958,6.001277697009755e-09,0.9846154451370239,0.382980614900589,0.00011777877807617188,0.10994640737771988,0.5561442971229553,0.6529315114021301,0.0033805198036134243,0,0.00029233828536234796,0.08107965439558029,0.0001981414679903537,0.27808403968811035,0.4316408336162567,0.9148821234703064,60,0.0011588390916585922,1,0,369.82096722531634,0.058045413345098495,0,0,7.821753025054932,1,0.3285987079143524
0.2817574143409729,0.05812268331646919,1.4323372840881348,0,0.9010053277015686,3.608196496963501,13.89453125,1.4323372840881348,0,0,1,0.0,0.48365269869584043,1484.5556458926587,0.0036240280605852604,1.0,0.39480727910995483,0,0.09097190201282501,0.11933903396129608,1762979661.658763,1,0,0,1e-06,0,3.2586989402770996,0.004026174545288086,0,0.0,0.12476310133934021,0.0,2.4338252544403076,0.34738823771476746,3.451086882932941e-08,0.3256034851074219,0.7520841360092163,1.991674780845642,61,35.03914713859558,0.7264548540115356,35.015216588974,21.750574111938477,0.0,4259.889935363,-0.003320666728541255,9.045081350578243e-11,1.0532306432724,0.4028993248939514,9.012222290039062e-05,0.10095450282096863,0.3733553886413574,0.6602539420127869,0.004030400421470404,0,0.00032323412597179413,0.08694150298833847,0.00012720335507765412,0.28757745027542114,0.4649559557437897,0.9353702068328857,61,0.0014223360922187567,1,0,371.1389114731647,0.06335920095443726,0,0,7.12925910949707,1,0.306064248085022
0.30342546105384827,0.057690560817718506,1.4323956966400146,0,0.8519365191459656,3.409564971923828,13.89453125,1.4323956966400146,0,0,1,0.008107304573059082,0.482259060739677,1480.2779211911702,0.002475955756381154,1.0,0.40245380997657776,0,0.10620629042387009,0.12550722062587738,1762979694.4388437,1,0,0,1e-06,0,3.1171202659606934,0.004040718078613281,0,0.0,0.13511309027671814,0.0,2.082435369491577,0.35272088646888733,4.636059713902796e-08,0.41417503356933594,0.8332172632217407,1.9987661838531494,62,31.33626437187195,0.7116735577583313,31.30947470664978,20.07342529296875,0.008107304573059082,4295.994494485,-0.00287652388215065,1.7075019176360229e-09,1.1471105813980103,0.4490562677383423,9.369850158691406e-05,0.10390126705169678,0.4401664733886719,0.6314199566841125,0.0036213784478604794,0,0.000347179506206885,0.10258491337299347,0.0004850816912949085,0.3081111013889313,0.49341753125190735,0.9139832258224487,62,0.0013442260678857565,1,0,370.06948029779255,0.0600707046687603,0,0,7.538669586181641,1,0.2811996638774872
0.3140247166156769,0.06921955198049545,1.6617565155029297,0,0.8046780824661255,4.1325225830078125,13.89453125,1.6617565155029297,0,0,1,0.0,0.4791196157355659,1470.6415006390055,0.0023217336274683475,1.0,0.41198432445526123,0,0.11567587405443192,0.14013983309268951,1762979730.5330837,1,0,0,1e-06,0,3.196929931640625,0.0046634674072265625,0,0.0,0.143300861120224,0.0,8.390506744384766,0.3649711012840271,2.3899007217664803e-08,0.4876365661621094,0.9145157933235168,6.639111518859863,63,34.420931339263916,0.6851353645324707,34.3953640460968,118.17631530761719,0.0,4333.997592175,-0.0031362613663077354,2.488110195306148e-12,1.2041075229644775,0.49187958240509033,0.0001881122589111328,0.11501144617795944,0.3524220287799835,0.604105532169342,0.00477013923227787,0,0.00020359661721158773,0.1109057366847992,0.00014316711167339236,0.31984537839889526,0.5796857476234436,0.883863627910614,63,0.0011500281980261207,1,0,367.66037515975137,0.06890331953763962,0,0,7.488378524780273,1,0.6382387280464172
0.32703113555908203,0.06262251734733582,2.3613455295562744,0,0.8397073745727539,3.9272875785827637,13.89453125,2.3613455295562744,0,0,1,0.0,0.47570958302234845,1460.1745202401858,0.004993533715605736,1.0,0.4104255139827728,0,0.12618260085582733,0.13104942440986633,1762979768.5488627,1,0,0,1e-06,0,3.3851470947265625,0.00406336784362793,0,0.0,0.1372004896402359,0.0,4.412999629974365,0.3551931381225586,3.620669630777229e-08,0.41596221923828125,0.8202965259552002,3.802294969558716,64,35.650535583496094,0.7029027938842773,35.61721062660217,59.551048278808594,0.0,4369.72203984,-0.003115755273029208,7.821767864478468e-13,1.0671621561050415,0.535159707069397,0.004175424575805664,0.09975805133581161,0.3387240767478943,0.6178595423698425,0.004411167465150356,0,0.0002821717062033713,0.1217714324593544,0.00013111549196764827,0.3320646584033966,0.5977317690849304,0.9049539566040039,64,0.0014339365297928452,1,0,365.04363006004644,0.06627189368009567,0,0,7.53080940246582,1,0.4108184576034546
0.33875539898872375,0.06552699208259583,1.4418835639953613,0,0.814297616481781,4.236210823059082,13.89453125,1.4418835639953613,0,0,1,0.0,0.4781168883743244,1467.5636628239038,0.003379973117262125,1.0,0.41311877965927124,0,0.13587066531181335,0.140011265873909,1762979804.279794,1,0,0,1e-06,0,3.2594032287597656,0.0046308040618896484,0,0.0,0.13812893629074097,0.0,10.97216510772705,0.35679516196250916,4.277166354427209e-08,0.4427967071533203,0.813425600528717,14.687589645385742,65,34.27806115150452,0.6952222585678101,34.25499367713928,171.88499450683594,0.0,4401.565493442,-0.0031128388363868,1.2222172059150882e-11,1.0049456357955933,0.5610500574111938,0.00013136863708496094,0.0843854770064354,0.36671486496925354,0.6063979864120483,0.003637588582932949,0,0.00022983593225944787,0.13223308324813843,3.9704962546238676e-05,0.3426627218723297,0.6668576002120972,0.8915536999702454,65,0.0012587314704433084,1,0,366.89091570597594,0.060204651206731796,0,0,7.839045524597168,1,1.0388665199279785
0.33627641201019287,0.06759876757860184,1.3965201377868652,0,0.8319966793060303,4.154969215393066,13.89453125,1.3965201377868652,0,0,1,0.01794564723968506,0.4769734151320256,1464.0538102740074,0.004421109799295664,1.0,0.4136503338813782,0,0.1348409801721573,0.14016512036323547,1762979836.1130524,1,0,0,1e-06,0,3.5744850635528564,0.0033974647521972656,0,0.0,0.15370169281959534,0.0,4.447358131408691,0.3567608594894409,2.053041754379592e-07,0.40662193298339844,0.8123172521591187,5.614529609680176,66,30.427518606185913,0.6971372365951538,30.403456211090088,47.126068115234375,0.01794564723968506,4433.016542624,-0.0023227352648973465,1.3726616197862196e-11,1.040555477142334,0.6053027510643005,0.00017118453979492188,0.11306961625814438,0.4165250062942505,0.6114059686660767,0.004876324906945229,0,0.000409463798860088,0.1299646645784378,0.00037616424378938973,0.34156572818756104,0.6856794357299805,0.898026168346405,66,0.0014560898998752236,1,0,366.01345256850186,0.0696626827120781,0,0,7.327520370483398,1,0.527099609375
0.33841627836227417,0.06933435052633286,1.4256610870361328,0,0.8456017971038818,4.008072376251221,13.89453125,1.4256610870361328,0,0,1,0.0,0.4795038458864989,1471.8208821278874,0.0026417376939207315,1.0,0.4173310399055481,0,0.13680070638656616,0.13958489894866943,1762979867.5771258,1,0,0,1e-06,0,3.5873444080352783,0.003887653350830078,0,0.0,0.14568185806274414,0.0,3.8450605869293213,0.36203324794769287,1.7313777078697967e-08,0.3690376281738281,0.830227255821228,8.783626556396484,67,30.027372121810913,0.6986308693885803,30.00541591644287,39.973960876464844,0.0,4465.968041511,-0.002519074361771345,2.42208512225622e-14,1.0970704555511475,0.6000295877456665,0.00020313262939453125,0.09912098199129105,0.4440312683582306,0.6115511059761047,0.00488053634762764,0,0.00029846897814422846,0.13192015886306763,0.000546738097909838,0.34364932775497437,0.6751520037651062,0.909656822681427,67,0.0011597441043704748,1,0,367.95522053197186,0.0696926862001419,0,0,7.037628173828125,1,0.6778464317321777
0.3546813726425171,0.08421144634485245,1.7513957023620605,0,0.792296290397644,4.195868968963623,13.89453125,1.7513957023620605,0,0,1,0.0,0.48264989202639624,1481.4775646437038,0.005148999392986298,1.0,0.4223898947238922,0,0.15263113379478455,0.15183788537979126,1762979900.5298407,1,0,0,1e-06,0,3.6322126388549805,0.0038940906524658203,0,0.0,0.1581011861562729,0.0,4.449203968048096,0.36757928133010864,9.901273045898051e-08,0.4195442199707031,0.8720537424087524,12.132434844970703,68,31.192204236984253,0.683642566204071,31.169520139694214,62.075592041015625,0.0,4499.079012557,-0.0032431348226964474,6.791953718193744e-12,1.1376608610153198,0.6476849913597107,0.002174854278564453,0.12297852337360382,0.5399026870727539,0.5901840925216675,0.005067995749413967,0,0.00034764461452141404,0.1475631296634674,0.0003426766488701105,0.3596467673778534,0.8161889910697937,0.8917781114578247,68,0.001756085897795856,1,0,370.36939116092594,0.0710122361779213,0,0,7.7697601318359375,1,0.9513790607452393
0.3712274432182312,0.09456758201122284,1.523573637008667,0,0.7482513189315796,4.190164089202881,13.89453125,1.523573637008667,0,0,1,0.0,0.4844414487791261,1486.9766876701522,0.0036293608136475086,1.0,0.4232260584831238,0,0.17069052159786224,0.14817988872528076,1762979933.6240995,1,0,0,1e-06,0,3.666546583175659,0.00493311882019043,0,0.0,0.16590440273284912,0.0,3.913010597229004,0.36420515179634094,3.9514336691581775e-08,0.44603538513183594,0.8485693335533142,7.761074066162109,69,31.558223247528076,0.6765198111534119,31.53620743751526,43.36793899536133,0.0,4527.654724629,-0.003082338720560074,1.5628839368508896e-12,1.0845386981964111,0.7686806917190552,7.343292236328125e-05,0.17614173889160156,0.6900742053985596,0.5763128399848938,0.005655917339026928,0,0.0002512022037990391,0.16503460705280304,0.00014943703718017787,0.37625420093536377,0.8426579236984253,0.8709757924079895,69,0.0014081408735364676,1,0,371.74417191753804,0.07499602437019348,0,0,7.204219818115234,1,0.6923444867134094
0.37247443199157715,0.08234640210866928,1.4186170101165771,0,0.811982274055481,4.367210865020752,13.89453125,1.4186170101165771,0,0,1,0.003373314393684268,0.483840403143051,1485.1317983624308,0.0068952725268900394,1.0,0.4246349036693573,0,0.17187654972076416,0.15536236763000488,1762979962.2166295,1,0,0,1e-06,0,3.6238327026367188,0.003244638442993164,0,0.0,0.16174255311489105,0.0,6.338235855102539,0.36394762992858887,3.683661020659201e-08,0.35210609436035156,0.7746695876121521,22.988428115844727,70,27.17041826248169,0.6889147758483887,27.140101671218872,89.32782745361328,0.003373314393684268,4556.644285442,-0.0023481901735067368,8.851330584279393e-13,1.0351505279541016,0.7328041195869446,0.008935928344726562,0.16056501865386963,0.5706339478492737,0.5939695239067078,0.005457973573356867,0,0.00048260833136737347,0.16641858220100403,0.00034871502430178225,0.37729185819625854,0.9253952503204346,0.900174617767334,70,0.002171027008444071,1,0,371.2829495906077,0.0736798644065857,0,0,7.540808200836182,1,1.5495977401733398
0.3809463083744049,0.10658998042345047,1.4584977626800537,0,0.7535859942436218,4.245020389556885,13.89453125,1.4584977626800537,0,0,1,0.0,0.4817505620273093,1478.7171015443241,0.003551166271790862,1.0,0.43397337198257446,0,0.18312905728816986,0.1582595258951187,1762979991.2011101,1,0,0,1e-06,0,3.522747039794922,0.004098653793334961,0,0.0,0.17386874556541443,0.0,4.07452392578125,0.37674203515052795,2.367361595645434e-08,0.3943157196044922,0.9103295803070068,5.55160665512085,71,27.515904188156128,0.6643566489219666,27.493635892868042,38.433780670166016,0.0,4585.714471614,-0.0033315285108983517,1.640964382605692e-13,1.2769593000411987,0.7637088894844055,0.00021266937255859375,0.2404584288597107,0.8838969469070435,0.5678033232688904,0.0070038107223808765,0,0.00031724426662549376,0.17612524330615997,0.0004975860938429832,0.38679221272468567,0.8868193030357361,0.8641439080238342,71,0.001570644322782755,1,0,369.67927538608103,0.08339948207139969,0,0,8.214054107666016,1,0.6303810477256775
0.39671844244003296,0.09402325004339218,1.691209316253662,0,0.7271474003791809,4.028340816497803,13.89453125,1.691209316253662,0,0,1,0.0,0.4820575391377546,1479.6593574310384,0.0055664959363639355,1.0,0.43310725688934326,0,0.20066185295581818,0.15452149510383606,1762980020.2618668,1,0,0,1e-06,0,3.510878562927246,0.0034220218658447266,0,0.0,0.17016935348510742,0.0,2.8448212146759033,0.37168699502944946,3.63554093496532e-08,0.42047691345214844,0.8357210755348206,8.715265274047852,72,27.365941047668457,0.66255122423172,27.33464002609253,34.449737548828125,0.0,4615.566367706,-0.003302139462903142,1.0258944388441549e-10,1.0750586986541748,0.7933080792427063,0.004303455352783203,0.12692955136299133,0.5293259024620056,0.5605452060699463,0.005014039110392332,0,0.00028079847106710076,0.19564780592918396,0.00011348568659741431,0.400515615940094,0.947364091873169,0.8504700064659119,72,0.001609102706424892,1,0,369.9148393577596,0.07063568383455276,0,0,7.0600996017456055,1,0.7469503283500671
0.40527012944221497,0.1009729877114296,2.2952749729156494,0,0.7467544078826904,3.930290460586548,13.89453125,2.2952749729156494,0,0,1,0.0,0.48296627548659576,1482.448693003729,0.0034913434647023678,1.0,0.43875807523727417,0,0.21286968886852264,0.1642325222492218,1762980050.0992236,1,0,0,1e-06,0,3.671623945236206,0.003323793411254883,0,0.0,0.17804275453090668,0.0,2.1308324337005615,0.37686365842819214,7.962803749705927e-08,0.3356285095214844,0.8521733283996582,4.200480937957764,73,27.530006408691406,0.6661376357078552,27.509021997451782,17.520334243774414,0.0,4648.859484548,-0.002953549148514867,6.505237916505852e-16,1.1771129369735718,0.9118648171424866,0.0001366138458251953,0.11791171133518219,0.6204755902290344,0.5620627999305725,0.005741523113101721,0,0.0002138387644663453,0.2071281522512436,-3.0188281016307883e-05,0.4093584418296814,0.9967920184135437,0.8762036561965942,73,0.0014109618496149778,1,0,370.61217325093224,0.0755590945482254,0,0,7.51700496673584,1,0.6080146431922913
0.41845497488975525,0.09845404326915741,1.823134422302246,0,0.7039641737937927,4.660294532775879,13.89453125,1.823134422302246,0,0,1,0.0,0.4798853772817531,1472.991979877238,0.005668729078024626,1.0,0.43556106090545654,0,0.23259732127189636,0.1702057421207428,1762980083.4040458,1,0,0,1e-06,0,4.273555278778076,0.0037436485290527344,0,0.0,0.18545150756835938,0.0,3.1908228397369385,0.36568140983581543,9.032751080439994e-08,0.3697223663330078,0.8010826110839844,9.1890230178833,74,31.46927237510681,0.6778972744941711,31.448756456375122,26.814682006835938,0.0,4676.463577001,-0.003291107714176178,3.938219108462482e-13,1.0418579578399658,1.1239497661590576,0.00011491775512695312,0.12341529875993729,0.5988488793373108,0.5517345070838928,0.00629600090906024,0,0.0002685893268790096,0.22630132734775543,4.1313811379950494e-05,0.4225063621997833,1.2608773708343506,0.8699468374252319,74,0.0014966616872698069,1,0,368.2479949693095,0.07910066843032837,0,0,6.523390769958496,1,0.9046809077262878
0.43043214082717896,0.10107357054948807,1.4405171871185303,0,0.6440688967704773,4.776254653930664,13.89453125,1.4405171871185303,0,0,1,0.001353018800728023,0.4814742489248683,1477.8689677959362,0.002769679529592395,1.0,0.4384704530239105,0,0.25238290429115295,0.17062270641326904,1762980111.0250854,1,0,0,1e-06,0,4.146514415740967,0.003569364547729492,0,1.306567907333374,0.18589474260807037,0.0,3.3750767707824707,0.36951136589050293,9.98469857904638e-08,0.4148273468017578,0.8182500600814819,20.867027282714844,75,26.177222728729248,0.6632782816886902,26.147546529769897,41.49747085571289,0.12428432703018188,4704.926782689,-0.0026736867148429155,1.6164321061675445e-14,1.0615308284759521,1.2251790761947632,0.00013899803161621094,0.10815823078155518,0.6898205876350403,0.5354334712028503,0.006837960798293352,0,0.00023953014169819653,0.24554495513439178,-1.727499875414651e-05,0.4344022870063782,1.368395209312439,0.8407195210456848,75,0.0012194763403385878,1,0,369.46724194898405,0.08241302520036697,0,0,6.778604507446289,1,1.4101178646087646
0.43150264024734497,0.11631034314632416,1.5685927867889404,0,0.6412547826766968,4.721224784851074,13.89453125,1.5685927867889404,0,0,1,0.0,0.4761039768603096,1461.3850988235974,0.002858672756701708,1.0,0.4427917003631592,0,0.2532420754432678,0.16479434072971344,1762980139.4890893,1,0,0,1e-06,0,4.000731945037842,0.005174875259399414,0,0.0,0.18475283682346344,0.0,4.704278945922852,0.3757672607898712,2.9272236190536205e-08,0.3675575256347656,0.8216679096221924,33.19952392578125,76,26.891988515853882,0.6527441740036011,26.865326166152954,62.1257209777832,0.0,4737.931381024,-0.003212481737136841,1.3908626583358091e-14,1.0654783248901367,1.0940767526626587,0.005235195159912109,0.1389194130897522,0.7303870916366577,0.5339781641960144,0.005883765406906605,0,0.00023061793763190508,0.2473583072423935,0.00035994924837723374,0.43489453196525574,1.3852894306182861,0.8338574171066284,76,0.001504461164586246,1,0,365.34627470589936,0.0764843076467514,0,0,6.915641784667969,1,2.24111008644104
0.4415287673473358,0.11990682035684586,1.4620170593261719,0,0.6244462132453918,4.823425769805908,13.89453125,1.4620170593261719,0,0,1,0.0,0.4763865565810767,1462.2524677455756,0.0019421856850385666,1.0,0.44389960169792175,0,0.27039241790771484,0.1741589903831482,1762980172.477446,1,0,0,1e-06,0,4.4964189529418945,0.004586935043334961,0,0.0,0.18513594567775726,0.0,5.207914352416992,0.3708420395851135,1.3417160005246842e-07,0.34969329833984375,0.8171859383583069,19.680286407470703,77,31.517810106277466,0.6653309464454651,31.49119782447815,82.82382202148438,0.0,4765.321442889,-0.004075641743838787,1.3113143373059418e-16,1.0878249406814575,1.27351975440979,0.004143714904785156,0.16168135404586792,0.6583458781242371,0.5288031101226807,0.005070546641945839,0,0.00016654487990308553,0.26532185077667236,0.0003957070002797991,0.4441869854927063,1.4276217222213745,0.8569138050079346,77,0.0012384604196995497,1,0,365.5631169363939,0.07103092968463898,0,0,7.118373870849609,1,1.3460793495178223
0.44004395604133606,0.12146634608507156,1.3027536869049072,0,0.7584974765777588,4.333851337432861,13.89453125,1.3027536869049072,0,0,1,0.0,0.48334758460685306,1483.619108487473,0.0019097405020147562,1.0,0.4448559880256653,0,0.26863396167755127,0.1370709091424942,1762980199.8678906,1,0,0,1e-06,0,4.05976676940918,0.0037915706634521484,0,0.0,0.16610634326934814,0.0,2.569514513015747,0.3697095811367035,2.492461170788829e-08,0.2720603942871094,0.7128351330757141,8.035316467285156,78,26.074301958084106,0.676760196685791,26.055003881454468,18.071208953857422,0.0,4795.023637675,-0.0034144206438213587,5.268258295972397e-14,0.9723238348960876,1.1889152526855469,0.00027561187744140625,0.18103036284446716,0.7950665950775146,0.5567363500595093,0.006095871329307556,0,-9.995097207138315e-05,0.2625380754470825,-0.00012117873120587319,0.44327980279922485,1.292685866355896,0.884703516960144,78,0.001319820061326027,1,0,370.9047771218683,0.07784312218427658,0,0,6.789791107177734,1,0.8848888874053955
0.43684130907058716,0.11915126442909241,1.930908203125,0,0.837582528591156,5.017890930175781,13.89453125,1.930908203125,0,0,1,0.001434817910194397,0.4813108966904753,1477.36756362205,0.002793522085994482,1.0,0.448496013879776,0,0.2626613676548004,0.16575919091701508,1762980229.5866532,1,0,0,1e-06,0,4.372485160827637,0.0033507347106933594,0,0.0,0.18273454904556274,0.0,4.177114486694336,0.36871445178985596,3.8787330680634113e-08,0.1779022216796875,0.6854774355888367,18.017166137695312,79,27.775219202041626,0.6959090828895569,27.755465984344482,47.85728073120117,0.001434817910194397,4822.885556603,-0.010923226363956928,1.189688267604766e-14,0.9971284866333008,1.3696736097335815,0.00025844573974609375,0.20695362985134125,0.6798714995384216,0.5706254243850708,0.005958291701972485,0,-0.0005152879166416824,0.25670307874679565,0.00026876339688897133,0.4401072561740875,1.6045587062835693,0.9273934960365295,79,0.003170429728925228,1,0,369.3418909055125,0.07696444541215897,0,0,6.558233261108398,1,1.5802537202835083
0.4460541903972626,0.11436719447374344,1.4186208248138428,0,0.6664322018623352,6.813809394836426,13.89453125,1.4186208248138428,0,0,1,0.0,0.4850324310113251,1488.7906876990967,0.015089619904756546,1.0,0.445221483707428,0,0.28027084469795227,0.1452469825744629,1762980257.4415264,1,0,0,1e-06,0,4.438565254211426,0.005388736724853516,0,0.0,0.16450749337673187,0.0,25.11441421508789,0.3673880696296692,1.2392618486956053e-07,0.3069629669189453,0.7454652786254883,74.99654388427734,80,26.43325686454773,0.6813939213752747,26.407277584075928,358.244140625,0.0,4852.02148695,-0.002595595782622695,1.7821827320114655e-15,1.0138885974884033,1.264019250869751,0.005217313766479492,0.21098609268665314,0.653710126876831,0.5386475324630737,0.006240042392164469,0,0.0004884224035777152,0.27403080463409424,0.0,0.4491613209247589,1.985947847366333,0.8856114745140076,80,0.0031091696582734585,1,0,372.19767192477417,0.07875232398509979,0,0,6.961145401000977,1,5.947545051574707
0.46060049533843994,0.1267782300710678,1.4230849742889404,0,0.5528646111488342,8.837890625,13.89453125,1.4230849742889404,0,0,1,0.0,0.48382541386042205,1485.0857892649635,0.002299901330843568,1.0,0.4499007761478424,0,0.31268593668937683,0.16608285903930664,1762980286.5631297,1,0,0,1e-06,0,4.609412670135498,0.003847360610961914,0,0.0,0.18927907943725586,0.0,49.3674201965332,0.37040814757347107,7.988862904539928e-08,0.2974529266357422,0.7513287663459778,306.8735046386719,81,27.687768936157227,0.6660830974578857,27.667908191680908,742.7781372070312,0.0,4879.304454163,-0.0033582886680960655,1.4490535677022954e-15,1.013336181640625,1.5050048828125,0.00013756752014160156,0.18476438522338867,0.8096533417701721,0.5118839740753174,0.007303218357264996,0,0.00016072022845037282,0.30538272857666016,0.00020087137818336487,0.4636189341545105,3.1954944133758545,0.8517956733703613,81,0.0012557152658700943,1,0,371.2714473162409,0.08515200018882751,0,0,7.111747741699219,1,19.897247314453125
0.45754438638687134,0.11090872436761856,1.466247797012329,0,0.5758543014526367,5.05697774887085,13.89453125,1.466247797012329,0,0,1,0.0,0.4884804278353067,1499.3741976554443,0.002057899720966816,1.0,0.44809335470199585,0,0.30368271470069885,0.15694934129714966,1762980313.8629377,1,0,0,1e-06,0,4.469827651977539,0.0033178329467773438,0,0.0,0.1770680844783783,0.0,4.438763618469238,0.3658430278301239,1.0379176984542937e-07,0.2941112518310547,0.7362540364265442,18.599903106689453,82,25.825090885162354,0.664348304271698,25.804720878601074,61.14120864868164,0.0,4907.724769185,-0.0024464414454996586,1.9614194776283907e-14,0.9760152697563171,1.42610502243042,7.843971252441406e-05,0.13726510107517242,0.6587585210800171,0.5179810523986816,0.005382436327636242,0,0.0001649822952458635,0.29830029606819153,7.16349168214947e-05,0.4598798453807831,1.5883837938308716,0.8353118300437927,82,0.0008421862148679793,1,0,374.84354941386107,0.07317256927490234,0,0,6.425520896911621,1,1.3586689233779907
0.4696367681026459,0.10859885066747665,1.5009400844573975,0,0.6359837651252747,5.775782585144043,13.89453125,1.5009400844573975,0,0,1,0.006541925016790628,0.48754972628633514,1496.5174406418012,0.002840446773916483,1.0,0.4537489414215088,0,0.3359662890434265,0.1522117704153061,1762980342.2851129,1,0,0,1e-06,0,5.135923385620117,0.004705667495727539,0,0.0,0.17216944694519043,0.0,10.067155838012695,0.35757508873939514,1.2656363423957373e-07,0.22609710693359375,0.6392080187797546,70.18546295166016,83,26.911433219909668,0.6884728670120239,26.89023208618164,163.57501220703125,0.13105766475200653,4937.644577152,-0.002945906948298216,4.8507832001382437e-14,0.8611724376678467,1.788851261138916,9.083747863769531e-05,0.14117468893527985,0.6851544976234436,0.5245066285133362,0.007635597605258226,0,0.0001890475832624361,0.3283306956291199,0.00041980730020441115,0.47235825657844543,2.077589273452759,0.8793128132820129,83,0.001587036531418562,1,0,374.1293601604503,0.08705339580774307,0,0,6.251516342163086,1,4.3571696281433105
0.46993860602378845,0.11683088541030884,1.5839204788208008,0,0.43190962076187134,5.0012335777282715,13.89453125,1.5839204788208008,0,0,1,0.0,0.48325865993216677,1483.3461571977964,0.002796543063595891,1.0,0.4535098373889923,0,0.3354969024658203,0.17049944400787354,1762980372.2048326,1,0,0,1e-06,0,4.694122314453125,0.003432035446166992,0,0.0,0.19318698346614838,0.0,3.4230234622955322,0.3696834146976471,6.447884715043983e-08,0.2689952850341797,0.7209072709083557,10.050640106201172,84,28.326082468032837,0.659778356552124,28.304906845092773,46.49080276489258,0.0,4965.722394968,-0.0017949522007256746,4.843680828875516e-15,0.990469753742218,1.705507516860962,0.00017213821411132812,0.22711072862148285,0.6187848448753357,0.49483534693717957,0.006346459500491619,0,5.2688512369059026e-05,0.3291504681110382,-1.4185482541506644e-05,0.472197949886322,1.7731189727783203,0.8315104842185974,84,0.001150308409705758,1,0,370.8365392994491,0.07941719889640808,0,0,6.568540573120117,1,1.0876270532608032
0.48105067014694214,0.09883284568786621,1.4809136390686035,0,0.3771373927593231,6.49122953414917,13.89453125,1.4809136390686035,0,0,1,0.0,0.4873977508539797,1496.0509571780499,0.001725893234834075,1.0,0.45664212107658386,0,0.37053245306015015,0.14972513914108276,1762980400.2849662,1,0,0,1e-06,0,5.287360668182373,0.0031747817993164062,0,0.0,0.16763105988502502,0.0,10.723647117614746,0.3680848777294159,2.2668810828463393e-08,0.2511157989501953,0.6822260022163391,64.18181610107422,85,26.591135501861572,0.6689204573631287,26.56975221633911,135.36907958984375,0.0,4994.69900137,-0.0017661117017269135,6.468223106106431e-15,0.9382364153862,2.0754196643829346,7.200241088867188e-05,0.21853260695934296,0.5549025535583496,0.48447349667549133,0.007002187892794609,0,4.310587246436626e-05,0.3635302782058716,0.0,0.4829825758934021,2.4866786003112793,0.856317937374115,85,0.000840727414470166,1,0,374.01273929451247,0.08339168131351471,0,0,6.78654670715332,1,4.331248760223389
0.4823395311832428,0.12582746148109436,1.4229645729064941,0,0.3450138568878174,5.422834396362305,13.89453125,1.4229645729064941,0,0,1,0.0,0.48721646018366316,1495.4944915801284,0.0020442837849259377,1.0,0.4552566409111023,0,0.3730447292327881,0.1515119969844818,1762980429.2617497,1,0,0,1e-06,0,5.064404487609863,0.0037546157836914062,0,0.0,0.16864554584026337,0.0,6.92229700088501,0.3685876727104187,1.0484131252042062e-07,0.31674957275390625,0.7239269018173218,58.79572296142578,86,27.5440092086792,0.6614871025085449,27.52125859260559,109.865478515625,0.0,5023.628205418,-0.0013646885054185987,2.4596655007896873e-13,0.9554007053375244,1.8304792642593384,9.799003601074219e-05,0.13735654950141907,0.7349416613578796,0.47814586758613586,0.004898088052868843,0,8.41976361698471e-05,0.3681466281414032,0.0,0.4836520552635193,2.137939214706421,0.8322734832763672,86,0.0008603908936493099,1,0,373.8736228950321,0.06982024759054184,0,0,6.615133285522461,1,3.6886556148529053
0.48922353982925415,0.11521288007497787,1.4587717056274414,0,0.24748381972312927,6.078043460845947,13.89453125,1.4587717056274414,0,0,1,0.0,0.4813874554542972,1477.6025581654092,0.0012044197646901011,1.0,0.4546426236629486,0,0.4030090570449829,0.16125036776065826,1762980458.1889248,1,0,0,1e-06,0,5.836632251739502,0.005337953567504883,0,0.0,0.17765186727046967,0.0,3.169451951980591,0.3750242292881012,5.960077942290809e-08,0.2924041748046875,0.7051130533218384,14.053709030151367,87,27.46568751335144,0.6577813029289246,27.436987161636353,35.70365905761719,0.0,5052.417479337,-0.0017022760584950447,7.071365886390861e-17,0.9632651209831238,2.297238349914551,0.005240440368652344,0.15987597405910492,0.7529734373092651,0.4544410705566406,0.006427110638469458,0,6.946116627659649e-05,0.3965819478034973,0.00022461348271463066,0.4905383884906769,2.499347686767578,0.8387441635131836,87,0.0007564829429611564,1,0,369.4006395413523,0.0799170583486557,0,0,6.166767120361328,1,1.5694539546966553
0.49176183342933655,0.1331985890865326,1.442504644393921,0,0.24848675727844238,6.216180801391602,13.89453125,1.442504644393921,0,0,1,0.0,0.48031614119252386,1474.3141951724401,0.002349262125790119,1.0,0.45785194635391235,0,0.416251540184021,0.14239755272865295,1762980486.983686,1,0,0,1e-06,0,6.161601543426514,0.003519773483276367,0,0.0,0.17386013269424438,0.0,2.7512106895446777,0.3660446107387543,3.4105354984603764e-08,0.2787036895751953,0.6772271394729614,11.517224311828613,88,27.340189695358276,0.6706568598747253,27.31645178794861,26.69141387939453,0.0,5082.088627183,-0.0027628536336123943,4.901337091045696e-15,0.9231711030006409,2.450316905975342,8.58306884765625e-05,0.1536930650472641,0.6723922491073608,0.4584627151489258,0.006849315017461777,0,8.65948895807378e-05,0.4094022214412689,5.194824552745558e-05,0.4929746389389038,2.515167474746704,0.8495675921440125,88,0.0010466516250744462,1,0,368.57854879311003,0.08248309046030045,0,0,6.216442108154297,1,1.3042845726013184
0.4907620847225189,0.13884799182415009,1.5635299682617188,0,0.30744871497154236,5.635406494140625,13.89453125,1.5635299682617188,0,0,1,0.0,0.4770660787038821,1464.3382379824416,0.0016153595643118024,1.0,0.45731955766677856,0,0.40888968110084534,0.14608190953731537,1762980516.629879,1,0,0,1e-06,0,5.703511714935303,0.012065649032592773,0,0.0,0.1681288480758667,0.0,2.3650383949279785,0.35625943541526794,6.154492382393073e-08,0.2553672790527344,0.6523872017860413,8.218714714050293,89,28.079699754714966,0.693871259689331,28.050355672836304,13.100253105163574,0.0,5110.545478251,-0.0022672521881759167,1.039185124196017e-15,0.8798791766166687,2.1074917316436768,0.0003638267517089844,0.13786233961582184,1.0001487731933594,0.46938151121139526,0.004781299736350775,0,-5.5832453654147685e-05,0.4041083753108978,0.0,0.4916723370552063,2.301811933517456,0.8888763785362244,89,0.0008920443942770362,1,0,366.0845594956104,0.06898754835128784,0,0,6.4877166748046875,1,1.2738991975784302
0.49278247356414795,0.10936333239078522,1.488591194152832,0,0.26702389121055603,6.9052276611328125,13.89453125,1.488591194152832,0,0,1,0.0,0.4764356126579346,1462.4030437189158,0.0019530769204720855,1.0,0.46056514978408813,0,0.42268216609954834,0.14329686760902405,1762980545.0990307,1,0,0,1e-06,0,6.327753067016602,0.0038204193115234375,0,0.0,0.1541314423084259,0.0,9.732398986816406,0.36213022470474243,7.214776331920802e-08,0.20484352111816406,0.6315328478813171,50.07849884033203,90,26.96898865699768,0.6932044625282288,26.947861909866333,135.693359375,0.0,5138.778980486,-0.0016551765147596598,3.375867768380496e-14,0.9156823754310608,2.429072380065918,0.00026035308837890625,0.2066000998020172,0.6232102513313293,0.4641363322734833,0.007571933791041374,0,2.51904311880935e-05,0.4151102304458618,0.0,0.49402734637260437,2.8137452602386475,0.9052668213844299,90,0.0008877580985426903,1,0,365.60076092972895,0.08669408410787582,0,0,6.692375183105469,1,3.8844075202941895
0.49355536699295044,0.1358378529548645,1.4399688243865967,0,0.25253918766975403,6.666835308074951,13.89453125,1.4399688243865967,0,0,1,0.0,0.4724918098550817,1450.2976740330857,0.0021853919606655836,1.0,0.4588245749473572,0,0.42375510931015015,0.14056642353534698,1762980573.3405979,1,0,0,1e-06,0,6.158238887786865,0.003084897994995117,0,0.0,0.16471777856349945,0.0,10.218771934509277,0.36801499128341675,3.0327842637234426e-07,0.20847320556640625,0.6394599676132202,54.159423828125,91,26.791732788085938,0.6752998232841492,26.77051305770874,133.78955078125,0.0,5167.954204417,-0.00562629196792841,1.2102822643546545e-14,0.8948190212249756,2.6010284423828125,0.00022101402282714844,0.19132481515407562,0.8100446462631226,0.45926207304000854,0.004068979062139988,0,-0.00014554902736563236,0.41968610882759094,9.193247387884185e-05,0.4942004084587097,2.8452160358428955,0.8763648271560669,91,0.0015826420858502388,1,0,362.57441850827144,0.06366480886936188,0,0,5.942760467529297,1,4.5585103034973145
0.4982260465621948,0.12328509241342545,1.4302432537078857,0,0.11286042630672455,6.431527614593506,13.89453125,1.4302432537078857,0,0,1,0.0,0.4736755746787418,1453.9312002330064,0.0016345486510545015,1.0,0.4596148729324341,0,0.46381643414497375,0.13666567206382751,1762980602.5202675,1,0,0,1e-06,0,6.392693519592285,0.003159046173095703,0,0.0,0.15409047901630402,0.0,3.8490099906921387,0.3687030076980591,1.0687201523751355e-07,0.2363605499267578,0.6461830735206604,16.851573944091797,92,27.738155603408813,0.6692066788673401,27.718097448349,37.06711196899414,0.0,5196.202980731,-0.004877375438809395,1.0993461898461693e-14,0.878783106803894,2.889540195465088,0.00011968612670898438,0.13444393873214722,0.6557714939117432,0.4334471821784973,0.00647185742855072,0,-0.00012603160575963557,0.45734459161758423,0.0,0.49873796105384827,2.922426700592041,0.847571849822998,92,0.0011752655263990164,1,0,363.4828000582516,0.08019497245550156,0,0,5.627383232116699,1,1.8566538095474243
0.49872052669525146,0.1344064474105835,1.5146872997283936,0,0.1375599354505539,12.854239463806152,13.89453125,1.5146872997283936,0,0,1,0.0,0.474201645556752,1455.545957049614,0.001700350665487349,1.0,0.4619661271572113,0,0.46905481815338135,0.1229422390460968,1762980630.747112,1,0,0,1e-06,0,6.73974084854126,0.0030269622802734375,0,0.0,0.15511657297611237,0.0,92.16021728515625,0.3628685176372528,3.595111763843306e-08,0.2001056671142578,0.617996096611023,332.1437072753906,93,26.70255446434021,0.6850380301475525,26.68228054046631,1494.4019775390625,0.0,5225.217296939,-0.0023723552003502846,9.33572185892904e-16,0.8599076271057129,3.113415002822876,0.00016617774963378906,0.11871182918548584,0.6385000944137573,0.4411064684391022,0.00538176903501153,0,3.59080985390392e-07,0.46367302536964417,8.34388192743063e-05,0.4990834593772888,4.52390193939209,0.871006965637207,93,0.000848804775159806,1,0,363.8864892624035,0.07316902279853821,0,0,6.437872886657715,1,20.492549896240234
0.49963709712028503,0.13918329775333405,1.393646478652954,0,0.1006716787815094,7.007117748260498,13.89453125,1.393646478652954,0,0,1,0.0,0.47252156128336387,1450.3889950387345,0.0014700301690027118,1.0,0.4628079831600189,0,0.48441484570503235,0.13515129685401917,1762980659.7651875,1,0,0,1e-06,0,7.148146629333496,0.0036847591400146484,0,0.0,0.15324372053146362,0.0,4.567698001861572,0.3562241792678833,5.280668702312141e-08,0.16984176635742188,0.5873187780380249,40.12161636352539,94,27.613149404525757,0.6893046498298645,27.591224670410156,64.92525482177734,0.0,5253.943005105,-0.0034771603532135487,9.05426721011654e-14,0.8065657615661621,3.0851593017578125,0.00020360946655273438,0.16521072387695312,0.7301395535469055,0.4296119809150696,0.004704959690570831,0,-0.00018982526671607047,0.4797098636627197,0.0,0.4998060464859009,3.311211347579956,0.8709329962730408,94,0.0010297528933733702,1,0,362.5972487596836,0.068437859416008,0,0,5.4889678955078125,1,2.8480091094970703
0.5000322461128235,0.129304438829422,1.3161745071411133,0,0.060499537736177444,7.567277431488037,13.89453125,1.3161745071411133,0,0,1,0.0,0.4729809086628657,1451.7989463271365,0.0030946703627705574,1.0,0.45577272772789,0,0.5024300217628479,0.13030722737312317,1762980688.490597,1,0,0,1e-06,0,7.700812339782715,0.003746509552001953,0,0.0,0.15612292289733887,0.0,2.4958391189575195,0.36143049597740173,3.815759441749833e-08,0.22005844116210938,0.6334298253059387,8.351269721984863,95,27.399985551834106,0.6662554740905762,27.38047456741333,16.419626235961914,0.0,5281.565945132,-0.004093653988093138,2.5945632966957964e-16,0.8525020480155945,3.581453800201416,0.0001595020294189453,0.11642315983772278,0.7311843037605286,0.4054776728153229,0.005530416965484619,0,-2.890861105697695e-05,0.4968996047973633,-4.8785579565446824e-05,0.5000360012054443,3.6902310848236084,0.8216937780380249,95,0.001267486484721303,1,0,362.9497365817841,0.07416706532239914,1,0,5.992744445800781,1,1.5766849517822266
0.4998989999294281,0.1552203744649887,1.4277801513671875,0,0.03199008107185364,8.261926651000977,13.89453125,1.4277801513671875,0,0,1,0.0,0.47563006761541193,1459.9304503805088,0.0013634462375193834,1.0,0.4628972113132477,0,0.5180952548980713,0.11920043081045151,1762980716.1268036,1,1,0,1e-06,0,8.073905944824219,0.0031850337982177734,0,0.0,0.16016113758087158,0.0,6.011726379394531,0.3653950095176697,5.3894854801228576e-08,0.17447280883789062,0.5909574627876282,25.968017578125,96,26.19911527633667,0.667174220085144,26.177152633666992,86.50838470458984,0.0,5309.385991864,-0.004011454060673714,2.485655283760834e-14,0.8482045531272888,3.9486191272735596,0.0001983642578125,0.17358557879924774,0.9471004009246826,0.40878719091415405,0.005904762074351311,0,-0.00011705511133186519,0.5121904611587524,0.0,0.49972003698349,4.033596992492676,0.8322605490684509,96,0.0010367375798523426,1,0,364.9826125951272,0.07662253826856613,1,0,5.622467994689941,1,2.4016475677490234
0.49902215600013733,0.16151368618011475,1.4112749099731445,0,0.02530457265675068,9.340808868408203,13.89453125,1.4112749099731445,0,0,1,0.0,0.4802648855940809,1474.1568678417807,0.0010112430900335312,1.0,0.4594132602214813,0,0.5377209782600403,0.10988551378250122,1762980743.9329891,1,1,0,1e-06,0,8.29695987701416,0.004919767379760742,0,0.0,0.1567324697971344,0.0,17.84647560119629,0.3551870286464691,2.3175057606295013e-07,0.1546478271484375,0.5518186688423157,155.79129028320312,97,26.39244246482849,0.6853136420249939,26.36286687850952,294.2032470703125,0.0,5334.541344629,-0.002263191621750593,1.879798408743077e-15,0.7862595915794373,4.3287434577941895,0.005330085754394531,0.1988505870103836,1.0997724533081055,0.39534980058670044,0.005776299629360437,0,-5.629031511489302e-05,0.5319446921348572,5.499408075593237e-07,0.4986186921596527,4.976541519165039,0.8526475429534912,97,0.0007416372536681592,1,0,368.5392169604452,0.07578878104686737,1,0,5.244743347167969,1,9.524005889892578
0.5000566244125366,0.14231126010417938,1.6215720176696777,0,0.05421791598200798,9.145633697509766,13.89453125,1.6215720176696777,0,0,1,7.549921519967029e-06,0.47955409860573006,1471.975131154632,0.0014083285350352526,1.0,0.47304537892341614,0,0.5036764740943909,0.10529810190200806,1762980769.1011686,1,0,0,1e-06,0,8.744590759277344,0.003215789794921875,0,0.0,0.14203937351703644,0.0,7.909292221069336,0.35523730516433716,5.523645540961297e-07,0.123260498046875,0.5127072334289551,25.882923126220703,98,23.5369610786438,0.6960607171058655,23.515342473983765,127.52803039550781,0.2860395014286041,5362.930552979,-0.002598672639578581,5.840722464055606e-15,0.7395423054695129,4.02263069152832,7.534027099609375e-05,0.24632498621940613,0.737014651298523,0.43972116708755493,0.004595588427037001,0,-9.183694783132523e-05,0.4990808963775635,2.8763246518792585e-05,0.5000439286231995,4.251529693603516,0.8955164551734924,98,0.001084896270185709,1,0,367.993782788658,0.06764259189367294,1,0,4.98076057434082,1,2.3521111011505127
0.4997421205043793,0.13617825508117676,1.4535744190216064,0,0.03366373851895332,8.257495880126953,13.89453125,1.4535744190216064,0,0,1,0.0,0.48187419643627105,1479.0965931926612,0.0020875718910247087,1.0,0.46371176838874817,0,0.5222381949424744,0.11963529139757156,1762980797.4906232,1,1,0,1e-06,0,8.141368865966797,0.012310028076171875,0,0.0,0.15300332009792328,0.0,5.7455363273620605,0.36441347002983093,2.1737726285664394e-08,0.1451702117919922,0.545245885848999,26.729562759399414,99,26.93348789215088,0.6759405136108398,26.903117179870605,77.4684066772461,0.0,5406.909048871,-0.0018913219682872295,1.3271932245697768e-14,0.7814958691596985,3.9370169639587402,7.82012939453125e-05,0.17160847783088684,0.748569667339325,0.40912580490112305,0.004842180758714676,0,-3.00151550618466e-05,0.5173959732055664,-0.00015602837083861232,0.4995499551296234,4.132686614990234,0.8542458415031433,99,0.0008662791224196553,1,0,369.7741482981653,0.06942332535982132,1,0,5.322498321533203,1,2.51633882522583
0.498147189617157,0.14284303784370422,1.4261207580566406,0,0.24050341546535492,8.741765975952148,13.89453125,1.4261207580566406,0,0,1,0.0,0.45560544063595393,1398.465533262484,0.02024880424141884,1.0,0.4785859286785126,0,0.4612710177898407,0.117276132106781,1762980841.4654782,1,0,0,1e-06,0,7.978282451629639,0.003144979476928711,0,0.0,0.14701859652996063,15.522644758224487,13.557530403137207,0.3621661067008972,3.645922319606143e-08,0.06793975830078125,0.4428619146347046,118.70148468017578,100,27.018426179885864,0.7035407423973083,27.00172448158264,224.1050567626953,0.0,5436.315309405,-0.0025580679066479206,5.7408743261123875e-16,0.6873340010643005,3.836620569229126,8.058547973632812e-05,0.21138609945774078,0.6487290859222412,0.4810824394226074,0.004829051438719034,0,0.000675090414006263,0.4564419686794281,-6.157340067147743e-06,0.49854597449302673,4.352948188781738,0.9306875467300415,100,0.003925874829292297,1,0,349.616383315621,0.06933008134365082,0,0,5.048116683959961,1,7.338626384735107
0.49969491362571716,0.12546171247959137,1.4285480976104736,0,0.039677105844020844,8.405016899108887,13.89453125,1.4285480976104736,0,0,1,0.0,0.45523042071628345,1397.3144222678172,0.0011437514331191778,1.0,0.4656864404678345,0,0.5246492028236389,0.11652166396379471,1762980870.8663888,1,1,0,1e-06,0,8.237176895141602,0.004521846771240234,0,0.0,0.1477600634098053,0.0,5.052365303039551,0.34963056445121765,8.332460765814176e-08,0.10959243774414062,0.4927714169025421,41.68533706665039,101,27.969724416732788,0.6878103613853455,27.947363138198853,72.05239868164062,0.0,5465.672753585,-0.0012451133225113153,1.1482426278582578e-16,0.7068290114402771,4.134554386138916,0.005213499069213867,0.10888499021530151,0.8215555548667908,0.41058212518692017,0.005877891555428505,0,-9.867990593193099e-05,0.5187713503837585,-0.00018659845227375627,0.49943938851356506,4.246084213256836,0.8477240800857544,101,0.0005660680471919477,1,0,349.3286055669543,0.07644899934530258,1,0,4.807726860046387,1,3.1063990592956543
0.4993688464164734,0.14752931892871857,1.4205572605133057,0,0.12825004756450653,7.659481048583984,13.89453125,1.4205572605133057,0,0,1,0.0,0.4552100948420682,1397.2520326824697,0.0018037417903542519,1.0,0.46746644377708435,0,0.4806937873363495,0.11988971382379532,1762980900.2270937,1,0,0,1e-06,0,7.90910530090332,0.0035419464111328125,0,0.0,0.14909353852272034,0.0,4.309499263763428,0.35377272963523865,6.413541342453755e-08,0.0905609130859375,0.4622703194618225,28.54022979736328,102,27.932406187057495,0.6915431618690491,27.914589166641235,54.54307556152344,0.0,5494.613426417,-0.00136274634860456,8.858262939088948e-15,0.6721243858337402,3.3802409172058105,0.00019359588623046875,0.19521667063236237,0.874465823173523,0.4449431002140045,0.006813958287239075,0,-6.614292215090245e-05,0.4738798439502716,-6.263422983465716e-05,0.49967873096466064,3.564481735229492,0.8711633086204529,102,0.0006812486099079251,1,0,349.3130081706174,0.08227348327636719,0,0,4.322702407836914,1,2.56316876411438
0.49978336691856384,0.13372476398944855,1.228039026260376,0,0.0942329689860344,7.852535247802734,13.89453125,1.228039026260376,0,0,1,0.0,0.45537160296004675,1397.7477764032203,0.0014498480595648289,1.0,0.4683244526386261,0,0.4897729158401489,0.1176925078034401,1762980929.1503747,1,0,0,1e-06,0,7.820455551147461,0.0032956600189208984,0,0.0,0.15150240063667297,0.0,4.523560523986816,0.35892313718795776,6.008816910707537e-08,0.11213111877441406,0.4554496109485626,21.213722229003906,103,27.68779969215393,0.6827281713485718,27.66889786720276,51.84965896606445,0.0,5524.513392957,-0.00172230857424438,1.4086084220972604e-14,0.6645709872245789,3.7278084754943848,0.0018503665924072266,0.11136085540056229,0.7094650268554688,0.4391496479511261,0.006004878785461187,0,-2.6785639420268126e-05,0.4837680459022522,0.0,0.4999423325061798,3.7628557682037354,0.8615416884422302,103,0.0006360774277709424,1,0,349.4369441008051,0.07726538926362991,0,0,4.983219146728516,1,2.490914821624756
0.4938408434391022,0.1311761885881424,2.329026937484741,0,0.5611301064491272,7.525298118591309,13.89453125,2.329026937484741,0,0,1,0.0,0.4518052396723275,1386.8009445787222,0.00108032813295722,1.0,0.473719984292984,0,0.42761796712875366,0.09582523256540298,1762980959.0523694,1,0,0,1e-06,0,7.27772855758667,0.010970115661621094,0,0.0,0.12889330089092255,0.0,10.176200866699219,0.3541203737258911,2.913625394285191e-07,0.06280326843261719,0.3967461585998535,69.77180480957031,104,27.57073473930359,0.7040462493896484,27.5458505153656,164.71617126464844,0.0,5553.269466956,-0.0017051523318514228,7.68120477976069e-15,0.6143116354942322,2.801003932952881,8.988380432128906e-05,0.13194455206394196,0.7646042704582214,0.5050270557403564,0.006214039400219917,0,-8.773917215876281e-05,0.4214039146900177,0.0,0.4947900176048279,3.159637451171875,0.903805673122406,104,0.0006199322524480522,1,0,346.70023614468056,0.07859291136264801,0,0,4.839353561401367,1,4.453480243682861
0.49784308671951294,0.14185947179794312,2.308048963546753,0,0.23757722973823547,7.550075054168701,13.89453125,2.308048963546753,0,0,1,0.0,0.45186663404634925,1386.989392539058,0.0016940295463427901,1.0,0.4715433716773987,0,0.4564112722873688,0.11398493498563766,1762980987.8234322,1,0,0,1e-06,0,7.697290897369385,0.010840415954589844,0,0.0,0.1547439694404602,0.0,2.9541313648223877,0.3456169664859772,5.987138251839497e-08,0.07481575012207031,0.4127814471721649,7.6074395179748535,105,26.46000909805298,0.7158198952674866,26.435450792312622,24.317638397216797,0.0,5582.061785149,-0.0021476722322404385,5.515811213400697e-15,0.655605137348175,3.3865675926208496,0.00010037422180175781,0.14760372042655945,0.6809641718864441,0.4720896780490875,0.003322908654808998,0,-8.853233157424256e-05,0.4530883729457855,0.0,0.49814507365226746,3.3860831260681152,0.9119599461555481,105,0.0008147687185555696,1,0,346.7473481347645,0.057554446160793304,0,0,5.635664939880371,1,1.7445521354675293
0.49766942858695984,0.15415893495082855,2.302647352218628,0,0.20066657662391663,6.525191783905029,13.89453125,2.302647352218628,0,0,1,0.0,0.4502380960324879,1381.990650033231,0.001364486524835229,1.0,0.46903952956199646,0,0.4577980041503906,0.10189145803451538,1762981016.6125057,1,0,0,1e-06,0,6.986325740814209,0.011319637298583984,0,0.0,0.14475978910923004,0.0,2.8424291610717773,0.35804417729377747,7.661917322820955e-08,0.100494384765625,0.47954151034355164,8.246423721313477,106,26.48392391204834,0.677451491355896,26.458735704421997,14.232540130615234,0.0,5612.101022773,-0.002180592156946659,1.2467826081177368e-14,0.7255135774612427,2.8661351203918457,9.679794311523438e-05,0.1326068937778473,1.1500656604766846,0.4616823196411133,0.00652302848175168,0,-0.00011070091568399221,0.45127496123313904,-6.620489875786006e-05,0.4982650578022003,2.9003336429595947,0.8363000750541687,106,0.0007229529437609017,1,0,345.49766250830777,0.08050937205553055,0,0,5.36688232421875,1,1.81685471534729
0.4926319420337677,0.13993124663829803,1.8723342418670654,0,0.5788068175315857,7.039322853088379,13.89453125,1.8723342418670654,0,0,1,0.0,0.44841373411831503,1376.3908326701937,0.0007560682133771479,1.0,0.47071197628974915,0,0.41883599758148193,0.09695298224687576,1762981046.6618793,1,0,0,1e-06,0,7.230099678039551,0.011037349700927734,0,0.0,0.13215525448322296,0.0,3.195545196533203,0.34938153624534607,3.7384836559795076e-07,0.05732917785644531,0.36358481645584106,10.22362232208252,107,28.17427158355713,0.7203949093818665,28.151190757751465,19.499038696289062,0.0,5640.748804984,-0.0018946562195196748,5.268121944843713e-16,0.5792881846427917,2.932776689529419,7.2479248046875e-05,0.1112726628780365,0.7096326351165771,0.5096696615219116,0.004656084813177586,0,-0.00010747771011665463,0.41417989134788513,-9.703177056508139e-06,0.49342063069343567,2.960905075073242,0.9242199063301086,107,0.0006478212308138609,1,0,344.09770816754843,0.06808367371559143,0,0,5.377575874328613,1,2.0086426734924316
0.4967273473739624,0.13036596775054932,1.386906623840332,0,0.3345658481121063,6.742336273193359,13.89453125,1.386906623840332,0,0,1,0.0,0.4487264445664891,1377.350686843691,0.0012109405361115932,1.0,0.4728872776031494,0,0.44712668657302856,0.11317028850317001,1762981075.3052442,1,0,0,1e-06,0,7.176948547363281,0.006057024002075195,0,0.0,0.13567495346069336,0.0,3.2372171878814697,0.3495185971260071,3.213478123598179e-07,0.05912208557128906,0.3872842788696289,9.551356315612793,108,27.253994941711426,0.6986055970191956,27.23138165473938,16.373414993286133,0.0,5668.912363272,-0.0018667886033654213,1.1596884781953868e-15,0.6107787489891052,2.9575250148773193,0.005422353744506836,0.10417924076318741,0.8440057039260864,0.48285725712776184,0.004699850454926491,0,-0.00010983768152073026,0.4424268305301666,-9.684616816230118e-05,0.49724966287612915,3.0140318870544434,0.8746271133422852,108,0.0007545537664555013,1,0,344.33767171092273,0.06840147078037262,0,0,4.950931549072266,1,2.060228109359741
0.49799323081970215,0.12571988999843597,1.6642498970031738,0,0.23741696774959564,7.32600736618042,13.89453125,1.6642498970031738,0,0,1,0.0,0.4759538219534918,1460.924203401581,0.001717848121188581,1.0,0.4728061854839325,0,0.4611503481864929,0.09566426277160645,1762981103.4640841,1,0,0,1e-06,0,7.5954365730285645,0.010744810104370117,0,0.0,0.13175396621227264,0.0,3.2443222999572754,0.3570670783519745,1.5573591838347056e-07,0.06532669067382812,0.38369083404541016,8.530177116394043,109,26.492081880569458,0.686817467212677,26.469685077667236,17.564149856567383,0.0,5698.154334384,-0.0009860380087047815,5.293731964828123e-14,0.6227958798408508,3.2947139739990234,0.0002372264862060547,0.0859944224357605,0.713897705078125,0.47048455476760864,0.006458123214542866,0,-3.5065146221313626e-05,0.4546922445297241,0.0,0.4985387623310089,3.3270103931427,0.8545857071876526,109,0.0005476824007928371,1,0,365.23105085039526,0.08011061698198318,0,0,6.03554630279541,1,1.938932180404663
0.4951185882091522,0.1376534253358841,1.5902912616729736,0,0.33260390162467957,11.093232154846191,13.89453125,1.5902912616729736,0,0,1,0.0,0.4761206646266474,1461.4363213595225,0.0017854997422546148,1.0,0.47347891330718994,0,0.4342401325702667,0.10947152972221375,1762981132.7152603,1,0,0,1e-06,0,6.798093795776367,0.003390789031982422,0,0.0,0.14614027738571167,0.0,66.87215423583984,0.3578049838542938,5.489194165875233e-08,0.06985092163085938,0.3996316194534302,168.74014282226562,110,27.653261423110962,0.6945794224739075,27.636863470077515,1096.4581298828125,0.0,5726.48845893,-0.004405470564961433,1.5066163386109215e-15,0.6562506556510925,2.7579574584960938,0.00010251998901367188,0.25312596559524536,0.7930876016616821,0.4867684543132782,0.004295357037335634,0,-7.654547516722232e-05,0.429944783449173,0.00015093342517502606,0.4957074820995331,3.6350979804992676,0.8904063105583191,110,0.001298976014368236,1,0,365.3590803398806,0.0654047504067421,0,0,5.5908050537109375,1,10.349594116210938
0.4956602156162262,0.1620289534330368,1.470428466796875,0,0.3269343972206116,7.23574161529541,13.89453125,1.470428466796875,0,0,1,0.0,0.47650454362283984,1462.6146249907722,0.0010705703170970082,1.0,0.4736391007900238,0,0.43903490900993347,0.10048727691173553,1762981161.042391,1,0,0,1e-06,0,7.522696018218994,0.0029909610748291016,0,0.0,0.14855177700519562,0.0,3.427973985671997,0.36184898018836975,1.2083548028840596e-07,0.06641578674316406,0.3902488946914673,15.64704418182373,111,26.85418725013733,0.6795759797096252,26.830620288848877,31.277767181396484,0.0,5756.086346872,-0.003208871465176344,4.241948199629588e-15,0.6334454417228699,3.109675168991089,0.002239704132080078,0.20565541088581085,0.9913143515586853,0.48712271451950073,0.0051701851189136505,0,-9.122751362156123e-05,0.4338647127151489,0.0,0.4963228106498718,3.146909475326538,0.8521646857261658,111,0.0008265150827355683,1,0,365.65365624769305,0.07172560691833496,0,0,5.459508895874023,1,1.944329857826233
0.49715137481689453,0.14915139973163605,1.439572811126709,0,0.3446263372898102,7.674184322357178,13.89453125,1.439572811126709,0,0,1,0.0,0.4752609263461088,1458.797383704868,0.0012861756840720773,1.0,0.4741792678833008,0,0.45167654752731323,0.10264221578836441,1762981190.6476011,1,0,0,1e-06,0,7.50256872177124,0.0030622482299804688,0,0.0,0.14204873144626617,0.0,8.1402587890625,0.35022830963134766,2.9701693549100128e-08,0.07612419128417969,0.37482789158821106,52.80885314941406,112,28.156500339508057,0.7076273560523987,28.13777208328247,128.99560546875,0.0,5780.678352898,-0.0019197153160348535,1.4224615612463097e-14,0.5969308018684387,3.1262640953063965,0.00021982192993164062,0.15421366691589355,0.76483154296875,0.4856305420398712,0.005478851962834597,0,-3.4036493161693215e-05,0.4461976885795593,0.0,0.4977138638496399,3.419665813446045,0.8936647176742554,112,0.0007094030734151602,1,0,364.699345926217,0.07382430136203766,0,0,5.629158973693848,1,3.698920726776123
0.4932793974876404,0.13249459862709045,1.3525593280792236,0,0.6024680137634277,7.7075347900390625,13.89453125,1.3525593280792236,0,0,1,1.3828278042637976e-06,0.47866610292997885,1469.2494583784446,0.00115179643034935,1.0,0.4731874465942383,0,0.4236127436161041,0.09718019515275955,1762981215.240815,1,0,0,1e-06,0,7.800143241882324,0.00464940071105957,0,0.0,0.13613304495811462,0.0,3.2980527877807617,0.3473428189754486,3.151799887746165e-08,0.07528114318847656,0.37321579456329346,10.898022651672363,113,23.238074779510498,0.7168551087379456,23.21662735939026,23.295591354370117,0.030973399057984352,5809.230318937,-0.001606467878445983,1.1002775872749702e-14,0.5860301852226257,3.0056939125061035,0.00519108772277832,0.09351158887147903,0.8148684501647949,0.5096665024757385,0.005667060147970915,0,-5.253023118712008e-05,0.4179456830024719,7.614916103193536e-05,0.4941888749599457,3.307657241821289,0.919300377368927,113,0.0007127908756956458,1,0,367.31236459461115,0.07507513463497162,0,0,5.004644393920898,1,2.1031198501586914
0.499197781085968,0.13927000761032104,1.4256591796875,0,0.16270186007022858,7.652276039123535,13.89453125,1.4256591796875,0,0,1,0.0,0.4771264160168521,1464.5234413295314,0.0030410289764404297,1.0,0.4723012149333954,0,0.47731587290763855,0.10228399187326431,1762981243.7866123,1,0,0,1e-06,0,8.004125595092773,0.0036017894744873047,0,0.0,0.13064444065093994,0.0,3.7522404193878174,0.35870686173439026,2.9984292382323474e-07,0.06965827941894531,0.370760440826416,13.228055953979492,114,27.11044669151306,0.6934497952461243,27.094697952270508,27.943540573120117,0.0,5836.340084953,-0.006870627403259277,9.047968884878994e-17,0.5591681003570557,3.4822254180908203,0.0001285076141357422,0.18913687765598297,0.9932352900505066,0.4606049060821533,0.006541464477777481,0,-0.00012564216740429401,0.47077441215515137,0.0,0.499537855386734,3.6493959426879883,0.8842463493347168,114,0.00157623877748847,1,0,366.13086033238284,0.0806228518486023,0,0,4.554836273193359,1,2.318207025527954
0.4977093040943146,0.11842723190784454,1.470566749572754,0,0.24516631662845612,7.665071487426758,13.89453125,1.470566749572754,0,0,1,0.0,0.4794302464310066,1471.5949710816342,0.001530195469968021,1.0,0.4735899269580841,0,0.45680126547813416,0.09713330864906311,1762981270.8889909,1,0,0,1e-06,0,7.791275978088379,0.0035190582275390625,0,0.0,0.1266889125108719,0.0,4.358482837677002,0.3596009910106659,7.535624035881483e-08,0.06932830810546875,0.37922146916389465,25.685110092163086,115,25.621519804000854,0.6776657104492188,25.605746746063232,51.282352447509766,0.0,5863.98983771,-0.002294731792062521,8.961378824263555e-16,0.5934938788414001,3.4298198223114014,0.0001938343048095703,0.157770037651062,0.6018872261047363,0.47627681493759155,0.005188359878957272,0,-2.3197299015009776e-05,0.4516128897666931,-3.3003925636876374e-05,0.4981865882873535,3.37866473197937,0.8432194590568542,115,0.0007389251259155571,1,0,367.89874277040855,0.07185126841068268,0,0,5.687067985534668,1,2.420403480529785
0.5000496506690979,0.16245046257972717,1.416224718093872,0,0.05316086485981941,8.188712120056152,13.89453125,1.416224718093872,0,0,1,0.0,0.4854350361019268,1490.0264704455374,0.0013645978178828955,0.9999998807907104,0.47073623538017273,0,0.5069558024406433,0.0939713642001152,1762981298.5450797,1,1,0,1e-06,0,8.757274627685547,0.003236055374145508,0,0.0,0.14039994776248932,0.0,3.364182233810425,0.3657292425632477,2.6437965061631985e-07,0.07432174682617188,0.4007452428340912,11.098244667053223,116,26.228259086608887,0.6752409338951111,26.212446212768555,19.664518356323242,0.0,5892.224648084,-0.00290957884863019,4.0392094872757317e-16,0.6083932518959045,4.10750150680542,0.00010466575622558594,0.26798126101493835,1.0270447731018066,0.4324095547199249,0.0057283141650259495,0,-0.00015165028162300587,0.5012274980545044,-1.1787396942963824e-05,0.5000027418136597,4.05262565612793,0.8484164476394653,116,0.0009569596732035279,1,0,372.50661761138434,0.0754762589931488,1,0,4.311269760131836,1,2.1651718616485596
0.49734461307525635,0.11148981750011444,1.4346418380737305,0,0.2964513599872589,8.362269401550293,13.89453125,1.4346418380737305,0,0,1,0.0,0.48633793086958393,1492.7978754818096,0.0023476292844861746,1.0,0.4707260727882385,0,0.4553097188472748,0.09775785356760025,1762981326.7578213,1,0,0,1e-06,0,8.286872863769531,0.010312318801879883,0,0.0,0.11602582782506943,0.0,7.380030155181885,0.35599207878112793,4.436687106590398e-08,0.069732666015625,0.38961949944496155,58.63651657104492,117,26.776003122329712,0.6921780109405518,26.750447273254395,111.87150573730469,0.0,5916.790422383,-0.004200087860226631,1.4208583819870415e-15,0.6104836463928223,3.5262668132781982,0.00011610984802246094,0.2003629505634308,0.7615891695022583,0.4765360951423645,0.0073008849285542965,0,-0.0001310831430600956,0.44800883531570435,0.0,0.4980538487434387,3.796523094177246,0.8741819262504578,117,0.0011069445172324777,1,0,373.1994688704524,0.08514214307069778,0,0,5.313501358032227,1,3.894449234008789
0.4934754967689514,0.1355648636817932,1.337857961654663,0,0.611047089099884,8.412546157836914,13.89453125,1.337857961654663,0,0,1,9.064873302122578e-05,0.4829131695716712,1482.2856861890368,0.0015645318198949099,1.0,0.47234073281288147,0,0.42483821511268616,0.09208351373672485,1762981351.3245146,1,0,0,1e-06,0,8.255643844604492,0.004428863525390625,0,0.0,0.12451456487178802,0.0,3.646825075149536,0.3396582305431366,3.217079580508653e-08,0.08724021911621094,0.3843265175819397,13.562153816223145,118,23.226455688476562,0.7329989075660706,23.203776836395264,34.856773376464844,0.015742670744657516,5945.335285849,-0.001669701305218041,7.562032326279694e-15,0.5736812353134155,3.480099678039551,0.0052852630615234375,0.15853533148765564,0.8961821794509888,0.5052233338356018,0.005724241025745869,0,-2.2747646653442644e-05,0.41911399364471436,0.00014887202996760607,0.4943799674510956,3.5908713340759277,0.9390689730644226,118,0.0008628647192381322,1,0,370.5714215472592,0.07545124739408493,0,0,5.033140182495117,1,1.958787441253662
0.4993833601474762,0.14086408913135529,1.4652154445648193,0,0.13106310367584229,9.503521919250488,13.89453125,1.4652154445648193,0,0,1,0.0,0.4843619710165647,1486.732733358615,0.00136910704895854,0.9999998807907104,0.4674046039581299,0,0.4801112115383148,0.09672383219003677,1762981379.8909013,1,0,0,1e-06,0,7.5918450355529785,0.0033082962036132812,0,0.0,0.13713985681533813,0.0,32.29585266113281,0.34574055671691895,1.0927273308425356e-07,0.118927001953125,0.4443906545639038,53.3817138671875,119,27.09375548362732,0.7011969089508057,27.077341556549072,532.8154296875,0.0,5970.10835988,-0.002107578096911311,1.6351608940159317e-15,0.6558732390403748,3.243469715118408,0.00010466575622558594,0.23389939963817596,0.8459137678146362,0.4477112591266632,0.005988024175167084,0,-0.00022015272406861186,0.47412317991256714,-9.361614502267912e-05,0.49965769052505493,3.7913002967834473,0.8715481162071228,119,0.0008000884554348886,1,0,371.68318333965374,0.07715854048728943,0,0,5.873345375061035,1,3.922333002090454
0.4969123601913452,0.1269214153289795,1.4873638153076172,0,0.43610331416130066,7.785719394683838,13.89453125,1.4873638153076172,0,0,1,0.0003359764814376831,0.4854953802399619,1490.2116947419347,0.0014313224237412214,1.0,0.47253331542015076,0,0.44882071018218994,0.10045287758111954,1762981404.6452718,1,0,0,1e-06,0,8.153359413146973,0.00305938720703125,0,0.0,0.13601265847682953,0.0,3.2180404663085938,0.34914639592170715,3.898885836406407e-08,0.11865997314453125,0.39226654171943665,14.184221267700195,120,23.25754141807556,0.7099114060401917,23.2430362701416,26.24724006652832,0.03269980102777481,5998.927349592,-0.0015428535407409072,1.799937389618863e-14,0.5698726773262024,3.3897969722747803,0.00012445449829101562,0.18381139636039734,0.7000824213027954,0.4883386194705963,0.004808793310075998,0,-0.00019497160974424332,0.444011926651001,-0.0002853810728993267,0.4974307417869568,3.5532772541046143,0.9089066982269287,120,0.0007592298788949847,1,0,372.5529236854837,0.06918644905090332,0,0,4.74140739440918,1,2.1570041179656982
0.49653884768486023,0.11688131093978882,1.4620590209960938,0,0.46326935291290283,7.521400451660156,13.89453125,1.4620590209960938,0,0,1,0.0,0.48493917456390323,1488.5044401791108,0.0009210448479279876,0.9999998807907104,0.4715835452079773,0,0.44668328762054443,0.08771194517612457,1762981433.476965,1,0,0,1e-06,0,7.730489730834961,0.006847858428955078,0,0.0,0.11452849954366684,0.0,3.7017152309417725,0.3443175256252289,1.4191036257216183e-07,0.10221481323242188,0.37121060490608215,25.129985809326172,121,27.367112398147583,0.7183360457420349,27.341583728790283,43.93003463745117,0.0,6027.265894111,-0.002079572295770049,2.407547792244026e-15,0.5663806200027466,3.0967001914978027,0.0053637027740478516,0.2094831019639969,0.6987455487251282,0.49044325947761536,0.005886348430067301,0,-9.164149378193542e-05,0.44079694151878357,-4.495838220464066e-05,0.4972054958343506,3.4082119464874268,0.9147295355796814,121,0.0006296835490502417,1,0,372.1261100447777,0.07650505751371384,0,0,5.309787750244141,1,2.396904706954956
0.49883344769477844,0.11319675296545029,1.420048475265503,0,0.19414149224758148,7.368348598480225,13.89453125,1.420048475265503,0,0,1,0.0,0.4848733022831436,1488.3022474350753,0.0011099374387413263,1.0,0.47279003262519836,0,0.4691729247570038,0.097275510430336,1762981461.8274224,1,0,0,1e-06,0,7.63911247253418,0.0035686492919921875,0,0.0,0.1238768994808197,0.0,3.2322232723236084,0.34583431482315063,4.771640078615746e-07,0.11179351806640625,0.41301554441452026,15.872933387756348,122,26.928066968917847,0.708456814289093,26.901705741882324,30.23150062561035,0.0,6057.457896169,-0.0011955423979088664,9.539924561853107e-15,0.5896056890487671,3.462285280227661,0.003948688507080078,0.25912049412727356,0.7378718256950378,0.46608152985572815,0.004081632476300001,0,-7.324383477680385e-05,0.4650912880897522,-8.50282158353366e-05,0.4991024136543274,3.4514076709747314,0.8989981412887573,122,0.0005683843046426773,1,0,372.0755618587688,0.06376399099826813,0,0,4.585790634155273,1,1.9846209287643433
0.49978402256965637,0.1303005963563919,1.6903133392333984,0,0.09505201131105423,7.831512928009033,13.89453125,1.6903133392333984,0,0,1,0.0,0.48206312488633823,1479.6765026979185,0.0013051375281065702,0.9999998807907104,0.4700773060321808,0,0.4903023838996887,0.10739223659038544,1762981492.0194325,1,0,0,1e-06,0,8.135137557983398,0.003703594207763672,0,0.0,0.139084592461586,0.0,2.9052531719207764,0.3531626760959625,2.669611376404646e-07,0.11363410949707031,0.414663702249527,10.296171188354492,123,28.49376153945923,0.6926590800285339,28.474430799484253,21.4537410736084,0.0,6086.072469279,-0.001440996304154396,1.5362496803914948e-15,0.5973743200302124,3.730717897415161,0.00011587142944335938,0.15336300432682037,0.7332102060317993,0.4441733956336975,0.006673618219792843,0,-0.00012233154848217964,0.4836287796497345,-7.35948487999849e-05,0.4999580681324005,3.765106201171875,0.8686107993125916,123,0.0006322290282696486,1,0,369.91912567447963,0.081427663564682,0,0,3.9713897705078125,1,1.9422471523284912
0.5000142455101013,0.14614148437976837,1.4395465850830078,0,0.07744760811328888,8.0529146194458,13.89453125,1.4395465850830078,0,0,1,0.0,0.47768314158168973,1466.2322916734272,0.0006224593962542713,1.0,0.4614301323890686,0,0.49843326210975647,0.10433488339185715,1762981520.614409,1,0,0,1e-06,0,8.188076972961426,0.0044040679931640625,0,0.0,0.1414565145969391,0.0,5.197530269622803,0.3577055037021637,2.6413820819470857e-07,0.18302345275878906,0.4717743396759033,25.072969436645508,124,27.14801263809204,0.6931482553482056,27.127814769744873,79.3232421875,0.0,6114.410250385,-0.002037002006545663,1.4363879687452966e-14,0.6384022235870361,3.772430419921875,0.00013256072998046875,0.23119352757930756,0.8802396655082703,0.4263278841972351,0.0045957802794873714,0,-4.26564110966865e-05,0.49383747577667236,0.0,0.5000497698783875,3.9160282611846924,0.8822383880615234,124,0.0005499020917341113,1,0,366.5580729183568,0.06764329224824905,0,0,5.221164703369141,1,2.280740976333618
0.49946922063827515,0.14813554286956787,1.4131083488464355,0,0.1131284236907959,8.297286987304688,13.89453125,1.4131083488464355,0,0,1,0.0,0.47435251666340517,1456.0090508228689,0.001528850756585598,0.9999997615814209,0.4658524990081787,0,0.48206275701522827,0.09244877099990845,1762981548.9473934,1,0,0,1e-06,0,7.747957229614258,0.003282308578491211,0,0.0,0.1369396299123764,0.0,9.799311637878418,0.360899955034256,1.082407948160835e-06,0.16131591796875,0.43027833104133606,28.858015060424805,125,26.912082195281982,0.682633638381958,26.8934166431427,129.8156280517578,0.0,6142.74201258,-0.003225453430786729,2.0733625896078665e-15,0.5999216437339783,3.5825719833374023,0.0001556873321533203,0.3138432204723358,0.8256678581237793,0.443682998418808,0.006278026849031448,0,-7.6532072853297e-05,0.4757847487926483,0.0,0.49973416328430176,3.7968640327453613,0.8541629910469055,125,0.0008732739370316267,1,0,364.0022627057172,0.07899374514818192,0,0,5.0544586181640625,1,2.8383305072784424
0.49824413657188416,0.14117886126041412,1.4624419212341309,0,0.2117873579263687,7.918333053588867,13.89453125,1.4624419212341309,0,0,1,0.0,0.4740786884314176,1455.1685443005272,0.0017119525000452995,1.0,0.46705153584480286,0,0.4641897976398468,0.08752915263175964,1762981577.3049936,1,0,0,1e-06,0,7.703688144683838,0.0031495094299316406,0,0.0,0.12717017531394958,0.0,3.657224655151367,0.34977322816848755,5.365556177139297e-08,0.12891387939453125,0.45539575815200806,14.37004280090332,126,26.88325309753418,0.7034723162651062,26.86755681037903,29.29498291015625,0.0,6171.727442157,-0.00273880991153419,9.003768799867133e-15,0.6537909507751465,3.3619678020477295,9.274482727050781e-05,0.1958334743976593,0.9630017280578613,0.4592038094997406,0.006714413408190012,0,-7.828883826732635e-05,0.45747536420822144,-0.00017291530093643814,0.4987717866897583,3.635200023651123,0.8867350816726685,126,0.0008426057174801826,1,0,363.7921360751318,0.08167510479688644,0,0,4.508689880371094,1,2.1425914764404297
0.4976908564567566,0.15920935571193695,1.4938437938690186,0,0.2274811714887619,7.588733673095703,13.89453125,1.4938437938690186,0,0,1,0.0,0.4760777991632232,1461.3047472653184,0.0012259961804375052,1.0,0.4689653515815735,0,0.4557896852493286,0.10071871429681778,1762981606.2719755,1,0,0,1e-06,0,7.770835876464844,0.003019094467163086,0,0.0,0.1443580538034439,0.0,3.344973564147949,0.355111300945282,1.5291607269318774e-07,0.08868026733398438,0.4125664532184601,9.915172576904297,127,27.46403956413269,0.6985301971435547,27.44680905342102,21.559391021728516,0.0,6200.297265297,-0.0011248342925682664,8.753587878016682e-16,0.6202015280723572,3.362787961959839,8.559226989746094e-05,0.1807568222284317,1.1727627515792847,0.46418139338493347,0.0043449923396110535,0,-7.315276889130473e-05,0.45144471526145935,-3.8926511479076e-05,0.49809569120407104,3.4321653842926025,0.8866279125213623,127,0.0005916293011978269,1,0,365.3261868163296,0.06578034162521362,0,0,4.964043617248535,1,2.0518627166748047
0.49027660489082336,0.1302325427532196,1.408923625946045,0,0.6462835073471069,7.333492755889893,13.89453125,1.408923625946045,0,0,1,0.0,0.4736936648901246,1453.986727526695,0.0011018579825758934,1.0,0.4710666835308075,0,0.405651330947876,0.09678284823894501,1762981634.85078,1,0,0,1e-06,0,7.703274250030518,0.004308462142944336,0,0.0,0.12526507675647736,0.0,3.870112419128418,0.34816426038742065,4.347008442096012e-08,0.06472587585449219,0.4110441207885742,14.792224884033203,128,27.157495260238647,0.711943507194519,27.139477491378784,30.936981201171875,0.0,6228.458139656,-0.0021085538901388645,2.031042070705963e-16,0.6478433609008789,2.876610517501831,5.91278076171875e-05,0.12023893743753433,0.8005056381225586,0.5168473124504089,0.00407088128849864,0,-8.268100646091625e-05,0.40158045291900635,-3.5044446121901274e-05,0.49107643961906433,3.0079708099365234,0.9020024538040161,128,0.000671758723910898,1,0,363.49668188167374,0.06368108093738556,0,0,4.978424072265625,1,1.9993984699249268
0.48851457238197327,0.11695116758346558,1.326354742050171,0,0.6455495357513428,7.78694486618042,13.89453125,1.326354742050171,0,0,1,0.0,0.47522537681045474,1458.6882656042012,0.0023212323430925608,1.0,0.4676077365875244,0,0.3985171616077423,0.08432496339082718,1762981662.995105,1,0,0,1e-06,0,7.878500938415527,0.0037784576416015625,0,0.0,0.12067356705665588,0.0,4.60875940322876,0.34757739305496216,3.5300509182434325e-08,0.06877326965332031,0.39391008019447327,19.605945587158203,129,26.806964635849,0.7116227746009827,26.790268421173096,42.47005844116211,0.0,6256.837240087,-0.002052428899332881,1.005864965633401e-15,0.6063779592514038,2.9714314937591553,0.00012421607971191406,0.11512820422649384,0.6171870231628418,0.519633948802948,0.005329008214175701,0,-1.9530225472408347e-05,0.39318814873695374,6.619571649935097e-05,0.4896496534347534,3.1348283290863037,0.9089149832725525,129,0.0007614342030137777,1,0,364.6720664010503,0.0728137269616127,0,0,4.529196739196777,1,2.2796313762664795
0.4949702322483063,0.10921253263950348,1.335294246673584,0,0.4068257212638855,7.813926696777344,13.89453125,1.335294246673584,0,0,1,0.0,0.47802004638680307,1467.2664096095166,0.0008309082477353513,1.0,0.4721645712852478,0,0.43431928753852844,0.07812421768903732,1762981691.3848836,1,0,0,1e-06,0,7.788543701171875,0.0074405670166015625,0,0.0,0.11547595262527466,0.0,3.4668312072753906,0.3448837101459503,7.718196570749569e-08,0.06022071838378906,0.4165093004703522,10.999879837036133,130,27.052314281463623,0.7005505561828613,27.028111696243286,18.282058715820312,0.0,6284.796392594,-0.0023383733350783587,1.2296691756272346e-15,0.6568299531936646,3.0052616596221924,0.005199909210205078,0.14448282122612,0.5060391426086426,0.4927161931991577,0.005437146872282028,0,-0.0001436166639905423,0.4288821220397949,-0.00015562512271571904,0.49572116136550903,3.3110928535461426,0.8652141094207764,130,0.00065569271100685,1,0,366.81660240237915,0.07354427129030228,0,0,5.042030334472656,1,1.947089672088623
0.49775931239128113,0.13173575699329376,1.5444564819335938,0,0.2459023892879486,9.825414657592773,13.89453125,1.5444564819335938,0,0,1,0.0,0.47975574254410447,1472.594070422377,0.001499479403719306,1.0,0.47179123759269714,0,0.45740631222724915,0.09859371930360794,1762981719.3544478,1,0,0,1e-06,0,7.645849227905273,0.0037076473236083984,0,0.0,0.13443274796009064,0.0,38.60073471069336,0.35702207684516907,1.6380846545871464e-07,0.06949806213378906,0.4272889792919159,319.8030700683594,131,26.413326501846313,0.685194194316864,26.397179126739502,639.1985473632812,0.0,6309.141812551,-0.002760798204690218,6.041724060065409e-14,0.6854537725448608,3.2341959476470947,9.775161743164062e-05,0.16129609942436218,0.7570995092391968,0.4705148935317993,0.005211465526372194,0,-8.081044506980106e-05,0.45219483971595764,0.0,0.4982324242591858,4.531177520751953,0.8572385907173157,131,0.0008194454712793231,1,0,368.14851760559424,0.07200933992862701,0,0,5.886035919189453,1,19.38368797302246
0.48950037360191345,0.12626199424266815,1.4825477600097656,0,0.6744102239608765,7.6795501708984375,13.89453125,1.4825477600097656,0,0,1,0.00019999912183266133,0.4818488463306106,1479.018781898351,0.0012425759341567755,1.0,0.47150903940200806,0,0.4052976965904236,0.1027810126543045,1762981743.6947334,1,0,0,1e-06,0,7.449975490570068,0.0031456947326660156,0,0.0,0.12802375853061676,0.0,4.8222479820251465,0.3525047302246094,1.124716675349191e-07,0.051853179931640625,0.3881111145019531,42.54731369018555,132,22.845865488052368,0.70072340965271,22.830145597457886,56.72550964355469,0.026250213384628296,6338.085621624,-0.0030101859010756016,1.9798283411326e-15,0.635175883769989,2.6922292709350586,0.00013637542724609375,0.1741480678319931,0.7682133316993713,0.5214775800704956,0.00750117190182209,0,-0.00012002472067251801,0.39779651165008545,-0.0002361745573580265,0.49100708961486816,3.1445469856262207,0.883834719657898,132,0.000920982682146132,1,0,369.7546954745878,0.08629397302865982,0,0,5.807282447814941,1,3.1321592330932617
0.49229392409324646,0.12949763238430023,1.7014598846435547,0,0.4639550447463989,7.486050128936768,13.89453125,1.7014598846435547,0,0,1,0.0,0.4818857740808642,1479.1321303822465,0.0018856364767998457,1.0,0.47281983494758606,0,0.4196617305278778,0.11479275673627853,1762981772.6491053,1,0,0,1e-06,0,6.832121849060059,0.012415647506713867,0,0.0,0.13952577114105225,0.0,13.649417877197266,0.3689717650413513,2.3185116049262433e-07,0.05711936950683594,0.40525388717651367,122.36654663085938,133,27.250015258789062,0.6603742837905884,27.22550916671753,224.1344757080078,0.0,6362.878143517,-0.003211966250091791,6.041701698395602e-14,0.6470386385917664,2.7040836811065674,0.00014662742614746094,0.14029942452907562,0.7138040065765381,0.4992017447948456,0.007399577181786299,0,-0.00022935803281143308,0.4122621715068817,-0.00010645864676916972,0.4935557246208191,3.2651259899139404,0.8190985321998596,133,0.0010169032029807568,1,0,369.7830325955616,0.08571100234985352,0,0,5.626290321350098,1,7.55690860748291
0.48224085569381714,0.1282680779695511,1.437243938446045,0,0.8668174147605896,7.095729827880859,13.89453125,1.437243938446045,0,0,1,0.0007233470678329468,0.48384803593257875,1485.1552269524457,0.002062553307041526,1.0,0.46801087260246277,0,0.3732309937477112,0.09001563489437103,1762981797.4443161,1,0,0,1e-06,0,6.96049690246582,0.005218505859375,0,0.0,0.13100174069404602,0.0,4.107138633728027,0.3416242301464081,5.743189603890642e-07,0.03975677490234375,0.38097283244132996,20.353256225585938,134,23.355298042297363,0.71492999792099,23.33259344100952,38.9949836730957,0.008919751271605492,6391.006272771,-0.0014958917163312435,8.978661896277568e-15,0.6204614639282227,2.5741891860961914,0.005292177200317383,0.16595515608787537,0.7481626868247986,0.5519921779632568,0.005516910459846258,0,-0.00015617517055943608,0.3677140772342682,-0.0003111656988039613,0.48372071981430054,2.8004965782165527,0.8993166089057922,134,0.0009108256199397147,1,0,371.2888067381114,0.07407962530851364,0,0,5.139971733093262,1,2.1110193729400635
0.48657891154289246,0.14330707490444183,1.374349594116211,0,0.6296504735946655,6.30897331237793,13.89453125,1.374349594116211,0,0,1,0.0,0.48428095104180036,1486.484045278737,0.0012753137852996588,1.0,0.46727827191352844,0,0.3893711566925049,0.11018925160169601,1762981825.560787,1,0,0,1e-06,0,6.278031349182129,0.003742218017578125,0,0.0,0.14347302913665771,0.0,3.2728991508483887,0.35835000872612,1.4362547062773956e-07,0.08077621459960938,0.4678400158882141,7.266282081604004,135,26.732641220092773,0.6809085011482239,26.7143132686615,30.830890655517578,0.0,6419.286378641,-0.0016050683334469795,6.468223106106431e-15,0.7027978301048279,2.2655370235443115,0.00011181831359863281,0.16833342611789703,0.8545738458633423,0.5171024203300476,0.004658056423068047,0,-4.777557842317037e-05,0.3847130835056305,0.0,0.4876593053340912,2.466294050216675,0.8417266011238098,135,0.0007088345009833574,1,0,371.62101131968427,0.0680980235338211,0,0,5.362462997436523,1,1.597353219985962
0.4920591115951538,0.12117140740156174,1.524582862854004,0,0.4632852077484131,7.56427001953125,13.89453125,1.524582862854004,0,0,1,0.0,0.4856156580122988,1490.580883307365,0.0014912523329257965,1.0,0.46935391426086426,0,0.41784703731536865,0.09807281941175461,1762981853.8457575,1,0,0,1e-06,0,7.545551300048828,0.0036051273345947266,0,0.0,0.13484780490398407,0.0,3.895338535308838,0.3546401560306549,1.7548742903272796e-07,0.071624755859375,0.4326878786087036,26.623977661132812,136,26.7519953250885,0.6836678981781006,26.7342586517334,50.52055740356445,0.0,6448.307604628,-0.0018870806088671088,2.7288128625225366e-14,0.6749405264854431,3.009268045425415,0.00011801719665527344,0.11320842802524567,0.7685270309448242,0.4980761408805847,0.0068798060528934,0,-6.28393972874619e-05,0.41096723079681396,-3.7101963243912905e-05,0.4932546019554138,3.1273717880249023,0.8472148180007935,136,0.0007423286442644894,1,0,372.64522082684124,0.08266714215278625,0,0,5.09660530090332,1,2.2652530670166016
0.4834989905357361,0.12784229218959808,1.4932985305786133,0,0.7834372520446777,6.212372779846191,13.89453125,1.4932985305786133,0,0,1,0.0,0.48720114007802234,1495.447467032584,0.0012218132615089417,1.0,0.46699389815330505,0,0.37961143255233765,0.0847390741109848,1762981882.8543618,1,0,0,1e-06,0,6.526956558227539,0.0032987594604492188,0,0.0,0.11590874940156937,0.0,3.4834139347076416,0.34707844257354736,6.618037673433719e-08,0.07181739807128906,0.43462273478507996,12.052075386047363,137,27.512507438659668,0.7100409865379333,27.490408897399902,20.66069984436035,0.0,6477.548343237,-0.0031209061853587627,2.1207678896437848e-14,0.692432701587677,2.0257275104522705,0.0017745494842529297,0.16575324535369873,0.8479496240615845,0.5385860204696655,0.007203667424619198,0,-0.0001453262520954013,0.3724077641963959,0.0,0.48534321784973145,2.3866922855377197,0.8920947909355164,137,0.0009807065362110734,1,0,373.861866758146,0.08457739651203156,0,0,5.767795562744141,1,1.9246718883514404
0.4846535921096802,0.12324429303407669,1.4493398666381836,0,0.6804699301719666,6.87876033782959,13.89453125,1.4493398666381836,0,0,1,0.0,0.48354488565189285,1484.224717390606,0.0014172535156831145,1.0,0.46371740102767944,0,0.3826373219490051,0.0897853896021843,1762981912.1009908,1,0,0,1e-06,0,6.4842681884765625,0.0032775402069091797,0,0.0,0.12033562362194061,0.0,7.4684271812438965,0.34298500418663025,3.917430149158463e-07,0.09752273559570312,0.4517193138599396,48.548423767089844,138,27.789149284362793,0.7150785326957703,27.771520614624023,102.92884063720703,0.0,6502.961891362,-0.0017636496340855956,1.1712081262780453e-14,0.6710174083709717,2.407794713973999,0.0001232624053955078,0.16831503808498383,0.6907501220703125,0.5254175066947937,0.005760131403803825,0,-0.00012456525291781873,0.37687718868255615,-0.00010984182154061273,0.4860808551311493,2.798635244369507,0.8954372406005859,138,0.0006108500529080629,1,0,371.0561793476515,0.07568441331386566,0,0,4.487272262573242,1,3.62580943107605
0.4773236811161041,0.10274679958820343,1.448089838027954,0,0.8394506573677063,6.89139461517334,13.89453125,1.448089838027954,0,0,1,0.0006587356328964233,0.4811806026837497,1476.9676305629935,0.0011705466313287616,1.0,0.46225714683532715,0,0.3557925224304199,0.10181539505720139,1762981937.5223105,1,0,0,1e-06,0,6.576224327087402,0.003160238265991211,0,0.0,0.1228896975517273,0.0,4.526306629180908,0.339608758687973,6.057553605387511e-07,0.06426239013671875,0.40824636816978455,13.71341609954834,139,23.963371992111206,0.7267296314239502,23.94868040084839,43.0845832824707,0.009880825877189636,6531.425999609,-0.002891565440222621,3.2394870358947283e-15,0.639606237411499,2.221165657043457,0.0001876354217529297,0.15374751389026642,0.624650239944458,0.5546336770057678,0.004847309552133083,0,-0.00014934883802197874,0.35094520449638367,-5.675042120856233e-05,0.47881078720092773,2.502269744873047,0.9191844463348389,139,0.0008839286747388542,1,0,369.24190764074837,0.06946209073066711,0,0,4.7784013748168945,1,1.9320659637451172
0.47956347465515137,0.13016009330749512,1.390160322189331,0,0.7645454406738281,6.161787509918213,13.89453125,1.390160322189331,0,0,1,0.0,0.4798589174770357,1472.9107623991003,0.0013771113008260727,1.0,0.461022287607193,0,0.36326897144317627,0.09900104254484177,1762981965.959843,1,0,0,1e-06,0,6.12734317779541,0.013035774230957031,0,0.0,0.1276077926158905,0.0,6.956675052642822,0.3368455171585083,5.148058903614583e-07,0.10840988159179688,0.451837956905365,55.037227630615234,140,27.044901847839355,0.7294401526451111,27.01975727081299,109.9099349975586,0.0,6559.846407645,-0.004106450360268354,7.928755579606622e-14,0.6656455993652344,2.2198896408081055,0.00010704994201660156,0.2482016533613205,0.7376620173454285,0.541751503944397,0.004939380567520857,0,-0.00017930335889104754,0.3583295941352844,5.579295611823909e-05,0.4809953570365906,2.4003994464874268,0.9196063876152039,140,0.0011727059027180076,1,0,368.2276905997751,0.07011480629444122,0,0,5.023493766784668,1,3.4935293197631836
0.48849356174468994,0.11163076758384705,1.499197244644165,0,0.6642060875892639,6.380434036254883,13.89453125,1.499197244644165,0,0,1,0.0,0.4828245589246392,1482.0136987966534,0.0011300976620987058,1.0,0.46622759103775024,0,0.4007667899131775,0.08856348693370819,1762981994.3967113,1,0,0,1e-06,0,6.434107780456543,0.004555940628051758,0,0.0,0.11211126297712326,0.0,3.4594171047210693,0.34660717844963074,3.785703839298549e-08,0.09677314758300781,0.453897625207901,8.885031700134277,141,26.92772626876831,0.7138017416000366,26.909125804901123,17.80630111694336,0.0,6587.08902677,-0.004725146573036909,1.7569277670627208e-14,0.6742567420005798,2.434868097305298,0.0001010894775390625,0.22635090351104736,0.5755575299263,0.5184988379478455,0.007668019738048315,0,-0.00014628135249949992,0.39309877157211304,4.447231549420394e-05,0.49010908603668213,2.6386120319366455,0.9056347012519836,141,0.00105384923517704,1,0,370.50342469916336,0.08724068850278854,0,0,4.70332145690918,1,1.8629995584487915
0.48488107323646545,0.13046026229858398,1.5292162895202637,0,0.790829062461853,7.102264881134033,13.89453125,1.5292162895202637,0,0,1,0.0,0.48764948225314114,1496.8236382173188,0.0007171136676333845,1.0,0.4652622938156128,0,0.38214051723480225,0.07887934148311615,1762982021.6186013,1,0,0,1e-06,0,6.937689781188965,0.003524303436279297,0,0.0,0.11572086066007614,0.0,7.124907970428467,0.33481138944625854,4.272219200629479e-07,0.08871841430664062,0.4292013645172119,30.8826961517334,142,25.682905435562134,0.739292562007904,25.666532039642334,103.69313049316406,0.0,6616.2871121,-0.0029892385937273502,8.897068906534456e-16,0.6467012763023376,2.3691680431365967,0.0001347064971923828,0.23060984909534454,0.6629045605659485,0.5369913578033447,0.004377325531095266,0,-0.00017420013318769634,0.37776318192481995,7.0803594098833855e-06,0.4859637916088104,2.67756724357605,0.9397373795509338,142,0.0008023966802284122,1,0,374.2059095543297,0.06602361798286438,0,0,5.271993637084961,1,2.484060287475586
0.49346163868904114,0.12690487504005432,1.4340672492980957,0,0.40926897525787354,7.402414321899414,13.89453125,1.4340672492980957,0,0,1,0.0,0.4856011835305024,1490.5364543736898,0.0013715606182813644,1.0,0.4665662348270416,0,0.4248756170272827,0.1072501614689827,1762982050.8533716,1,0,0,1e-06,0,7.510772705078125,0.010802745819091797,0,0.0,0.1417984515428543,0.0,8.310280799865723,0.35174107551574707,4.6132221598327305e-08,0.135345458984375,0.48333844542503357,26.407567977905273,143,27.79787039756775,0.7010585069656372,27.774937868118286,131.76866149902344,0.0,6644.532487972,-0.004352207761257887,2.8168891694988754e-15,0.6991673111915588,2.911442279815674,0.00011873245239257812,0.19861099123954773,0.6327954530715942,0.4877321422100067,0.005771144293248653,0,-0.00018508690118324012,0.4191044867038727,-3.417543848627247e-05,0.4943733215332031,3.1493470668792725,0.8928549885749817,143,0.0011478869710117579,1,0,372.63411359342246,0.07575605064630508,0,0,5.56538200378418,1,2.4726598262786865
0.4802381098270416,0.12945754826068878,1.3367412090301514,0,0.7953081130981445,6.609727382659912,13.89453125,1.3367412090301514,0,0,1,0.0,0.48539825131909436,1489.9135607953192,0.00176168920006603,1.0,0.46321845054626465,0,0.36462700366973877,0.08535114675760269,1762982079.0953581,1,0,0,1e-06,0,6.80921745300293,0.0044863224029541016,0,0.0,0.12446297705173492,0.0,3.68666410446167,0.3470550775527954,8.198773571166384e-08,0.08552932739257812,0.42754143476486206,9.973299026489258,144,26.89692711830139,0.7169840335845947,26.876835823059082,23.24238395690918,0.0,6673.181045884,-0.0035470915026962757,2.314009308604023e-15,0.6445516347885132,2.4065074920654297,0.0037698745727539062,0.12988169491291046,0.8573489785194397,0.5449062585830688,0.003981559071689844,0,-0.00010688824841054156,0.36064544320106506,-5.639266873913584e-06,0.4813758432865143,2.5574593544006348,0.917424201965332,144,0.0009987882804125547,1,0,372.4783901988298,0.06298045814037323,0,0,4.858369827270508,1,1.9616938829421997
0.49453508853912354,0.11959510296583176,1.4256465435028076,0,0.42914560437202454,8.064685821533203,13.89453125,1.4256465435028076,0,0,1,0.0,0.4846240318121155,1487.5371201317087,0.0010223120916634798,1.0,0.4701981246471405,0,0.4318004548549652,0.11365137994289398,1762982107.7282195,1,0,0,1e-06,0,7.774655818939209,0.004853487014770508,0,0.0,0.13605616986751556,0.0,5.531188011169434,0.3468664586544037,1.1217772311056251e-07,0.10216903686523438,0.44862061738967896,27.004241943359375,145,27.195775508880615,0.7068109512329102,27.178305625915527,59.02524185180664,0.0,6701.944229249,-0.0022773342207074165,1.1072459579254419e-14,0.6732379198074341,3.22548508644104,9.298324584960938e-05,0.17704826593399048,0.8116738796234131,0.49262288212776184,0.005845674313604832,0,-5.479055835166946e-05,0.42595478892326355,0.0,0.49537524580955505,3.4872920513153076,0.8901004791259766,145,0.0007674006628803909,1,0,371.88428003292717,0.07624063640832901,0,0,5.573858261108398,1,2.6836979389190674
0.4806264340877533,0.1234465017914772,1.4981627464294434,0,0.8949138522148132,6.779832363128662,13.89453125,1.4981627464294434,0,0,1,0.0,0.48345957491041236,1483.9628589470126,0.001718724612146616,1.0,0.4679499566555023,0,0.3648293912410736,0.07031500339508057,1762982136.4992971,1,0,0,1e-06,0,6.956035137176514,0.006128787994384766,0,0.0,0.11296579986810684,0.0,4.001347064971924,0.35032588243484497,3.797609338107577e-07,0.052021026611328125,0.4226710796356201,11.570084571838379,146,27.270289182662964,0.7156713008880615,27.247416734695435,25.389497756958008,0.0,6725.921609464,-0.002720051910728216,6.367942451964521e-15,0.6783866286277771,2.3417716026306152,0.005206584930419922,0.16094394028186798,0.6989390254020691,0.5610616207122803,0.002863278379663825,0,-0.0002564484893810004,0.3619661033153534,-8.640593296149746e-05,0.4814397394657135,2.5397377014160156,0.9288183450698853,146,0.0009548550006002188,1,0,370.99071473675315,0.05343932658433914,0,0,5.336002349853516,1,1.9317089319229126
0.4899475872516632,0.13735419511795044,1.4922642707824707,0,0.675470232963562,6.990835666656494,13.89453125,1.4922642707824707,0,0,1,0.0,0.48715802367497246,1495.315122687663,0.0010121511295437813,1.0,0.4694482982158661,0,0.40602967143058777,0.10652271658182144,1762982160.4788764,1,0,0,1e-06,0,6.39237117767334,0.003887653350830078,0,0.0,0.13822825253009796,0.0,4.35848331451416,0.35423219203948975,1.2841029217725008e-07,0.09981536865234375,0.5011996626853943,32.784156799316406,147,22.484131813049316,0.70355224609375,22.461650133132935,47.76823806762695,0.0,6750.535146676,-0.0015114687848836184,3.2842942317715335e-15,0.758054256439209,2.589156150817871,8.678436279296875e-05,0.1424456387758255,0.9797144532203674,0.5177823305130005,0.006078288424760103,0,-0.00010085193207487464,0.39995136857032776,-0.00010478357580723241,0.49114990234375,2.9494690895080566,0.9096044301986694,147,0.0006923501496203244,1,0,373.82878067191575,0.0777355283498764,0,0,6.2317657470703125,1,2.707132577896118
0.49622657895088196,0.14786705374717712,1.4505057334899902,0,0.3236326575279236,7.728562355041504,13.89453125,1.4505057334899902,0,0,1,5.960464477539063e-08,0.48809239021386536,1498.183129264256,0.0024743545800447464,1.0,0.4686426818370819,0,0.4432126581668854,0.10510259121656418,1762982185.0720603,1,0,0,1e-06,0,7.356926918029785,0.0029592514038085938,0,0.0,0.14338599145412445,0.0,4.5198073387146,0.3599942624568939,4.392113339690695e-08,0.14983367919921875,0.5455241799354553,33.663917541503906,148,23.135458946228027,0.6957681179046631,23.118165731430054,63.083839416503906,0.022471750155091286,6775.363416496,-0.00125299789942801,8.880487707196361e-16,0.7650365829467773,3.2405636310577393,0.002062559127807617,0.1371324062347412,0.9939524531364441,0.47834888100624084,0.0049773757345974445,0,-0.00018768016889225692,0.4382352828979492,-0.00022691661433782429,0.49682095646858215,3.556201219558716,0.8909832239151001,148,0.0007783567416481674,1,0,374.545782316064,0.07038267701864243,0,0,5.379018783569336,1,2.7632410526275635
0.4884498715400696,0.10209628194570541,1.2915220260620117,0,0.7496457099914551,8.131745338439941,13.89453125,1.2915220260620117,0,0,1,9.934107083608978e-07,0.48754649739818007,1496.5075296785137,0.0012543410994112492,1.0,0.4685421884059906,0,0.39648953080177307,0.07778557389974594,1762982209.9062898,1,0,0,1e-06,0,8.103636741638184,0.0028531551361083984,0,0.0,0.10364323854446411,0.0,3.258415460586548,0.33874374628067017,9.932595901318564e-08,0.08011245727539062,0.4902139902114868,13.582849502563477,149,23.53395652770996,0.7338767647743225,23.519383192062378,24.373868942260742,0.052721116691827774,6804.822951711,-0.004661820828914642,1.7067167947969867e-17,0.7945379018783569,3.0863068103790283,0.0001976490020751953,0.13853292167186737,0.6879981756210327,0.5327337980270386,0.0036066363099962473,0,-0.00012113100819988176,0.39288291335105896,6.256906544876983e-06,0.4892270565032959,3.2008657455444336,0.9438177347183228,149,0.0011622359743341804,1,0,374.12688241962843,0.05995408818125725,0,0,6.277134895324707,1,1.884507179260254
0.4912740886211395,0.11347944289445877,1.5254976749420166,0,0.5207651257514954,7.2979607582092285,13.89453125,1.5254976749420166,0,0,1,0.0,0.48603040152439453,1491.8539245291743,0.002029377268627286,1.0,0.4661140441894531,0,0.4125901460647583,0.11080541461706161,1762982239.3860488,1,0,0,1e-06,0,7.047250270843506,0.0035381317138671875,0,0.0,0.13060152530670166,0.0,3.4666213989257812,0.3438141644001007,1.085475531681368e-07,0.14742279052734375,0.5038500428199768,10.229960441589355,150,27.941754579544067,0.7205735445022583,27.923820734024048,28.194698333740234,0.0,6832.73377395,-0.0015300463419407606,6.133970670230084e-16,0.7403298616409302,3.0003156661987305,0.00010752677917480469,0.21062114834785461,0.5696095824241638,0.5002222061157227,0.005846813786774874,0,-0.00011217748397029936,0.4067433178424835,-8.916600927477702e-05,0.49234822392463684,3.100801944732666,0.9151246547698975,150,0.000792862381786108,1,0,372.96348113229357,0.07624802738428116,0,0,5.760011672973633,1,1.842218279838562
0.49614569544792175,0.13222026824951172,1.4564855098724365,0,0.37645822763442993,7.725356101989746,13.89453125,1.4564855098724365,0,0,1,0.0,0.4808833788112832,1476.0553119112956,0.0011906936997547746,1.0,0.46922552585601807,0,0.4437407851219177,0.09383702278137207,1762982267.2952695,1,0,0,1e-06,0,7.595373153686523,0.007945775985717773,0,0.0,0.1242886409163475,0.0,5.128564357757568,0.3463769853115082,3.953816118951181e-08,0.15731239318847656,0.5551924705505371,40.125396728515625,151,26.44497323036194,0.7165266275405884,26.424288272857666,62.36302185058594,0.0,6856.796945661,-0.0026130331680178642,2.115692214113953e-15,0.7864294648170471,3.266118049621582,7.891654968261719e-05,0.12460730224847794,0.8528634905815125,0.4834960103034973,0.006122018210589886,0,-0.0001811571855796501,0.43761876225471497,-1.674457780609373e-05,0.4968772828578949,3.5631089210510254,0.9162636399269104,151,0.0007334915571846068,1,0,369.0138279778239,0.07801169157028198,0,0,5.439769744873047,1,3.1360867023468018
0.48755988478660583,0.11715032160282135,1.4600443840026855,0,0.8389343619346619,7.814136028289795,13.89453125,1.4600443840026855,0,0,1,1.9073486612342094e-07,0.4825257613683761,1481.0965497756195,0.0008495115325786173,1.0,0.4709298014640808,0,0.3942098915576935,0.06480934470891953,1762982291.3425887,1,0,0,1e-06,0,7.740861892700195,0.0040242671966552734,0,0.0,0.10440671443939209,0.0,3.4888222217559814,0.3356388807296753,3.668640431442327e-07,0.057788848876953125,0.45756062865257263,9.936429023742676,152,22.57805037498474,0.7464184761047363,22.562642097473145,30.102636337280273,0.027240604162216187,6885.110350836,-0.001484010717831552,4.626312639912717e-17,0.7748727798461914,2.9501235485076904,8.106231689453125e-05,0.1427163928747177,0.7736576795578003,0.5463871359825134,0.005307599436491728,0,-3.908168582711369e-05,0.38890230655670166,-5.3055064199725166e-05,0.4887392818927765,3.25128173828125,0.9554328918457031,152,0.000623981119133532,1,0,370.27413744390486,0.07266844809055328,0,0,5.598003387451172,1,2.071686029434204
0.4940524101257324,0.13494282960891724,1.4113116264343262,0,0.3690185546875,10.354640007019043,13.89453125,1.4113116264343262,0,0,1,0.0,0.4821383121875236,1479.9072875829718,0.000754586944822222,1.0,0.46887901425361633,0,0.42799919843673706,0.12472805380821228,1762982319.6642878,1,0,0,1e-06,0,7.795119762420654,0.005449533462524414,0,0.0,0.14848965406417847,0.0,38.554176330566406,0.34945881366729736,1.3870169368601637e-07,0.11250495910644531,0.515215277671814,338.4403076171875,153,26.902514934539795,0.7050000429153442,26.884773015975952,620.473876953125,0.0,6910.167034516,-0.0017223075265064836,3.356130672511697e-15,0.7821338176727295,3.1939566135406494,7.414817810058594e-05,0.1597876101732254,0.7241751551628113,0.48704609274864197,0.005207290407270193,0,-0.00014786911197006702,0.4227919280529022,-0.00013319140998646617,0.49483826756477356,4.658172130584717,0.8921185731887817,153,0.0005695316358469427,1,0,369.97682189574294,0.07198063284158707,0,0,5.6157989501953125,1,20.763038635253906
0.4909246265888214,0.14801126718521118,1.4788446426391602,0,0.674129843711853,8.071317672729492,13.89453125,1.4788446426391602,0,0,1,3.8743019104003906e-07,0.4811244220969795,1476.7951861467745,0.0034663050901144743,1.0,0.4737938642501831,0,0.4097205400466919,0.08353713899850845,1762982344.700506,1,0,0,1e-06,0,7.797544002532959,0.003031015396118164,0,0.0,0.13051587343215942,0.0,6.8422627449035645,0.34649673104286194,4.1331941247335635e-07,0.07344818115234375,0.5003324747085571,18.639251708984375,154,23.54790186882019,0.7258586287498474,23.531951904296875,102.29917907714844,0.0224684476852417,6933.403437585,-0.0028793448582291603,3.657194176404782e-14,0.805811882019043,3.010453701019287,0.00016355514526367188,0.2708509862422943,1.070354700088501,0.5187652707099915,0.0048602670431137085,0,-0.00010581014066701755,0.404860258102417,-0.00017163529992103577,0.4918418526649475,3.391653060913086,0.9381667375564575,154,0.0013110492145642638,1,0,369.19879653669364,0.06955444812774658,0,0,5.8737945556640625,1,2.2914247512817383
0.49200841784477234,0.118012435734272,1.3622326850891113,0,0.7300568222999573,9.222126007080078,13.89453125,1.3622326850891113,0,0,1,2.2172928311192663e-06,0.48377805967752563,1484.9404371977362,0.0009768962627276778,1.0,0.4747017025947571,0,0.4161475598812103,0.07604207843542099,1762982367.9614155,1,0,0,1e-06,0,9.001843452453613,0.003884553909301758,0,0.0,0.11193548142910004,0.0,5.569509983062744,0.3471930921077728,1.1409367317583019e-07,0.04062461853027344,0.38552698493003845,43.01047897338867,155,21.890272855758667,0.718982994556427,21.874454021453857,73.5772933959961,0.026348769664764404,6961.427301272,-0.001769408816471696,1.9949821576056734e-16,0.6817119717597961,3.5847764015197754,7.367134094238281e-05,0.23282603919506073,0.6082077026367188,0.5254307985305786,0.005510301794856787,0,-0.0001488790294388309,0.4106372594833374,-0.00011368060950189829,0.49297767877578735,3.901763916015625,0.9306964874267578,155,0.0007259597186930478,1,0,371.23510929943404,0.07403548061847687,0,0,5.747065544128418,1,3.3201851844787598
0.49675843119621277,0.11507966369390488,1.373833417892456,0,0.34490451216697693,8.68352222442627,13.89453125,1.373833417892456,0,0,1,0.0,0.48395792467241244,1485.4925267330118,0.0013980986550450325,1.0,0.4744551181793213,0,0.44917821884155273,0.09990940243005753,1762982395.991532,1,0,0,1e-06,0,8.523465156555176,0.0031762123107910156,0,0.0,0.11788976192474365,0.0,5.848447322845459,0.35490694642066956,2.3677307581237983e-07,0.06746482849121094,0.4657558500766754,30.186800003051758,156,26.653682947158813,0.6985946893692017,26.630684852600098,78.46355438232422,0.0,6990.03039414,-0.003257774282246828,1.1125413802715712e-16,0.739486575126648,3.829951524734497,0.007537364959716797,0.13317370414733887,0.8294973969459534,0.48486635088920593,0.006487889681011438,0,-9.36749711399898e-05,0.44269031286239624,0.0,0.49746420979499817,3.980386734008789,0.8906981945037842,156,0.0008517024689354002,1,0,371.37313168325295,0.0802944004535675,0,0,5.556236267089844,1,2.9365806579589844
0.4844192862510681,0.12295280396938324,1.4761745929718018,0,0.9307661056518555,7.266732692718506,13.89453125,1.4761745929718018,0,0,1,0.0,0.4831439106442104,1482.9939381287058,0.001387101598083973,1.0,0.4726097583770752,0,0.3822294771671295,0.07437591999769211,1762982424.587837,1,0,0,1e-06,0,7.359285831451416,0.0034322738647460938,0,0.0,0.10404280573129654,0.0,4.153746604919434,0.3494291603565216,1.4633356215654203e-07,0.042064666748046875,0.4006345868110657,26.312795639038086,157,27.112107038497925,0.73417729139328,27.092057704925537,43.85329818725586,0.0,7018.347433165,-0.02266758680343628,2.8096680865685904e-14,0.7069587111473083,2.6326048374176025,0.004205465316772461,0.1970519870519638,0.9004451632499695,0.5607380270957947,0.006296641658991575,0,-0.0009636428439989686,0.37593281269073486,1.825411345635075e-05,0.4859888553619385,3.068448781967163,0.9660519957542419,157,0.0044996473006904125,1,0,370.74848453217646,0.07911039143800735,0,0,5.691581726074219,1,2.5942344665527344
0.4901174008846283,0.1319858878850937,1.5035173892974854,0,0.750737726688385,7.191343307495117,13.89453125,1.5035173892974854,0,0,1,0.0,0.484431598616002,1486.9464529266713,0.0011989108752459288,1.0,0.4735218584537506,0,0.40485286712646484,0.07550492882728577,1762982452.898143,1,0,0,1e-06,0,7.59518575668335,0.013559579849243164,0,0.0,0.11275029927492142,0.0,3.8512420654296875,0.33804455399513245,5.370368327817232e-08,0.058345794677734375,0.41815781593322754,13.075787544250488,158,26.804418087005615,0.7241622805595398,26.77890944480896,20.88789939880371,0.0,7047.641873523,-0.006830981001257896,1.5512317450526447e-14,0.6681547164916992,2.931993007659912,9.274482727050781e-05,0.15545855462551117,0.915080726146698,0.526095986366272,0.004044034983962774,0,-0.00022898844326846302,0.40080881118774414,0.0,0.49091866612434387,2.9732954502105713,0.9159418344497681,158,0.0014475072966888547,1,0,371.73661323166783,0.06347113847732544,0,0,5.055509567260742,1,2.1411778926849365
0.4859161078929901,0.12420634925365448,1.4867219924926758,0,0.7959480881690979,7.721813201904297,13.89453125,1.4867219924926758,0,0,1,0.0,0.48350727634045854,1484.109276877654,0.0009036963456310332,1.0,0.471687912940979,0,0.388205885887146,0.09604047238826752,1762982482.2005217,1,0,0,1e-06,0,7.273923873901367,0.013372182846069336,0,0.0,0.12505678832530975,0.0,8.367392539978027,0.3490343391895294,2.7926796519750496e-07,0.05028533935546875,0.4191041588783264,83.99813079833984,159,27.813243627548218,0.7108154892921448,27.788161993026733,129.81521606445312,0.0,7075.868585611,-0.0032703583128750324,4.104322709876183e-15,0.6631352305412292,2.640449285507202,8.440017700195312e-05,0.29562026262283325,0.6216737031936646,0.537335991859436,0.006251302547752857,0,-0.00011775963503168896,0.3819545805454254,-2.6978714231518097e-05,0.4873926639556885,3.076512098312378,0.90548175573349,159,0.0007879508775658906,1,0,371.0273192194135,0.07882587611675262,0,0,6.012975692749023,1,5.29335355758667
0.4815889894962311,0.13951554894447327,1.359696388244629,0,0.833255410194397,7.644143104553223,13.89453125,1.359696388244629,0,0,1,0.0,0.48323717240359465,1483.280201953581,0.0014392082812264562,1.0,0.46658533811569214,0,0.3690524399280548,0.08418399095535278,1762982510.434644,1,0,0,1e-06,0,7.609379768371582,0.005554914474487305,0,0.0,0.12339628487825394,0.0,3.4869332313537598,0.34005725383758545,2.592357795094813e-08,0.06220245361328125,0.3967210650444031,9.814688682556152,160,26.86685562133789,0.7278096079826355,26.84855079650879,17.08037567138672,0.0,7104.680924287,-0.002238508081063628,2.9079479641857912e-15,0.6613014340400696,2.7302956581115723,0.00010752677917480469,0.15358923375606537,0.8333207368850708,0.5465260148048401,0.0036600243765860796,0,-7.683833973715082e-05,0.36539241671562195,-0.00015136833826545626,0.4825972318649292,2.951211929321289,0.9235670566558838,160,0.0007709444034844637,1,0,370.8200504883952,0.06039346009492874,0,0,5.289501190185547,1,1.969954252243042
0.49433472752571106,0.12383261322975159,1.4888160228729248,0,0.5088444352149963,7.37038516998291,13.89453125,1.4888160228729248,0,0,1,0.0,0.4838600827483193,1485.1922042470437,0.0006029675132595003,1.0,0.4739610254764557,0,0.43068552017211914,0.08459484577178955,1762982539.2437854,1,0,0,1e-06,0,7.452834129333496,0.0030333995819091797,0,0.0,0.11004550009965897,0.0,3.330355644226074,0.36173152923583984,1.032468119888108e-07,0.07317352294921875,0.4686727225780487,9.205941200256348,161,27.31026530265808,0.684670627117157,27.295194625854492,22.59650993347168,0.0,7134.00402308,-0.001956639112904668,3.572092098567785e-15,0.7568753361701965,2.9968273639678955,0.0002593994140625,0.11830949038267136,0.7846546173095703,0.5011991858482361,0.006093579810112715,0,-0.00012261117808520794,0.42459192872047424,0.0,0.49522605538368225,3.160421371459961,0.8748857378959656,161,0.0005565223400481045,1,0,371.29805106176093,0.07783165574073792,0,0,5.4539794921875,1,2.0169994831085205
0.48446494340896606,0.10829025506973267,1.5809240341186523,0,0.8790797591209412,7.044994831085205,13.89453125,1.5809240341186523,0,0,1,0.0,0.48213144204141745,1479.8861999012167,0.0011942816199734807,1.0,0.4704475998878479,0,0.3793182373046875,0.0755380392074585,1762982568.5670562,1,0,0,1e-06,0,7.605469703674316,0.0032100677490234375,0,0.0,0.10325166583061218,0.0,4.202192783355713,0.3431864380836487,5.282431558839562e-08,0.03980827331542969,0.4167424738407135,13.989052772521973,162,27.734456300735474,0.7340798377990723,27.71580195426941,37.27299118041992,0.0,7162.265141395,-0.004776682239025831,9.483683268221316e-15,0.7570173144340515,2.47056245803833,0.002272367477416992,0.18071992695331573,0.5820630788803101,0.5501363277435303,0.003202928462997079,0,-0.0003607615944929421,0.3761152923107147,-7.697204273426905e-05,0.4852728843688965,2.733090877532959,0.9505314826965332,162,0.0013146254932507873,1,0,369.9715499753042,0.05651017650961876,0,0,6.083532333374023,1,2.079110860824585
0.49061471223831177,0.13683605194091797,1.4282371997833252,0,0.7050367593765259,7.8636860847473145,13.89453125,1.4282371997833252,0,0,1,0.0,0.4838847623328744,1485.2679573994367,0.001385397044941783,1.0,0.47186294198036194,0,0.408091276884079,0.09673178195953369,1762982596.8192353,1,0,0,1e-06,0,7.928736209869385,0.013553380966186523,0,0.0,0.1270589679479599,0.0,3.4897725582122803,0.3505145013332367,6.980062039474433e-08,0.05130767822265625,0.42199376225471497,8.139104843139648,163,26.821128606796265,0.7101680040359497,26.79614019393921,25.898536682128906,0.0,7190.251791244,-0.0014866506680846214,3.1884209415170936e-17,0.7258801460266113,3.0595719814300537,0.00010371208190917969,0.16699111461639404,0.8475229144096375,0.523263692855835,0.004771784413605928,0,-0.00012435864482540637,0.40331950783729553,-4.475206515053287e-05,0.49153122305870056,3.2123281955718994,0.909974992275238,163,0.0007407772936858237,1,0,371.31698934985917,0.06892023980617523,0,0,5.895298004150391,1,1.9243850708007812
0.4886113107204437,0.22207733988761902,1.4568877220153809,0,0.6629647612571716,6.977578163146973,13.89453125,1.4568877220153809,0,0,1,0.0,0.48450797021435565,1487.1808729719385,0.001694156089797616,1.0,0.4696946442127228,0,0.3978494703769684,0.11631961911916733,1762982624.8071535,1,0,0,1e-06,0,7.2526421546936035,0.004875659942626953,0,0.0,0.15642613172531128,0.0,2.749157667160034,0.34977641701698303,1.2805820404082624e-07,0.07639503479003906,0.444931298494339,7.748430252075195,164,26.528358697891235,0.7035164833068848,26.50648832321167,15.900490760803223,0.0,7218.813467024,-0.00516242440789938,1.0934114535012321e-14,0.733396053314209,2.690106153488159,0.005307435989379883,0.18759548664093018,2.999898910522461,0.518860936164856,0.004181601107120514,0,-0.0001072137602022849,0.3936678469181061,0.0,0.48950278759002686,2.8412342071533203,0.891507625579834,164,0.0012622253270819783,1,0,371.7952182429846,0.06453637778759003,0,0,6.143665313720703,1,1.682378888130188
0.4906948208808899,0.1166660264134407,1.197984218597412,0,0.5043236017227173,6.700638771057129,13.89453125,1.197984218597412,0,0,1,0.0,0.4809954688604392,1476.39936853658,0.0016783277969807386,1.0,0.4669526219367981,0,0.40713828802108765,0.10038064420223236,1762982653.3666763,1,0,0,1e-06,0,6.649737358093262,0.01092076301574707,0,0.0,0.13030067086219788,0.0,2.9481425285339355,0.34638169407844543,1.1428358703824415e-07,0.10216903686523438,0.4913257360458374,9.556194305419922,165,27.35864543914795,0.7031459212303162,27.336111783981323,14.525169372558594,0.0,7247.66363374,-0.0013199426466599107,1.9420311899272713e-15,0.7815452218055725,2.614553928375244,8.845329284667969e-05,0.14315129816532135,0.5547377467155457,0.5000265836715698,0.003419534070417285,0,-7.830179674783722e-05,0.4037187397480011,-8.031776815187186e-06,0.4913535416126251,2.796483039855957,0.8785848617553711,165,0.0006234839092940092,1,0,369.099842134145,0.05838295444846153,0,0,5.990407943725586,1,1.7459243535995483
0.49019211530685425,0.14751607179641724,1.400789499282837,0,0.6113486289978027,9.575721740722656,13.89453125,1.400789499282837,0,0,1,0.0,0.47980948973521964,1472.759045612707,0.002240655943751335,1.0,0.46931567788124084,0,0.4078470766544342,0.10986986011266708,1762982682.218604,1,0,0,1e-06,0,7.734500408172607,0.005446434020996094,0,0.0,0.14767323434352875,0.0,33.645633697509766,0.3506063222885132,4.601701419915116e-08,0.06348991394042969,0.4356139600276947,370.6795349121094,166,27.443565845489502,0.7062676548957825,27.42628574371338,556.0048828125,0.0,7275.205461164,-0.00215170974843204,3.670018067290777e-17,0.7459957599639893,2.8667242527008057,0.0001010894775390625,0.2190224826335907,1.3407554626464844,0.5149520039558411,0.006639838684350252,0,-0.00011411399464122951,0.40120723843574524,-0.00018837048264686018,0.4914839267730713,4.513680458068848,0.8952945470809937,166,0.0010534574976190925,1,0,368.18976140317676,0.08122240006923676,0,0,5.4487152099609375,1,22.524248123168945
0.48923376202583313,0.12469112873077393,1.4386987686157227,0,0.6970236897468567,9.449238777160645,13.89453125,1.4386987686157227,0,0,1,0.0,0.47973656978065854,1472.5352202716433,0.0011297891614958644,1.0,0.4703674614429474,0,0.4020809233188629,0.09286230057477951,1762982709.7507744,1,0,0,1e-06,0,7.476780891418457,0.013775825500488281,0,0.0,0.123933345079422,0.0,34.015037536621094,0.3394043445587158,1.4608383480663178e-07,0.0483245849609375,0.4435083866119385,71.19068908691406,167,26.090667963027954,0.7221260666847229,26.065056085586548,569.425048828125,0.0,7299.278323098,-0.002735474379733205,3.862352501899941e-15,0.8050366044044495,2.8334810733795166,9.1552734375e-05,0.15599359571933746,0.6604554057121277,0.5229359865188599,0.005549132823944092,0,-0.00017153775843326002,0.3965317904949188,-8.261369657702744e-05,0.49037477374076843,3.2534899711608887,0.9199400544166565,167,0.0007658095564693213,1,0,368.1338050679108,0.07429412007331848,0,0,5.716621398925781,1,4.600951194763184
0.4917868673801422,0.12555313110351562,1.454662799835205,0,0.5341565608978271,7.70648193359375,13.89453125,1.454662799835205,0,0,1,9.695689186628442e-06,0.48296071702558135,1482.4316314951222,0.0013664074940606952,1.0,0.46975016593933105,0,0.4150436520576477,0.10607114434242249,1762982733.8352847,1,0,0,1e-06,0,7.681555271148682,0.004772186279296875,0,0.0,0.1336950659751892,0.0,3.8957531452178955,0.3491116464138031,5.134087643909879e-08,0.074432373046875,0.4672400951385498,9.781967163085938,168,22.622440576553345,0.7140226364135742,22.605079650878906,35.57389450073242,0.009150947444140911,7327.246558294,-0.001918741618283093,5.9568972679362696e-15,0.8193879127502441,3.0301461219787598,9.608268737792969e-05,0.13135744631290436,0.8922800421714783,0.508150577545166,0.005596597213298082,0,-7.444514631060883e-05,0.40944704413414,4.272307705832645e-05,0.492784708738327,3.222029209136963,0.9122750759124756,168,0.000920252176001668,1,0,370.60790787378056,0.07460912317037582,0,0,6.073352813720703,1,1.8716367483139038
0.4885866641998291,0.13539712131023407,1.4754657745361328,0,0.6544491052627563,8.25142765045166,13.89453125,1.4754657745361328,0,0,1,0.0,0.4849185407320665,1488.441105328231,0.0027555229607969522,1.0,0.46982669830322266,0,0.4009259045124054,0.11238522082567215,1762982761.8065388,1,0,0,1e-06,0,7.670348167419434,0.003203153610229492,0,0.0,0.13822141289710999,0.0,9.06622314453125,0.3516542315483093,2.8268388518881693e-07,0.06371498107910156,0.46714097261428833,44.94283676147461,169,26.48646116256714,0.716904878616333,26.47093653678894,100.4882583618164,0.0,7356.661978431,-0.0037756164092570543,3.712080894947324e-14,0.8346232175827026,3.061016082763672,0.00023245811462402344,0.18386177718639374,0.7886962890625,0.5198664665222168,0.007407407276332378,0,-0.00017004810797516257,0.39351850748062134,-2.6882025849772617e-06,0.4901427626609802,3.425588846206665,0.9296355247497559,169,0.0012465844629332423,1,0,372.11027633205777,0.08575686812400818,0,0,5.671735763549805,1,3.807468891143799
0.48699426651000977,0.1478256732225418,1.3209526538848877,0,0.6499893665313721,9.557271957397461,13.89453125,1.3209526538848877,0,0,1,0.0,0.4837853381680826,1484.9627782790103,0.001801400212571025,1.0,0.46730661392211914,0,0.39422473311424255,0.11528180539608002,1762982791.2041469,1,0,0,1e-06,0,7.320387363433838,0.0056993961334228516,0,0.0,0.15016987919807434,0.0,43.91744613647461,0.3487638533115387,9.651910204411251e-07,0.06791114807128906,0.4718030095100403,335.1662292480469,170,28.073920011520386,0.7040442824363708,28.050557613372803,726.0324096679688,0.0,7386.688130992,-0.0026052561588585377,6.239601369755309e-17,0.7929585576057434,2.815708875656128,0.005184173583984375,0.09949441999197006,0.9943373799324036,0.5194072127342224,0.007742205634713173,0,-0.00014273656415753067,0.3864825367927551,-2.3477836293750443e-05,0.4887346625328064,4.1154046058654785,0.883747398853302,170,0.0008759377524256706,1,0,371.2406945697526,0.08765769004821777,0,0,5.684375762939453,1,20.319902420043945
0.4878924787044525,0.10646411776542664,2.3195276260375977,0,0.7627888321876526,7.502281665802002,13.89453125,2.3195276260375977,0,0,1,0.0,0.47867144596685757,1469.2658586499326,0.0011560532730072737,1.0,0.4707900583744049,0,0.39413967728614807,0.0850066989660263,1762982821.2375066,1,0,0,1e-06,0,7.6643829345703125,0.004891157150268555,0,0.0,0.1116785928606987,0.0,4.704498767852783,0.3381982147693634,8.239250348651694e-08,0.0393218994140625,0.4440493583679199,18.76615333557129,171,27.701874017715454,0.7410946488380432,27.682673931121826,46.836116790771484,0.0,7415.720365056,-0.0019437443697825074,2.7701271208414807e-17,0.8173511624336243,2.4562950134277344,0.00010752677917480469,0.19589367508888245,0.5445117354393005,0.531676173210144,0.0037453181575983763,0,-0.0001582150289323181,0.3903943598270416,-9.839159611146897e-05,0.4887189269065857,3.108067274093628,0.9543638825416565,171,0.0005914060748182237,1,0,367.31646466248316,0.061091020703315735,0,0,6.082134246826172,1,2.6364009380340576
0.49604079127311707,0.11893121898174286,2.048517942428589,0,0.27345526218414307,8.033394813537598,13.89453125,2.048517942428589,0,0,1,0.0,0.47680687302229224,1463.542614885353,0.0012458456913009286,1.0,0.4708022475242615,0,0.44202592968940735,0.11834019422531128,1762982850.2679043,1,0,0,1e-06,0,8.062126159667969,0.005374908447265625,0,0.0,0.13619288802146912,0.0,5.553018569946289,0.34582164883613586,1.8715971350502514e-07,0.068389892578125,0.47268322110176086,47.88095474243164,172,26.978891611099243,0.714077889919281,26.95574641227722,82.87003326416016,0.0,7445.646192274,-0.001006407430395484,1.2072343857005494e-14,0.824836254119873,3.440647602081299,0.005557537078857422,0.15018141269683838,0.632498562335968,0.47687673568725586,0.005232314579188824,0,-8.780614734860137e-05,0.43679362535476685,-0.00011991618521278724,0.4966796040534973,3.5924088954925537,0.9130507707595825,172,0.0005441284738481045,1,0,365.88565372133826,0.07215280085802078,0,0,5.863508224487305,1,3.261202096939087
0.4898560643196106,0.13012292981147766,2.3441977500915527,0,0.5735817551612854,7.689698696136475,13.89453125,2.3441977500915527,0,0,1,0.0,0.4731852753965405,1452.4262431232212,0.001554151182062924,1.0,0.4692403972148895,0,0.40485912561416626,0.08951318264007568,1762982880.195673,1,0,0,1e-06,0,7.847072124481201,0.0039882659912109375,0,0.0,0.12480681389570236,0.0,4.357135772705078,0.3425041735172272,2.0067304262738617e-07,0.0839080810546875,0.4781833589076996,11.060948371887207,173,27.57535719871521,0.7298246026039124,27.556971311569214,38.69231414794922,0.0,7471.427481035,-0.0038702823221683502,8.753687404387984e-16,0.8070783019065857,3.000857353210449,0.00011849403381347656,0.3028455972671509,0.777597963809967,0.5117236375808716,0.005308289080858231,0,-0.00027097685961052775,0.3995508551597595,-4.32340893894434e-05,0.49091485142707825,3.260061025619507,0.9332916140556335,173,0.001109546865336597,1,0,363.1065607808053,0.0726717934012413,0,0,6.0201416015625,1,2.1535820960998535
0.4813767075538635,0.12376441806554794,1.8848347663879395,0,0.9122279286384583,7.339835166931152,13.89453125,1.8848347663879395,0,0,1,2.1855036891338386e-07,0.47300688154908416,1451.8786692253645,0.001320275361649692,1.0,0.46873918175697327,0,0.36903002858161926,0.08808697760105133,1762982905.988367,1,0,0,1e-06,0,7.324761867523193,0.003296375274658203,0,0.0,0.11975187063217163,0.0,4.965723991394043,0.3357289135456085,1.2066055887771654e-07,0.03778839111328125,0.4129321873188019,37.66910171508789,174,23.904756784439087,0.7431256175041199,23.87946319580078,66.60420989990234,0.008095715194940567,7500.661384078,-0.003099046880379319,5.2364284071771804e-15,0.7414445281028748,2.713046073913574,0.0001354217529296875,0.18897247314453125,0.8034179210662842,0.5593071579933167,0.004431314766407013,0,-0.0002057746023638174,0.36459872126579285,-0.00011927825107704848,0.482601523399353,2.990105152130127,0.9620044231414795,174,0.0010092213051393628,1,0,362.96966730634114,0.06642864644527435,0,0,5.655124664306641,1,2.9298465251922607
0.4856950342655182,0.11266349256038666,1.3260605335235596,0,0.8019894957542419,7.1318817138671875,13.89453125,1.3260605335235596,0,0,1,0.0,0.47482967383341046,1457.4736686625286,0.0013336102711036801,1.0,0.4710688591003418,0,0.386769562959671,0.08637665212154388,1762982935.1963012,1,0,0,1e-06,0,7.351100921630859,0.0042417049407958984,0,0.0,0.11274035274982452,0.0,4.335658550262451,0.3474939465522766,9.561896376908408e-07,0.05524253845214844,0.4631195366382599,9.880199432373047,175,27.87266492843628,0.7262822985649109,27.856305837631226,22.202980041503906,0.0,7528.934435608,-0.0032712346874177456,2.4410816995708816e-14,0.8187621235847473,2.4870717525482178,7.963180541992188e-05,0.14434869587421417,0.6081396341323853,0.5371447801589966,0.00573318637907505,0,-0.0001309717627009377,0.3810363709926605,0.0,0.48706382513046265,2.7865657806396484,0.940956711769104,175,0.0010021681664511561,1,0,364.36841716563214,0.07550876587629318,0,0,5.655788421630859,1,2.008401393890381
0.4904361069202423,0.12848643958568573,1.4184622764587402,0,0.7154749035835266,8.368148803710938,13.89453125,1.4184622764587402,0,0,1,0.0,0.4748477706287079,1457.5292161653213,0.0009844345040619373,1.0,0.47317880392074585,0,0.4071396291255951,0.09616609662771225,1762982963.4679468,1,0,0,1e-06,0,8.081548690795898,0.006465911865234375,0,0.0,0.12739314138889313,0.0,7.358849048614502,0.3404988646507263,5.975090999754684e-08,0.05892372131347656,0.472075879573822,25.04715919494629,176,26.850368976593018,0.7295450568199158,26.824941635131836,112.33694458007812,0.0,7553.43178017,-0.0008198032737709582,3.00889660968573e-16,0.837822675704956,3.2121455669403076,7.748603820800781e-05,0.12522876262664795,0.8648262619972229,0.523815393447876,0.004744690377265215,0,-5.888281884836033e-05,0.4023949205875397,-9.777204832062125e-05,0.4913567900657654,3.475893259048462,0.937798023223877,176,0.0004840832552872598,1,0,364.3823040413303,0.06872586905956268,0,0,6.287500381469727,1,2.5232017040252686
0.4926355183124542,0.13164398074150085,1.468559741973877,0,0.7280751466751099,7.931891918182373,13.89453125,1.468559741973877,0,0,1,0.0,0.4740750256368102,1455.1573014760195,0.0009326473227702081,1.0,0.4773384928703308,0,0.41911765933036804,0.07022792100906372,1762982987.9666114,1,0,0,1e-06,0,8.130038261413574,0.003943681716918945,0,0.0,0.11209973692893982,0.0,5.233515739440918,0.34712526202201843,6.568001253981492e-08,0.054813385009765625,0.5085718631744385,27.067655563354492,177,23.020509719848633,0.7309751510620117,23.004774570465088,58.62899398803711,0.0,7582.454073139,-0.005182165652513504,8.969376138774616e-17,0.9060800075531006,3.2308943271636963,0.00017690658569335938,0.22479113936424255,0.7644167542457581,0.5217263102531433,0.00498949596658349,0,-0.00026105926372110844,0.4141281843185425,0.0,0.493479460477829,3.498530626296997,0.9553020000457764,177,0.001212272560223937,1,0,363.78932536900487,0.07046917825937271,0,0,6.066625595092773,1,2.8740968704223633
0.4936673939228058,0.13560374081134796,1.5906877517700195,0,0.5362386107444763,7.441277503967285,13.89453125,1.5906877517700195,0,0,1,0.0,0.4741075023228076,1455.256987568307,0.0009969365783035755,1.0,0.47350355982780457,0,0.4252873361110687,0.08255847543478012,1762983017.0163589,1,0,0,1e-06,0,7.60335111618042,0.0033414363861083984,0,0.0,0.12480834126472473,0.0,4.076592922210693,0.3566107153892517,4.7919446188871007e-08,0.07499885559082031,0.5391687154769897,12.34906005859375,178,27.446653842926025,0.7048292756080627,27.431268453598022,36.41556167602539,0.0,7610.978201256,-0.003143975278362632,9.022846946454615e-16,0.9060530662536621,2.914174795150757,0.00019621849060058594,0.2673937976360321,0.699661910533905,0.5051991939544678,0.004958305042237043,0,-0.00016206267173402011,0.4203290343284607,0.0,0.4944422245025635,3.1277239322662354,0.9083285927772522,178,0.0008050086325965822,1,0,363.81424689207677,0.07024836540222168,0,0,6.062202453613281,1,2.1568286418914795
0.486887127161026,0.10533134639263153,1.5930774211883545,0,0.8756365180015564,9.571505546569824,13.89453125,1.5930774211883545,0,0,1,0.0,0.4757393282206713,1460.2658221231845,0.0017082646954804659,1.0,0.4729631245136261,0,0.3917763829231262,0.06740400195121765,1762983045.5385318,1,0,0,1e-06,0,8.1609525680542,0.0029990673065185547,0,0.0,0.09910289943218231,0.0,33.13660430908203,0.3301827311515808,1.3181229405745398e-06,0.04616737365722656,0.44255882501602173,255.325927734375,179,26.926548957824707,0.7489096522331238,26.904054880142212,552.9451293945312,0.0,7639.292382071,-0.0012230430729687214,3.831651792726709e-15,0.8259013295173645,2.901296377182007,0.007620811462402344,0.1786510944366455,0.6040255427360535,0.5454595685005188,0.005775005556643009,0,-4.1076727939071134e-05,0.3860013782978058,0.0,0.4882035553455353,4.050949573516846,0.9535214900970459,179,0.0006028756033629179,1,0,365.06645553079613,0.07578246295452118,0,0,6.308156967163086,1,15.338253021240234
0.49277904629707336,0.1159893125295639,1.3840587139129639,0,0.700279176235199,7.882858753204346,13.89453125,1.3840587139129639,0,0,1,0.0,0.4827552080206847,1481.800828536049,0.0009302262915298343,1.0,0.4745014011859894,0,0.42023009061813354,0.06941356509923935,1762983073.8412125,1,0,0,1e-06,0,8.143805503845215,0.0060613155364990234,0,0.0,0.10351797938346863,0.0,4.189874172210693,0.34211209416389465,2.3386064640362747e-07,0.05327415466308594,0.4555493891239166,10.47831916809082,180,26.915621042251587,0.7243738770484924,26.888932943344116,18.579914093017578,0.0,7664.33012269,-0.0015119685558602214,1.4319913595292784e-15,0.8277972936630249,3.2269084453582764,7.2479248046875e-05,0.22224079072475433,0.64641934633255,0.5181907415390015,0.005209463648498058,0,-0.0001546012208564207,0.415020614862442,-0.00018042110605165362,0.49364930391311646,3.4867641925811768,0.9244930148124695,180,0.0005786178517155349,1,0,370.45020713401226,0.07199618220329285,0,0,6.371530532836914,1,2.519162654876709
0.4860222637653351,0.11868178099393845,1.4265179634094238,0,0.9280210137367249,8.84725570678711,13.89453125,1.4265179634094238,0,0,1,2.384185791015625e-07,0.4828442304606669,1482.0740799130042,0.0018400764092803001,1.0,0.473489373922348,0,0.38821327686309814,0.060689471662044525,1762983098.889643,1,0,0,1e-06,0,8.868083000183105,0.004262685775756836,0,0.0,0.09501931071281433,0.0,3.634596347808838,0.3438948094844818,5.031860155213508e-07,0.03737449645996094,0.4309106469154358,13.890179634094238,181,23.613903045654297,0.7420296669006348,23.596272468566895,26.021217346191406,0.004157728515565395,7692.879807055,-0.0015436335233971477,4.787302104148033e-16,0.7439296245574951,3.1819257736206055,9.298324584960938e-05,0.1520988941192627,0.6232459545135498,0.5552493929862976,0.005846585612744093,0,-4.2555417167022824e-05,0.38236668705940247,-5.3045332606416196e-05,0.48740053176879883,3.464918851852417,0.9603949189186096,181,0.000814257247839123,1,0,370.51851997825105,0.07624803483486176,0,0,5.873848915100098,1,2.287397623062134
0.49772998690605164,0.13590319454669952,1.4931700229644775,0,0.3550368547439575,9.140298843383789,13.89453125,1.4931700229644775,0,0,1,0.0,0.48253331585284875,1481.1197380109088,0.0011272571282461286,1.0,0.47643083333969116,0,0.458342045545578,0.08174309134483337,1762983127.4272656,1,0,0,1e-06,0,8.920716285705566,0.0040891170501708984,0,0.0,0.12081760913133621,0.0,3.813013792037964,0.34373071789741516,3.152058525301982e-08,0.04815101623535156,0.4340709149837494,11.128506660461426,182,27.035381078720093,0.7150349020957947,27.018800258636475,20.172800064086914,0.0,7717.263596307,-0.001565073151141405,4.0076998616378717e-16,0.7420316934585571,3.8378093242645264,7.224082946777344e-05,0.157484769821167,0.8137947916984558,0.48856037855148315,0.006473167799413204,0,-9.843599400483072e-05,0.45186886191368103,-0.00010927768016699702,0.49831363558769226,4.045870304107666,0.9032706022262573,182,0.000709358137100935,1,0,370.2799345027272,0.08020354807376862,0,0,6.566516876220703,1,2.4811131954193115
0.48622697591781616,0.09774453192949295,1.5329885482788086,0,0.9667267203330994,9.302815437316895,13.89453125,1.5329885482788086,0,0,1,1.1920928955078125e-07,0.4852931043757453,1489.5908157991305,0.001563087571412325,1.0,0.47573569416999817,0,0.38618287444114685,0.05160398781299591,1762983151.814117,1,0,0,1e-06,0,9.399530410766602,0.0030167102813720703,0,0.0,0.08497853577136993,0.0,5.304272651672363,0.33368486166000366,3.9553171404804743e-08,0.027772903442382812,0.3706806004047394,13.181005477905273,183,22.84428834915161,0.7633783221244812,22.82628083229065,48.75288391113281,0.027839038521051407,7745.548465058,-0.00309998681768775,8.905034597930699e-19,0.7091338634490967,3.755660057067871,0.00019931793212890625,0.11035271733999252,0.6854286789894104,0.5688310265541077,0.002982107223942876,0,-9.454425889998674e-05,0.3832007646560669,0.000116611787234433,0.4869338572025299,3.759932518005371,0.9830300807952881,183,0.0009870602516457438,1,0,372.3977039497826,0.05453396216034889,0,0,5.818536758422852,1,2.6738030910491943
0.4935441315174103,0.12063266336917877,1.4323208332061768,0,0.6767308115959167,9.189821243286133,13.89453125,1.4323208332061768,0,0,1,0.0,0.4861352058104573,1492.17561775038,0.0010105340043082833,1.0,0.4738500714302063,0,0.422114759683609,0.07534446567296982,1762983180.1080704,1,0,0,1e-06,0,9.248133659362793,0.004523515701293945,0,0.0,0.10949496179819107,0.0,3.6109681129455566,0.33675411343574524,1.7306243194070703e-07,0.04500579833984375,0.44557633996009827,11.474390029907227,184,26.853736639022827,0.747979998588562,26.83336591720581,18.821786880493164,0.0,7774.0223427,-0.0014294203137978911,2.4264304859789292e-15,0.7478640079498291,3.70973801612854,7.62939453125e-05,0.1653856486082077,0.8329160809516907,0.5157408714294434,0.0025225982535630465,0,-7.306347106350586e-05,0.4195921719074249,-0.00010271212522638962,0.4939485788345337,4.05177116394043,0.9612106680870056,184,0.0006310684257186949,1,0,373.043904437595,0.05016735941171646,0,0,5.575801849365234,1,2.5482938289642334
0.4994756579399109,0.10096506029367447,1.3210265636444092,0,0.24907949566841125,9.229328155517578,13.89453125,1.3210265636444092,0,0,1,0.0,0.48282748163985606,1482.0226699724335,0.0007884770748205483,1.0,0.47921639680862427,0,0.4804142415523529,0.03789995610713959,1762983208.5655239,1,0,0,1e-06,0,9.762656211853027,0.004831790924072266,0,0.0,0.07571704685688019,0.0,4.347305774688721,0.34369489550590515,7.236416763589659e-07,0.04250335693359375,0.4896780550479889,13.12846851348877,185,27.12472891807556,0.7307999730110168,27.105241775512695,19.006860733032227,0.0,7802.018338346,-0.0018573118140920997,1.4515148336887796e-16,0.8347737193107605,4.271364212036133,6.961822509765625e-05,0.12737365067005157,0.6616986989974976,0.4763411283493042,0.004502476193010807,0,-0.0001677055115578696,0.4759117662906647,-4.164559504715726e-05,0.49967247247695923,4.334786415100098,0.9369226694107056,185,0.000622619700152427,1,0,370.5056674931084,0.06695680320262909,0,0,5.602889060974121,1,3.074708938598633
0.4996870160102844,0.11568932235240936,1.6201086044311523,0,0.12875686585903168,9.63472843170166,13.89453125,1.6201086044311523,0,0,1,0.0,0.4838809032991924,1485.256112225708,0.0008983698207885027,1.0,0.47725868225097656,0,0.4868569076061249,0.08088161796331406,1762983236.5721817,1,0,0,1e-06,0,9.57192611694336,0.007146358489990234,0,0.0,0.10767637938261032,0.0,5.86093807220459,0.35301291942596436,4.957749411005352e-08,0.055324554443359375,0.4944259822368622,40.96369552612305,186,26.378990650177002,0.7079739570617676,26.358489513397217,75.47126770019531,0.0,7831.071344619,-0.002973702736198902,6.43928938707051e-17,0.8431071043014526,4.498945236206055,7.367134094238281e-05,0.23933257162570953,0.5855494141578674,0.4616890847682953,0.006066052708774805,0,-7.217135862447321e-05,0.4807908535003662,0.0,0.49988338351249695,4.667616844177246,0.9103050231933594,186,0.0007210365147329867,1,0,371.314028056427,0.07765700668096542,0,0,5.559364318847656,1,3.4260361194610596
0.49911797046661377,0.13946017622947693,1.4801907539367676,0,0.29020780324935913,9.407437324523926,13.89453125,1.4801907539367676,0,0,1,0.0,0.48387935476478217,1485.2513590515653,0.0008896524668671191,1.0,0.47866499423980713,0,0.474097341299057,0.06455034017562866,1762983265.6233916,1,0,0,1e-06,0,9.655799865722656,0.0036268234252929688,0,0.0,0.10924732685089111,0.0,7.923125743865967,0.34612035751342773,2.227912787589048e-08,0.0462188720703125,0.45686519145965576,49.21529769897461,187,27.561347007751465,0.728152334690094,27.54203224182129,117.9794692993164,0.0,7860.354283897,-0.004481066484004259,6.075912914442906e-16,0.8277764320373535,3.7422304153442383,9.751319885253906e-05,0.23606739938259125,0.7077637910842896,0.48032376170158386,0.0047095762565732,0,-0.00017179179121740162,0.4693877696990967,0.0,0.4993845820426941,4.312316417694092,0.9366686344146729,187,0.0010617900406941772,1,0,371.3128397628913,0.0684722363948822,0,0,5.789621353149414,1,4.073235988616943
0.49877098202705383,0.10871636122465134,1.5851795673370361,0,0.2886599600315094,9.961623191833496,13.89453125,1.5851795673370361,0,0,1,0.0,0.4823895100848688,1480.67833105641,0.0009742637048475444,1.0,0.47823190689086914,0,0.47225242853164673,0.05835039168596268,1762983294.913124,1,0,0,1e-06,0,10.077630996704102,0.007485389709472656,0,0.0,0.09641456604003906,0.0,6.152392387390137,0.3462870419025421,1.083202576523945e-07,0.0417327880859375,0.4336431622505188,38.33536911010742,188,27.702273845672607,0.7324017286300659,27.43332004547119,57.557289123535156,0.0,7888.942392836,-0.001161534572020173,2.4443675137503374e-17,0.8094908595085144,4.266697406768799,0.005365848541259766,0.1652759611606598,0.5857767462730408,0.48158758878707886,0.008052230812609196,0,-0.00016421439067926258,0.4642001986503601,-0.000258234707871452,0.4992837905883789,4.673769474029541,0.9504721760749817,188,0.0005183977773413062,1,0,370.1695827641025,0.08938193321228027,0,0,6.125192642211914,1,3.6410622596740723
0.49668988585472107,0.12950129806995392,1.418553352355957,0,0.5075812339782715,7.615102291107178,13.89453125,1.418553352355957,0,0,1,0.0,0.48186532517653885,1479.0693631601255,0.0013196920044720173,1.0,0.47810840606689453,0,0.4475175738334656,0.04580351710319519,1762983323.4865348,1,0,0,1e-06,0,7.978123188018799,0.0030858516693115234,0,0.0,0.09751410037279129,0.0,4.518677711486816,0.3451653718948364,5.714939277368103e-08,0.04534149169921875,0.45172375440597534,11.157365798950195,189,27.147655248641968,0.7294650673866272,27.131032705307007,35.3576545715332,0.0,7913.021327445,-0.0018732724711298943,4.5673588159115725e-17,0.8192623257637024,3.167227268218994,0.00010704994201660156,0.1865675449371338,0.7284424901008606,0.4997628927230835,0.005440942943096161,0,-8.993198571261019e-05,0.4420766234397888,0.0,0.4972943365573883,3.3930575847625732,0.9386017918586731,189,0.0007044277735985816,1,0,369.76734079003137,0.0735701471567154,0,0,5.897321701049805,1,2.5151398181915283
0.49827906489372253,0.1401955485343933,1.2933614253997803,0,0.3342668414115906,9.796486854553223,13.89453125,1.2933614253997803,0,0,1,1.4305115314527939e-07,0.48373906722614823,1484.82075118338,0.0013640981633216143,1.0,0.4778202474117279,0,0.4625498950481415,0.07239241153001785,1762983347.5845826,1,0,0,1e-06,0,9.464305877685547,0.005532979965209961,0,0.0,0.11680753529071808,0.0,4.43211030960083,0.33990928530693054,1.4687464044982335e-07,0.035694122314453125,0.45276403427124023,12.608049392700195,190,22.80236005783081,0.7366742491722107,22.778228282928467,49.980133056640625,0.01123057585209608,7941.974435574,-0.0020295679569244385,1.4975623240283815e-16,0.8586592674255371,4.254592418670654,0.005208253860473633,0.2763255536556244,0.9029286503791809,0.4870799779891968,0.004695937968790531,0,-0.00017480537644587457,0.45785394310951233,-0.00018915894906967878,0.4986540377140045,4.536991119384766,0.9499664902687073,190,0.0007961103110574186,1,0,371.205187795845,0.06837385147809982,0,0,5.560783386230469,1,2.64272141456604
0.48918306827545166,0.10999823361635208,1.3530077934265137,0,0.8669970035552979,8.528541564941406,13.89453125,1.3530077934265137,0,0,1,0.0,0.4843657179809576,1486.7442345394406,0.0015141853364184499,1.0,0.4731535017490387,0,0.40081244707107544,0.0583377331495285,1762983376.5354347,1,0,0,1e-06,0,9.006396293640137,0.003378629684448242,0,0.0,0.09703047573566437,0.0,4.5384087562561035,0.3274492621421814,6.171619304495835e-08,0.03322601318359375,0.4029619097709656,22.241350173950195,191,27.590100288391113,0.7648223042488098,27.572334051132202,37.76598358154297,0.0,7970.655506171,-0.008014597930014133,1.474372811863825e-16,0.7636937499046326,3.2753348350524902,7.581710815429688e-05,0.14030396938323975,0.5389864444732666,0.5430810451507568,0.004513653926551342,0,-0.0004449817643035203,0.3962987959384918,-5.842356404173188e-05,0.4901183545589447,3.6417412757873535,0.9688994884490967,191,0.0017454175977036357,1,0,371.68605863486016,0.06703950464725494,0,0,5.582622528076172,1,2.973663330078125
0.49802085757255554,0.12742942571640015,1.4356768131256104,0,0.36929070949554443,8.949273109436035,13.89453125,1.4356768131256104,0,0,1,0.0,0.4828608570786859,1482.1251147562268,0.0012521001044660807,1.0,0.4759109616279602,0,0.4617503583431244,0.06666729599237442,1762983405.2209206,1,0,0,1e-06,0,9.186882972717285,0.0032682418823242188,0,0.0,0.10603033751249313,0.0,4.156065940856934,0.33419567346572876,1.1783737363657565e-07,0.043079376220703125,0.43731555342674255,14.129414558410645,192,27.237425804138184,0.7444264888763428,27.219231605529785,21.460878372192383,0.0,7998.946252339,-0.001629100413993001,2.8115105102838106e-15,0.7941069602966309,3.8720617294311523,0.00024056434631347656,0.16949643194675446,0.7347636818885803,0.4849785268306732,0.006781097501516342,0,-0.00012291352322790772,0.45496925711631775,-0.00017221618327312171,0.4985876679420471,4.198030948638916,0.9449649453163147,192,0.0005960423150099814,1,0,370.5312786890567,0.08207643777132034,0,0,5.9473676681518555,1,2.7191948890686035
0.4908284842967987,0.11715225130319595,1.4638195037841797,0,0.7273790836334229,8.321759223937988,13.89453125,1.4638195037841797,0,0,1,0.0,0.4838230539165004,1485.0785454966929,0.0007107019191607833,1.0,0.47303447127342224,0,0.4108252227306366,0.05598241090774536,1762983433.5005,1,0,0,1e-06,0,8.458257675170898,0.006163120269775391,0,0.0,0.09322825074195862,0.0,4.160763263702393,0.33935362100601196,1.743170763290891e-08,0.042163848876953125,0.4186066687107086,14.221024513244629,193,26.808012008666992,0.7505127191543579,26.786367654800415,32.0491943359375,0.0,8028.223827959,-0.0028877779841423035,5.1244930826068634e-18,0.7508395910263062,3.0942883491516113,7.295608520507812e-05,0.1425490826368332,0.8472933769226074,0.5264117121696472,0.00643300823867321,0,-0.00014488358283415437,0.40439221262931824,-2.0045306428073673e-06,0.49203816056251526,3.4618730545043945,0.9591773152351379,193,0.0007684291922487319,1,0,371.2696363741732,0.07995650172233582,0,0,5.569665908813477,1,2.492974042892456
0.49596837162971497,0.12258335947990417,1.4446806907653809,0,0.4404768943786621,9.686970710754395,13.89453125,1.4446806907653809,0,0,1,0.0,0.48188070559978047,1479.116572850511,0.0014854965265840292,1.0,0.473199725151062,0,0.4412670433521271,0.07565957307815552,1762983462.7899923,1,0,0,1e-06,0,8.856922149658203,0.0031692981719970703,0,0.0,0.10859539359807968,0.0,10.98592472076416,0.34215059876441956,7.07651253151198e-08,0.039813995361328125,0.4240957498550415,79.61646270751953,194,27.834938287734985,0.7335196733474731,27.812193870544434,139.32667541503906,0.0,8056.523050337,-0.0016697498504072428,2.7598866579452987e-16,0.7760631442070007,3.6262333393096924,0.00010013580322265625,0.16912221908569336,0.7536225318908691,0.4956187903881073,0.005059393122792244,0,-6.31480070296675e-05,0.43620765209198,2.665174542926252e-05,0.49659308791160583,4.304317474365234,0.9386626482009888,194,0.0006217486225068569,1,0,369.77914321262773,0.07095704972743988,0,0,5.582431793212891,1,6.260948181152344
0.49355772137641907,0.09756398946046829,1.4096944332122803,0,0.8134098649024963,9.059957504272461,13.89453125,1.4096944332122803,0,0,1,0.0,0.4815260900226899,1478.0280922971906,0.002091676229611039,1.0,0.47737428545951843,0,0.42534762620925903,0.04810097813606262,1762983491.0794647,1,0,0,1e-06,0,8.984804153442383,0.0035037994384765625,0,0.0,0.08051605522632599,0.0,6.711452960968018,0.33422112464904785,3.0973833275993456e-08,0.027004241943359375,0.3803575038909912,36.53371047973633,195,26.871514081954956,0.7605097889900208,26.85218858718872,77.48208618164062,0.0,8085.03834813,-0.003164921887218952,3.170302972949773e-16,0.7774590849876404,3.406803607940674,8.7738037109375e-05,0.18625350296497345,0.5764699578285217,0.5270076990127563,0.005698655266314745,0,-6.30481299594976e-05,0.4196489751338959,4.67507425128133e-06,0.49445196986198425,4.001350402832031,0.9652088284492493,195,0.0010171119356527925,1,0,369.50702307429765,0.07528261840343475,0,0,5.45771598815918,1,3.541637897491455
0.493357390165329,0.13247208297252655,1.4365315437316895,0,0.6322875022888184,8.304532051086426,13.89453125,1.4365315437316895,0,0,1,0.0,0.48184849510757294,1479.017703831083,0.0014173936797305942,1.0,0.4746371805667877,0,0.42262738943099976,0.07761513441801071,1762983519.599794,1,0,0,1e-06,0,8.330821990966797,0.004575490951538086,0,0.0,0.11441786587238312,0.0,4.597960948944092,0.3410729467868805,1.0282433322572615e-06,0.03387260437011719,0.42552363872528076,11.007979393005371,196,27.07288122177124,0.7434307932853699,27.055768489837646,26.782691955566406,0.0,8113.348258996,-0.005944490898400545,7.004352014501e-18,0.7971963286399841,3.3375799655914307,9.393692016601562e-05,0.2867792248725891,0.7228842377662659,0.5152839422225952,0.00420757383108139,0,-0.00016712681099306792,0.41841983795166016,0.0,0.4940349757671356,3.5268335342407227,0.9539577960968018,196,0.0012466807384043932,1,0,369.75442595777076,0.06473676860332489,0,0,5.8310089111328125,1,2.4472362995147705
0.49543023109436035,0.14373452961444855,1.4423837661743164,0,0.3676372766494751,8.038104057312012,13.89453125,1.4423837661743164,0,0,1,0.0,0.48372009787215203,1484.7625253910917,0.0007861621561460197,1.0,0.472125381231308,0,0.4372866749763489,0.10116448253393173,1762983547.9075563,1,0,0,1e-06,0,7.86875057220459,0.0038611888885498047,0,0.0,0.13703297078609467,0.0,3.3401849269866943,0.34006431698799133,1.2253270824658102e-06,0.06332206726074219,0.44831180572509766,10.770280838012695,197,26.857433319091797,0.7344077825546265,26.837242364883423,16.03424835205078,0.0,8142.84627246,-0.0019096372416242957,7.925001190771212e-15,0.7707914113998413,3.1757757663726807,0.00013303756713867188,0.10842478275299072,0.7926889061927795,0.4874414801597595,0.005119453649967909,0,-0.00016090965073090047,0.4321672320365906,-0.0001197754027089104,0.4961043894290924,3.5149126052856445,0.939450204372406,197,0.0005987004260532558,1,0,371.1906313477729,0.07137458771467209,0,0,6.244214057922363,1,2.263188123703003
0.49305322766304016,0.14576193690299988,1.4320709705352783,0,0.7056174874305725,9.466079711914062,13.89453125,1.4320709705352783,0,0,1,0.0,0.48198856958465247,1479.447657714013,0.0008754878654144704,1.0,0.4741203784942627,0,0.42132195830345154,0.06933219730854034,1762983577.3899844,1,0,0,1e-06,0,9.26089096069336,0.003495454788208008,0,0.0,0.11259505152702332,0.0,5.77908182144165,0.3282124698162079,1.7273231378567289e-07,0.03885841369628906,0.3861188590526581,29.083696365356445,198,28.04254674911499,0.7576168775558472,28.02457547187805,62.15958023071289,0.0,8167.779770965,-0.0018417510436847806,2.319328146117188e-16,0.7145078778266907,3.632891893386841,0.0022666454315185547,0.14168335497379303,1.0763604640960693,0.5199829936027527,0.0046908315271139145,0,-0.0001718176790745929,0.4166311025619507,-0.0002540134300943464,0.4938236176967621,3.8698956966400146,0.9567014575004578,198,0.0006765176658518612,1,0,369.86191442850327,0.0683361068367958,0,0,5.40440559387207,1,2.8015899658203125
0.4809018671512604,0.10902857780456543,1.5022695064544678,0,0.959709882736206,8.133533477783203,13.89453125,1.5022695064544678,0,0,1,2.5828680350059585e-07,0.48037056560921637,1474.481249083838,0.002088078996166587,1.0,0.46969056129455566,0,0.3673369288444519,0.047693703323602676,1762983602.3426845,1,0,0,1e-06,0,8.150191307067871,0.012513875961303711,0,0.0,0.09172539412975311,0.0,3.764655828475952,0.3293764591217041,1.0553126372769839e-07,0.0285797119140625,0.33305656909942627,11.333585739135742,199,23.447904586791992,0.7688252925872803,23.420454025268555,16.209266662597656,0.00015050172805786133,8206.065008007,-0.002422422170639038,5.457396856742725e-15,0.6371352076530457,2.7008261680603027,9.655952453613281e-05,0.1201176792383194,0.5937685370445251,0.5782555341720581,0.004413928370922804,0,-0.00011035696661565453,0.3629230260848999,-1.5279681974789128e-05,0.482138454914093,3.0135698318481445,0.9741142392158508,199,0.0010557196801528335,1,0,368.6203122709595,0.06629874557256699,0,0,5.693794250488281,1,1.9765688180923462
0.48928332328796387,0.0888262465596199,1.2533848285675049,0,0.8632574677467346,8.66750717163086,13.89453125,1.2533848285675049,0,0,1,3.123283477179939e-06,0.4559084634348905,1399.3956515233942,0.0015710513107478619,1.0,0.4732113778591156,0,0.40230947732925415,0.05812952667474747,1762983640.6265836,1,0,0,1e-06,0,8.792813301086426,0.0035047531127929688,0,0.0,0.08559523522853851,14.007643222808838,4.74489688873291,0.33241382241249084,6.966202903413432e-08,0.03263092041015625,0.34897011518478394,12.263381004333496,200,23.013158559799194,0.7636620402336121,22.997523546218872,38.195594787597656,0.0019109547138214111,8234.84688084,-0.0023641756270080805,3.452053140204517e-20,0.6650795936584473,3.422712564468384,8.606910705566406e-05,0.20829083025455475,0.47797712683677673,0.5422858595848083,0.005542725324630737,0,-0.00019801684538833797,0.3967667520046234,-0.00026459444779902697,0.4904203712940216,3.511460781097412,0.9721668362617493,200,0.0009356926893815398,1,0,349.84891288084856,0.0742514431476593,0,0,5.451709747314453,1,2.307860851287842
0.4911748468875885,0.09962240606546402,1.3501906394958496,0,0.7951233386993408,8.403757095336914,13.89453125,1.3501906394958496,0,0,1,0.0,0.4567052433255108,1401.84134052367,0.0008905894355848432,1.0,0.47337445616722107,0,0.40892449021339417,0.06838557124137878,1762983669.4102738,1,0,0,1e-06,0,9.088824272155762,0.012750864028930664,0,0.0,0.09641949087381363,0.0,4.294279098510742,0.32034915685653687,1.511801173137428e-07,0.028530120849609375,0.3638840615749359,11.225375175476074,201,27.430774450302124,0.7782841920852661,27.402411222457886,21.485767364501953,0.0,8262.76238813,-0.0013760968577116728,2.5474878524653626e-16,0.72381991147995,3.3907577991485596,8.487701416015625e-05,0.16270993649959564,0.4889831840991974,0.5291140675544739,0.002745995530858636,0,-7.986991840880364e-05,0.4061785042285919,0.0,0.491691529750824,3.5940053462982178,0.9810038208961487,201,0.0005818471545353532,1,0,350.4603351309175,0.05233623459935188,0,0,5.540779113769531,1,2.4944875240325928
0.4879961907863617,0.11848652362823486,1.420067310333252,0,0.8517547249794006,7.940413475036621,13.89453125,1.420067310333252,0,0,1,0.0,0.45464769732445043,1395.5257724708201,0.0013138259528204799,1.0,0.47256535291671753,0,0.3954017758369446,0.05866274982690811,1762983697.3211489,1,0,0,1e-06,0,8.465789794921875,0.004433155059814453,0,0.0,0.09744881093502045,0.0,4.236984729766846,0.3368768095970154,5.206658926226737e-08,0.029682159423828125,0.3776836395263672,9.219462394714355,202,26.47951889038086,0.7525714039802551,26.462836742401123,18.61377716064453,0.0,8290.49771814,-0.0016506987158209085,6.621460683627154e-15,0.7296360731124878,3.1943390369415283,0.00023698806762695312,0.17542685568332672,0.6578420996665955,0.5443457961082458,0.004552697297185659,0,-7.328492301894585e-06,0.3908490538597107,0.0,0.48899245262145996,3.0965960025787354,0.9604023098945618,202,0.000612002273555845,1,0,348.88144311770503,0.0673275738954544,0,0,5.177652359008789,1,2.194892406463623
0.49663081765174866,0.12315694242715836,1.4957983493804932,0,0.4925764203071594,8.788914680480957,13.89453125,1.4957983493804932,0,0,1,0.0,0.46057470524640476,1413.7185233797143,0.0027267951518297195,1.0,0.4745436906814575,0,0.4472624957561493,0.057416655123233795,1762983725.05708,1,0,0,1e-06,0,8.91611385345459,0.010754108428955078,0,0.0,0.10253699123859406,0.0,4.433973789215088,0.34203532338142395,1.2592288101132e-07,0.04413795471191406,0.3953620195388794,11.775591850280762,203,26.23760461807251,0.7429528832435608,26.21485686302185,39.25144577026367,0.0,8319.040619263,-0.005578490439802408,2.5474878524653626e-16,0.727056086063385,3.8625314235687256,8.344650268554688e-05,0.20832212269306183,0.6535884737968445,0.49651622772216797,0.005636070854961872,0,-0.00014744720829185098,0.4416263997554779,0.0,0.49726101756095886,4.032261848449707,0.9612881541252136,203,0.0013765046605840325,1,0,353.42963084492857,0.07486944645643234,0,0,5.430011749267578,1,2.679857015609741
0.48404186964035034,0.13519223034381866,1.4657399654388428,0,0.9398552179336548,8.141571998596191,13.89453125,1.4657399654388428,0,0,1,0.0,0.4585316973043745,1407.447579408714,0.0014265789650380611,1.0,0.47043439745903015,0,0.3787517845630646,0.05448390915989876,1762983753.599805,1,0,0,1e-06,0,8.801055908203125,0.005882978439331055,0,0.0,0.09613451361656189,0.0,4.651518821716309,0.32751771807670593,4.615950643938049e-08,0.0324249267578125,0.3574413061141968,12.584091186523438,204,27.074477672576904,0.7642263770103455,27.05047035217285,22.359895706176758,0.0,8347.28814117,-0.0017200319562107325,2.4639336439596667e-17,0.7232942581176758,2.9764342308044434,0.00012445449829101562,0.17389707267284393,0.8268744945526123,0.5674324631690979,0.00428775604814291,0,-0.00010412432311568409,0.3744640350341797,-6.985593063291162e-05,0.48513391613960266,3.2405686378479004,0.9715858697891235,204,0.0007664438453502953,1,0,351.8618948521785,0.06534820795059204,0,0,5.511133193969727,1,2.476378917694092
0.49258318543434143,0.12775224447250366,1.3603765964508057,0,0.6213412880897522,7.6427483558654785,13.89453125,1.3603765964508057,0,0,1,0.0,0.45966709136426703,1410.932633180711,0.001668707700446248,1.0,0.47218942642211914,0,0.41895952820777893,0.07299799472093582,1762983781.8492906,1,0,0,1e-06,0,7.997698783874512,0.003488302230834961,0,0.0,0.10489986091852188,0.0,4.343075275421143,0.32868674397468567,3.7950425735289173e-07,0.04681587219238281,0.41381287574768066,10.458230972290039,205,26.879132509231567,0.7512497305870056,26.85742998123169,17.204944610595703,0.0,8375.607648671,-0.004129920620471239,1.457636637260118e-14,0.7143539190292358,3.135991334915161,0.00012254714965820312,0.163079634308815,0.8191807866096497,0.514327883720398,0.0050867050886154175,0,-0.0001315837725996971,0.4138728380203247,0.0,0.4934457540512085,3.314432382583618,0.9535381197929382,205,0.0009778571547940373,1,0,352.73315829517776,0.07114773988723755,0,0,5.001489639282227,1,2.4443070888519287
0.4877520799636841,0.1242593452334404,1.39851713180542,0,0.8886635303497314,8.704566955566406,13.89453125,1.39851713180542,0,0,1,0.0,0.4596652899145116,1410.9271036914465,0.0011579783167690039,1.0,0.47199785709381104,0,0.3942398428916931,0.0773179829120636,1762983810.1577737,1,0,0,1e-06,0,9.22379207611084,0.005618095397949219,0,0.0,0.11133718490600586,0.0,5.047071933746338,0.3272169530391693,2.2200397964411422e-08,0.031244277954101562,0.3402195870876312,11.2627534866333,206,26.902249574661255,0.7600768208503723,26.884371995925903,45.602210998535156,0.0,8404.960305391,-0.0031777238473296165,1.412746686264366e-14,0.6677262783050537,3.250899076461792,6.198883056640625e-05,0.13269487023353577,0.6870602965354919,0.5488192439079285,0.004485363606363535,0,-0.00010969467257382348,0.3897544741630554,0.0,0.48874449729919434,3.534334421157837,0.9704764485359192,206,0.0008156435214914382,1,0,352.73177592286163,0.06683038175106049,0,0,5.4187164306640625,1,2.6687755584716797
0.4892212748527527,0.1068413034081459,1.4817488193511963,0,0.9091413021087646,9.037022590637207,13.89453125,1.4817488193511963,0,0,1,0.0,0.45987098367110546,1411.558473739623,0.0012490428052842617,1.0,0.4742770791053772,0,0.40155190229415894,0.048461221158504486,1762983839.522602,1,0,0,1e-06,0,9.236002922058105,0.008797645568847656,0,0.0,0.08474265784025192,0.0,7.770913600921631,0.3208048641681671,6.474244429455212e-08,0.03531837463378906,0.3545480966567993,11.543721199035645,207,27.87558937072754,0.7689272165298462,27.854923248291016,113.61261749267578,0.0,8433.941208894,-0.0023274142295122147,2.0754596314270313e-15,0.6823427677154541,3.674072027206421,8.463859558105469e-05,0.11153387278318405,0.5721696019172668,0.547274112701416,0.005092143546789885,0,-0.00012884200259577483,0.39645975828170776,0.0,0.4902716279029846,3.530250072479248,0.9765090346336365,207,0.000796824402641505,1,0,352.88961843490574,0.07118596881628036,0,0,5.115411758422852,1,2.41227126121521
0.49893665313720703,0.15668745338916779,1.4228520393371582,0,0.2449982464313507,8.839709281921387,13.89453125,1.4228520393371582,0,0,1,0.0,0.46044383866935445,1413.3168328353577,0.0007597453077323735,1.0,0.476632684469223,0,0.4712747037410736,0.06433974206447601,1762983868.4970832,1,0,0,1e-06,0,9.148019790649414,0.0054378509521484375,0,0.0,0.11401420086622238,0.0,4.83522367477417,0.3395405113697052,7.460171502771118e-08,0.0433197021484375,0.41177648305892944,20.597911834716797,208,27.54908847808838,0.7281303405761719,27.523069620132446,30.096200942993164,0.0,8458.859533001,-0.0032692227978259325,8.270261613890518e-17,0.719038188457489,3.925468921661377,0.005386829376220703,0.150319904088974,1.5438151359558105,0.4747447073459625,0.004712746944278479,0,-0.0002246193471364677,0.4665619432926178,0.0,0.49923017621040344,4.343341827392578,0.9234070181846619,208,0.0007896381430327892,1,0,353.3292082088394,0.06849517673254013,0,0,5.328115463256836,1,3.253098487854004
0.4911119043827057,0.14165514707565308,1.632941722869873,0,0.7731327414512634,9.091241836547852,13.89453125,1.632941722869873,0,0,1,6.437301749429025e-07,0.4836600433709336,1484.5781901251341,0.0021127904765307903,1.0,0.47505584359169006,0,0.41121724247932434,0.08235509693622589,1762983893.4232266,1,0,0,1e-06,0,8.877655029296875,0.011705398559570312,0,0.0,0.12677116692066193,0.0,6.618599891662598,0.34563010931015015,1.900538570964727e-08,0.04233741760253906,0.3669790029525757,11.233871459960938,209,23.289961576461792,0.7270586490631104,23.263411283493042,96.24868774414062,0.0005112621583975852,8487.84136811,-0.001364909578114748,2.711786568546483e-16,0.6407578587532043,3.551112413406372,7.605552673339844e-05,0.19090548157691956,0.776925265789032,0.5251738429069519,0.005388195160776377,0,-0.0001238807017216459,0.4058290719985962,-0.00023812496510799974,0.492114782333374,3.5879530906677246,0.9373469352722168,209,0.0007219277322292328,1,0,371.14454753128354,0.07321526855230331,0,0,5.004373550415039,1,2.1836235523223877
0.48873186111450195,0.10011184960603714,1.315535306930542,0,0.8974020481109619,8.77906322479248,13.89453125,1.315535306930542,0,0,1,0.0,0.4835127904239566,1484.1262021709713,0.0013576603960245848,1.0,0.4741753935813904,0,0.39840638637542725,0.06520041078329086,1762983922.3777916,1,0,0,1e-06,0,8.507819175720215,0.003489971160888672,0,0.0,0.09863505512475967,0.0,6.502533435821533,0.33914914727211,2.9625706332581103e-08,0.04084587097167969,0.35912689566612244,37.75362777709961,210,27.63101363182068,0.7499158978462219,27.6114182472229,92.71369171142578,0.0,8516.628349059,-0.002062889514490962,5.4231698038262856e-17,0.6500934958457947,2.9609999656677246,0.00012636184692382812,0.1072826236486435,0.42781540751457214,0.546481728553772,0.004183266777545214,0,-0.00020612127264030278,0.3942231237888336,-0.00015120387251954526,0.4896187484264374,3.512202024459839,0.9658096432685852,210,0.0008238868904300034,1,0,371.0315505427428,0.06454918533563614,0,0,4.983137130737305,1,3.186983346939087
0.4917251169681549,0.1238391175866127,1.3757693767547607,0,0.8952468037605286,8.834587097167969,13.89453125,1.3757693767547607,0,0,1,0.0,0.48460172925497047,1487.468663184778,0.001234192168340087,1.0,0.4778386652469635,0,0.4132806956768036,0.054388627409935,1762983951.1886275,1,0,0,1e-06,0,9.07313346862793,0.008136749267578125,0,0.0,0.09535753726959229,0.0,4.744527816772461,0.33757826685905457,6.178100875331438e-07,0.02945709228515625,0.3270109295845032,11.485235214233398,211,27.43247389793396,0.7463773488998413,27.406781673431396,29.86122703552246,0.0,8545.663405662,-0.0029889310244470835,5.7408743261123875e-16,0.6253566741943359,3.567495346069336,7.390975952148438e-05,0.1547795832157135,0.9371180534362793,0.536952793598175,0.0041792429983615875,0,-0.00012425398745108396,0.4091014564037323,-3.928184014512226e-05,0.492479532957077,3.6816718578338623,0.9665318131446838,211,0.00101666699629277,1,0,371.8671657961945,0.06451933085918427,0,0,5.6277618408203125,1,2.547189712524414
0.495464563369751,0.08935082703828812,1.4644322395324707,0,0.7329840660095215,9.290513038635254,13.89453125,1.4644322395324707,0,0,1,0.0,0.4814300058316917,1477.7331651136724,0.0014152012299746275,1.0,0.4790068566799164,0,0.43607404828071594,0.041679348796606064,1762983980.2181754,1,0,0,1e-06,0,9.815903663635254,0.010267257690429688,0,0.0,0.07637175917625427,0.0,4.280397891998291,0.323870450258255,2.0806394829264718e-08,0.03279876708984375,0.33095887303352356,12.162967681884766,212,27.56243658065796,0.7651694416999817,27.539160013198853,25.570659637451172,0.0,8575.171750907,-0.001720319502055645,5.268102357206808e-16,0.6229938268661499,4.178511619567871,0.0002410411834716797,0.1307922899723053,0.482129842042923,0.5191618204116821,0.003659061621874571,0,-0.00010456825111759827,0.4324149787425995,-1.2312974831729662e-05,0.49595001339912415,4.098750114440918,0.9756943583488464,212,0.0007513249292969704,1,0,369.4332912784181,0.06038590148091316,0,0,4.64617919921875,1,2.654158115386963
0.4829147160053253,0.11219358444213867,1.5704715251922607,0,0.9781602025032043,9.656203269958496,13.89453125,1.5704715251922607,0,0,1,0.0,0.48124244445277004,1477.1574517871875,0.0016347639029845595,1.0,0.47426870465278625,0,0.37456122040748596,0.059651244431734085,1762984009.713366,1,0,0,1e-06,0,9.639545440673828,0.0046520233154296875,0,0.0,0.09358566999435425,0.0,8.343202590942383,0.32103946805000305,5.083678047412832e-07,0.0263671875,0.297236829996109,14.395088195800781,213,27.913702487945557,0.7859043478965759,27.89436960220337,114.27830505371094,0.0,8603.393401042,-0.002571580931544304,1.3002015297357614e-16,0.5828079581260681,3.867279529571533,7.319450378417969e-05,0.18039573729038239,0.6244818568229675,0.580014705657959,0.0043361554853618145,0,-5.0265443860553205e-05,0.37022507190704346,0.0,0.4840593934059143,3.880319833755493,0.9907929301261902,213,0.0008320034248754382,1,0,369.28936294679687,0.06571335345506668,0,0,4.9561614990234375,1,2.7808468341827393
0.4801417887210846,0.12340983748435974,1.4769744873046875,0,0.9462217092514038,7.737632751464844,13.89453125,1.4769744873046875,0,0,1,0.0,0.48115827953752965,1476.8991104185914,0.0007828486850485206,1.0,0.4696638286113739,0,0.36500823497772217,0.04498795047402382,1762984037.950706,1,0,0,1e-06,0,8.008346557617188,0.005567789077758789,0,0.0,0.09456123411655426,0.0,7.135561466217041,0.32898467779159546,2.6359300520084616e-08,0.03512763977050781,0.33633485436439514,53.676368713378906,214,26.757588624954224,0.7604788541793823,26.731990098953247,93.93140411376953,0.0,8631.616915677,-0.004498959518969059,2.54747805864691e-16,0.6016203761100769,2.9591500759124756,0.005202054977416992,0.20152868330478668,0.7141145467758179,0.5763244032859802,0.00471586873754859,0,-0.0002401827077846974,0.36029237508773804,-3.139410546282306e-05,0.48148927092552185,3.0598108768463135,0.9653535485267639,214,0.0009520375751890242,1,0,369.22477760464784,0.06851814687252045,0,0,4.830545425415039,1,3.7722742557525635
0.48524990677833557,0.10418590158224106,1.282890796661377,0,0.9362871646881104,7.939506530761719,13.89453125,1.282890796661377,0,0,1,0.0,0.47812746070158957,1467.596114225858,0.0008024527924135327,1.0,0.4719576835632324,0,0.38253408670425415,0.05202152580022812,1762984066.1653552,1,0,0,1e-06,0,8.3958158493042,0.011117696762084961,0,0.0,0.08333241939544678,0.0,4.451556205749512,0.3301803469657898,3.9496629966606633e-08,0.03540229797363281,0.3379567861557007,10.78264331817627,215,26.92881417274475,0.7593606114387512,26.905841827392578,21.894468307495117,0.0,8656.551942582,-0.002595330588519573,9.031628560535274e-16,0.6111348271369934,3.117042303085327,0.00015115737915039062,0.15039490163326263,0.8898292183876038,0.5612393617630005,0.003299604170024395,0,-0.00016082386719062924,0.3792344927787781,-3.562564597814344e-05,0.48605939745903015,3.1527340412139893,0.9693267941474915,215,0.0006723136175423861,1,0,366.8990285564645,0.05735364183783531,0,0,4.665754318237305,1,2.30191707611084
0.49040913581848145,0.12374965846538544,1.3848621845245361,0,0.9215922355651855,12.051412582397461,13.89453125,1.3848621845245361,0,0,1,2.205371856689453e-06,0.478507020908318,1468.7611614785133,0.0009820916457101703,1.0,0.4774518609046936,0,0.40652668476104736,0.05644718557596207,1762984091.1118157,1,0,0,1e-06,0,8.601241111755371,0.010618448257446289,0,0.0,0.09817808866500854,0.0,48.273311614990234,0.3390977084636688,5.599895871455374e-07,0.029346466064453125,0.3302353620529175,329.4212341308594,216,23.558627605438232,0.7503265738487244,23.533066511154175,705.7967529296875,0.003114688443019986,8680.485077139,-0.003047770820558071,6.997896101430595e-16,0.6311691403388977,3.3045027256011963,6.580352783203125e-05,0.2738286852836609,0.8283757567405701,0.5422957539558411,0.0043005309998989105,0,-0.0001531443849671632,0.40222615003585815,-0.00022100536443758756,0.49124717712402344,4.898018836975098,0.9648561477661133,216,0.0008692684932611883,1,0,367.1902903696283,0.06544554978609085,0,0,5.157135963439941,1,20.575376510620117
0.49110281467437744,0.10658053308725357,1.4829871654510498,0,0.7671954035758972,9.313434600830078,13.89453125,1.4829871654510498,0,0,1,3.099441414633475e-07,0.48007709238208235,1473.5804429114858,0.0011801895452663302,1.0,0.4753119945526123,0,0.409326434135437,0.0730862021446228,1762984115.0450554,1,0,0,1e-06,0,9.278237342834473,0.005347728729248047,0,0.0,0.09709817171096802,0.0,4.516899108886719,0.3302644193172455,7.727904005605524e-08,0.038845062255859375,0.37702861428260803,11.187610626220703,217,22.441747426986694,0.7588080167770386,22.42241621017456,25.363327026367188,0.015110545791685581,8709.764400426,-0.0019412832334637642,3.4879837386086825e-17,0.6566943526268005,3.984455108642578,6.413459777832031e-05,0.15829214453697205,0.6982133984565735,0.5268372893333435,0.00353273656219244,0,-9.031708759721369e-05,0.405793696641922,-0.00015121708565857261,0.4917674958705902,3.9430665969848633,0.9643572568893433,217,0.0007044350495561957,1,0,368.39511072787144,0.059338733553886414,0,0,4.693262100219727,1,2.468350648880005
0.49015307426452637,0.11727537214756012,1.4114024639129639,0,0.9172290563583374,7.635561943054199,13.89453125,1.4114024639129639,0,0,1,0.0,0.4789553481130604,1470.1372867121825,0.0017971006454899907,1.0,0.47899240255355835,0,0.4055488705635071,0.06386114656925201,1762984144.3306282,1,0,0,1e-06,0,8.121556282043457,0.007543802261352539,0,0.0,0.09617719054222107,0.0,4.562392711639404,0.34476807713508606,6.096170324099148e-08,0.03288841247558594,0.3731135427951813,16.109722137451172,218,27.8658344745636,0.743193507194519,27.845163345336914,34.71352005004883,0.0,8737.824582011,-0.006006364244967699,1.2730898579787234e-16,0.6880137324333191,3.1628148555755615,8.463859558105469e-05,0.36586758494377136,0.9390935897827148,0.5422824621200562,0.004583836067467928,0,-0.0001908726553665474,0.40096503496170044,-0.00010903772636083886,0.4910571873188019,3.2882518768310547,0.962007462978363,218,0.0013247280148789287,1,0,367.5343216780456,0.06755682826042175,0,0,4.698080062866211,1,2.478281021118164
0.4938407242298126,0.10734071582555771,1.4319982528686523,0,0.795703649520874,9.095189094543457,13.89453125,1.4319982528686523,0,0,1,0.0,0.4806683887849405,1475.395407276672,0.0020994399674236774,1.0,0.4784192442893982,0,0.426302433013916,0.08944123238325119,1762984172.3720195,1,0,0,1e-06,0,9.519789695739746,0.007752895355224609,0,0.0,0.10457571595907211,0.0,4.184597015380859,0.32172471284866333,5.455126839137847e-08,0.036792755126953125,0.3698003590106964,10.40003776550293,219,26.60101866722107,0.7672150135040283,26.578649282455444,23.34539222717285,0.0,8766.130749257,-0.0017007202841341496,1.4654069681171381e-16,0.6784535050392151,3.759002208709717,6.628036499023438e-05,0.1786203384399414,0.6039178371429443,0.5225250720977783,0.00487081753090024,0,-5.658766895066947e-05,0.42143160104751587,-0.00013609750021714717,0.49459123611450195,4.024191379547119,0.9609102606773376,219,0.0008764976519159973,1,0,368.848851819168,0.06962843239307404,0,0,4.774286270141602,1,2.5967788696289062
0.49343767762184143,0.1113419160246849,1.3421926498413086,0,0.9038633704185486,9.00887393951416,13.89453125,1.3421926498413086,0,0,1,0.0,0.4815803030071041,1478.1944972243414,0.0007066711550578475,1.0,0.4803757667541504,0,0.42156386375427246,0.047062695026397705,1762984200.6906745,1,0,0,1e-06,0,9.687922477722168,0.004347324371337891,0,0.0,0.08017665892839432,0.0,5.369004249572754,0.32312458753585815,5.0877638102519995e-08,0.02660369873046875,0.32705771923065186,14.652231216430664,220,26.966864347457886,0.7794487476348877,26.950974225997925,25.873947143554688,0.0,8794.879348649,-0.001342530595138669,1.7103024573162815e-16,0.6728224158287048,3.4456064701080322,8.130073547363281e-05,0.17316775023937225,0.6366137266159058,0.5394206047058105,0.002671199617907405,0,-8.087880269158632e-05,0.41889265179634094,0.0,0.4938693940639496,4.079121112823486,0.9855135083198547,220,0.00046455656411126256,1,0,369.54862430608534,0.05162084475159645,0,0,4.996997833251953,1,3.213216543197632
0.4970768988132477,0.11342460662126541,1.618485450744629,0,0.4734514355659485,9.066643714904785,13.89453125,1.618485450744629,0,0,1,0.0,0.4796088822131572,1472.1432875898747,0.001523072482086718,1.0,0.4772501289844513,0,0.449989378452301,0.06258077919483185,1762984229.414152,1,0,0,1e-06,0,9.348128318786621,0.004245758056640625,0,0.0,0.09606076776981354,0.0,4.136458396911621,0.33996865153312683,4.82845976534918e-08,0.042675018310546875,0.3916506767272949,10.533915519714355,221,27.09570002555847,0.746128499507904,27.078256130218506,21.59077262878418,0.0,8823.348452446,-0.0028343545272946358,8.332205398021021e-16,0.7010617852210999,4.312527179718018,7.557868957519531e-05,0.10365097969770432,0.6616805195808411,0.49813273549079895,0.004459545481950045,0,-0.00010229250619886443,0.44552984833717346,0.0,0.4975454807281494,4.275527000427246,0.9625712037086487,221,0.0008870657184161246,1,0,368.0358218974687,0.06663783639669418,0,0,4.633638381958008,1,2.5954887866973877
0.48761358857154846,0.1293996274471283,1.4663901329040527,0,0.9031909704208374,9.191605567932129,13.89453125,1.4663901329040527,0,0,1,0.0,0.4815684113524949,1478.157996191603,0.0009068392682820559,1.0,0.47436168789863586,0,0.39505332708358765,0.05570884048938751,1762984257.9147232,1,0,0,1e-06,0,9.238396644592285,0.004774808883666992,0,0.0,0.10340392589569092,0.0,5.212560653686523,0.32897573709487915,1.0824466301073699e-07,0.03619384765625,0.3574911057949066,12.481148719787598,222,27.024469137191772,0.7680965065956116,27.006823301315308,54.765682220458984,0.0,8852.694378868,-0.0009527902584522963,6.377510823995559e-18,0.6415267586708069,3.4512765407562256,7.033348083496094e-05,0.09992200881242752,0.714585542678833,0.546572744846344,0.005899704992771149,0,-3.346805533510633e-05,0.3891535997390747,0.0,0.48891761898994446,3.7737743854522705,0.977990448474884,222,0.0004960060468874872,1,0,369.53949904790073,0.07659131288528442,0,0,5.19182014465332,1,2.5957999229431152
0.49468091130256653,0.12175773084163666,1.4755544662475586,0,0.6500616669654846,10.335665702819824,13.89453125,1.4755544662475586,0,0,1,0.0,0.4770929667483432,1464.4207699280282,0.0009547111112624407,1.0,0.4776516258716583,0,0.432415246963501,0.06304407119750977,1762984287.2558527,1,0,0,1e-06,0,10.931306838989258,0.004449605941772461,0,0.0,0.09835316240787506,0.0,4.71281099319458,0.34061115980148315,3.22828981325074e-07,0.03463935852050781,0.3777539134025574,13.06700611114502,223,27.857537269592285,0.7328315377235413,27.590630769729614,52.698204040527344,0.0,8881.272869511,-0.0018723912071436644,6.856208929876428e-17,0.6938583254814148,4.275927543640137,7.867813110351562e-05,0.13678021728992462,0.673342227935791,0.5130743980407715,0.005508474539965391,0,-7.991672464413568e-05,0.4269067645072937,7.642131095053628e-05,0.4954637289047241,4.623622417449951,0.9406183958053589,223,0.0006424200837500393,1,0,366.10519248200706,0.07402224093675613,0,0,5.513303756713867,1,2.7206766605377197
0.4958513379096985,0.11354941129684448,1.4098622798919678,0,0.7309964299201965,9.106850624084473,13.89453125,1.4098622798919678,0,0,1,0.0,0.4784350744823163,1468.5403243505273,0.001416532089933753,1.0,0.47984516620635986,0,0.4405386745929718,0.04020901396870613,1762984315.8392258,1,0,0,1e-06,0,9.914119720458984,0.0041048526763916016,0,0.0,0.07974065095186234,0.0,4.969069957733154,0.3243407607078552,7.810040614231184e-08,0.029260635375976562,0.34324148297309875,12.540437698364258,224,27.16283917427063,0.7708753347396851,27.14452290534973,27.412988662719727,0.0,8908.507377445,-0.002580848289653659,2.6078998304503154e-16,0.6692315340042114,4.063877582550049,0.00022125244140625,0.08902814984321594,0.7200760245323181,0.5180387496948242,0.005249943118542433,0,-0.00019240789697505534,0.43528875708580017,-6.346610462060198e-05,0.4965084493160248,4.201778888702393,0.9774484038352966,224,0.0009106239303946495,1,0,367.1350810876318,0.07227429002523422,0,0,5.469455718994141,1,2.979759931564331
0.49235999584198,0.1247204840183258,1.3302388191223145,0,0.8037989139556885,9.16150188446045,13.89453125,1.3302388191223145,0,0,1,0.0,0.4784526250503097,1468.5941952270332,0.0010183524573221803,1.0,0.4766097664833069,0,0.41699376702308655,0.03642982989549637,1762984343.0668464,1,0,0,1e-06,0,9.620829582214355,0.004173994064331055,0,0.0,0.08455144613981247,0.0,6.200141906738281,0.3300168216228485,9.141823653635583e-08,0.027227401733398438,0.3606833517551422,12.275162696838379,225,25.8883798122406,0.7705961465835571,25.870309829711914,66.95267486572266,0.0,8932.857349242,-0.005888286512345076,2.006780491108507e-18,0.6677087545394897,3.8051838874816895,6.866455078125e-05,0.12646172940731049,0.9787365198135376,0.5317489504814148,0.004386977292597294,0,-0.00025074780569411814,0.41260677576065063,0.0,0.4931187629699707,3.858828544616699,0.9757526516914368,225,0.0013035247102379799,1,0,367.1485488067583,0.06609644740819931,0,0,5.032753944396973,1,2.6558837890625
0.492751806974411,0.11821754276752472,1.3782336711883545,0,0.8868973851203918,10.059806823730469,13.89453125,1.3782336711883545,0,0,1,2.6226044269606064e-07,0.4777124722048267,1466.322321031876,0.0017288014059886336,1.0,0.47929102182388306,0,0.41905713081359863,0.048803120851516724,1762984367.4065561,1,0,0,1e-06,0,10.212874412536621,0.004367828369140625,0,0.0,0.09122256934642792,0.0,6.28446626663208,0.3382831811904907,6.102840188759728e-07,0.024105072021484375,0.31863129138946533,25.68891716003418,226,22.94948148727417,0.7490020990371704,22.930376291275024,77.06221008300781,0.0010239481925964355,8961.130350269,-0.00173465209081769,1.6676087145219942e-15,0.6269512176513672,4.346324920654297,8.96453857421875e-05,0.12215173244476318,0.7861490249633789,0.5399327874183655,0.00424045929685235,0,-0.00020892239990644157,0.414816677570343,-0.00038951574242673814,0.4934662878513336,4.446159839630127,0.9666444659233093,226,0.0008734017028473318,1,0,366.580580257969,0.06498869508504868,0,0,4.778642654418945,1,3.270725727081299
0.4892168343067169,0.09802494198083878,1.440542221069336,0,0.8106813430786133,10.880807876586914,13.89453125,1.440542221069336,0,0,1,0.0,0.4829564758578339,1482.4186133737687,0.0012802033452317119,1.0,0.4732634723186493,0,0.40274694561958313,0.07453331351280212,1762984395.6893055,1,0,0,1e-06,0,9.604188919067383,0.004385948181152344,0,0.0,0.09420379251241684,0.0,22.226577758789062,0.32447052001953125,4.787023044627858e-07,0.031026840209960938,0.3494727611541748,97.87592315673828,227,26.832899808883667,0.7719151377677917,26.815218210220337,358.8736877441406,0.0,8989.878389504,-0.0011047401931136847,4.376551899343663e-15,0.626451313495636,3.694962739944458,6.556510925292969e-05,0.327924907207489,0.5667136907577515,0.5368447303771973,0.006261361762881279,0,-0.00010323925380362198,0.3964855670928955,-8.658008300699294e-05,0.49050015211105347,4.530141830444336,0.9729900360107422,227,0.0006641621002927423,1,0,370.6046533434422,0.07888861745595932,0,0,5.730669021606445,1,6.687711715698242
0.48761188983917236,0.09539137035608292,1.4720189571380615,0,0.9673382043838501,8.843337059020996,13.89453125,1.4720189571380615,0,0,1,0.0,0.4794709584916193,1471.7199353785386,0.000708437233697623,1.0,0.4761192202568054,0,0.3925120532512665,0.028943678364157677,1762984424.4360354,1,0,0,1e-06,0,8.986477851867676,0.004308938980102539,0,0.0,0.06658211350440979,0.0,4.673755168914795,0.32850703597068787,1.978896193577384e-07,0.025583267211914062,0.3362315893173218,10.795387268066406,228,27.2667019367218,0.7729374170303345,27.245540618896484,27.21004867553711,0.0,9019.196484176,-0.001844483194872737,8.440747508604637e-17,0.6769511699676514,3.350930690765381,7.295608520507812e-05,0.09750857949256897,0.5400565266609192,0.5667552351951599,0.0033816425129771233,0,-0.00013007955567445606,0.3891304135322571,-8.449701272184029e-05,0.4883686602115631,3.467005968093872,0.9720754623413086,228,0.0006023163441568613,1,0,367.92998384463465,0.05806049704551697,0,0,5.477005958557129,1,2.3217573165893555
0.4925132691860199,0.1126297116279602,1.4398458003997803,0,0.7309226393699646,8.155557632446289,13.89453125,1.4398458003997803,0,0,1,0.0,0.4775744381226172,1465.8986300721806,0.0015375105431303382,1.0,0.47498637437820435,0,0.4195132851600647,0.05719965323805809,1762984453.755523,1,0,0,1e-06,0,8.71541690826416,0.003382444381713867,0,0.0,0.09149951487779617,0.0,4.414150714874268,0.3425091505050659,1.651345726827458e-08,0.033359527587890625,0.3657662868499756,12.93712329864502,229,27.870219230651855,0.7501106858253479,27.852254390716553,18.45496940612793,0.0,9048.672330348,-0.003881043056026101,8.400723216613401e-17,0.6363015174865723,2.970508098602295,0.00016951560974121094,0.11236405372619629,0.6163715124130249,0.524264931678772,0.006028131581842899,0,-0.00020717221195809543,0.41348516941070557,-0.00018454801465850323,0.4935344457626343,3.378685712814331,0.9700508713722229,229,0.0010040150955319405,1,0,366.47465751804515,0.07741531729698181,0,0,5.807743072509766,1,2.595412015914917
0.4920690059661865,0.13295526802539825,1.4964680671691895,0,0.8124802112579346,8.631952285766602,13.89453125,1.4964680671691895,0,0,1,0.0,0.4774925641964243,1465.647320817195,0.0008494507637806237,1.0,0.47706541419029236,0,0.4175463020801544,0.05902406573295593,1762984483.2292657,1,0,0,1e-06,0,9.357889175415039,0.010142803192138672,0,0.0,0.1023714616894722,0.0,4.604775428771973,0.35109442472457886,1.242654974475954e-07,0.028560638427734375,0.3583824634552002,11.705031394958496,230,27.97484278678894,0.7386802434921265,27.950911045074463,20.11081314086914,0.0,9076.924940771,-0.0032249726355075836,7.371400044082707e-16,0.6881394386291504,3.7319536209106445,8.606910705566406e-05,0.20247569680213928,0.9023443460464478,0.5307737588882446,0.006568144075572491,0,-0.00027602084446698427,0.41097816824913025,-0.00018903438467532396,0.49321240186691284,3.7645628452301025,0.9661024212837219,230,0.0008529760525561869,1,0,366.4118302042987,0.08078697323799133,0,0,6.330361366271973,1,2.6802711486816406
0.4895091652870178,0.10540332645177841,1.3268101215362549,0,0.9518870711326599,8.455453872680664,13.89453125,1.3268101215362549,0,0,1,0.0,0.4779383962470831,1467.0157872595619,0.0015479729045182467,1.0,0.47630617022514343,0,0.4028892517089844,0.028067205101251602,1762984511.4735858,1,0,0,1e-06,0,8.995292663574219,0.0028531551361083984,0,0.0,0.06933080404996872,0.0,5.004784107208252,0.33379754424095154,1.0736481925732733e-07,0.025529861450195312,0.32316121459007263,11.855229377746582,231,26.908586740493774,0.7694620490074158,26.893242597579956,22.8873291015625,0.0,9105.392708096,-0.002381768776103854,1.7236244326920196e-16,0.6340800523757935,3.311741352081299,0.00019168853759765625,0.18713626265525818,0.5777932405471802,0.5560758709907532,0.005044714547693729,0,-0.0001819274330046028,0.3978445529937744,0.0,0.49053508043289185,3.6477904319763184,0.9747000336647034,231,0.0009272313909605145,1,0,366.75394681489047,0.07085489481687546,0,0,5.386321067810059,1,2.8683886528015137
0.4893859028816223,0.11533944308757782,1.41115140914917,0,0.8767353892326355,9.68945598602295,13.89453125,1.41115140914917,0,0,1,0.0,0.478669179807378,1469.2589027498436,0.0019125344697386026,1.0,0.4764373302459717,0,0.4010140895843506,0.06338490545749664,1762984539.9518027,1,0,0,1e-06,0,9.94843578338623,0.004951953887939453,0,0.0,0.09920231997966766,0.0,4.5562310218811035,0.34108027815818787,1.7294973986281548e-07,0.029111862182617188,0.33350133895874023,11.495473861694336,232,27.065017700195312,0.7466127872467041,27.041252613067627,33.12782287597656,0.0,9133.918564444,-0.002099555917084217,3.396646786242822e-17,0.6280083656311035,3.7126998901367188,0.0052263736724853516,0.2488103210926056,0.8379442095756531,0.539071798324585,0.00374779524281621,0,-2.7735195544664748e-05,0.39726629853248596,0.0,0.4901579022407532,4.000733375549316,0.9639381766319275,232,0.0007125220727175474,1,0,367.3147256874609,0.061111148446798325,0,0,5.794578552246094,1,2.6166255474090576
0.47271472215652466,0.11447726935148239,1.4035773277282715,0,0.9834073185920715,7.29404354095459,13.89453125,1.4035773277282715,0,0,1,0.0,0.47997342367997764,1473.2622353269383,0.00112158281262964,1.0,0.46610602736473083,0,0.3416120111942291,0.06717193871736526,1762984568.4755359,1,0,0,1e-06,0,7.858097553253174,0.0032486915588378906,0,0.0,0.09881258755922318,0.0,5.085240840911865,0.32362231612205505,4.175647916326852e-08,0.026571273803710938,0.3219698965549469,12.699806213378906,233,27.112757444381714,0.7709900736808777,27.09525203704834,21.218950271606445,0.0,9163.096466849,-0.005261333659291267,1.3635719026378979e-16,0.6395865082740784,2.151777982711792,7.605552673339844e-05,0.13109879195690155,0.745257556438446,0.5981414318084717,0.004686035681515932,0,-0.00024840066907927394,0.3369259536266327,0.0,0.47430574893951416,2.889540910720825,0.9713847637176514,233,0.0011928126914426684,1,0,368.31555883173456,0.06830204278230667,0,0,5.868832588195801,1,2.7975776195526123
0.4742516875267029,0.09355589747428894,1.4838578701019287,0,0.970274031162262,9.820524215698242,13.89453125,1.4838578701019287,0,0,1,0.0,0.47991795126252634,1473.0919646125585,0.0018725601257756352,1.0,0.46578070521354675,0,0.3466833531856537,0.07541021704673767,1762984597.652092,1,0,0,1e-06,0,8.676410675048828,0.01225423812866211,0,0.0,0.0934893786907196,0.0,16.38250160217285,0.3311039209365845,7.753254038789237e-08,0.026248931884765625,0.3236316740512848,78.81670379638672,234,27.690553188323975,0.7598565816879272,27.6634464263916,247.66224670410156,0.0,9186.164268907,-0.002451049629598856,1.3850027626457177e-16,0.6056573390960693,2.829744577407837,8.225440979003906e-05,0.14470794796943665,0.5566339492797852,0.5907617807388306,0.005214851815253496,0,-0.00019207601144444197,0.3414685130119324,-0.00010191006731474772,0.4759634733200073,3.549973249435425,0.9676151275634766,234,0.000921301485504955,1,0,368.2729911531396,0.07203290611505508,0,0,5.712505340576172,1,5.248904705047607
0.46959424018859863,0.11852205544710159,1.3608896732330322,0,0.9936681389808655,8.827848434448242,13.89453125,1.3608896732330322,0,0,1,0.0,0.48034578575002823,1474.4051881418413,0.0012637588661164045,1.0,0.4641692340373993,0,0.3310399353504181,0.044708285480737686,1762984620.7237275,1,0,0,1e-06,0,9.133783340454102,0.0029959678649902344,0,0.0,0.08404868096113205,0.0,4.5174241065979,0.3175961971282959,3.1590178650731104e-07,0.021825790405273438,0.2862401306629181,12.778484344482422,235,21.703277111053467,0.7888523936271667,21.68661618232727,29.287113189697266,0.0,9210.487564056,-0.003253520466387272,1.9066250489502802e-18,0.6036314368247986,2.6127161979675293,0.0020742416381835938,0.19371618330478668,0.7695500254631042,0.6255691051483154,0.0029108228627592325,0,-0.00015999078459572047,0.3281291127204895,-3.2153886422747746e-05,0.4706496596336365,3.173309087753296,0.989234447479248,235,0.0009386263554915786,1,0,368.60129703546033,0.053880590945482254,0,0,5.678709030151367,1,2.5369997024536133
0.48649248480796814,0.12274093180894852,1.3766107559204102,0,0.9559233784675598,9.206329345703125,13.89453125,1.3766107559204102,0,0,1,0.0,0.4808070877119274,1475.8211389549874,0.0030319548677653074,1.0,0.4758065342903137,0,0.38959482312202454,0.07238924503326416,1762984644.5999942,1,0,0,1e-06,0,9.698959350585938,0.0033364295959472656,0,0.0,0.10578295588493347,0.0,5.1475629806518555,0.3416118919849396,3.5062228675997176e-08,0.02661895751953125,0.33376359939575195,12.844146728515625,236,22.492263078689575,0.747611403465271,22.472147703170776,26.50176429748535,0.0010913610458374023,9240.096693395,-0.0014859650982543826,1.2825982112320803e-19,0.6818337440490723,3.630005121231079,8.559226989746094e-05,0.19947367906570435,0.6740583777427673,0.5637543797492981,0.0052745146676898,0,-7.744491449557245e-05,0.38432031869888306,-0.00024601633776910603,0.48771682381629944,3.9435627460479736,0.9663316607475281,236,0.0010600144742056727,1,0,368.95528473874685,0.07244275510311127,0,0,6.121733665466309,1,3.0851974487304688
0.4883629381656647,0.1467023342847824,2.3020875453948975,0,0.8940041661262512,9.978842735290527,13.89453125,2.3020875453948975,0,0,1,2.9802322387695312e-08,0.48048993780765664,1474.8476580207366,0.0016169606242328882,1.0,0.47266751527786255,0,0.39621180295944214,0.06595692038536072,1762984674.6499114,1,0,0,1e-06,0,9.935565948486328,0.004164218902587891,0,0.0,0.11500600725412369,0.0,6.729818820953369,0.327423095703125,2.2004622124427442e-08,0.031002044677734375,0.32866448163986206,25.856201171875,237,27.29119849205017,0.7647616863250732,27.26450490951538,87.77416229248047,0.007386893033981323,9269.46864584,-0.007998996414244175,1.3638663799699425e-19,0.6614100933074951,4.2344136238098145,0.009617805480957031,0.22493962943553925,0.8040536046028137,0.5511515140533447,0.0036722070071846247,0,-0.0003134614380542189,0.3925396203994751,7.62135605327785e-05,0.48915669322013855,4.504293918609619,0.9747524857521057,237,0.0016396124847233295,1,0,368.71191450518415,0.060493215918540955,0,0,5.586429595947266,1,3.3111109733581543
0.48139074444770813,0.1102643758058548,2.2134974002838135,0,0.9841904044151306,8.09910774230957,13.89453125,2.2134974002838135,0,0,1,0.0,0.4803567150058993,1474.438735124113,0.0015197303146123886,1.0,0.47322437167167664,0,0.3699927031993866,0.04088618978857994,1762984704.0205123,1,0,0,1e-06,0,8.642752647399902,0.0036878585815429688,0,0.0,0.08489740639925003,0.0,4.809689998626709,0.3299384117126465,3.208273824384378e-08,0.026157379150390625,0.33233335614204407,12.210184097290039,238,27.14932894706726,0.7646061182022095,27.128448247909546,24.72768783569336,0.0,9299.997681945,-0.0014887457946315408,2.2306549138470955e-16,0.6784734725952148,3.049189567565918,0.004361629486083984,0.11061189323663712,0.6965904235839844,0.5828823447227478,0.005341102369129658,0,-0.0001492311421316117,0.364651620388031,-0.00018053653184324503,0.4828609824180603,3.265993356704712,0.974554717540741,238,0.0007443225476890802,1,0,368.60968378102825,0.07289626449346542,0,0,6.264649391174316,1,2.665048122406006
0.46678832173347473,0.10995114594697952,2.3240244388580322,0,0.9902485013008118,8.55772590637207,13.89453125,2.3240244388580322,0,0,1,0.0,0.4788723616950517,1469.8825627010906,0.004575385246425867,1.0,0.46174994111061096,0,0.3259972333908081,0.06129853054881096,1762984734.5552557,1,0,0,1e-06,0,8.202988624572754,0.0038857460021972656,0,0.0,0.09656453132629395,0.0,4.424737453460693,0.32119038701057434,3.426139585371857e-07,0.022216796875,0.29611796140670776,11.62237548828125,239,28.208577632904053,0.7784371376037598,28.179791688919067,20.911684036254883,0.0,9330.272275111,-0.0048872195184230804,1.0617888866077676e-16,0.5983167886734009,2.8285164833068848,0.00011944770812988281,0.19915339350700378,0.6195302605628967,0.6193985342979431,0.0053055607713758945,0,-0.00023498700466006994,0.32069167494773865,-0.00019233772763982415,0.4687923192977905,3.0418739318847656,0.9827104210853577,239,0.0015183670911937952,1,0,367.47064067527265,0.07265293598175049,0,0,5.484363555908203,1,2.349317789077759
0.48628681898117065,0.10209677368402481,2.260253667831421,0,0.9243857264518738,7.950503349304199,13.89453125,2.260253667831421,0,0,1,0.0,0.47191021912797293,1448.5125009122569,0.0013771271333098412,1.0,0.4736845791339874,0,0.3874607980251312,0.05838560312986374,1762984764.826189,1,0,0,1e-06,0,8.16369342803955,0.0033223628997802734,0,0.0,0.09246835112571716,0.0,4.317257881164551,0.32505467534065247,5.342202058500334e-08,0.029745101928710938,0.3432178795337677,11.11573314666748,240,28.002999544143677,0.757792055606842,27.98318314552307,20.64411163330078,0.0,9355.375359677,-0.0015494065592065454,6.739701930261763e-16,0.655454695224762,3.040583610534668,0.0017437934875488281,0.15768319368362427,0.5951769351959229,0.5541738271713257,0.003970741759985685,0,-8.794439054327086e-05,0.38349005579948425,-4.578018342726864e-05,0.48722127079963684,3.3160555362701416,0.9554290771484375,240,0.0005511018098331988,1,0,362.1281252280642,0.06289516389369965,0,0,5.9469451904296875,1,2.550403594970703
0.4634559154510498,0.11288393288850784,1.5101699829101562,0,0.9953994154930115,7.6603498458862305,13.89453125,1.5101699829101562,0,0,1,1.1920928955078125e-07,0.47296741978554335,1451.7575426731519,0.0008776873582974076,1.0,0.46125414967536926,0,0.3154972493648529,0.049568772315979004,1762984789.9330823,1,0,0,1e-06,0,7.791861057281494,0.010163545608520508,0,0.0,0.08732812106609344,0.0,5.20317268371582,0.3376699388027191,7.515600231045028e-08,0.020792007446289062,0.2861810624599457,15.775070190429688,241,23.594465017318726,0.7612847089767456,23.570453882217407,51.14084243774414,0.00010814931738423184,9379.265575005,-0.0024814833886921406,4.123786159260944e-21,0.591620922088623,2.4033620357513428,8.535385131835938e-05,0.16877783834934235,0.6112176179885864,0.6323160529136658,0.003281171200796962,0,-0.00013490310811903328,0.3122160732746124,3.3576048735994846e-05,0.4647722542285919,2.824453353881836,0.9797184467315674,241,0.0008179824217222631,1,0,362.93938566828797,0.05719466879963875,0,0,6.765851020812988,1,2.534665107727051
0.479690283536911,0.10258118063211441,1.363407850265503,0,0.9859904050827026,9.391362190246582,13.89453125,1.363407850265503,0,0,1,1.0967254638671875e-05,0.47064448528705366,1444.6273735785296,0.002042703563347459,1.0,0.4714237153530121,0,0.36376672983169556,0.03411740064620972,1762984813.8286488,1,0,0,1e-06,0,9.517701148986816,0.0028307437896728516,0,0.0,0.0745697170495987,0.0,4.677627086639404,0.3356044590473175,2.3649776892398222e-07,0.019535064697265625,0.2879156470298767,9.531466484069824,242,22.52475118637085,0.7574170827865601,22.506348609924316,23.301786422729492,0.0002794795436784625,9404.421360626,-0.0015805145958438516,1.696986172943158e-16,0.5944761037826538,3.468775987625122,0.00010967254638671875,0.1260589063167572,0.7215832471847534,0.5921025276184082,0.005019120406359434,0,-0.00011593634553719312,0.35874760150909424,-0.00020520013640634716,0.48114013671875,3.6018662452697754,0.9740456342697144,242,0.0008115628152154386,1,0,361.1568433946324,0.07067617774009705,0,0,6.100482940673828,1,2.453308582305908
0.4620825946331024,0.09371829777956009,1.436493158340454,0,0.9975282549858093,8.529273986816406,13.89453125,1.436493158340454,0,0,1,6.301062285274384e-07,0.46683341400867256,1432.929418830265,0.00207885866984725,1.0,0.46077099442481995,0,0.3131086230278015,0.04970702901482582,1762984838.978966,1,0,0,1e-06,0,8.738466262817383,0.0028221607208251953,0,0.0,0.07880452275276184,0.0,5.352438449859619,0.32630661129951477,7.194506679297774e-08,0.014043807983398438,0.24492758512496948,11.805292129516602,243,23.704723834991455,0.783218502998352,23.687769412994385,28.16293716430664,0.0010445514926686883,9433.556483895,-0.0019785123877227306,3.045152597678419e-17,0.572113573551178,2.612478256225586,7.43865966796875e-05,0.2722927927970886,0.5713995099067688,0.6473202109336853,0.004244694486260414,0,-6.754390051355585e-05,0.30886393785476685,-0.00015227889525704086,0.4638160169124603,3.1359641551971436,0.9894012808799744,243,0.0009811868658289313,1,0,358.23235470756623,0.06502100825309753,0,0,6.144508361816406,1,2.6371703147888184
0.4805391728878021,0.10680422186851501,1.6146957874298096,0,0.9840046763420105,8.43685245513916,13.89453125,1.6146957874298096,0,0,1,0.0,0.4633128186687361,1422.1230701778138,0.0017916300566866994,1.0,0.47275885939598083,0,0.3660922050476074,0.05119919031858444,1762984868.097673,1,0,0,1e-06,0,8.63496208190918,0.004271507263183594,0,0.0,0.08463563024997711,0.0,4.937658309936523,0.3298218250274658,1.984319908387988e-07,0.021284103393554688,0.30959439277648926,17.424962997436523,244,27.49283766746521,0.7673771977424622,27.473048448562622,34.8292121887207,0.0,9462.961289353,-0.0028759853448718786,2.0036518872366784e-18,0.6511120200157166,2.8351516723632812,6.341934204101562e-05,0.15304207801818848,0.7175230383872986,0.584050178527832,0.0044247787445783615,0,-0.00018099912267643958,0.3616674244403839,0.0,0.4817911982536316,3.1541080474853516,0.9711350798606873,244,0.0008409749716520309,1,0,355.53076754445345,0.06637941300868988,0,0,6.230713844299316,1,2.508389711380005
0.48429104685783386,0.09678012132644653,1.506648302078247,0,0.9309895634651184,9.610289573669434,13.89453125,1.506648302078247,0,0,1,0.0,0.4610246122823753,1415.0994978520532,0.0013744332827627659,1.0,0.4727582335472107,0,0.3817996084690094,0.04960436746478081,1762984897.5241568,1,0,0,1e-06,0,9.145383834838867,0.0036401748657226562,0,0.0,0.08274837583303452,0.0,10.193158149719238,0.3362666964530945,4.120694256926072e-07,0.024629592895507812,0.329527884721756,29.960235595703125,245,27.907835721969604,0.7476125359535217,27.88744831085205,149.75625610351562,0.0,9491.9075278,-0.0024514137767255306,8.015750712553262e-17,0.6401734948158264,3.076923131942749,0.00026154518127441406,0.17761139571666718,0.4763564467430115,0.5588616132736206,0.006339468527585268,0,-6.972401024540886e-05,0.37546011805534363,2.4652124920976348e-05,0.48587751388549805,3.6790175437927246,0.9495493769645691,245,0.0008075096411630511,1,0,353.7748744630133,0.07937611639499664,0,0,6.133514404296875,1,3.2082815170288086
0.4717560112476349,0.11353213340044022,1.3334758281707764,0,0.9889418482780457,9.404349327087402,13.89453125,1.3334758281707764,0,0,1,0.0,0.46299693590623375,1421.1534786924826,0.0011975744273513556,1.0,0.46571362018585205,0,0.33781763911247253,0.05365901440382004,1762984926.4566674,1,0,0,1e-06,0,8.793741226196289,0.010689258575439453,0,0.0,0.09477324038743973,0.0,9.250694274902344,0.33013132214546204,5.219545329282482e-08,0.018848419189453125,0.30135786533355713,13.696660041809082,246,27.596734285354614,0.766547441482544,27.572196006774902,136.93626403808594,0.0,9519.119010381,-0.0019434907007962465,4.56739421924179e-17,0.6735885143280029,2.9336585998535156,6.508827209472656e-05,0.18017135560512543,0.6746145486831665,0.6013688445091248,0.003630151506513357,0,-0.00021462174481712282,0.33418747782707214,-1.196280209114775e-05,0.47301656007766724,3.2498679161071777,0.9704751372337341,246,0.0007803919143043458,1,0,355.28836967312066,0.06014770269393921,0,0,6.789716720581055,1,2.5339298248291016
0.47846081852912903,0.09365773946046829,1.3891198635101318,0,0.9924178123474121,8.139031410217285,13.89453125,1.3891198635101318,0,0,1,0.0,0.4669125027510793,1433.1721790575584,0.002998999785631895,1.0,0.4722146689891815,0,0.3583761155605316,0.03850198909640312,1762984953.676371,1,0,0,1e-06,0,8.623747825622559,0.004191398620605469,0,0.0,0.06812918186187744,0.0,5.008939743041992,0.3128887712955475,1.314079440817295e-07,0.01682281494140625,0.27196207642555237,12.881636619567871,247,25.822093963623047,0.7910789847373962,25.79916286468506,24.24159812927246,0.0,9546.479390049,-0.002188056241720915,1.1699929516360906e-15,0.6321566104888916,2.741844892501831,0.0001373291015625,0.62900310754776,0.6614031195640564,0.6022305488586426,0.003733084537088871,0,-0.00010865993681363761,0.3546430170536041,0.0,0.4795793294906616,3.2308709621429443,0.9853745698928833,247,0.001013176515698433,1,0,358.2930447643896,0.060991935431957245,0,0,6.981473922729492,1,2.7499940395355225
0.47214367985725403,0.10436974465847015,1.4569568634033203,0,0.9925681352615356,9.366599082946777,13.89453125,1.4569568634033203,0,0,1,0.0,0.4743532552889531,1456.011318009076,0.0016144410474225879,1.0,0.46686822175979614,0,0.339860737323761,0.04025347903370857,1762984981.045507,1,0,0,1e-06,0,9.299814224243164,0.0030748844146728516,0,0.0,0.0819183886051178,0.0,5.8241376876831055,0.3264419734477997,2.669776790753531e-07,0.017833709716796875,0.2786272466182709,14.743191719055176,248,25.902873754501343,0.7748690843582153,25.884166717529297,41.739803314208984,0.0,9575.31140747,-0.005064165219664574,3.701726150101201e-16,0.6148218512535095,3.1282081604003906,0.00020313262939453125,0.14378952980041504,0.6107268929481506,0.6084420680999756,0.004569190554320812,0,-0.0001995737402467057,0.3352915346622467,0.0,0.473713219165802,3.3912911415100098,0.9783514142036438,248,0.0011508823372423649,1,0,364.002829502269,0.06744852662086487,0,0,6.517499923706055,1,2.628858804702759
0.48341017961502075,0.10319476574659348,1.4665861129760742,0,0.9727177619934082,9.27715015411377,13.89453125,1.4665861129760742,0,0,1,0.0,0.47981873720252677,1472.7874304017053,0.0010086422553285956,1.0,0.47446057200431824,0,0.37743017077445984,0.06406387686729431,1762985009.8576674,1,0,0,1e-06,0,9.607573509216309,0.0035943984985351562,0,0.0,0.0913962721824646,0.0,4.95502233505249,0.3270748555660248,1.0976571473975127e-07,0.0200042724609375,0.30286335945129395,12.497125625610352,249,27.33656883239746,0.7640587091445923,27.318035364151,24.1057186126709,0.0,9603.896452775,-0.0008505923906341195,8.872965922275845e-17,0.661681592464447,3.3899648189544678,0.00012350082397460938,0.11200803518295288,0.6010507345199585,0.5703168511390686,0.005363128613680601,0,-8.921926928451285e-05,0.37206703424453735,-9.664698882261291e-05,0.4847980737686157,3.7002265453338623,0.9669328927993774,249,0.0004593055055011064,1,0,368.1968576004263,0.07304490357637405,0,0,5.997419357299805,1,2.8198492527008057
0.47892752289772034,0.12476424872875214,1.5059435367584229,0,0.9932584762573242,8.945418357849121,13.89453125,1.5059435367584229,0,0,1,0.0,0.48180726847528266,1478.89116007377,0.0016389680095016956,1.0,0.4736575186252594,0,0.3604404926300049,0.04779824987053871,1762985038.448904,1,0,0,1e-06,0,8.969247817993164,0.005564689636230469,0,0.0,0.09330186992883682,0.0,9.590746879577637,0.3345479369163513,3.956245109293377e-08,0.015233993530273438,0.2790386974811554,28.59488296508789,250,27.083125591278076,0.7613087892532349,27.05863642692566,142.79742431640625,0.0,9629.029537126,-0.0024223937653005123,2.3795260365247223e-15,0.6639686822891235,3.301910400390625,0.0051839351654052734,0.10611343383789062,0.6969958543777466,0.5970494747161865,0.0042354934848845005,0,-7.657209789613262e-05,0.356205016374588,0.0,0.480179101228714,3.4820778369903564,0.9765135645866394,250,0.0008224705816246569,1,0,369.7227900184425,0.06494957953691483,0,0,6.3690690994262695,1,2.9386425018310547
0.4845554232597351,0.12062768638134003,1.248619794845581,0,0.9758617281913757,10.306818962097168,13.89453125,1.248619794845581,0,0,1,2.6226044269606064e-07,0.48243958465817266,1480.8320332702388,0.0015248637646436691,1.0,0.47583630681037903,0,0.38203883171081543,0.05184471607208252,1762985063.5913074,1,0,0,1e-06,0,10.44007682800293,0.010155200958251953,0,0.0,0.09581054747104645,0.0,4.718904495239258,0.3366129994392395,4.961060312780319e-06,0.0172576904296875,0.29796648025512695,14.575969696044922,251,23.89134407043457,0.7626947164535522,23.867735385894775,25.481639862060547,5.528661858988926e-05,9653.123375332,-0.0014770071720704436,2.6832404001711557e-17,0.6736977696418762,3.682819128036499,6.628036499023438e-05,0.2177804857492447,0.6277849078178406,0.5712388157844543,0.005582524463534355,0,-0.0001257322437595576,0.3764563202857971,-0.0001257885742234066,0.485944926738739,4.157285213470459,0.9820050597190857,251,0.0006841739523224533,1,0,370.2080083175597,0.07451649010181427,0,0,6.505962371826172,1,2.9006340503692627
0.4784803092479706,0.12373269349336624,1.5230612754821777,0,0.9913943409919739,10.038970947265625,13.89453125,1.5230612754821777,0,0,1,1.9073486612342094e-07,0.4877563123558691,1497.151549614451,0.00133325660135597,1.0,0.47192925214767456,0,0.36024218797683716,0.049178481101989746,1762985087.6856608,1,0,0,1e-06,0,10.352599143981934,0.010109186172485352,0,0.0,0.09220780432224274,0.0,4.846518516540527,0.3242199122905731,3.468973091003136e-07,0.016901016235351562,0.27712690830230713,12.261259078979492,252,22.569329261779785,0.7803627252578735,22.54837918281555,24.44767189025879,0.0001748800277709961,9681.250931925,-0.002361557213589549,4.851772875419049e-18,0.6380377411842346,3.654723644256592,7.772445678710938e-05,0.2902728319168091,0.654925525188446,0.5993010401725769,0.00554994959384203,0,-0.00014194245159160346,0.3546922206878662,-0.00029288354562595487,0.4801311492919922,3.960679292678833,0.9798398613929749,252,0.0007801236351951957,1,0,374.28788740361273,0.07430034130811691,0,0,6.59016227722168,1,2.7808480262756348
0.4702785313129425,0.11945640295743942,1.6099402904510498,0,0.9971997737884521,7.685114860534668,13.89453125,1.6099402904510498,0,0,1,0.0,0.49074958277139613,1506.3392921971688,0.0015027776826173067,1.0,0.4665781557559967,0,0.33648088574409485,0.019689831882715225,1762985115.8079722,1,0,0,1e-06,0,8.145816802978516,0.004025459289550781,0,0.0,0.07544656842947006,0.0,5.591874122619629,0.3174537718296051,2.91538782448697e-07,0.01383209228515625,0.2675543427467346,19.905113220214844,253,26.502442836761475,0.7913356423377991,26.483334064483643,26.370676040649414,0.0,9709.334226082,-0.0035216379910707474,3.175175691279073e-19,0.6094141006469727,2.0785739421844482,0.00011014938354492188,0.19465723633766174,0.7130309343338013,0.6259478330612183,0.006448640953749418,0,-8.528904436388984e-05,0.33003222942352295,0.0,0.47255995869636536,3.0962307453155518,0.9901669025421143,253,0.0009307466680184007,1,0,376.5848230492922,0.08005330711603165,0,0,6.807670593261719,1,3.092578411102295
0.47660282254219055,0.11317399144172668,1.421966552734375,0,0.9901220202445984,8.808880805969238,13.89453125,1.421966552734375,0,0,1,0.0,0.4909925846089975,1507.0851781416618,0.0017016683705151081,1.0,0.46974217891693115,0,0.35144928097724915,0.06001036986708641,1762985143.8854473,1,0,0,1e-06,0,9.016743659973145,0.003081798553466797,0,0.0,0.09564761817455292,0.0,4.834996700286865,0.3186705708503723,1.3032638435106492e-07,0.0177154541015625,0.29181310534477234,11.34758472442627,254,26.647836685180664,0.7768917083740234,26.628100156784058,20.182043075561523,0.0,9733.75793306,-0.0017362850485369563,1.102103750604581e-16,0.6141812801361084,3.3212718963623047,0.0003070831298828125,0.24355995655059814,0.7259588837623596,0.5973013639450073,0.002770673483610153,0,-9.063236211659387e-05,0.3486786186695099,0.0,0.47747382521629333,3.4796133041381836,0.9731332063674927,254,0.0008779374184086919,1,0,376.77129453541545,0.05256981775164604,0,0,6.421093940734863,1,2.5462846755981445
0.4807940423488617,0.11886779963970184,1.473881721496582,0,0.9902870655059814,9.625055313110352,13.89453125,1.473881721496582,0,0,1,4.7683716530855236e-08,0.4919334782580643,1509.973219462786,0.0017548662144690752,1.0,0.4722214639186859,0,0.36613327264785767,0.057252541184425354,1762985168.315438,1,0,0,1e-06,0,9.80941104888916,0.009557962417602539,0,0.0,0.09275258332490921,0.0,5.251357078552246,0.32385045289993286,1.3038980739565886e-07,0.01753997802734375,0.3129831552505493,13.086555480957031,255,22.953546047210693,0.7813674211502075,22.93091869354248,39.205604553222656,0.005160725209861994,9764.068878505,-0.002980461809784174,3.8076315252885823e-19,0.6840069890022278,3.4947457313537598,0.0001938343048095703,0.22204868495464325,0.8284823894500732,0.5893538594245911,0.003582517383620143,0,-0.00022763648303225636,0.3625507652759552,-6.30242720944807e-05,0.4818040430545807,3.9520740509033203,0.9853672385215759,255,0.0012945678317919374,1,0,377.4933048656965,0.05975395441055298,0,0,6.527683258056641,1,3.0108797550201416
0.4808148145675659,0.11570841819047928,1.5292892456054688,0,0.9868882894515991,9.228464126586914,13.89453125,1.5292892456054688,0,0,1,0.0,0.482654845066505,1481.4927678332604,0.0020581691060215235,1.0,0.47205182909965515,0,0.3684210479259491,0.04317563772201538,1762985198.6349814,1,0,0,1e-06,0,9.427769660949707,0.005404472351074219,0,0.0,0.0801173597574234,0.0,5.659557819366455,0.3285248279571533,7.483101427396832e-08,0.019168853759765625,0.2857913672924042,16.66843032836914,256,28.787495136260986,0.7720169425010681,28.764413833618164,58.47026824951172,0.0,9792.73519214,-0.002582527231425047,4.392436586136209e-17,0.6481139659881592,3.293489694595337,0.005229473114013672,0.22851893305778503,0.8833281397819519,0.5885429978370667,0.005776636768132448,0,-0.00010473497241036966,0.36264440417289734,0.0,0.48242804408073425,3.7113091945648193,0.9808196425437927,256,0.0010787767823785543,1,0,370.3731919583151,0.07579245418310165,0,0,6.275505065917969,1,2.9867472648620605
0.44204235076904297,0.09167617559432983,1.3269710540771484,0,0.9980202913284302,7.595217227935791,13.89453125,1.3269710540771484,0,0,1,0.0,0.4788983619437657,1469.9623695875757,0.0019302982836961746,1.0,0.4454689621925354,0,0.2702960968017578,0.055437009781599045,1762985227.2969499,1,0,0,1e-06,0,7.777326583862305,0.01302480697631836,0,0.0,0.0801040306687355,0.0,6.937525272369385,0.3085900545120239,2.836578083531549e-08,0.012567520141601562,0.23675253987312317,13.000914573669434,257,27.332279682159424,0.8077815771102905,27.307541131973267,78.15144348144531,0.0,9820.98825302,-0.001784457010217011,2.2654529794665478e-17,0.5628551840782166,1.633760929107666,7.510185241699219e-05,0.15539109706878662,0.5624899864196777,0.6769541501998901,0.0040592169389128685,0,-5.336864705896005e-05,0.2662368714809418,-6.316442886600271e-05,0.44416576623916626,2.3703978061676025,0.9932029843330383,257,0.0007988357683643699,1,0,367.49059239689393,0.06359013170003891,0,0,6.523664474487305,1,2.403275966644287
0.47861242294311523,0.12987998127937317,1.3598828315734863,0,0.9933330416679382,10.051371574401855,13.89453125,1.3598828315734863,0,0,1,0.0,0.48061880556697656,1475.2432132614863,0.0012153080897405744,1.0,0.4728696048259735,0,0.35999998450279236,0.04620559513568878,1762985255.5507302,1,0,0,1e-06,0,9.139430046081543,0.003260374069213867,0,0.0,0.09209862351417542,0.0,23.04981231689453,0.33969539403915405,2.1644319758706843e-07,0.015106201171875,0.2668609917163849,179.3673553466797,258,26.885591745376587,0.7563436627388,26.86850643157959,358.7345275878906,0.0,9849.559867125,-0.0024616781156510115,6.856470318949994e-17,0.6355217695236206,2.8735647201538086,0.002218961715698242,0.14866560697555542,0.9029048085212708,0.5949641466140747,0.00485549122095108,0,-0.00016101117944344878,0.3551445007324219,-0.00013009467511437833,0.4800555109977722,4.190528392791748,0.9786230325698853,258,0.0006748405285179615,1,0,368.8108033153716,0.0695200189948082,0,0,6.302309989929199,1,11.466906547546387
0.4791487157344818,0.10643117129802704,1.4358699321746826,0,0.9908299446105957,8.899989128112793,13.89453125,1.4358699321746826,0,0,1,0.0,0.477242856229016,1464.8808506334453,0.0013137554051354527,1.0,0.4726913571357727,0,0.3604084253311157,0.029837409034371376,1762985284.1210864,1,0,0,1e-06,0,9.686772346496582,0.0031430721282958984,0,0.0,0.07242677360773087,0.0,5.328949451446533,0.3213885426521301,4.332359537784214e-07,0.015996932983398438,0.2753768861293793,13.011305809020996,259,27.132160186767578,0.7775412201881409,27.10921359062195,26.16956901550293,0.0,9877.461290153,-0.0011028664885088801,1.4393648670000193e-20,0.6124867796897888,2.5882232189178467,0.00731348991394043,0.1611613929271698,0.721691370010376,0.592504620552063,0.0034810861106961966,0,-8.212008833652362e-05,0.35692736506462097,-0.000199678645003587,0.4801746606826782,3.4994962215423584,0.9811587929725647,259,0.0005756669561378658,1,0,366.22021265836133,0.05890478193759918,0,0,6.368495941162109,1,3.123987913131714
0.4641716778278351,0.0967564582824707,1.4010322093963623,0,0.9963769316673279,8.606006622314453,13.89453125,1.4010322093963623,0,0,1,0.0,0.48002901299589995,1473.4328648572318,0.0009225403191521764,1.0,0.4609530568122864,0,0.3187812566757202,0.03153826668858528,1762985312.0233314,1,0,0,1e-06,0,9.432239532470703,0.012220144271850586,0,0.0,0.06628948450088501,0.0,5.28054141998291,0.3228054344654083,1.0961251746266498e-06,0.014156341552734375,0.25561413168907166,10.652987480163574,260,26.498575448989868,0.7791378498077393,26.47263741493225,24.004255294799805,0.0,9906.812983785,-0.003419409040361643,6.404408173255884e-16,0.6040961146354675,2.6275553703308105,8.392333984375e-05,0.15208964049816132,0.6236414909362793,0.6343169808387756,0.004774897824972868,0,-0.00014321994967758656,0.31400635838508606,0.0,0.46605703234672546,2.9759557247161865,0.9804573059082031,260,0.0008905627182684839,1,0,368.35821621430796,0.06894329935312271,0,0,7.029507637023926,1,2.533660650253296
0.47953176498413086,0.11310869455337524,1.6232306957244873,0,0.9942633509635925,8.601285934448242,13.89453125,1.6232306957244873,0,0,1,0.0,0.47797262641120375,1467.1208555938067,0.001335224020294845,1.0,0.4723677635192871,0,0.361872136592865,0.03005639649927616,1762985341.374644,1,0,0,1e-06,0,9.235597610473633,0.004093170166015625,0,0.0,0.07223949581384659,0.0,6.004269599914551,0.31926387548446655,2.9431890880005085e-07,0.014812469482421875,0.25354406237602234,14.146660804748535,261,27.716652393341064,0.7872211933135986,27.699204683303833,25.570497512817383,0.0,9931.98946431,-0.003912176005542278,6.168337009608329e-19,0.5921965837478638,2.7238051891326904,0.0003459453582763672,0.1011962965130806,0.7640148997306824,0.6010288596153259,0.0036529679782688618,0,-0.00025433007976971567,0.358219176530838,0.0,0.4805969297885895,3.4603865146636963,0.9876416325569153,261,0.001081703114323318,1,0,366.7802138984517,0.06033618375658989,0,0,6.166960716247559,1,3.26497220993042
0.46176677942276,0.10711713135242462,1.370208740234375,0,0.9968268871307373,8.902754783630371,13.89453125,1.370208740234375,0,0,1,7.152557657263969e-08,0.47618762533920633,1461.641855008255,0.0015154803404584527,1.0,0.4596439301967621,0,0.313232421875,0.04462577775120735,1762985366.5507898,1,0,0,1e-06,0,8.973666191101074,0.00512242317199707,0,0.0,0.08064863085746765,0.0,5.929393768310547,0.31533733010292053,6.609623426356848e-08,0.013774871826171875,0.2572876811027527,11.81606674194336,262,23.803240537643433,0.7915494441986084,23.780961275100708,24.431623458862305,0.0004072040319442749,9960.087420454,-0.002747622551396489,2.44475910105232e-17,0.621829628944397,2.446760416030884,0.005227804183959961,0.3027639389038086,0.6494041681289673,0.6419156193733215,0.005126953125,0,-0.00022373037063516676,0.30810546875,-0.00013013934949412942,0.46386462450027466,3.3458852767944336,0.9832396507263184,262,0.0010529448045417666,1,0,365.4104637520638,0.07142768055200577,0,0,6.61650276184082,1,3.052936315536499
0.46315792202949524,0.1088019385933876,1.2992849349975586,0,0.9973368048667908,9.013999938964844,13.89453125,1.2992849349975586,0,0,1,0.0,0.47858526839171783,1469.0013394896591,0.001626762910746038,1.0,0.46072128415107727,0,0.3145774006843567,0.056420791894197464,1762985394.6493762,1,0,0,1e-06,0,9.684558868408203,0.0030121803283691406,0,0.0,0.08440915495157242,0.0,5.61954402923584,0.31407302618026733,5.022224058848224e-07,0.01180267333984375,0.23051421344280243,12.130971908569336,263,26.78739285469055,0.7947019338607788,26.772310256958008,23.46862030029297,0.0,9988.813590156,-0.004387339577078819,2.396757375836046e-19,0.545293927192688,2.5828638076782227,0.00019073486328125,0.1285286396741867,0.6567406058311462,0.6367258429527283,0.003086419776082039,0,-0.0001768268266459927,0.3114909827709198,-3.7229568988550454e-05,0.4644024670124054,3.1527063846588135,0.9889402389526367,263,0.0010444304207339883,1,0,367.2503348724148,0.055476341396570206,0,0,5.947660446166992,1,2.7880399227142334
0.480459064245224,0.10387630760669708,1.5117294788360596,0,0.9903762936592102,8.445134162902832,13.89453125,1.5117294788360596,0,0,1,0.0,0.47665450500617107,1463.074926398974,0.002282608998939395,1.0,0.47421038150787354,0,0.36565157771110535,0.03297486528754234,1762985423.375536,1,0,0,1e-06,0,9.032190322875977,0.005518913269042969,0,0.0,0.07146312296390533,0.0,4.883737087249756,0.3366759121417999,1.026769069767397e-07,0.016473770141601562,0.2798163592815399,15.828934669494629,264,27.211970806121826,0.7589715719223022,27.188616275787354,20.48450469970703,0.0,10017.828370457,-0.0012688810238614678,1.8454009036808922e-17,0.6271824240684509,2.752349853515625,0.005213499069213867,0.07147318124771118,0.7414067387580872,0.5882598757743835,0.004254366271197796,0,-7.546540291514248e-05,0.3613972067832947,-6.05620261922013e-05,0.48166635632514954,3.232330322265625,0.9683396816253662,264,0.0006861246656626463,1,0,365.7687315997435,0.06509389728307724,0,0,6.388191223144531,1,2.6290442943573
0.4810192584991455,0.11588243395090103,1.4294118881225586,0,0.9884272217750549,9.985206604003906,13.89453125,1.4294118881225586,0,0,1,0.0,0.4822001339966348,1480.0970475408978,0.001156009268015623,1.0,0.47376343607902527,0,0.36905544996261597,0.02788200043141842,1762985452.3882856,1,0,0,1e-06,0,10.184934616088867,0.013031959533691406,0,0.0,0.08532775193452835,0.0,6.37525749206543,0.3275395929813385,1.2542130889414693e-07,0.01573944091796875,0.28075534105300903,32.492862701416016,265,27.580957174301147,0.7724106311798096,27.555946111679077,64.98197937011719,0.0,10042.325712027,-0.0012453132076188922,7.596864465122939e-17,0.6502658128738403,3.7107436656951904,7.605552673339844e-05,0.158487468957901,0.6934325098991394,0.5860047340393066,0.005698005668818951,0,-1.9753053493332118e-05,0.36335745453834534,0.0,0.4826018810272217,3.9405910968780518,0.9786219000816345,265,0.00064614147413522,1,0,370.02426188522446,0.07527801394462585,0,0,6.464942932128906,1,3.3191559314727783
0.46933966875076294,0.1169530600309372,1.4678688049316406,0,0.9961498975753784,9.396944046020508,13.89453125,1.4678688049316406,0,0,1,1.6490618008901947e-06,0.4834195593837377,1483.8400326375381,0.002110087778419256,1.0,0.4661143124103546,0,0.33289986848831177,0.040726467967033386,1762985476.8757493,1,0,0,1e-06,0,10.01512622833252,0.004760026931762695,0,0.0,0.08882372081279755,0.0,5.374398231506348,0.32671165466308594,2.7260174562115935e-08,0.01483917236328125,0.27006563544273376,16.20965576171875,266,23.01745891571045,0.7766095399856567,22.99352526664734,41.9337272644043,0.0012580454349517822,10071.67612666,-0.0020768153481185436,1.337198075987257e-16,0.6514067649841309,3.0331177711486816,0.00545501708984375,0.3323552906513214,0.7289755344390869,0.6209035515785217,0.005461638793349266,0,-0.00014297694724518806,0.32743823528289795,-0.000202474751858972,0.4713123142719269,3.4494495391845703,0.9802516102790833,266,0.0008932111668400466,1,0,370.96000815938453,0.07371038943529129,0,0,6.556068420410156,1,2.5795674324035645
0.4723382294178009,0.10618732124567032,1.3418152332305908,0,0.9960276484489441,9.2153902053833,13.89453125,1.3418152332305908,0,0,1,0.0,0.4812999889104744,1477.3340825592375,0.0006530763930641115,1.0,0.4678408205509186,0,0.34006211161613464,0.04326212406158447,1762985506.2290738,1,0,0,1e-06,0,9.316062927246094,0.0031218528747558594,0,0.0,0.08007720857858658,0.0,6.789869785308838,0.32018905878067017,1.4417523175325186e-07,0.0140838623046875,0.24363355338573456,11.88153076171875,267,28.003828763961792,0.7896776795387268,27.985039710998535,58.37841796875,0.0,10095.915779336,-0.0016674891812726855,1.5298912224321385e-17,0.5789676904678345,2.597264289855957,7.200241088867188e-05,0.12538345158100128,0.7933629751205444,0.6160776019096375,0.004214729648083448,0,-0.00011860900849569589,0.3358473777770996,-2.271607991133351e-05,0.4737823009490967,3.406644821166992,0.9878911375999451,267,0.0006425606552511454,1,0,369.33352063980936,0.06479117274284363,0,0,6.117134094238281,1,2.9522042274475098
0.4664280414581299,0.1216123029589653,1.373345136642456,0,0.9968672394752502,9.384106636047363,13.89453125,1.373345136642456,0,0,1,4.7683716530855236e-08,0.4817246314330068,1478.637508459706,0.0013465594965964556,1.0,0.46373310685157776,0,0.3243177831172943,0.0371214784681797,1762985530.4777405,1,0,0,1e-06,0,9.289115905761719,0.009897232055664062,0,0.0,0.08082884550094604,0.0,5.58639669418335,0.32399237155914307,1.044246147330341e-07,0.014314651489257812,0.25529882311820984,15.790389060974121,268,22.872463941574097,0.7880096435546875,22.84875774383545,34.737525939941406,0.0002537874097470194,10120.731691842,-0.0018194729927927256,2.5442512270773406e-18,0.5836970210075378,2.764072895050049,0.0004456043243408203,0.13636034727096558,0.7082400321960449,0.6330180168151855,0.00458826357498765,0,-0.00013235672668088228,0.3197295367717743,4.675950094679138e-06,0.4681759178638458,3.6543688774108887,0.9888644218444824,268,0.0007865395164117217,1,0,369.6593771149265,0.06758930534124374,0,0,5.465174674987793,1,3.3676857948303223
0.4740467071533203,0.09227767586708069,1.5629327297210693,0,0.9953444600105286,9.463033676147461,13.89453125,1.5629327297210693,0,0,1,1.2914340175029793e-07,0.4772266671036433,1464.8311586591444,0.0017182693118229508,1.0,0.46918195486068726,0,0.34547677636146545,0.05081195384263992,1762985555.2949965,1,0,0,1e-06,0,9.827360153198242,0.0031795501708984375,0,0.0,0.07928242534399033,0.0,4.4940948486328125,0.330822616815567,1.196603847120059e-07,0.01636505126953125,0.2410997599363327,11.6712007522583,269,23.24486541748047,0.7751959562301636,23.229005813598633,22.945308685302734,0.0005028910236433148,10148.832126248,-0.00463892100378871,7.813919470270936e-18,0.5643638372421265,3.153085231781006,0.000278472900390625,0.19481636583805084,0.4827331304550171,0.6104269623756409,0.004645476583391428,0,-7.624049612786621e-05,0.34083130955696106,-2.5710365662234835e-05,0.4755816161632538,3.471752882003784,0.9849362969398499,269,0.0012585928197950125,1,0,366.2077896647861,0.06800755113363266,0,0,6.282944679260254,1,2.3762173652648926
0.4704410135746002,0.09724968671798706,1.4296417236328125,0,0.9964621663093567,9.206542015075684,13.89453125,1.4296417236328125,0,0,1,0.0,0.4779382652204702,1467.0153850777929,0.00164661870803684,1.0,0.4672074019908905,0,0.33464568853378296,0.04139940068125725,1762985583.3870823,1,0,0,1e-06,0,9.809503555297852,0.003512859344482422,0,0.0,0.07265123724937439,0.0,9.81576919555664,0.33541926741600037,8.68093081862753e-08,0.01395416259765625,0.22602578997612,13.020578384399414,270,26.65492010116577,0.7739261984825134,26.632604837417603,142.6935272216797,0.0,10177.32925403,-0.00257635279558599,6.39966677398473e-17,0.5493019223213196,2.9808638095855713,0.004651784896850586,0.1561117172241211,0.6763583421707153,0.6236025094985962,0.004155730828642845,0,-9.039536234922707e-05,0.3304899334907532,0.0,0.4719180464744568,3.4715940952301025,0.98313969373703,270,0.0008004662813618779,1,0,366.7538462694482,0.06433790922164917,0,0,6.193153381347656,1,3.013275384902954
0.47449618577957153,0.11135448515415192,1.4470350742340088,0,0.9927354454994202,9.510848999023438,13.89453125,1.4470350742340088,0,0,1,0.0,0.48027551210673686,1474.1894855639648,0.0008116256212815642,1.0,0.46929964423179626,0,0.34565499424934387,0.042663272470235825,1762985611.8953018,1,0,0,1e-06,0,10.629502296447754,0.005061149597167969,0,0.0,0.08313693851232529,0.0,5.549644470214844,0.3245720863342285,7.144376468204428e-08,0.016094207763671875,0.23179219663143158,13.148965835571289,271,27.058399200439453,0.7777804136276245,27.03419589996338,20.96561622619629,0.0,10206.38769769,-0.0010968523565679789,2.576255878952783e-18,0.5324617028236389,3.0714924335479736,0.005300283432006836,0.12426243722438812,0.675976574420929,0.6079692244529724,0.003458711551502347,0,-0.00010340874723624438,0.3421962857246399,-6.48121495032683e-05,0.4756327271461487,3.6253769397735596,0.977015495300293,271,0.0005199249717406929,1,0,368.5473713909912,0.05871536582708359,0,0,5.548076629638672,1,2.8316233158111572
0.4782552123069763,0.11032181233167648,1.3745076656341553,0,0.9951150417327881,10.80886459350586,13.89453125,1.3745076656341553,0,0,1,0.0,0.47535109490534744,1459.0741530562243,0.0008498332463204861,1.0,0.4708629846572876,0,0.35932278633117676,0.04937314987182617,1762985640.9420793,1,0,0,1e-06,0,11.525504112243652,0.004804134368896484,0,0.0,0.08887645602226257,0.0,5.524754047393799,0.32066774368286133,4.2249035914210253e-07,0.014379501342773438,0.23616667091846466,12.127121925354004,272,27.664883613586426,0.7883383631706238,27.64474368095398,37.576087951660156,0.0,10230.443711653,-0.0015555963618680835,5.6501829054965636e-18,0.5577406883239746,3.5455684661865234,0.00011134147644042969,0.1426144242286682,0.5470826029777527,0.6015123128890991,0.005346402060240507,0,-4.3484345951583236e-05,0.35397636890411377,0.0,0.47985541820526123,4.136364459991455,0.9874294996261597,272,0.0005816803895868361,1,0,364.7685382640561,0.07293149828910828,0,0,6.372932434082031,1,2.8720269203186035
0.47994092106819153,0.09740926325321198,1.3480634689331055,0,0.993390679359436,10.174288749694824,13.89453125,1.3480634689331055,0,0,1,1.4305115314527939e-07,0.47804885702766015,1467.3548428998954,0.0012726287823170424,1.0,0.47233957052230835,0,0.3640404939651489,0.0366942472755909,1762985665.0076098,1,0,0,1e-06,0,10.22687816619873,0.002956867218017578,0,0.0,0.07871122658252716,0.0,4.704488754272461,0.3216070234775543,2.774524432425096e-07,0.014129638671875,0.23483771085739136,13.756123542785645,273,22.705777883529663,0.7780853509902954,22.69095015525818,28.4672794342041,2.3815366148483008e-05,10259.397380522,-0.001200957573018968,1.1546021909309125e-17,0.547998309135437,3.4949421882629395,0.0002605915069580078,0.16675837337970734,0.6706743240356445,0.5934157967567444,0.004445542115718126,0,-0.00013705574383493513,0.3595949411392212,-0.00015597882156725973,0.48121950030326843,3.752267599105835,0.9809126853942871,273,0.0006549496320076287,1,0,366.83871072497385,0.06653475016355515,0,0,5.40925407409668,1,2.815732002258301
0.4732160270214081,0.10588537901639938,1.5184669494628906,0,0.9949043989181519,10.652925491333008,13.89453125,1.5184669494628906,0,0,1,0.0,0.4781849550332519,1467.7725911377129,0.00227722292765975,1.0,0.4689309597015381,0,0.3414369523525238,0.052261047065258026,1762985693.951879,1,0,0,1e-06,0,10.445731163024902,0.0037741661071777344,0,0.0,0.08784948289394379,0.0,8.63479232788086,0.3169165253639221,1.1307845682040352e-07,0.014316558837890625,0.2437725067138672,17.76116180419922,274,27.413706064224243,0.7891057729721069,27.3950092792511,124.09294891357422,0.0,10283.727048469,-0.001370907761156559,1.7811190284085349e-19,0.6236028075218201,2.850417375564575,9.226799011230469e-05,0.19261734187602997,0.5915591716766357,0.611785352230072,0.0030388538725674152,0,-0.0001982559188036248,0.3383980989456177,-0.0002977927215397358,0.4742431640625,3.832095146179199,0.9839857816696167,274,0.0008351451251655817,1,0,366.9431477844282,0.05504795163869858,0,0,6.173277854919434,1,3.185940980911255
0.4865892231464386,0.08954507857561111,1.4756364822387695,0,0.9943041205406189,13.608156204223633,13.89453125,1.4756364822387695,0,0,1,4.917383193969727e-07,0.475954799761117,1460.9272047491067,0.0008530966588295996,1.0,0.47832411527633667,0,0.38906288146972656,0.03733912855386734,1762985718.289913,1,0,0,1e-06,0,11.217377662658691,0.003370523452758789,0,0.0,0.06791277229785919,0.0,48.4113655090332,0.33040833473205566,3.1446724335637555e-08,0.012409210205078125,0.24177344143390656,120.20856475830078,275,22.850094079971313,0.7723245024681091,22.8326256275177,780.566650390625,0.0002451340260449797,10312.461098223,-0.0016116799088194966,1.3656207783503792e-19,0.6082391738891602,3.8364219665527344,0.0002422332763671875,0.19615961611270905,0.541103184223175,0.5742287635803223,0.004336304496973753,0,-0.00015647648251615465,0.3847265839576721,-5.31509613210801e-06,0.4875963628292084,4.797396659851074,0.9796631336212158,275,0.0006402752478606999,1,0,365.2318011872767,0.06571560353040695,0,0,6.248456954956055,1,7.983916759490967
0.47595807909965515,0.12738709151744843,1.478653907775879,0,0.9924069046974182,9.487826347351074,13.89453125,1.478653907775879,0,0,1,0.0,0.47719268336023707,1464.726846704971,0.0011126925237476826,1.0,0.4696502983570099,0,0.35069602727890015,0.048879604786634445,1762985747.0162303,1,0,0,1e-06,0,9.562177658081055,0.010105371475219727,0,0.0,0.09431259334087372,0.0,5.295649528503418,0.34143689274787903,3.9633221149415476e-08,0.01866912841796875,0.28077325224876404,12.92408275604248,276,27.245399475097656,0.7635737061500549,27.220906257629395,21.529521942138672,0.0,10340.507974779,-0.005092306528240442,7.079567547600446e-18,0.6679785251617432,2.830595016479492,0.00010776519775390625,0.12756921350955963,0.7342652678489685,0.5989291071891785,0.004041311331093311,0,-0.00024372406187467277,0.3466547131538391,0.0,0.47724151611328125,3.8250629901885986,0.9796207547187805,276,0.0011413702741265297,1,0,366.18171167624274,0.06344984471797943,0,0,6.339397430419922,1,3.2983028888702393
0.4835161566734314,0.09196298569440842,1.3746602535247803,0,0.9808985590934753,11.698749542236328,13.89453125,1.3746602535247803,0,0,1,0.0,0.47840396244560146,1468.4448270031855,0.0011313471477478743,1.0,0.4736280143260956,0,0.37497150897979736,0.029411211609840393,1762985775.0712006,1,0,0,1e-06,0,10.029861450195312,0.0034208297729492188,0,0.0,0.06736544519662857,0.0,29.781261444091797,0.32147055864334106,2.736784665557934e-07,0.017820358276367188,0.3143768608570099,54.849853515625,277,26.67756986618042,0.7891347408294678,26.65519642829895,493.6479797363281,0.0,10370.098519134,-0.001561211422085762,1.986981664653109e-19,0.6984320282936096,3.529498815536499,0.0077478885650634766,0.22121661901474,0.6607616543769836,0.5779311656951904,0.0025074081495404243,0,-0.00019541294022928923,0.3724640905857086,0.0,0.48417070508003235,4.2669172286987305,0.9875398278236389,277,0.000696251867339015,1,0,367.1112067507964,0.05001690983772278,0,0,6.278947830200195,1,4.58223819732666
0.4857221245765686,0.1197730079293251,1.3911762237548828,0,0.9856544137001038,9.599607467651367,13.89453125,1.3911762237548828,0,0,1,0.0,0.4768254302211134,1463.5995755812326,0.001475297030992806,1.0,0.47637125849723816,0,0.3864157795906067,0.03714270144701004,1762985804.6556976,1,0,0,1e-06,0,10.420455932617188,0.0032541751861572266,0,0.0,0.0764286145567894,0.0,8.450178146362305,0.31616654992103577,4.0375797993874585e-07,0.018283843994140625,0.2570870816707611,12.939220428466797,278,28.185319662094116,0.7866300344467163,28.165457725524902,113.66824340820312,0.0,10398.625479073,-0.0012547491351142526,3.9909595127499215e-18,0.6371434330940247,3.2407467365264893,0.0001289844512939453,0.1226714625954628,0.8103633522987366,0.5780785083770752,0.005277650430798531,0,-9.175991726806387e-05,0.3811381459236145,0.0,0.48698359727859497,3.875335693359375,0.9774033427238464,278,0.0006075975834392011,1,0,365.89989389530814,0.07246379554271698,0,0,6.377171516418457,1,3.219527006149292
0.4818878769874573,0.0954027995467186,1.4830472469329834,0,0.9939040541648865,9.7089262008667,13.89453125,1.4830472469329834,0,0,1,0.0,0.47744493287440926,1465.5011180807903,0.0015843418659642339,1.0,0.4753826856613159,0,0.3727738559246063,0.026328392326831818,1762985833.1885307,1,0,0,1e-06,0,11.111808776855469,0.01428675651550293,0,0.0,0.06254957616329193,0.0,5.811057090759277,0.31175822019577026,6.919272266259213e-08,0.017080307006835938,0.2528897821903229,15.014395713806152,279,27.046895027160645,0.8034112453460693,27.018192052841187,28.235885620117188,0.0,10427.198255933,-0.0020480246748775244,2.0500553495830137e-19,0.6158884763717651,2.866992950439453,8.082389831542969e-05,0.12849906086921692,0.6109704375267029,0.597312331199646,0.006343010347336531,0,-0.0001253794034710154,0.3664308488368988,0.0,0.4836016595363617,3.944939136505127,0.990001916885376,279,0.0007268924382515252,1,0,366.3752795201976,0.0793997123837471,0,0,6.315717697143555,1,3.4261727333068848
0.48796024918556213,0.10112550854682922,1.4326157569885254,0,0.9858204126358032,10.494298934936523,13.89453125,1.4326157569885254,0,0,1,0.0,0.4773306093053383,1465.15020574146,0.002133372239768505,1.0,0.4793011546134949,0,0.3944457471370697,0.018739262595772743,1762985861.7559304,1,0,0,1e-06,0,11.219307899475098,0.003089427947998047,0,0.0,0.061976078897714615,0.0,6.118767738342285,0.32012808322906494,3.085980608830141e-07,0.016057968139648438,0.2672540545463562,14.20378303527832,280,27.127177000045776,0.7849618792533875,27.105820417404175,30.934368133544922,0.0,10452.619323482,-0.001697054598480463,4.117645945875174e-18,0.6425773501396179,3.6791694164276123,0.00011968612670898438,0.35487350821495056,0.7218385338783264,0.5726639628410339,0.003765591885894537,0,-5.311473796609789e-05,0.3906801640987396,-6.431719521060586e-05,0.4887888431549072,4.2420244216918945,0.9781404733657837,280,0.0007848555687814951,1,0,366.287551435365,0.061255984008312225,0,0,6.446465492248535,1,3.3746800422668457
0.49547913670539856,0.1018587276339531,1.4751718044281006,0,0.9702735543251038,13.0677490234375,13.89453125,1.4751718044281006,0,0,1,2.6226044269606064e-07,0.4790169345594831,1470.3263242322746,0.0015585015062242746,1.0,0.4865178167819977,0,0.4387016296386719,0.014600396156311035,1762985887.1786215,1,0,0,1e-06,0,13.49677848815918,0.007832050323486328,0,0.0,0.06300559639930725,0.0,8.677661895751953,0.33585187792778015,1.1343917094563949e-06,0.012889862060546875,0.2776159346103668,22.97195053100586,281,23.94517421722412,0.7703378796577454,23.920427322387695,114.7869644165039,0.0011021874379366636,10480.732928012,-0.0020631945226341486,1.716490347324607e-18,0.6857073903083801,5.614594459533691,0.00522160530090332,0.17380017042160034,0.6026358008384705,0.5408806204795837,0.006242197472602129,0,-8.958810940384865e-05,0.43245944380760193,-5.6676410167710856e-05,0.4962902367115021,5.876757621765137,0.9825137257575989,281,0.0007493978482671082,1,0,367.58158105806865,0.07877042889595032,0,0,6.346347808837891,1,3.9490251541137695
0.4893033802509308,0.10525696724653244,1.3213520050048828,0,0.9818429350852966,11.111099243164062,13.89453125,1.3213520050048828,0,0,1,0.0,0.47913420348640634,1470.6862772481911,0.0007563236285932362,1.0,0.4806586802005768,0,0.4007844924926758,0.024186864495277405,1762985915.2850726,1,0,0,1e-06,0,12.171470642089844,0.004969358444213867,0,0.0,0.06939490884542465,0.0,6.81643009185791,0.33181673288345337,7.959679919622431e-07,0.015668869018554688,0.28194236755371094,16.644071578979492,282,26.782532215118408,0.7750778794288635,26.75757336616516,40.914512634277344,0.0,10505.549021637,-0.0013447125675156713,1.4251151663358553e-21,0.6739698052406311,4.647284030914307,0.005379438400268555,0.09689094871282578,0.6351145505905151,0.5624369978904724,0.003922473173588514,0,-0.00010658814426278695,0.3968620002269745,-4.4585627620108426e-05,0.4901140034198761,4.941997528076172,0.9821550846099854,282,0.0005409333389252424,1,0,367.6715693120478,0.06251391023397446,0,0,6.389646530151367,1,3.889814853668213
0.49027392268180847,0.09310705959796906,1.4167487621307373,0,0.97682124376297,11.760515213012695,13.89453125,1.4167487621307373,0,0,1,4.172325134277344e-07,0.478984608611863,1470.227100826352,0.00169790955260396,1.0,0.48127689957618713,0,0.4041845202445984,0.034278444945812225,1762985940.1120715,1,0,0,1e-06,0,12.445920944213867,0.00325775146484375,0,0.0,0.06797625869512558,0.0,6.0652360916137695,0.31319621205329895,1.531814319832847e-07,0.01471710205078125,0.23859864473342896,14.887810707092285,283,23.39847183227539,0.8055828213691711,23.381950616836548,26.149412155151367,0.034278444945812225,10530.937219062,-0.001158788800239563,2.5117804589267246e-19,0.6331064701080322,4.680665969848633,0.00011897087097167969,0.12130531668663025,0.6631945967674255,0.5648506283760071,0.002615311648696661,0,-5.348485865397379e-05,0.4015691876411438,-0.0003381516726221889,0.49079185724258423,4.951927185058594,0.9935603737831116,283,0.0006885328912176192,1,0,367.556775206588,0.051079265773296356,0,0,6.06144905090332,1,3.7330968379974365
0.48929259181022644,0.09323199838399887,1.4806993007659912,0,0.9403581023216248,11.022275924682617,13.89453125,1.4806993007659912,0,0,1,1.5497207073167374e-07,0.47934287400617,1471.3267843705162,0.0021714221220463514,1.0,0.4761545658111572,0,0.40022754669189453,0.04305728152394295,1762985965.489834,1,0,0,1e-06,0,11.930882453918457,0.005087852478027344,0,0.0,0.07512739300727844,0.0,7.535281658172607,0.33045071363449097,2.2511403585667722e-07,0.018167495727539062,0.2745291590690613,38.9589958190918,284,23.89448642730713,0.7661959528923035,23.872698068618774,70.51031494140625,3.7693978811148554e-05,10559.578720267,-0.0019134969916194677,4.3897477483134e-21,0.6114626526832581,4.113993167877197,0.00011467933654785156,0.10315787047147751,0.7030993103981018,0.5514885783195496,0.003412969410419464,0,-0.00013538477651309222,0.3968145549297333,-7.978433859534562e-05,0.4900000989437103,4.769861221313477,0.9706537127494812,284,0.0007631413172930479,1,0,367.83169609262904,0.05832747742533684,0,0,6.292688369750977,1,4.345625400543213
0.49496108293533325,0.09212808310985565,1.4357080459594727,0,0.9513856172561646,10.934103012084961,13.89453125,1.4357080459594727,0,0,1,0.0,0.4794660056870981,1471.70473291211,0.0013481968780979514,1.0,0.4858294725418091,0,0.432875394821167,0.019513914361596107,1762985994.1338842,1,0,0,1e-06,0,12.398173332214355,0.003283977508544922,0,0.0,0.05939765274524689,0.0,6.833812713623047,0.3291265368461609,1.6634317034913693e-07,0.012943267822265625,0.24936851859092712,14.054004669189453,285,27.200767993927002,0.7736005783081055,27.179032564163208,33.54412078857422,0.0,10588.431847139,-0.001491993316449225,2.8910412188186393e-19,0.6643854975700378,4.527697563171387,0.0022978782653808594,0.09826004505157471,0.6155176162719727,0.5394247174263,0.004097372759133577,0,-4.659259502659552e-05,0.4287780225276947,-3.015521724591963e-05,0.4955335259437561,4.882302284240723,0.9792177677154541,285,0.0006109160021878779,1,0,367.9261832280275,0.06388714909553528,0,0,6.446288108825684,1,3.9088733196258545
0.48091331124305725,0.09255029261112213,1.4847948551177979,0,0.9950594305992126,10.713895797729492,13.89453125,1.4847948551177979,0,0,1,0.0,0.48072660579084064,1475.5741024127253,0.0017413244349882007,1.0,0.47537997364997864,0,0.3669224977493286,0.011408045887947083,1762986022.9828722,1,0,0,1e-06,0,11.04499340057373,0.0032744407653808594,0,0.0,0.05405401065945625,0.0,7.533865928649902,0.3222392201423645,5.658569790512047e-08,0.01428985595703125,0.24754640460014343,16.860410690307617,286,27.353950262069702,0.7899091839790344,27.337574243545532,26.785364151000977,0.0,10613.137279028,-0.0028311023488640785,5.183351855800807e-20,0.5686289668083191,3.8651630878448486,0.00010800361633300781,0.11216698586940765,0.7088413238525391,0.5999930500984192,0.003961376380175352,0,-0.00021121629106346518,0.3629611134529114,-0.00012177781172795221,0.48202478885650635,4.489626884460449,0.9880138039588928,286,0.0009321440593339503,1,0,368.89352560318133,0.06282245367765427,0,0,5.8149261474609375,1,4.107668399810791
0.48178592324256897,0.10816998779773712,1.5121304988861084,0,0.9954061508178711,12.806827545166016,13.89453125,1.5121304988861084,0,0,1,2.384185791015625e-07,0.48478549148322536,1488.03271514643,0.001800978439860046,1.0,0.4759570360183716,0,0.3705357313156128,0.02263750322163105,1762986047.6959956,1,0,0,1e-06,0,12.84890365600586,0.003904104232788086,0,0.0,0.06717848777770996,0.0,11.158823013305664,0.3231479227542877,1.6060688778907206e-07,0.010105133056640625,0.21412277221679688,41.40766525268555,287,23.19078826904297,0.7845811247825623,23.17324185371399,165.10800170898438,5.187094211578369e-05,10641.251068868,-0.002666860818862915,4.346488282345312e-22,0.5772932171821594,4.281454086303711,0.0001800060272216797,0.1696726232767105,0.918911337852478,0.5975691676139832,0.004464285913854837,0,-0.00011716979497577995,0.3660714328289032,-0.00016396140563301742,0.48300495743751526,4.857568740844727,0.9832665920257568,287,0.0008425814448855817,1,0,372.0081787866075,0.06667383015155792,0,0,6.760164260864258,1,4.049699306488037
0.48329657316207886,0.09927993267774582,1.3310742378234863,0,0.9906536936759949,10.428218841552734,13.89453125,1.3310742378234863,0,0,1,0.0,0.4819615509026354,1479.3647247808544,0.0006235256441868842,1.0,0.4759137034416199,0,0.3755468428134918,0.03256063163280487,1762986075.8172748,1,0,0,1e-06,0,11.060492515563965,0.0033740997314453125,0,0.0,0.07182146608829498,0.0,6.899081230163574,0.32500484585762024,2.1357176649416942e-07,0.0115966796875,0.21899797022342682,15.945694923400879,288,26.78692317008972,0.7795091271400452,26.764448404312134,33.23299026489258,0.0,10671.685286686,-0.001402545254677534,3.990944209908589e-18,0.5314415693283081,3.371523857116699,8.821487426757812e-05,0.11403239518404007,0.6691749691963196,0.5810761451721191,0.003914345055818558,0,-0.0001496430195402354,0.37163251638412476,-5.146825787960552e-05,0.4843195676803589,4.4026408195495605,0.9815244078636169,288,0.00041803892236202955,1,0,369.8411811952136,0.062449343502521515,0,0,6.136319160461426,1,3.879946708679199
0.48175376653671265,0.11520492285490036,1.6303462982177734,0,0.9923781752586365,10.86341381072998,13.89453125,1.6303462982177734,0,0,1,0.0,0.4761049798278793,1461.3881773987243,0.0011945664882659912,1.0,0.4736554026603699,0,0.36961644887924194,0.03873344510793686,1762986106.2385535,1,0,0,1e-06,0,11.437182426452637,0.003969430923461914,0,0.0,0.08171993494033813,0.0,6.082014560699463,0.3197484612464905,4.982653223351008e-08,0.013347625732421875,0.20999397337436676,17.838106155395508,289,28.78347682952881,0.7781248688697815,28.762279987335205,26.992431640625,0.0,10696.699267762,-0.0013038819888606668,1.4998524169812167e-19,0.5098714828491211,3.7802391052246094,0.0001201629638671875,0.08606889843940735,0.5946804285049438,0.5981335043907166,0.003642596770077944,0,-7.319319411180913e-05,0.3659738600254059,-6.323495472315699e-05,0.48275256156921387,4.2981367111206055,0.9758992195129395,289,0.0006137083400972188,1,0,365.3470443496811,0.06025036424398422,0,0,6.328418731689453,1,3.312690496444702
0.4765133559703827,0.09270352870225906,1.5254874229431152,0,0.9963498711585999,10.608726501464844,13.89453125,1.5254874229431152,0,0,1,1.9073486612342094e-07,0.47430712819701004,1455.869732456142,0.0012961963657289743,1.0,0.4713095426559448,0,0.35274413228034973,0.03093680739402771,1762986131.2529135,1,0,0,1e-06,0,11.127735137939453,0.002709627151489258,0,0.0,0.06446573138237,0.0,5.759156703948975,0.3330812156200409,3.044197072199495e-08,0.01165771484375,0.2117844969034195,14.397477149963379,290,23.48597550392151,0.7777897715568542,23.463363647460938,31.98504638671875,0.0026216625701636076,10721.697783145,-0.001221405458636582,1.423020521266053e-18,0.5080353021621704,3.4403858184814453,0.0072519779205322266,0.21023379266262054,0.6404030919075012,0.6124903559684753,0.004380314610898495,0,-0.0001327775971731171,0.34836381673812866,-0.00010030211706180125,0.47788551449775696,4.03726863861084,0.9855132699012756,290,0.0005992074147798121,1,0,363.9674331140355,0.06604733318090439,0,0,6.0752973556518555,1,3.2588963508605957
0.4746643900871277,0.10143208503723145,1.4614803791046143,0,0.9973150491714478,10.560569763183594,13.89453125,1.4614803791046143,0,0,1,0.0,0.4722647110875797,1449.60060202588,0.0009005822939798236,1.0,0.47035151720046997,0,0.34689563512802124,0.02748274803161621,1762986156.2536294,1,0,0,1e-06,0,11.320624351501465,0.01065373420715332,0,0.0,0.06679825484752655,0.0,6.389714241027832,0.3195546567440033,2.2407596134144114e-06,0.00787353515625,0.20044046640396118,15.148297309875488,291,23.536827564239502,0.7909216284751892,23.513375520706177,44.83558654785156,0.0,10749.540509098,-0.001412035315297544,5.265763537112039e-19,0.5467144846916199,3.1146888732910156,8.487701416015625e-05,0.12693044543266296,0.6117000579833984,0.6209331154823303,0.004227212630212307,0,-0.00023755268193781376,0.34266841411590576,-0.0002621535968501121,0.47604507207870483,3.9000301361083984,0.988529622554779,291,0.0006686266860924661,1,0,362.40015050647,0.06488802284002304,0,0,6.732870101928711,1,3.2849106788635254
0.47056859731674194,0.08685518801212311,1.5321807861328125,0,0.9968480467796326,10.487430572509766,13.89453125,1.5321807861328125,0,0,1,0.0,0.4705095443680806,1444.2131769790615,0.0010965319816023111,1.0,0.4675244688987732,0,0.33397963643074036,0.020008236169815063,1762986184.098458,1,0,0,1e-06,0,10.412958145141602,0.0034132003784179688,0,0.0,0.05632305517792702,0.0,8.722270011901855,0.3297833800315857,9.582120696904894e-08,0.0094146728515625,0.21589645743370056,15.800536155700684,292,26.304656744003296,0.7827286124229431,26.28606677055359,91.06592559814453,0.0,10772.60557227,-0.002568928524851799,3.5019290111195915e-17,0.5740438103675842,2.523447275161743,8.58306884765625e-05,0.17297174036502838,0.5189133882522583,0.6304214000701904,0.0031507513485848904,0,-0.00015392429486382753,0.33082887530326843,-0.00012407386384438723,0.4716896712779999,3.6218738555908203,0.9887136816978455,292,0.000705330225173384,1,0,361.05329424476537,0.05604984611272812,0,0,5.288971900939941,1,3.398606777191162
0.47266122698783875,0.10662497580051422,1.363722562789917,0,0.9971132278442383,11.21660327911377,13.89453125,1.363722562789917,0,0,1,3.235680594571022e-07,0.4744035486955108,1456.1656919241966,0.0006624070811085403,1.0,0.4700247347354889,0,0.34034907817840576,0.027473390102386475,1762986207.160215,1,0,0,1e-06,0,11.21627426147461,0.010153770446777344,0,0.0,0.07690645754337311,0.0,13.347756385803223,0.3359552025794983,9.681619417278853e-08,0.013763427734375,0.2058073878288269,62.1178092956543,293,21.695655584335327,0.772041380405426,21.67241621017456,207.0042724609375,6.854534149169922e-07,10800.878512213,-0.0020916610956192017,5.692797854788012e-20,0.5037937760353088,3.754551887512207,0.0004928112030029297,0.11590904742479324,0.6522486209869385,0.6235503554344177,0.003593429224565625,0,-0.00010430008842376992,0.3367556631565094,0.00015341198013629764,0.4738873541355133,4.144556045532227,0.9870187044143677,293,0.0007125302799977362,1,0,364.04142298104915,0.05984509363770485,0,0,5.999843597412109,1,4.606523036956787
0.4781735837459564,0.11259732395410538,1.3814284801483154,0,0.995936393737793,11.454662322998047,13.89453125,1.3814284801483154,0,0,1,0.0,0.4750361045619668,1458.1073008212875,0.0004603148845490068,1.0,0.4719046652317047,0,0.35617977380752563,0.015904851257801056,1762986235.4447887,1,0,0,1e-06,0,11.337698936462402,0.0071201324462890625,0,0.0,0.06761377304792404,0.0,14.592893600463867,0.31597116589546204,3.2854024993866915e-06,0.010204315185546875,0.23066584765911102,93.46449279785156,294,26.899895668029785,0.7990720868110657,26.874898433685303,233.6462860107422,0.0,10824.982681069,-0.0018254691967740655,2.8139003608049294e-17,0.6205499172210693,3.607882022857666,0.005341529846191406,0.2446037232875824,0.6653279662132263,0.6103365421295166,0.0024719100911170244,0,-0.0002267762611154467,0.35370784997940063,-1.2329561286605895e-05,0.4789230227470398,4.3552045822143555,0.991602897644043,294,0.0006013654638081789,1,0,364.52682520532187,0.04966240003705025,0,0,6.860085487365723,1,6.267160892486572
0.484168142080307,0.12401138246059418,1.45076322555542,0,0.9955874681472778,10.96365737915039,13.89453125,1.45076322555542,0,0,1,0.0,0.4760812219070393,1461.3152532620186,0.000845479080453515,1.0,0.4771868884563446,0,0.3785023093223572,0.029478566721081734,1762986259.5449836,1,0,0,1e-06,0,11.469439506530762,0.0030798912048339844,0,0.0,0.0821768268942833,0.0,5.836772441864014,0.3264184296131134,4.429413422712969e-07,0.011781692504882812,0.26579490303993225,15.361856460571289,295,22.641682863235474,0.7922318577766418,22.621379613876343,31.503103256225586,0.0,10852.680113186,-0.001660955953411758,1.0411039946199603e-18,0.658580482006073,4.103265285491943,0.00014519691467285156,0.1227642223238945,0.7612592577934265,0.5868054628372192,0.0035659705754369497,0,-0.00015363733109552413,0.3749363422393799,-2.973061964439694e-05,0.4850755035877228,4.438197135925293,0.9886016845703125,295,0.0006115718861110508,1,0,365.32881331550465,0.05961677059531212,0,0,5.990514755249023,1,3.6038317680358887
0.47682762145996094,0.10373953729867935,1.489238977432251,0,0.9921853542327881,9.72989273071289,13.89453125,1.489238977432251,0,0,1,0.0,0.4747725945811629,1457.2984658229373,0.0013253052020445466,1.0,0.47067633271217346,0,0.35163840651512146,0.03898828104138374,1762986287.246224,1,0,0,1e-06,0,9.785557746887207,0.0029926300048828125,0,0.0,0.07460933178663254,0.0,5.8403825759887695,0.3139320909976959,4.520969127952412e-07,0.015018463134765625,0.25501948595046997,15.048955917358398,296,26.201355457305908,0.7934269905090332,26.18351173400879,22.909645080566406,0.0,10881.19873752,-0.0035100963432341814,9.780267166242698e-19,0.5967153906822205,2.8336403369903564,0.0001621246337890625,0.11832895129919052,0.5443540811538696,0.6060563325881958,0.002259887056425214,0,-0.00021490933431778103,0.3493785262107849,-2.2710732082487084e-05,0.4775357246398926,4.007778644561768,0.9823617935180664,296,0.0009676064364612103,1,0,364.3246164557343,0.04748988896608353,0,0,6.114157676696777,1,3.6542720794677734
0.4819567799568176,0.1077241450548172,1.509324550628662,0,0.9918858408927917,10.301094055175781,13.89453125,1.509324550628662,0,0,1,0.0,0.474274137508077,1455.76846864918,0.0005758386687375605,1.0,0.4740213453769684,0,0.3689407706260681,0.020784156396985054,1762986315.7536204,1,0,0,1e-06,0,10.93225383758545,0.0035543441772460938,0,0.0,0.06712262332439423,0.0,5.969446182250977,0.32370197772979736,4.55550441813557e-08,0.01596832275390625,0.27440717816352844,14.11569595336914,297,26.988332986831665,0.7866300940513611,26.970404624938965,41.484073638916016,0.0,10906.382528174,-0.0015055154217407107,3.906714145211601e-17,0.6617351770401001,3.6731181144714355,0.0001704692840576172,0.15872801840305328,0.8116421699523926,0.5904620885848999,0.0022441651672124863,0,-0.00013452568964567035,0.3666965961456299,0.0,0.48257195949554443,4.1318254470825195,0.9850121140480042,297,0.000509762903675437,1,0,363.942117162295,0.04732474312186241,0,0,6.18526554107666,1,3.388535976409912
0.483067125082016,0.09891968965530396,1.3404998779296875,0,0.9924501180648804,10.785442352294922,13.89453125,1.3404998779296875,0,0,1,1.1920928955078125e-07,0.47861872033189945,1469.1040190917715,0.0016185344429686666,1.0,0.4759301543235779,0,0.37326958775520325,0.031595367938280106,1762986340.939576,1,0,0,1e-06,0,10.910208702087402,0.003934621810913086,0,0.0,0.07485239952802658,0.0,11.38943862915039,0.31085050106048584,9.521912147647527e-07,0.013620376586914062,0.2841090261936188,26.24728775024414,298,23.83749270439148,0.8087297081947327,23.81629967689514,170.60011291503906,5.925893856328912e-05,10931.032812161,-0.0015318210935220122,2.0260033827226575e-17,0.7512707114219666,3.932203531265259,7.486343383789062e-05,0.26315435767173767,0.6987069249153137,0.5885403156280518,0.002516989829018712,0,-0.00015664688544347882,0.37075260281562805,-0.0002887077280320227,0.4837336838245392,4.40014123916626,0.9929677844047546,298,0.0008204614860005677,1,0,367.2760047729429,0.050112735480070114,0,0,7.056705474853516,1,3.7602033615112305
0.48424404859542847,0.08361244946718216,1.5175774097442627,0,0.9961347579956055,10.965970039367676,13.89453125,1.5175774097442627,0,0,1,3.8743019104003906e-07,0.4823809247783799,1480.6519787477096,0.002033356809988618,1.0,0.4770467281341553,0,0.3788759708404541,0.01887781359255314,1762986365.5824006,1,0,0,1e-06,0,11.659244537353516,0.007640361785888672,0,0.0,0.05626269429922104,0.0,6.653525352478027,0.3149931728839874,4.135678182137781e-07,0.010463714599609375,0.25883838534355164,13.807238578796387,299,23.122089624404907,0.7980189323425293,23.09182381629944,43.598140716552734,0.0009357399540022016,10973.860497787,-0.0016297890106216073,1.4681920273369613e-18,0.6607394218444824,4.30733585357666,0.005204916000366211,0.14330951869487762,0.6283616423606873,0.5936720371246338,0.003633720800280571,0,-0.0001757857098709792,0.3752422332763672,-0.0001594658533576876,0.48516595363616943,4.698866844177246,0.9922802448272705,299,0.0008242531912401319,1,0,370.1629946869274,0.06017801910638809,0,0,6.051717758178711,1,3.642261266708374
0.4775276780128479,0.11097938567399979,1.4293174743652344,0,0.9955629110336304,9.545578002929688,13.89453125,1.4293174743652344,0,0,1,0.0,0.45623782499441656,1400.4066157215739,0.0017959646647796035,1.0,0.47033196687698364,0,0.3541238307952881,0.028870509937405586,1762986408.397774,1,0,0,1e-06,0,9.982206344604492,0.003070354461669922,0,0.0,0.07651418447494507,13.9083251953125,6.511559009552002,0.30049818754196167,1.127319606553101e-07,0.01250457763671875,0.2705920934677124,13.327125549316406,300,27.474747896194458,0.8136814832687378,27.45554232597351,24.360158920288086,0.0,10998.565453395,-0.003325840225443244,2.24529388483511e-18,0.6550321578979492,3.5653772354125977,7.128715515136719e-05,0.13682931661605835,0.7925987243652344,0.6041816473007202,0.002513136947527528,0,-0.00020669748482760042,0.3516106903553009,0.0,0.4783015549182892,3.9818105697631836,0.9898059368133545,300,0.0010298406705260277,1,0,350.10165393039347,0.050073880702257156,0,0,5.778646469116211,1,3.44811749458313
0.47934067249298096,0.09506974369287491,1.3350961208343506,0,0.995919942855835,10.509374618530273,13.89453125,1.3350961208343506,0,0,1,2.1457671550706436e-07,0.4578823454732899,1405.454415864694,0.002230376238003373,1.0,0.47414109110832214,0,0.3615487217903137,0.017994999885559082,1762986433.108293,1,0,0,1e-06,0,11.362284660339355,0.010055303573608398,0,0.0,0.06177293509244919,0.0,5.6097092628479,0.323378324508667,3.263387426954978e-08,0.013357162475585938,0.25742238759994507,17.363821029663086,301,23.372687578201294,0.7880159616470337,23.347297430038452,26.090354919433594,0.003215915523469448,11022.261899713,-0.0026773533318191767,3.873997809109103e-21,0.6426234841346741,3.834632635116577,6.890296936035156e-05,0.31026360392570496,0.5668168663978577,0.6042346358299255,0.00400534039363265,0,-0.0002329582639504224,0.35754337906837463,-0.000114956266770605,0.48051315546035767,4.179888725280762,0.9869608283042908,301,0.0012810889165848494,1,0,351.3636039661735,0.06316931545734406,0,0,6.231330871582031,1,3.357400417327881
0.4607994854450226,0.08298984169960022,1.3519811630249023,0,0.9973264932632446,10.272981643676758,13.89453125,1.3519811630249023,0,0,1,1.1920928955078125e-07,0.457026946762953,1402.828798374408,0.0009738258086144924,1.0,0.45871701836586,0,0.3084023594856262,0.033731721341609955,1762986456.8241491,1,0,0,1e-06,0,9.930109024047852,0.010031700134277344,0,0.0,0.06226116791367531,0.0,13.77027416229248,0.3039659559726715,1.6831434095365694e-06,0.009418487548828125,0.23163476586341858,18.94896125793457,302,22.36145329475403,0.8066558837890625,22.336646556854248,205.2267303466797,0.0007266865577548742,11050.784999407,-0.0014934298815205693,8.817177935613852e-20,0.6160205602645874,2.5680055618286133,6.270408630371094e-05,0.17108282446861267,0.44524699449539185,0.6473240852355957,0.0026035502087324858,0,-3.7630168662872165e-05,0.30579882860183716,9.053856047103181e-06,0.4618883430957794,3.696699619293213,0.9851645231246948,302,0.0006396243697963655,1,0,350.707199593602,0.050964560359716415,0,0,6.430985450744629,1,3.5509285926818848
0.4578978419303894,0.0884171798825264,1.376800775527954,0,0.9970265030860901,9.225738525390625,13.89453125,1.376800775527954,0,0,1,0.0,0.4565730036353789,1401.4354352550222,0.0011366336839273572,1.0,0.45708751678466797,0,0.3026004731655121,0.024969086050987244,1762986485.336926,1,0,0,1e-06,0,10.062573432922363,0.011605262756347656,0,0.0,0.06150450557470322,0.0,6.058996677398682,0.30482596158981323,1.9050979460644157e-07,0.0136871337890625,0.2601127326488495,12.210659980773926,303,27.133347511291504,0.8166972398757935,27.107110023498535,41.22044372558594,0.0,11081.320503263,-0.0032397203613072634,6.515062171069119e-19,0.6537055969238281,3.1145241260528564,0.0001900196075439453,0.15263088047504425,0.5366664528846741,0.6502247452735901,0.003546099178493023,0,-0.0001470718125347048,0.2990543842315674,0.0,0.4594380557537079,3.3860814571380615,0.9918776154518127,303,0.0008067645248956978,1,0,350.35885881375555,0.059450481086969376,0,0,6.090631484985352,1,2.8527674674987793
0.47880274057388306,0.11378476768732071,2.7791948318481445,0,0.9903040528297424,10.464956283569336,13.89453125,2.7791948318481445,0,0,1,0.0,0.4530246126435509,1390.5437687865883,0.0009886677144095302,1.0,0.47190964221954346,0,0.3618406355381012,0.03993995115160942,1762986515.8477046,1,0,0,1e-06,0,10.164421081542969,0.007140636444091797,0,0.0,0.08623387664556503,0.0,7.690760135650635,0.3391495645046234,1.5352307514149288e-07,0.01702117919921875,0.279852956533432,14.097084999084473,304,27.728684902191162,0.7536527514457703,27.701003074645996,82.29483032226562,0.0,11111.193343967,-0.0024756051134318113,6.655554662208188e-20,0.6281426548957825,3.238569736480713,7.462501525878906e-05,0.17392630875110626,0.8674525022506714,0.5912370681762695,0.0060606058686971664,0,-0.00016571991727687418,0.3557800054550171,0.0,0.4805870056152344,4.037229061126709,0.9652212262153625,304,0.0006318401428870857,1,0,347.6359421966471,0.07762233167886734,0,0,5.466553688049316,1,3.2797558307647705
0.4783807098865509,0.08808642625808716,2.230612277984619,0,0.9956217408180237,10.755471229553223,13.89453125,2.230612277984619,0,0,1,0.0,0.45040787202727767,1382.5117717229928,0.0013614004710689187,1.0,0.4721730351448059,0,0.3577919006347656,0.028041111305356026,1762986545.7467484,1,0,0,1e-06,0,10.949870109558105,0.004863262176513672,0,0.0,0.067757748067379,0.0,6.878029823303223,0.31055012345314026,5.318868545600708e-08,0.011365890502929688,0.22704291343688965,14.516118049621582,305,27.66002583503723,0.7989354729652405,27.636332511901855,31.87561798095703,0.0,11141.074507599,-0.0024071154184639454,7.309697491668218e-20,0.5886318683624268,3.515361785888672,9.489059448242188e-05,0.29571226239204407,0.4078277051448822,0.6024141907691956,0.0034075421281158924,0,-0.00019253398932050914,0.3543843626976013,-5.0557391659822315e-05,0.47940492630004883,4.243940830230713,0.9856666922569275,305,0.000828602584078908,1,0,345.6279429307482,0.05828123167157173,0,0,6.215729713439941,1,3.626162052154541
0.48803409934043884,0.08569002151489258,2.3152825832366943,0,0.9864641427993774,10.914846420288086,13.89453125,2.3152825832366943,0,0,1,0.0,0.4484625140064837,1376.5405608916676,0.0011227302020415664,1.0,0.4791067838668823,0,0.39542555809020996,0.029622793197631836,1762986575.6196408,1,0,0,1e-06,0,12.110902786254883,0.004370212554931641,0,0.0,0.06439244747161865,0.0,7.279762268066406,0.32569438219070435,2.127450073885484e-07,0.010393142700195312,0.22301681339740753,13.988226890563965,306,27.548356533050537,0.7762361764907837,27.52353596687317,46.28203201293945,0.0,11169.862489616,-0.003722764551639557,1.7736454758079253e-21,0.5387478470802307,4.864211082458496,7.367134094238281e-05,0.12597371637821198,0.48771223425865173,0.5709909200668335,0.00439850427210331,0,-0.000258320797001943,0.39102703332901,0.0,0.4889957010746002,4.8097310066223145,0.9753043055534363,306,0.0011522475397214293,1,0,344.1351402229169,0.06618247926235199,0,0,6.107781410217285,1,3.8570964336395264
0.4869779348373413,0.1216803789138794,1.434276819229126,0,0.9800812005996704,13.242894172668457,13.89453125,1.434276819229126,0,0,1,0.0,0.4487943330664279,1377.5590683044936,0.001169482129625976,1.0,0.47742319107055664,0,0.3910391330718994,0.03299283981323242,1762986604.4230738,1,0,0,1e-06,0,10.815282821655273,0.0047109127044677734,0,0.0,0.07825721800327301,0.0,47.68842315673828,0.3328346908092499,1.8557241787675594e-07,0.013240814208984375,0.22124139964580536,157.09945678710938,307,27.360066413879395,0.7679921984672546,27.339571952819824,785.4942016601562,0.0,11199.047569977,-0.0024975065607577562,1.4078956530124916e-19,0.538966715335846,4.325376033782959,6.866455078125e-05,0.13624343276023865,0.7853739857673645,0.5706486105918884,0.004627682268619537,0,-0.00011924034333787858,0.3864114582538605,0.0,0.4880344569683075,4.751893043518066,0.9805185794830322,307,0.0008201933233067393,1,0,344.3897670761234,0.06787662208080292,0,0,6.410438537597656,1,9.815330505371094
0.4832262396812439,0.1057598665356636,1.5911839008331299,0,0.985792875289917,10.766860008239746,13.89453125,1.5911839008331299,0,0,1,0.0,0.44862060977358065,1377.0258305164798,0.0019721270073205233,1.0,0.4742569327354431,0,0.37643736600875854,0.042489804327487946,1762986633.6091955,1,0,0,1e-06,0,11.069433212280273,0.011540412902832031,0,0.0,0.07741507142782211,0.0,6.1290364265441895,0.3243393898010254,9.722459282102136e-08,0.013671875,0.2543221712112427,13.640645980834961,308,27.59185528755188,0.7759250998497009,27.564406633377075,39.41614532470703,0.0,11227.769906883,-0.0030536197591573,8.108033153038786e-19,0.5707595348358154,3.7496917247772217,7.677078247070312e-05,0.1008114144206047,0.6929695010185242,0.5794002413749695,0.005043372977524996,0,-0.00015780686226207763,0.37139397859573364,-7.819528400432318e-05,0.4845406413078308,4.230356693267822,0.9750334620475769,308,0.0008996733813546598,1,0,344.25645762911995,0.07084454596042633,0,0,5.913080215454102,1,3.2592263221740723
0.4801912009716034,0.11264728754758835,1.7603344917297363,0,0.9899331331253052,11.53199291229248,13.89453125,1.7603344917297363,0,0,1,0.0,0.4734747043513745,1453.314635538155,0.0009778316598385572,1.0,0.4725596606731415,0,0.36604952812194824,0.02562868595123291,1762986662.3362076,1,0,0,1e-06,0,12.229769706726074,0.0042209625244140625,0,0.0,0.06907129287719727,0.0,7.85685396194458,0.33567968010902405,3.6153991800347285e-07,0.01067352294921875,0.24551604688167572,32.73818588256836,309,26.958259105682373,0.7680017352104187,26.93742799758911,89.22271728515625,0.0,11256.486117519,-0.0011715671280398965,2.8300032512256217e-18,0.6066853404045105,3.8244152069091797,0.001634836196899414,0.17253710329532623,0.8258333206176758,0.5940607786178589,0.005576622672379017,0,-6.679709622403607e-05,0.3604728877544403,0.0,0.4817769527435303,4.495121002197266,0.975246250629425,309,0.0005575602408498526,1,0,363.32865888453875,0.07447657734155655,0,0,6.334563255310059,1,3.920924186706543
0.4831812083721161,0.087321437895298,1.4713382720947266,0,0.9956100583076477,10.73514461517334,13.89453125,1.4713382720947266,0,0,1,0.0,0.47026546269665737,1443.463976521073,0.0022135411854833364,1.0,0.47740820050239563,0,0.37497231364250183,0.01652573049068451,1762986691.0461462,1,0,0,1e-06,0,12.112604141235352,0.003942251205444336,0,0.0,0.05256490036845207,0.0,5.948069095611572,0.3340641260147095,2.7387804024670004e-08,0.008434295654296875,0.19424478709697723,14.267936706542969,310,27.230514526367188,0.7763770222663879,27.208168506622314,24.98674964904785,0.0,11285.20176938,-0.0026969804894179106,3.562448147767961e-20,0.4787558317184448,4.369107246398926,0.0015511512756347656,0.13176076114177704,0.7088955640792847,0.5946387648582458,0.0037652270402759314,0,-0.00012032162339892238,0.3712070882320404,-9.240061626769602e-05,0.4841693341732025,4.365716457366943,0.9865994453430176,310,0.0010035375598818064,1,0,360.86599413026823,0.06125259771943092,0,0,5.3096771240234375,1,3.380112886428833
0.48456138372421265,0.08742620795965195,1.4822726249694824,0,0.9958081245422363,10.648519515991211,13.89453125,1.4822726249694824,0,0,1,0.0,0.466235131612088,1431.0930111929608,0.0009380642441101372,1.0,0.4774048924446106,0,0.38094180822372437,0.02220965549349785,1762986719.7643914,1,0,0,1e-06,0,11.881791114807129,0.004176616668701172,0,0.0,0.05846762657165527,0.0,6.7302422523498535,0.3213287889957428,2.5532807512718136e-07,0.0061702728271484375,0.1861620992422104,14.732376098632812,311,27.22840166091919,0.7876490950584412,27.20701575279236,27.77506446838379,0.0,11314.15232898,-0.002411045366898179,2.7158818467014143e-19,0.5081206560134888,3.641174554824829,7.104873657226562e-05,0.10717547684907913,0.6840869784355164,0.5902111530303955,0.004442470148205757,0,-0.00016466618399135768,0.37649935483932495,-0.00012385965965222567,0.4856722354888916,4.359783172607422,0.9868005514144897,311,0.0007626044098287821,1,0,357.7732527982402,0.06651102751493454,0,0,5.75048828125,1,3.7886481285095215
0.4616338014602661,0.0938708484172821,1.3318207263946533,0,0.9970362186431885,11.340764045715332,13.89453125,1.3318207263946533,0,0,1,0.0,0.46561673791376784,1429.194872593298,0.0017699801828712225,1.0,0.458591490983963,0,0.3114015460014343,0.026765214279294014,1762986748.70441,1,0,0,1e-06,0,12.0927095413208,0.01067042350769043,0,0.0,0.06529338657855988,0.0,9.958026885986328,0.3156875669956207,4.197897851554444e-07,0.0069732666015625,0.20977024734020233,16.105791091918945,312,27.60560393333435,0.7991047501564026,27.579430103302002,117.55755615234375,0.0,11342.971873844,-0.0015369714237749577,2.5117804589267246e-19,0.5262362360954285,3.310701608657837,6.413459777832031e-05,0.12539634108543396,0.7042849659919739,0.6484566330909729,0.0036052276846021414,0,-8.708914538146928e-05,0.30779629945755005,0.0,0.46311870217323303,3.930795192718506,0.9891235828399658,312,0.0007815412827767432,1,0,357.2987181483245,0.05994196608662605,0,0,5.457874298095703,1,3.564030885696411
0.47432783246040344,0.0866515189409256,1.3555207252502441,0,0.9952894449234009,11.827381134033203,13.89453125,1.3555207252502441,0,0,1,0.0,0.46839769981039375,1437.7309413380415,0.000694950285833329,1.0,0.46824365854263306,0,0.3473861813545227,0.0377664715051651,1762986777.534574,1,0,0,1e-06,0,12.320467948913574,0.006895542144775391,0,0.0,0.06781914085149765,0.0,7.795435905456543,0.3204096257686615,7.464858526873286e-07,0.010328292846679688,0.2217920869588852,14.036519050598145,313,27.46728229522705,0.7897729873657227,27.445197582244873,88.32923126220703,0.0,11370.954464158,-0.0011649562511593103,3.243658555803706e-20,0.523792564868927,3.3781228065490723,5.698204040527344e-05,0.09977944940328598,0.5943041443824768,0.6164379119873047,0.005691399797797203,0,-0.00010611316247377545,0.34169477224349976,-7.409002137137577e-05,0.47618988156318665,4.129490375518799,0.9857866168022156,313,0.0004619162646122277,1,0,359.43273533451037,0.0752343013882637,0,0,6.140232086181641,1,3.316311836242676
0.48906028270721436,0.08502453565597534,1.5198974609375,0,0.9731061458587646,11.822813987731934,13.89453125,1.5198974609375,0,0,1,0.0,0.47429598739051304,1455.8355361263593,0.0011750420089811087,1.0,0.4783507287502289,0,0.3991471230983734,0.03418353945016861,1762986805.487413,1,0,0,1e-06,0,12.937135696411133,0.004047870635986328,0,0.0,0.06483465433120728,0.0,6.6114115715026855,0.30573996901512146,7.103192700697036e-08,0.008636474609375,0.22844205796718597,16.11618423461914,314,26.42510223388672,0.8073417544364929,26.402111530303955,26.06122398376465,0.0,11394.794322492,-0.0020170521456748247,4.2971496447201335e-20,0.5894653797149658,4.70875358581543,6.461143493652344e-05,0.0835537537932396,0.5485987067222595,0.561583399772644,0.00341151375323534,0,-0.0001654364023124799,0.39573559165000916,0.0,0.48977530002593994,5.089252948760986,0.9902125597000122,314,0.0007565431878902018,1,0,363.95888403158983,0.058314669877290726,0,0,5.966447830200195,1,4.048651218414307
0.4809829294681549,0.1043621078133583,1.5215003490447998,0,0.9953282475471497,11.595773696899414,13.89453125,1.5215003490447998,0,0,1,4.2915343101412873e-07,0.48064715242597117,1475.3302229890805,0.0011626293417066336,1.0,0.4761788845062256,0,0.36646583676338196,0.020581137388944626,1762986829.3605092,1,0,0,1e-06,0,12.381031036376953,0.003446817398071289,0,0.0,0.06502613425254822,0.0,5.990715503692627,0.32878366112709045,6.417101872102648e-08,0.009046554565429688,0.2465764284133911,15.437118530273438,315,22.343828201293945,0.7850070595741272,22.323127031326294,24.02117919921875,0.0014461023965850472,11422.909287827,-0.0014253546250984073,1.5965847272707577e-19,0.6261592507362366,4.578810214996338,0.0014467239379882812,0.1684061884880066,0.5345020294189453,0.5969455242156982,0.003263052087277174,0,-6.277899956330657e-05,0.3632028102874756,-0.0001860581833170727,0.4818992614746094,4.764829158782959,0.9858818054199219,315,0.000614969409070909,1,0,368.83255574727013,0.05703701451420784,0,0,5.404682159423828,1,3.720801591873169
0.47608089447021484,0.08620311319828033,1.4664788246154785,0,0.9913849234580994,10.099309921264648,13.89453125,1.4664788246154785,0,0,1,0.0,0.4818558414070524,1479.0402530495574,0.00118023413233459,1.0,0.46961912512779236,0,0.351898729801178,0.02766796015202999,1762986857.4703624,1,0,0,1e-06,0,10.57929515838623,0.01033926010131836,0,0.0,0.06037232652306557,0.0,6.851254463195801,0.3208513855934143,9.780769971712289e-08,0.013214111328125,0.264034628868103,18.662904739379883,316,26.640995025634766,0.7853350043296814,26.614789247512817,37.24761962890625,0.0,11451.481271386,-0.005965185817331076,4.574291662194624e-20,0.5996012687683105,2.9996540546417236,6.175041198730469e-05,0.22455541789531708,0.721836507320404,0.6039461493492126,0.004852320533245802,0,-0.00023918895749375224,0.3470464050769806,-7.982448005350307e-05,0.4776129424571991,4.191437721252441,0.9770179986953735,316,0.0012234607711434364,1,0,369.76006326238934,0.06949672102928162,0,0,5.440593719482422,1,3.9226222038269043
0.4772337079048157,0.07786067575216293,1.4602301120758057,0,0.9963260293006897,11.435395240783691,13.89453125,1.4602301120758057,0,0,1,0.0,0.48144741307338723,1477.7865960549411,0.0011482455302029848,1.0,0.4725426137447357,0,0.35579389333724976,0.009037012234330177,1762986886.0186584,1,0,0,1e-06,0,12.137232780456543,0.010879755020141602,0,0.0,0.04672667384147644,0.0,8.086234092712402,0.32014790177345276,8.459676337224664e-08,0.004730224609375,0.2304389625787735,29.51112174987793,317,27.086015224456787,0.7996301651000977,27.058854818344116,66.9632568359375,0.0,11480.740653451,-0.003924934659153223,2.8910303620730995e-19,0.6046008467674255,3.932622194290161,6.151199340820312e-05,0.1433781385421753,0.4321393072605133,0.6147951483726501,0.0051294006407260895,0,-0.00019272304780315608,0.35066449642181396,0.0,0.4788089990615845,4.766693592071533,0.9916049242019653,317,0.0010189460590481758,1,0,369.4466490137353,0.07144423574209213,0,0,6.084728240966797,1,4.277256011962891
0.4878089129924774,0.09442339092493057,1.3747637271881104,0,0.9850075244903564,12.95996379852295,13.89453125,1.3747637271881104,0,0,1,0.0,0.4804213644049451,1474.6371742739736,0.0010964141692966223,1.0,0.47824859619140625,0,0.3921864926815033,0.03772785887122154,1762986915.3035898,1,0,0,1e-06,0,13.32435417175293,0.003154754638671875,0,0.0,0.06968747079372406,0.0,7.141707897186279,0.3088817298412323,1.2550866301808128e-07,0.009674072265625,0.23417554795742035,15.102311134338379,318,27.900626182556152,0.805255115032196,27.88165259361267,30.618690490722656,0.0,11509.389499695,-0.001802117913030088,6.387118316784035e-21,0.5874264240264893,4.720679759979248,0.0002243518829345703,0.058632221072912216,0.6776361465454102,0.5685176849365234,0.0021584287751466036,0,-8.555375825380906e-05,0.39002805948257446,-2.4637121896375902e-05,0.48829057812690735,5.093383312225342,0.9872788190841675,318,0.0006658741622231901,1,0,368.6592935684934,0.046413734555244446,0,0,5.240265846252441,1,3.564936399459839
0.4874193072319031,0.09803733229637146,1.5308077335357666,0,0.9827029705047607,11.211191177368164,13.89453125,1.5308077335357666,0,0,1,0.0,0.4831258879109428,1482.9386179568162,0.0006493773544207215,1.0,0.47833380103111267,0,0.3908418118953705,0.024828076362609863,1762986943.938342,1,0,0,1e-06,0,12.152398109436035,0.003107309341430664,0,0.0,0.06239498406648636,0.0,6.776721954345703,0.3272865116596222,7.07856386839012e-08,0.012294769287109375,0.2646317780017853,16.665164947509766,319,27.09464693069458,0.7827069163322449,27.07590341567993,29.101261138916016,0.0,11537.683961864,-0.002088085515424609,3.7922208273592926e-20,0.6328330039978027,4.357760906219482,0.0001513957977294922,0.09052958339452744,0.659457802772522,0.5774973034858704,0.002543940907344222,0,-0.00012994032294955105,0.3882978856563568,0.0,0.487995445728302,4.607132911682129,0.9885985255241394,319,0.0006592203862965107,1,0,370.73465448920405,0.05037912353873253,0,0,5.70673942565918,1,3.8334903717041016
0.4972938597202301,0.14312367141246796,1.448918342590332,0,0.7420005202293396,12.162325859069824,13.89453125,1.448918342590332,0,0,1,0.0,0.48709293296971473,1495.1153289632691,0.0009669082355685532,1.0,0.484146386384964,0,0.45189639925956726,0.03310098126530647,1762986972.2267873,1,0,0,1e-06,0,13.33349609375,0.0040547847747802734,0,0.0,0.08978776633739471,0.0,6.415073394775391,0.33494335412979126,1.6038480055158288e-07,0.01654052734375,0.29438793659210205,15.560809135437012,320,26.831729888916016,0.7603551149368286,26.809109449386597,50.17252731323242,0.0,11566.38756382,-0.00161733606364578,8.282971771330036e-20,0.6789801120758057,5.457971572875977,0.0013141632080078125,0.11323290318250656,0.9348862767219543,0.514710545539856,0.0043940795585513115,0,-0.00012143936328357086,0.4475023150444031,-2.8679856768576428e-05,0.49773821234703064,5.575896739959717,0.9601384401321411,320,0.000613222538959235,1,0,373.7788322408173,0.06614970415830612,0,0,5.618473052978516,1,4.057453155517578
0.4833358824253082,0.09316258877515793,1.4533064365386963,0,0.9902400970458984,12.897462844848633,13.89453125,1.4533064365386963,0,0,1,0.0,0.48505703945352024,1488.866222482415,0.0009962862823158503,1.0,0.47537434101104736,0,0.37435534596443176,0.028502460569143295,1762987000.9473374,1,0,0,1e-06,0,13.210636138916016,0.005290508270263672,0,0.0,0.06481513381004333,0.0,6.927431106567383,0.31667643785476685,2.392058888744941e-07,0.00832366943359375,0.24630406498908997,21.455081939697266,321,27.264419317245483,0.7992794513702393,27.238109588623047,42.76232147216797,0.0,11595.741421824,-0.0034943020436912775,1.502111953922614e-22,0.6193715333938599,4.866855621337891,0.005326032638549805,0.12465332448482513,0.6499609351158142,0.5883049368858337,0.0025785278994590044,0,-0.00013564298569690436,0.371776819229126,0.0,0.48401275277137756,5.2146077156066895,0.9916244149208069,321,0.0007647581514902413,1,0,372.21655562060374,0.05071964114904404,0,0,5.532342910766602,1,3.8865864276885986
0.49304282665252686,0.10722534358501434,1.439908504486084,0,0.9247884154319763,14.30937385559082,13.89453125,1.439908504486084,0,0,1,0.0,0.4809729915635495,1476.3303752318966,0.0009246424888260663,1.0,0.4805891811847687,0,0.4204896092414856,0.034938909113407135,1762987030.307521,1,0,0,1e-06,0,13.298423767089844,0.005423784255981445,0,0.0,0.07361169904470444,0.0,21.358654022216797,0.33233386278152466,1.8463097717358323e-07,0.017436981201171875,0.29029354453086853,34.623191833496094,322,27.91245675086975,0.7694899439811707,27.890449047088623,346.2222900390625,0.0,11624.408505701,-0.00149098364636302,2.006772839687841e-18,0.6186782717704773,5.166345596313477,5.555152893066406e-05,0.14128734171390533,0.9170463681221008,0.5416588187217712,0.003908660728484392,0,-9.597431198926643e-05,0.4165809452533722,0.0,0.4936884045600891,5.959991455078125,0.9754530787467957,322,0.0006086683715693653,1,0,369.08259380797415,0.062403399497270584,0,0,5.770595550537109,1,4.374941349029541
0.48709553480148315,0.10357902199029922,1.3603174686431885,0,0.9785830974578857,11.515216827392578,13.89453125,1.3603174686431885,0,0,1,0.0,0.47757281058559925,1465.893634402198,0.0010916527826339006,1.0,0.47770166397094727,0,0.39100661873817444,0.037247832864522934,1762987058.9711792,1,0,0,1e-06,0,13.92870044708252,0.007085561752319336,0,0.0,0.06980226188898087,0.0,7.49228048324585,0.3123377561569214,1.7668510565727047e-07,0.011838912963867188,0.29045623540878296,19.834787368774414,323,27.295594215393066,0.7995386123657227,27.27055811882019,30.109817504882812,0.0,11653.211337069,-0.003946384415030479,7.084693379061284e-20,0.6667711138725281,5.38175630569458,5.9604644775390625e-05,0.11884458363056183,0.7335684895515442,0.5643194913864136,0.004108651075512171,0,-0.00014730723341926932,0.3868979811668396,0.0,0.4880315661430359,5.190853595733643,0.9872837066650391,323,0.0008682627230882645,1,0,366.4734086005495,0.06397424638271332,0,0,6.709009170532227,1,4.3010149002075195
0.48955264687538147,0.10999824106693268,1.4556987285614014,0,0.9525495171546936,12.28188705444336,13.89453125,1.4556987285614014,0,0,1,0.0,0.47625088096764956,1461.8360160262605,0.001293565146625042,1.0,0.4779234230518341,0,0.4021781384944916,0.048556551337242126,1762987087.76743,1,0,0,1e-06,0,12.597920417785645,0.005743265151977539,0,0.0,0.0810549333691597,0.0,5.96424674987793,0.31198883056640625,8.841309977469791e-07,0.014413833618164062,0.2561293840408325,24.953571319580078,324,27.33745288848877,0.7943689227104187,27.310958862304688,39.19342803955078,0.0,11681.223494447,-0.0025984812527894974,6.721872316855978e-19,0.6012799739837646,3.6578352451324463,0.005174875259399414,0.1033201813697815,0.6872920393943787,0.5554973483085632,0.004084013868123293,0,-8.709220855962485e-05,0.398094117641449,-0.00011588109919102862,0.4903852343559265,4.996205806732178,0.9828976988792419,324,0.0006922783213667572,1,0,365.4590040065651,0.06378186494112015,0,0,5.4719390869140625,1,4.0016608238220215
0.4868808686733246,0.08890799432992935,1.4791877269744873,0,0.9829452037811279,11.908580780029297,13.89453125,1.4791877269744873,0,0,1,0.0,0.4776589405214423,1466.158007335257,0.0009083066834136844,1.0,0.4781929552555084,0,0.3892495036125183,0.025564687326550484,1762987115.7837353,1,0,0,1e-06,0,12.068399429321289,0.005295753479003906,0,0.0,0.05832181125879288,0.0,7.118409633636475,0.317618191242218,3.5236265460980576e-08,0.011957168579101562,0.25545400381088257,29.54704475402832,325,26.529443740844727,0.7902825474739075,26.50812602043152,56.060821533203125,0.0,11710.1054642,-0.0029955916106700897,1.0635506391408378e-19,0.6082531809806824,3.967398166656494,6.866455078125e-05,0.17439088225364685,0.5097363591194153,0.5764079093933105,0.0032454361207783222,0,-0.00022874663409311324,0.3860040605068207,-0.0001773345284163952,0.4876295328140259,4.957129001617432,0.9832516312599182,325,0.0008168875938281417,1,0,366.53950183381426,0.05688197910785675,0,0,5.035839080810547,1,4.2783098220825195
0.4795037508010864,0.12675194442272186,1.4297151565551758,0,0.9909738898277283,13.484086990356445,13.89453125,1.4297151565551758,0,0,1,0.0,0.4773652059641192,1465.2563990187032,0.0009117258596234024,1.0,0.4722779095172882,0,0.36347439885139465,0.02409733645617962,1762987144.6629107,1,0,0,1e-06,0,12.654111862182617,0.010653495788574219,0,0.0,0.07201316952705383,0.0,25.136579513549805,0.31856539845466614,5.241200824457337e-07,0.012420654296875,0.26766669750213623,144.67117309570312,326,27.447099447250366,0.8008403182029724,27.419412851333618,376.14007568359375,0.0,11739.138761207,-0.0016814079135656357,8.282971771330036e-20,0.6468911170959473,4.624334335327148,6.508827209472656e-05,0.16134893894195557,1.1432247161865234,0.603049099445343,0.005345211364328861,0,-0.00015637176693417132,0.3581291735172272,-5.8843808801611885e-05,0.48105332255363464,5.222136974334717,0.9917306303977966,326,0.0006418462144210935,1,0,366.3140997546758,0.07292341440916061,0,0,5.257918357849121,1,9.321776390075684
0.4957515001296997,0.12153933197259903,1.2847156524658203,0,0.7224804759025574,11.889643669128418,13.89453125,1.2847156524658203,0,0,1,0.0,0.4777792462938722,1466.5272818460285,0.000746946781873703,1.0,0.4802684783935547,0,0.4409370720386505,0.06394883990287781,1762987173.7049656,1,0,0,1e-06,0,13.00960636138916,0.0040552616119384766,0,0.0,0.0967918112874031,0.0,6.487998008728027,0.33029887080192566,1.7109188377162354e-07,0.018301010131835938,0.2912711799144745,19.150279998779297,327,27.74903631210327,0.7645732164382935,27.727617740631104,29.66387367248535,0.0,11768.717515037,-0.002007084432989359,2.774448108151244e-20,0.6200737357139587,5.34881591796875,6.175041198730469e-05,0.2536033093929291,0.8164103627204895,0.5169965028762817,0.006352988071739674,0,-0.00012538291048258543,0.4345840811729431,-8.852095197653398e-05,0.496548593044281,5.649344444274902,0.9660398364067078,327,0.0005836212076246738,1,0,366.6318204615071,0.07945993542671204,0,0,6.693528175354004,1,4.150635242462158
0.48076537251472473,0.09175018966197968,1.6165580749511719,0,0.9899709820747375,10.727988243103027,13.89453125,1.6165580749511719,0,0,1,0.0,0.47515106334717405,1458.4601629351237,0.0016610370948910713,1.0,0.47329646348953247,0,0.3668597936630249,0.021211210638284683,1762987203.2698889,1,0,0,1e-06,0,11.836750984191895,0.004127979278564453,0,0.0,0.06320909410715103,0.0,7.419381141662598,0.3100736141204834,7.254766387632117e-08,0.0087432861328125,0.24327677488327026,26.941761016845703,328,27.936495780944824,0.8042967319488525,27.915709257125854,53.56989669799805,0.0,11797.726384604,-0.0020722656045109034,1.9258487522354067e-19,0.5953793525695801,3.8024396896362305,6.437301635742188e-05,0.2234991043806076,0.6336838603019714,0.5967020988464355,0.004403244704008102,0,-0.0001561844110256061,0.3624565601348877,0.0,0.48200365900993347,4.3927321434021,0.9890108704566956,328,0.0010017954045906663,1,0,364.6150407337809,0.06621836125850677,0,0,5.704450607299805,1,4.126801013946533
0.4652170240879059,0.08556211739778519,1.5227625370025635,0,0.9942111968994141,9.489087104797363,13.89453125,1.5227625370025635,0,0,1,0.0,0.4701331196633799,1443.0577540441254,0.0023953034542500973,1.0,0.462322860956192,0,0.3223266899585724,0.030364930629730225,1762987232.288278,1,0,0,1e-06,0,9.97081184387207,0.010591268539428711,0,0.0,0.062930628657341,0.0,5.876535892486572,0.3233965337276459,4.062457037434797e-07,0.0128936767578125,0.24328133463859558,20.617294311523438,329,27.49293875694275,0.7852463126182556,27.466067790985107,35.607337951660156,0.0,11826.044297281,-0.0024428539909422398,1.0090725627721866e-18,0.5713250041007996,2.504804849624634,7.62939453125e-05,0.27455684542655945,0.6657850742340088,0.6328893303871155,0.00568554550409317,0,-0.00014890496095176786,0.3166411519050598,-0.0002574708196334541,0.4674184024333954,3.5376386642456055,0.9822870492935181,329,0.00099092663731426,1,0,360.76443851103136,0.07519611716270447,0,0,5.6571807861328125,1,3.4563512802124023
0.4755510091781616,0.09108742326498032,1.4432344436645508,0,0.9913969039916992,10.023849487304688,13.89453125,1.4432344436645508,0,0,1,0.0,0.47022831260334924,1443.3499455626709,0.001416985527612269,1.0,0.46794116497039795,0,0.3493649661540985,0.022876273840665817,1762987260.6067605,1,0,0,1e-06,0,10.750038146972656,0.00536799430847168,0,0.0,0.06455977261066437,0.0,5.02517557144165,0.3305005729198456,1.9782567051152e-07,0.01848602294921875,0.2536064088344574,14.969924926757812,330,26.867762565612793,0.7730755805969238,26.846771955490112,22.020681381225586,0.0,11854.852121063,-0.00146515853703022,4.548246394268229e-19,0.5776410698890686,2.967197895050049,5.459785461425781e-05,0.11806831508874893,0.6777064204216003,0.6084193587303162,0.003955860622227192,0,-8.757864270592108e-05,0.345409095287323,-1.6914355001063086e-05,0.47681906819343567,3.801922559738159,0.9819754362106323,330,0.0005053611239418387,1,0,360.8374863906677,0.06277764588594437,0,0,5.4615631103515625,1,3.1821212768554688
0.47217831015586853,0.09045146405696869,1.457683801651001,0,0.9947702288627625,10.8160400390625,13.89453125,1.457683801651001,0,0,1,0.0,0.4744098884836833,1456.185151690162,0.0008148401393555105,1.0,0.4664943218231201,0,0.33994075655937195,0.01875678077340126,1762987289.4095156,1,0,0,1e-06,0,11.18275260925293,0.004357576370239258,0,0.0,0.05785283073782921,0.0,8.057689666748047,0.31094440817832947,2.9166180581796652e-08,0.011129379272460938,0.24837417900562286,13.943124771118164,331,27.34235715866089,0.8076327443122864,27.313122749328613,87.38750457763672,0.0,11883.795871391,-0.0028708812315016985,5.873507091827585e-20,0.5914521217346191,3.5240728855133057,0.0014050006866455078,0.12379363179206848,0.6853107810020447,0.6225081086158752,0.004556846804916859,0,-0.00015791159239597619,0.33538392186164856,0.0,0.4737427532672882,4.132218360900879,0.9923323392868042,331,0.0007626375881955028,1,0,364.0462879225405,0.0673581138253212,0,0,6.0300140380859375,1,3.4676260948181152
0.4457738399505615,0.08118294179439545,1.6308884620666504,0,0.9981802701950073,9.323808670043945,13.89453125,1.6308884620666504,0,0,1,0.0,0.4758913300241327,1460.7323865321562,0.002103431848809123,1.0,0.44560253620147705,0,0.2778019905090332,0.012480199337005615,1762987318.3581386,1,0,0,1e-06,0,10.042082786560059,0.010524511337280273,0,0.0,0.05001888796687126,0.0,6.00244140625,0.29145824909210205,4.144662213434458e-08,0.0041217803955078125,0.1954333782196045,12.824027061462402,332,27.31546115875244,0.835436224937439,27.289276361465454,23.62302589416504,0.0,11908.236019778,-0.0028359179850667715,5.1244736438624684e-18,0.5503281354904175,2.1612977981567383,6.079673767089844e-05,0.10071125626564026,0.5524398684501648,0.6914993524551392,0.004361099097877741,0,-0.0002369577414356172,0.2734408974647522,-0.00022609651205129921,0.44796404242515564,3.127389430999756,0.9947760105133057,332,0.0010884815128520131,1,0,365.18309663303904,0.06590164452791214,0,0,5.31942081451416,1,3.13905668258667
0.47392702102661133,0.10577163100242615,1.4370722770690918,0,0.9963464140892029,11.30391788482666,13.89453125,1.4370722770690918,0,0,1,4.2915343101412873e-07,0.4761695983665033,1461.586521823561,0.0521598681807518,1.0,0.46971988677978516,0,0.3448350727558136,0.028896676376461983,1762987342.7994256,1,0,0,1e-06,0,11.82171630859375,0.006695985794067383,0,0.0,0.07431785762310028,0.0,5.4027814865112305,0.3271208107471466,2.343711535957027e-08,0.008172988891601562,0.21737456321716309,17.404911041259766,333,23.001776218414307,0.7924416661262512,22.96966552734375,39.73995590209961,0.0003925164637621492,11937.584418562,-0.0012517947470769286,1.084855231579115e-17,0.5556098818778992,4.635524272918701,0.005164384841918945,0.10999316722154617,0.5947327017784119,0.6285092830657959,0.00434027798473835,0,0.0020019402727484703,0.3404947817325592,-0.00017030793242156506,0.4753660559654236,4.582215309143066,0.9943718910217285,333,0.010691516101360321,1,0,365.39663045589026,0.0657447949051857,0,0,6.683349609375,1,3.105717420578003
0.4680638015270233,0.08735067397356033,1.4398324489593506,0,0.9945178031921387,12.790815353393555,13.89453125,1.4398324489593506,0,0,1,0.0,0.4705767767241854,1444.419544428496,0.00284084165468812,1.0,0.4641435742378235,0,0.3295791447162628,0.041033320128917694,1762987372.1221633,1,0,0,1e-06,0,10.827437400817871,0.004133462905883789,0,0.0,0.07132811844348907,0.0,37.71474838256836,0.30245840549468994,7.126000696189294e-07,0.011754989624023438,0.22727005183696747,168.91806030273438,334,27.875564098358154,0.8126296997070312,27.850347995758057,619.3543090820312,0.0,11965.946357107,-0.005141169298440218,1.0470657696379655e-19,0.5552794337272644,3.1139214038848877,0.001508474349975586,0.19261468946933746,0.5252014994621277,0.6260794997215271,0.005532503593713045,0,-0.00018396921223029494,0.32404664158821106,-0.00014936583465896547,0.4701068103313446,4.2115678787231445,0.9908000826835632,334,0.0012890934012830257,1,0,361.104886107124,0.07418208569288254,0,0,6.168157577514648,1,10.561470031738281
0.48355817794799805,0.09075522422790527,1.4919226169586182,0,0.9850542545318604,11.532468795776367,13.89453125,1.4919226169586182,0,0,1,0.0,0.4727842112381146,1451.195190216121,0.000907343637663871,1.0,0.47374552488327026,0,0.3755440413951874,0.032568078488111496,1762987400.4798124,1,0,0,1e-06,0,11.507691383361816,0.00530695915222168,0,0.0,0.0663195550441742,0.0,6.159637451171875,0.30785632133483887,8.217920566266912e-08,0.014337539672851562,0.2655159533023834,12.799936294555664,335,26.857979774475098,0.8066422343254089,26.83534526824951,51.80253601074219,0.0,11994.110968039,-0.002299862215295434,3.9969714549796084e-21,0.6145760416984558,3.5587756633758545,5.412101745605469e-05,0.2765173316001892,0.5613337755203247,0.5868831872940063,0.002901554573327303,0,-9.60195975494571e-05,0.37264248728752136,-5.7343291700817645e-05,0.4843132495880127,4.182334899902344,0.9858957529067993,335,0.0006949277012608945,1,0,362.7987975540303,0.05379345268011093,0,0,5.645357131958008,1,3.2515995502471924
0.4759756624698639,0.08686288446187973,1.4333789348602295,0,0.9928210377693176,9.581183433532715,13.89453125,1.4333789348602295,0,0,1,0.0,0.4717112599642082,1447.9018024696234,0.001092316466383636,1.0,0.4703862965106964,0,0.3502943813800812,0.04643578827381134,1762987428.67174,1,0,0,1e-06,0,9.891913414001465,0.0054090023040771484,0,0.0,0.07268944382667542,0.0,5.6697258949279785,0.32928380370140076,7.308685781026725e-07,0.0139007568359375,0.25996288657188416,13.625738143920898,336,26.75606060028076,0.7793557643890381,26.729002475738525,24.48219108581543,0.0,12023.096658069,-0.0015254004392772913,4.0770217618241996e-19,0.5765047669410706,3.1510086059570312,0.005175113677978516,0.07182040810585022,0.6504361629486084,0.6068830490112305,0.0035744323395192623,0,-7.741348963463679e-05,0.3467199206352234,-0.00011222981265746057,0.4771122634410858,3.7935664653778076,0.9847602844238281,336,0.0005982131115160882,1,0,361.97545061740584,0.05968588590621948,0,0,5.53997802734375,1,3.1271111965179443
0.49416548013687134,0.0999278649687767,1.6137864589691162,0,0.926798403263092,11.296380996704102,13.89453125,1.6137864589691162,0,0,1,0.0,0.4732878284484351,1452.7410262570777,0.001133528770878911,1.0,0.48295876383781433,0,0.4295477271080017,0.03386029973626137,1762987457.657285,1,0,0,1e-06,0,10.910055160522461,0.004238605499267578,0,0.0,0.07232245802879333,0.0,15.17913818359375,0.3395858108997345,7.084506847832017e-08,0.019113540649414062,0.2826595604419708,31.28900909423828,337,27.364482879638672,0.7568260431289673,27.341670274734497,208.6448516845703,0.0,12050.832197229,-0.0016100422944873571,5.463212502524855e-21,0.6234326362609863,4.369218349456787,0.0017282962799072266,0.09368074685335159,0.6917736530303955,0.5393551588058472,0.006030150689184666,0,-0.00017329429101664573,0.4235175848007202,-0.00011426134005887434,0.49506136775016785,5.0181732177734375,0.9712696075439453,337,0.0007007608073763549,1,0,363.1852565642694,0.07742734253406525,0,0,6.477838516235352,1,4.46303129196167
0.48478516936302185,0.09517969936132431,1.326864242553711,0,0.9899132251739502,10.126835823059082,13.89453125,1.326864242553711,0,0,1,0.0,0.4795038050834077,1471.8207568841751,0.0013321940787136555,1.0,0.47680041193962097,0,0.38107356429100037,0.03234288468956947,1762987485.394848,1,0,0,1e-06,0,10.604894638061523,0.0052602291107177734,0,0.0,0.07353036105632782,0.0,7.432861804962158,0.3121275305747986,6.099354550315184e-07,0.0107879638671875,0.2368686944246292,57.32804489135742,338,26.40863609313965,0.7911826372146606,26.381277561187744,76.42903137207031,0.0,12080.044024411,-0.0019332695519551635,6.120334684686111e-19,0.5791194438934326,2.7719175815582275,0.005168914794921875,0.19728189706802368,0.5434000492095947,0.5865980386734009,0.003701989771798253,0,-0.00012265663826838136,0.37737157940864563,0.0,0.48570680618286133,4.113950729370117,0.9820321202278137,338,0.0007388959638774395,1,0,367.9551892210438,0.06073828041553497,0,0,6.72637939453125,1,4.88994836807251
0.46990910172462463,0.08930904418230057,1.3977136611938477,0,0.9924407601356506,12.343436241149902,13.89453125,1.3977136611938477,0,0,1,0.0,0.4808708587450197,1476.0168819901796,0.0007167634321376681,1.0,0.46452638506889343,0,0.33366936445236206,0.04179420694708824,1762987514.6071956,1,0,0,1e-06,0,9.689756393432617,0.00411677360534668,0,0.0,0.07306667417287827,0.0,32.25180435180664,0.3059210479259491,5.958316151577492e-08,0.01575469970703125,0.25575634837150574,199.85458374023438,339,27.805163860321045,0.8019099831581116,27.779942989349365,519.6216430664062,0.0,12108.742822828,-0.0018501722952350974,1.8417932381573035e-17,0.5614767670631409,2.986386299133301,0.00012683868408203125,0.13598887622356415,0.5586338043212891,0.6183157563209534,0.004637096542865038,0,-0.0001370217651128769,0.3290322422981262,-6.011761070112698e-05,0.4715707004070282,4.435706615447998,0.9856242537498474,339,0.0005817647324874997,1,0,369.0042204975449,0.06794501841068268,0,0,5.688142776489258,1,12.395574569702148
0.48398029804229736,0.10297586768865585,1.4272773265838623,0,0.9834389686584473,10.681507110595703,13.89453125,1.4272773265838623,0,0,1,0.0,0.48028072563771945,1474.2054883214726,0.0012360478285700083,1.0,0.4738709628582001,0,0.37957850098609924,0.03367369621992111,1762987543.3029099,1,0,0,1e-06,0,10.74557113647461,0.0040819644927978516,0,0.0,0.0716293603181839,0.0,6.185005187988281,0.31676656007766724,1.3472622413246427e-06,0.0162200927734375,0.24592015147209167,15.038329124450684,340,27.2599139213562,0.7966346144676208,27.234426259994507,46.134986877441406,0.0,12133.315468865,-0.0017486964352428913,1.1008636579738538e-17,0.6003174185752869,3.8855695724487305,6.318092346191406e-05,0.16956059634685516,0.8414520621299744,0.5819308757781982,0.00532023748382926,0,-0.0001332087704213336,0.37425824999809265,-6.495191655631061e-07,0.4853316843509674,4.315077304840088,0.9900856018066406,340,0.0007326325867325068,1,0,368.55137208036814,0.07275310903787613,0,0,5.784479141235352,1,3.266641855239868
0.48688027262687683,0.10722961276769638,1.4454505443572998,0,0.9716985821723938,11.291974067687988,13.89453125,1.4454505443572998,0,0,1,2.384185791015625e-07,0.4779498999658755,1467.0510975363948,0.0013365865452215075,1.0,0.4769640862941742,0,0.3921652138233185,0.05473294481635094,1762987567.8794465,1,0,0,1e-06,0,11.548891067504883,0.003853321075439453,0,0.0,0.07939420640468597,0.0,8.449015617370605,0.3342669606208801,1.436732759430015e-07,0.01526641845703125,0.2785968780517578,49.51704788208008,341,23.1236789226532,0.7760754823684692,23.10276961326599,106.06912994384766,0.0004904799861833453,12162.742229562,-0.001299268682487309,2.5513352018432447e-19,0.63791823387146,4.648336410522461,8.20159912109375e-05,0.3977465033531189,0.7718313336372375,0.5698809623718262,0.00617415364831686,0,-0.00010267681500408798,0.38599106669425964,-3.1918592867441475e-05,0.48828521370887756,4.987010955810547,0.9814469218254089,341,0.0006067991489544511,1,0,366.7627743840987,0.07834117859601974,0,0,6.797149658203125,1,4.675562858581543
0.4932383596897125,0.10835886001586914,1.5546274185180664,0,0.9387859106063843,12.212380409240723,13.89453125,1.5546274185180664,0,0,1,0.0,0.476454227225192,1462.4601805052757,0.0023345400113612413,1.0,0.4811238646507263,0,0.42082563042640686,0.04351753368973732,1762987597.3045638,1,0,0,1e-06,0,12.547002792358398,0.010605335235595703,0,0.0,0.0824287086725235,0.0,6.44563102722168,0.33102840185165405,3.106678647668559e-08,0.017961502075195312,0.2831195294857025,28.341625213623047,342,27.86839771270752,0.7701255679130554,27.839383363723755,47.12211608886719,0.0,12189.324305682,-0.003372451290488243,3.562461718699886e-20,0.6407625675201416,4.710834503173828,6.556510925292969e-05,0.1838667094707489,0.8098733425140381,0.5400901436805725,0.003080714726820588,0,-0.00014573764929082245,0.4177449345588684,0.0,0.49374234676361084,5.31889009475708,0.9780694246292114,342,0.000975626811850816,1,0,365.61504512631893,0.055424317717552185,0,0,5.62474250793457,1,4.170482158660889
0.49047625064849854,0.08396346122026443,1.3211236000061035,0,0.9666512608528137,10.861875534057617,13.89453125,1.3211236000061035,0,0,1,0.0,0.4848328150563045,1488.1779732578557,0.0010638473322615027,1.0,0.4807017147541046,0,0.4074747562408447,0.02816249057650566,1762987623.8852947,1,0,0,1e-06,0,11.923029899597168,0.010437488555908203,0,0.0,0.06312336027622223,0.0,5.683985233306885,0.3400786817073822,3.1740917449951667e-08,0.015661239624023438,0.27325862646102905,16.872621536254883,343,25.257250547409058,0.7541106343269348,25.23096799850464,26.79058265686035,0.0,12218.102579911,-0.0019127698615193367,1.8299470718369496e-21,0.6319864988327026,4.391642093658447,9.012222290039062e-05,0.09438568353652954,0.4994658827781677,0.5578201413154602,0.004848484881222248,0,-0.0001166092260973528,0.40262627601623535,0.0,0.4914141297340393,4.775206565856934,0.9624865055084229,343,0.0005705896182917058,1,0,372.0444933144639,0.06946907192468643,0,0,5.743602752685547,1,3.6937520503997803
0.4917019009590149,0.1054413914680481,1.3941586017608643,0,0.9702177047729492,10.597772598266602,13.89453125,1.3941586017608643,0,0,1,0.0,0.4817443696890434,1478.6980943708736,0.00046003551688045263,1.0,0.4815681576728821,0,0.41231176257133484,0.020666318014264107,1762987652.6449804,1,0,0,1e-06,0,11.56346321105957,0.005280256271362305,0,0.0,0.07369524240493774,0.0,7.25238037109375,0.32417818903923035,5.8094226318416986e-08,0.013134002685546875,0.3029373586177826,17.474918365478516,344,27.3625967502594,0.7825659513473511,27.335437774658203,37.66556167602539,0.0,12245.698417514,-0.00124724255874753,5.873507091827585e-20,0.7203283309936523,3.977172374725342,0.00523829460144043,0.10060463100671768,0.6811299920082092,0.552588164806366,0.0033215233124792576,0,-0.0001428307732567191,0.4089902341365814,-4.7926459956215695e-05,0.4923052191734314,4.944301128387451,0.9834927320480347,344,0.00046410970389842987,1,0,369.6745235927184,0.05754323676228523,0,0,5.962919235229492,1,4.277835369110107
0.4977794587612152,0.10666705667972565,1.4462568759918213,0,0.7284705638885498,12.149410247802734,13.89453125,1.4462568759918213,0,0,1,0.0,0.4839025484931014,1485.3225514183573,0.0010836247820407152,1.0,0.4840431213378906,0,0.45835110545158386,0.02641906961798668,1762987680.2593098,1,0,0,1e-06,0,13.212855339050293,0.003945827484130859,0,0.0,0.07143308967351913,0.0,6.1612935066223145,0.32352620363235474,3.9147636243797024e-07,0.012941360473632812,0.32336217164993286,19.868295669555664,345,26.16026020050049,0.7831599712371826,26.139167070388794,27.690032958984375,0.0,12274.988894493,-0.0012579907197505236,3.143861799838598e-20,0.7545112371444702,5.303647518157959,7.104873657226562e-05,0.13571707904338837,0.6158003807067871,0.5124635696411133,0.005980350077152252,0,-7.768131763441488e-05,0.4523707628250122,-4.242188515490852e-05,0.4983155429363251,5.962821960449219,0.9833252429962158,345,0.000530051183886826,1,0,371.3306378545893,0.07710937410593033,0,0,7.01523494720459,1,4.443614959716797
0.49140679836273193,0.08509296923875809,1.4423213005065918,0,0.9576483964920044,11.674771308898926,13.89453125,1.4423213005065918,0,0,1,0.0,0.48219157850748495,1480.0707867555138,0.0013440292095765471,1.0,0.4786204695701599,0,0.41206029057502747,0.02281550131738186,1762987709.5511436,1,0,0,1e-06,0,12.214543342590332,0.0069196224212646484,0,0.0,0.058025579899549484,0.0,9.164384841918945,0.3060559928417206,9.350354446269193e-08,0.01434326171875,0.3024565577507019,59.96220779418945,346,27.84152603149414,0.8138664364814758,27.816553831100464,108.60986328125,0.0,12299.38422214,-0.0018595263827592134,8.644056586276354e-22,0.6927177906036377,3.811218500137329,6.341934204101562e-05,0.17415210604667664,0.5383001565933228,0.5575404763221741,0.00462311552837491,0,-6.898571882629767e-05,0.40743717551231384,0.0,0.4922553598880768,5.468034267425537,0.9940185546875,346,0.0006261401576921344,1,0,370.01769668887846,0.06784296780824661,0,0,5.932338714599609,1,5.619039535522461
0.49484559893608093,0.11800500005483627,1.42258882522583,0,0.9555307030677795,13.371358871459961,13.89453125,1.42258882522583,0,0,1,1.6093254089355469e-06,0.48039900704493177,1474.568549111487,0.00095749442698434,1.0,0.48415666818618774,0,0.4309571385383606,0.02712409757077694,1762987733.9476209,1,0,0,1e-06,0,13.842772483825684,0.011438369750976562,0,0.0,0.07767777144908905,0.0,5.7280659675598145,0.32085928320884705,5.159424532052981e-08,0.017244338989257812,0.3138006031513214,14.124229431152344,347,22.971181392669678,0.7801340818405151,22.94334316253662,27.5512638092041,0.04349149391055107,12327.600070354,-0.001890034880489111,1.1864808580291842e-19,0.7505573630332947,6.058145046234131,0.0003497600555419922,0.27700570225715637,0.6130084991455078,0.5433828830718994,0.0029910269659012556,0,-9.480586595600471e-05,0.4279661178588867,0.0001113808320951648,0.49527186155319214,5.819309711456299,0.9829190373420715,347,0.0007497587939724326,1,0,368.64213727787177,0.05461523309350014,0,0,5.449562072753906,1,3.593717098236084
0.49185654520988464,0.1163080707192421,1.3320679664611816,0,0.9248476028442383,10.904590606689453,13.89453125,1.3320679664611816,0,0,1,0.0,0.48237417935327076,1480.6312738928482,0.0017660625744611025,1.0,0.47853076457977295,0,0.4119786024093628,0.033521730452775955,1762987762.16067,1,0,0,1e-06,0,11.667405128479004,0.0033731460571289062,0,0.0,0.08204763382673264,0.0,6.3238677978515625,0.3271644413471222,4.0188155026044114e-08,0.026599884033203125,0.3601236641407013,15.666438102722168,348,26.873358726501465,0.7883008718490601,26.850802183151245,22.41878890991211,0.0,12355.927702459,-0.00144190713763237,3.211656763517491e-21,0.7835497260093689,4.638134479522705,8.463859558105469e-05,0.20733962953090668,0.698607325553894,0.547533392906189,0.002139037474989891,0,-0.00011966365855187178,0.40983957052230835,-6.633766315644607e-05,0.4922438859939575,5.064884185791016,0.9913033843040466,348,0.0006481196614913642,1,0,370.15781847321205,0.046205177903175354,0,0,5.917821884155273,1,4.098580360412598
0.4979088008403778,0.11570948362350464,1.393226146697998,0,0.7260592579841614,12.261347770690918,13.89453125,1.393226146697998,0,0,1,0.0,0.48110027029609204,1476.7210530085483,0.0005290675908327103,1.0,0.48354408144950867,0,0.45873552560806274,0.01899186708033085,1762987790.4886334,1,0,0,1e-06,0,13.2379150390625,0.0031096935272216797,0,0.0,0.06951326131820679,0.0,6.4136576652526855,0.33028456568717957,8.489527090205229e-07,0.020578384399414062,0.34552979469299316,24.071670532226562,349,26.92744278907776,0.7742248177528381,26.906436443328857,48.14016342163086,0.0,12380.896084978,-0.0014702058397233486,1.9068484135650637e-20,0.7695023417472839,5.670202255249023,9.322166442871094e-05,0.13488389551639557,0.6791160702705383,0.5122326016426086,0.005067567341029644,0,-0.00010837582522071898,0.45366793870925903,0.0,0.4983544647693634,5.873408317565918,0.9809630513191223,349,0.0003711075405590236,1,0,369.1802632521371,0.07101481407880783,0,0,6.3789825439453125,1,4.638398170471191
0.48975610733032227,0.11604049056768417,1.4672396183013916,0,0.9626370072364807,13.390644073486328,13.89453125,1.4672396183013916,0,0,1,0.0,0.48055664338454757,1475.0524085391414,0.0015580713516101241,1.0,0.479899525642395,0,0.40320199728012085,0.028483057394623756,1762987815.4584148,1,0,0,1e-06,0,13.581225395202637,0.0030879974365234375,0,0.0,0.0729648694396019,0.0,8.938478469848633,0.33400681614875793,7.052163653042953e-08,0.023845672607421875,0.3203129470348358,18.813800811767578,350,23.495067834854126,0.7582202553749084,23.47234797477722,127.50497436523438,0.0,12409.16750108,-0.0016140383668243885,7.704364264286734e-21,0.7278103232383728,5.143169403076172,9.059906005859375e-05,0.1147831380367279,0.774236261844635,0.5572603940963745,0.004187192302197218,0,-0.00014947500312700868,0.39901480078697205,-0.00010156262578675523,0.4906010627746582,5.317171573638916,0.971908450126648,350,0.0007206089212559164,1,0,368.76310213478536,0.06458085775375366,0,0,5.528347015380859,1,3.4481871128082275
0.4986472725868225,0.09525469690561295,1.5753774642944336,0,0.6435655951499939,13.143692016601562,13.89453125,1.5753774642944336,0,0,1,0.0,0.4813674043850045,1477.5410120845027,0.0014331188285723329,1.0,0.48514190316200256,0,0.46519485116004944,0.021183758974075317,1762987843.7275162,1,0,0,1e-06,0,13.916502952575684,0.009857654571533203,0,0.0,0.06264131516218185,0.0,11.992175102233887,0.3268040120601654,1.7123699080912047e-07,0.016712188720703125,0.31829237937927246,48.859474182128906,351,26.69170093536377,0.7784650921821594,26.664026498794556,179.11769104003906,0.0,12437.756810456,-0.004748809617012739,1.947968337296899e-21,0.7403664588928223,6.23212194442749,8.0108642578125e-05,0.15967659652233124,0.5841101408004761,0.5063443183898926,0.002703311387449503,0,-0.00015892265946604311,0.46249154210090637,0.0,0.49884331226348877,6.113551616668701,0.9802516102790833,351,0.0010149909649044275,1,0,369.38525302112566,0.05192890018224716,0,0,6.09774112701416,1,4.989150524139404
0.49861854314804077,0.10388939827680588,1.481377363204956,0,0.6277350783348083,11.67636489868164,13.89453125,1.481377363204956,0,0,1,0.0,0.4740188746644113,1454.9849479601146,0.0018113652477040887,1.0,0.4863300621509552,0,0.46729815006256104,0.0375751368701458,1762987872.3198059,1,0,0,1e-06,0,12.948022842407227,0.005730390548706055,0,0.0,0.07281278073787689,0.0,7.704346656799316,0.3240993320941925,1.9390141048347687e-08,0.011272430419921875,0.27067551016807556,16.442642211914062,352,27.108121395111084,0.77322918176651,27.081282138824463,51.43974304199219,0.0,12466.263456924,-0.0020211325027048588,8.729722488205836e-21,0.6615223288536072,5.510426044464111,0.0052068233489990234,0.15882772207260132,0.6694962382316589,0.5060927867889404,0.005187189672142267,0,-0.00013899261830374599,0.4621109664440155,0.0,0.4989857077598572,5.856584072113037,0.9771935343742371,352,0.000694829155690968,1,0,363.74623699002865,0.0718432143330574,0,0,6.176007270812988,1,4.7574968338012695
0.4834396541118622,0.0808306485414505,1.3557071685791016,0,0.986047625541687,13.019975662231445,13.89453125,1.3557071685791016,0,0,1,0.0,0.4759282609732339,1460.8457448348063,0.03956175595521927,1.0,0.4745187759399414,0,0.3764077126979828,0.027242228388786316,1762987900.829588,1,0,0,1e-06,0,14.166193008422852,0.0052852630615234375,0,0.0,0.0578262098133564,0.0,6.392037868499756,0.3019821047782898,1.2470724186641746e-07,0.015655517578125,0.25058791041374207,20.524511337280273,353,27.151679277420044,0.8151625394821167,27.122081756591797,36.174808502197266,0.0,12495.291034115,-0.0022618602961301804,2.818139400365383e-20,0.5972354412078857,4.637895584106445,0.005197286605834961,0.20967267453670502,0.5621291399002075,0.5916500687599182,0.004199274815618992,0,0.001173362834379077,0.37220844626426697,-6.084943379391916e-05,0.4845304787158966,5.375757217407227,0.9927296042442322,353,0.0075513748452067375,1,0,365.21143620870157,0.06467177718877792,0,0,6.913704872131348,1,4.0488972663879395
0.4951573312282562,0.10640187561511993,1.3709580898284912,0,0.7741567492485046,12.756022453308105,13.89453125,1.3709580898284912,0,0,1,0.0,0.47497370494590047,1457.9157673044008,0.0044675106182694435,1.0,0.4797724485397339,0,0.4372328221797943,0.05380771681666374,1762987929.826432,1,0,0,1e-06,0,13.15088939666748,0.009872198104858398,0,0.0,0.08414052426815033,0.0,6.861441135406494,0.3297032415866852,6.355721637874012e-08,0.01825714111328125,0.2948404550552368,31.74947166442871,354,27.623469591140747,0.7753627300262451,27.5950767993927,49.0672492980957,0.0,12524.695688267,-0.003981865011155605,6.450736341486962e-20,0.6698493361473083,5.29779052734375,6.4849853515625e-05,0.4630383849143982,0.7027673721313477,0.5235568881034851,0.006995724979788065,0,-1.1300452570139896e-05,0.4302370846271515,-4.1161263652611524e-05,0.49609285593032837,5.941258430480957,0.9818602204322815,354,0.0014756020391359925,1,0,364.4789418261002,0.08335546404123306,0,0,6.825481414794922,1,4.248070240020752
0.49176889657974243,0.0751500278711319,1.4975087642669678,0,0.9377388954162598,13.568033218383789,13.89453125,1.4975087642669678,0,0,1,0.0,0.4776195572372517,1466.0371216727629,0.0017288374947384,1.0,0.4790704548358917,0,0.41245564818382263,0.031977877020835876,1762987959.2252343,1,0,0,1e-06,0,13.394187927246094,0.013030529022216797,0,0.0,0.05884956195950508,0.0,31.433937072753906,0.3020528554916382,6.808897978771711e-07,0.015504837036132812,0.301374226808548,190.123046875,355,27.898584365844727,0.8108608722686768,27.870208740234375,522.83837890625,0.0,12554.00943672,-0.0016126057598739862,9.892599488961878e-21,0.7017338871955872,5.336446285247803,6.723403930664062e-05,0.27759408950805664,0.44024261832237244,0.552267849445343,0.0031028366647660732,0,-0.00010556265624472871,0.4093528091907501,0.0,0.4923308789730072,5.842813014984131,0.9923942685127258,355,0.0007399922469630837,1,0,366.5092804181907,0.05562279373407364,0,0,6.895936012268066,1,11.777567863464355
0.4839659333229065,0.10154463350772858,1.5012946128845215,0,0.9850440621376038,12.133797645568848,13.89453125,1.5012946128845215,0,0,1,0.0,0.47627352047134236,1461.9055072192548,0.0015481559094041586,1.0,0.474745512008667,0,0.37960338592529297,0.023796094581484795,1762987988.5692697,1,0,0,1e-06,0,13.041147232055664,0.003954410552978516,0,0.0,0.0658513605594635,0.0,6.865489482879639,0.3111177384853363,1.122501203099091e-06,0.0167999267578125,0.2516743540763855,16.68416404724121,356,27.8332998752594,0.8015193343162537,27.813015460968018,35.2422981262207,0.0,12579.012628893,-0.002494310261681676,1.2702301000844366e-20,0.6078340411186218,4.400661945343018,6.532669067382812e-05,0.27571937441825867,0.5746773481369019,0.5932366847991943,0.005429650656878948,0,-0.0002383993996772915,0.37417373061180115,-0.00013599784870166332,0.4853455424308777,4.876963138580322,0.9935485124588013,356,0.0010821769246831536,1,0,365.4763768048137,0.07349452376365662,0,0,7.3404436111450195,1,3.751117706298828
0.4963427484035492,0.12732143700122833,1.553835153579712,0,0.8157042860984802,13.050507545471191,13.89453125,1.553835153579712,0,0,1,1.1920928955078125e-07,0.4743862406087022,1456.1125653355089,0.0009924877667799592,1.0,0.48272788524627686,0,0.4423218369483948,0.04110001027584076,1762988013.575413,1,0,0,1e-06,0,13.757194519042969,0.010233402252197266,0,0.0,0.092191681265831,0.0,5.703310489654541,0.31964507699012756,1.9131446151732234e-06,0.016798019409179688,0.29421964287757874,16.627120971679688,357,23.449726104736328,0.7893475294113159,23.421645641326904,29.697072982788086,0.016548901796340942,12607.997577415,-0.0024661559145897627,9.385837464880209e-20,0.7057419419288635,5.507450103759766,0.00015354156494140625,0.2660815417766571,0.7017014622688293,0.5214481353759766,0.0031839334405958652,0,-0.00013658775424119085,0.43913790583610535,-6.106585351517424e-05,0.496722936630249,5.835838317871094,0.9888980388641357,357,0.000743987038731575,1,0,364.0281413338772,0.056343354284763336,0,0,7.345005989074707,1,3.904601573944092
0.49278196692466736,0.10195564478635788,1.368713140487671,0,0.879562258720398,11.632067680358887,13.89453125,1.368713140487671,0,0,1,0.0,0.47539676213546683,1459.2143270788006,0.0007178719388321042,1.0,0.47773656249046326,0,0.4197443425655365,0.04187333583831787,1762988042.558788,1,0,0,1e-06,0,12.598783493041992,0.007323741912841797,0,0.0,0.07696939259767532,0.0,8.77060317993164,0.32762548327445984,2.1723977283727436e-07,0.03601646423339844,0.34030047059059143,43.52811813354492,358,27.612160205841064,0.7794554829597473,27.584386348724365,113.17240905761719,0.0,12635.827533519,-0.000800193112809211,4.254754134166733e-21,0.6995198726654053,4.933563232421875,0.005265474319458008,0.2113051563501358,0.5715663433074951,0.5354887843132019,0.004734848625957966,0,-3.984933937317692e-05,0.415009468793869,0.0,0.49357539415359497,5.085479259490967,0.9840880036354065,358,0.00035186955938115716,1,0,364.80358176970014,0.06865525990724564,0,0,6.573423385620117,1,4.32003116607666
0.49034130573272705,0.10124348104000092,1.3660740852355957,0,0.93241286277771,11.133831024169922,13.89453125,1.3660740852355957,0,0,1,0.0,0.48033597621051505,1474.375078091164,0.0019964692182838917,1.0,0.4762331247329712,0,0.40665364265441895,0.049001675099134445,1762988070.3677676,1,0,0,1e-06,0,11.761252403259277,0.005741119384765625,0,0.0,0.0789000391960144,0.0,6.027340888977051,0.30085688829421997,3.5495088468451286e-06,0.0221405029296875,0.3190803527832031,20.067020416259766,359,26.435409784317017,0.8066096901893616,26.411946058273315,37.59260559082031,0.0,12664.355336639,-0.0033261622302234173,7.084774804652833e-20,0.7251178622245789,3.7850964069366455,6.008148193359375e-05,0.14756421744823456,0.8719266653060913,0.5505613088607788,0.00469667324796319,0,-0.00018748297588899732,0.4019569754600525,-0.00010286999895470217,0.4912572503089905,4.763186454772949,0.9863355159759521,359,0.0009353104396723211,1,0,368.593769522791,0.06837784498929977,0,0,6.742807388305664,1,3.648452043533325
0.4921037256717682,0.1174902617931366,1.4809134006500244,0,0.9494263529777527,10.177406311035156,13.89453125,1.4809134006500244,0,0,1,0.0,0.48116766886940554,1476.9279306560989,0.002017468912526965,1.0,0.4790666699409485,0,0.416116863489151,0.024810194969177246,1762988098.9168432,1,0,0,1e-06,0,11.62218952178955,0.0042877197265625,0,0.0,0.07546994835138321,0.0,6.466403484344482,0.33286333084106445,3.9981799204724666e-08,0.028293609619140625,0.3098672926425934,14.312540054321289,360,27.05850100517273,0.7777750492095947,27.037102699279785,23.74417495727539,0.0,12693.89787226,-0.002769072540104389,5.347868386114801e-20,0.7224364876747131,4.5134148597717285,6.723403930664062e-05,0.2091575562953949,0.7772675156593323,0.5529491901397705,0.004948162008076906,0,-0.0001768776128301397,0.4111686944961548,-0.00012688091374002397,0.4929714798927307,4.7474284172058105,0.9868873953819275,360,0.0008612163364887238,1,0,369.2319826640247,0.07017719000577927,0,0,6.699826240539551,1,3.9376680850982666
0.4956553876399994,0.1143118143081665,1.4378254413604736,0,0.8634994029998779,11.06245231628418,13.89453125,1.4378254413604736,0,0,1,0.0,0.4827627633405665,1481.8240193355985,0.0004728760977741331,1.0,0.48121482133865356,0,0.44059741497039795,0.04772520810365677,1762988128.4601524,1,0,0,1e-06,0,12.669915199279785,0.0030775070190429688,0,0.0,0.08073118329048157,0.0,7.020051956176758,0.3400169312953949,5.025373894795848e-08,0.030965805053710938,0.3144577145576477,14.857157707214355,361,28.09432864189148,0.7508633136749268,28.07184362411499,55.68171310424805,0.0,12723.530848051,-0.0014186439802870154,2.3265073195003597e-22,0.7006112337112427,5.74481725692749,0.00028014183044433594,0.11090699583292007,0.6829088926315308,0.526117742061615,0.006788866128772497,0,-0.00019301954307593405,0.4338085353374481,-7.455902277797577e-07,0.4965149462223053,5.11368465423584,0.9706758856773376,361,0.0005208574002608657,1,0,370.4560048338996,0.08212370425462723,0,0,7.4825639724731445,1,3.6679093837738037
0.48067012429237366,0.1084183007478714,1.5298922061920166,0,0.9683719873428345,12.845295906066895,13.89453125,1.5298922061920166,0,0,1,0.0,0.47995303689463564,1473.199658776941,0.0009416568791493773,1.0,0.47094377875328064,0,0.3679887354373932,0.04614812135696411,1762988158.0897865,1,0,0,1e-06,0,10.730746269226074,0.0050280094146728516,0,0.0,0.0819072499871254,0.0,41.479984283447266,0.3305336534976959,1.9914328674985882e-07,0.036045074462890625,0.30853134393692017,349.7102355957031,362,28.092681646347046,0.7811245322227478,28.07065224647522,649.4517822265625,0.0,12752.005778526,-0.0014668243238702416,2.6625368720626416e-21,0.6609051823616028,3.596736431121826,7.367134094238281e-05,0.11263591796159744,0.7907357215881348,0.5871778726577759,0.005867167375981808,0,-0.00010344436304876581,0.36212158203125,-0.00011605101462919265,0.4823148548603058,5.693237781524658,0.9898226857185364,362,0.0005403331015259027,1,0,368.29991469423527,0.07638136297464371,0,0,6.984172821044922,1,22.05755043029785
0.4991023540496826,0.10843366384506226,1.362809419631958,0,0.3839583098888397,10.631746292114258,13.89453125,1.362809419631958,0,0,1,0.0,0.4783950851203664,1468.4175783527928,0.0013924527447670698,1.0,0.48111093044281006,0,0.47228482365608215,0.045617759227752686,1762988186.5519297,1,0,0,1e-06,0,12.114041328430176,0.0031325817108154297,0,0.0,0.08219758421182632,0.0,5.938682556152344,0.33801689743995667,2.1838826569364755e-07,0.03690338134765625,0.37735748291015625,14.229717254638672,363,27.091918468475342,0.7480883598327637,27.071758031845093,22.769920349121094,0.0,12780.657379947,-0.002380903111770749,1.4109635570542677e-22,0.7768487334251404,5.208629131317139,7.700920104980469e-05,0.19998939335346222,0.5568717122077942,0.488556444644928,0.0031545741949230433,0,-0.00013125961413607,0.4691302478313446,0.0,0.49928754568099976,5.231756687164307,0.9610649347305298,363,0.0007198965176939964,1,0,367.1043945881982,0.056083254516124725,0,0,6.029195785522461,1,3.860487699508667
0.49657347798347473,0.13091665506362915,1.3773202896118164,0,0.6439356207847595,10.477584838867188,13.89453125,1.3773202896118164,0,0,1,0.0,0.4781225488920593,1467.5810375921715,0.0011831115698441863,1.0,0.4746818244457245,0,0.4457409381866455,0.041546598076820374,1762988215.2191286,1,0,0,1e-06,0,11.811247825622559,0.005872964859008789,0,0.0,0.09362026304006577,0.0,5.799225330352783,0.326871395111084,1.3197561088418297e-07,0.04553985595703125,0.37675973773002625,15.823418617248535,364,27.28196430206299,0.7758246660232544,27.256820678710938,23.696983337402344,0.0,12804.664605221,-0.002067596884444356,4.8693082126010753e-20,0.798063337802887,4.63938570022583,6.365776062011719e-05,0.2406279444694519,0.9274764657020569,0.5063369870185852,0.004667444620281458,0,-0.00014261621981859207,0.4410735070705414,0.0,0.497105211019516,4.929791450500488,0.9823326468467712,364,0.000752073887269944,1,0,366.89525939804287,0.06816703081130981,0,0,7.3291215896606445,1,3.8186099529266357
0.49481239914894104,0.12307998538017273,1.4471631050109863,0,0.6512126922607422,11.317037582397461,13.89453125,1.4471631050109863,0,0,1,1.3093153938825708e-05,0.4790941962883976,1470.5634765032758,0.0010712093207985163,1.0,0.4719659388065338,0,0.4332070052623749,0.06998831033706665,1762988239.2237768,1,0,0,1e-06,0,11.986062049865723,0.0028319358825683594,0,0.0,0.10837088525295258,0.0,5.185204982757568,0.3416713774204254,1.062097112480842e-06,0.0669097900390625,0.3993701636791229,14.915106773376465,365,22.548242330551147,0.7546429634094238,22.52673077583313,26.3278751373291,0.0010128617286682129,12833.467822807,-0.0019009948009625077,8.108033153038786e-19,0.7748634815216064,4.929248809814453,8.869171142578125e-05,0.33397939801216125,0.7200803160667419,0.5112205147743225,0.005447654984891415,0,-0.00020918913651257753,0.4277593493461609,-0.0001074776955647394,0.495577335357666,5.098066329956055,0.9727560877799988,365,0.0008088645990937948,1,0,367.64086912581894,0.07361563295125961,0,0,6.3187408447265625,1,3.3770530223846436
0.49686306715011597,0.12021166831254959,1.4614169597625732,0,0.5605990290641785,10.553651809692383,13.89453125,1.4614169597625732,0,0,1,0.0,0.4798094467399357,1472.758913640133,0.0011184661416336894,1.0,0.47280171513557434,0,0.4482429325580597,0.06633001565933228,1762988268.0283794,1,0,0,1e-06,0,10.919778823852539,0.003314971923828125,0,0.0,0.10074836015701294,0.0,5.884574890136719,0.34231317043304443,5.045831841243853e-08,0.0562591552734375,0.40071287751197815,15.32077407836914,366,27.33421802520752,0.7513225674629211,27.31126642227173,53.446048736572266,0.0,12859.026454992,-0.0018290140433236957,1.753451646376226e-19,0.7831165790557861,4.751972675323486,0.0003409385681152344,0.26126205921173096,0.7360841035842896,0.4979093372821808,0.004583651665598154,0,-0.00019307031470816582,0.44365930557250977,-0.0001766449713613838,0.4973614811897278,4.953064441680908,0.9704166650772095,366,0.000698931107763201,1,0,368.18972841003324,0.06755378097295761,0,0,6.771474838256836,1,3.592931032180786
0.49049508571624756,0.11151842772960663,1.4814226627349854,0,0.7771411538124084,10.241521835327148,13.89453125,1.4814226627349854,0,0,1,0.00015668074775021523,0.4788719318599371,1469.881243336704,0.0006940161110833287,1.0,0.47053632140159607,0,0.4061075747013092,0.0749477818608284,1762988293.5833035,1,0,0,1e-06,0,10.249922752380371,0.003331899642944336,0,0.0,0.10295453667640686,0.0,7.443985939025879,0.3267233967781067,3.5159615663360455e-07,0.05692481994628906,0.41399142146110535,28.18911361694336,367,24.07057523727417,0.7731844782829285,24.04212737083435,93.96074676513672,0.01682734489440918,12888.393479981,-0.0027166646905243397,1.1321481457284921e-19,0.8232605457305908,4.01434326171875,5.53131103515625e-05,0.2929849326610565,0.8122125267982483,0.5301223397254944,0.003418413922190666,0,-0.00019376880663912743,0.4026891589164734,-3.0457313187071122e-05,0.4911610186100006,4.623913288116455,0.9760848879814148,367,0.0008496262016706169,1,0,367.470310834176,0.058373838663101196,0,0,7.293979644775391,1,3.796602964401245
0.4981265962123871,0.11102638393640518,1.7560827732086182,0,0.33551669120788574,11.12724781036377,13.89453125,1.7560827732086182,0,0,1,0.0,0.47461505253402364,1456.8148958228596,0.0005979961715638638,1.0,0.47395795583724976,0,0.4614729881286621,0.10578436404466629,1762988322.9323325,1,0,0,1e-06,0,11.42698860168457,0.010727643966674805,0,0.0,0.12253072112798691,0.0,12.098613739013672,0.34640181064605713,1.6364840860205732e-07,0.05300712585449219,0.41772234439849854,128.7036590576172,368,27.58997392654419,0.7461852431297302,27.560046911239624,187.99745178222656,0.0,12916.802107703,-0.0011552833020687103,3.912584330656281e-20,0.8156244158744812,5.430864334106445,8.726119995117188e-05,0.1078561469912529,0.581588089466095,0.48189425468444824,0.005321413278579712,0,-0.00012867440818808973,0.4561515748500824,-0.00012249346764292568,0.49856653809547424,5.730152606964111,0.9651311635971069,368,0.0004005025839433074,1,0,364.2037239557149,0.0727614089846611,0,0,7.384410858154297,1,8.451354026794434
0.49966031312942505,0.121126189827919,1.463014841079712,0,0.16570909321308136,11.583157539367676,13.89453125,1.463014841079712,0,0,1,0.0,0.47487800338360425,1457.6220145867778,0.000862953660544008,1.0,0.469770222902298,0,0.4856067895889282,0.089945949614048,1762988351.361221,1,0,0,1e-06,0,11.70750617980957,0.009985685348510742,0,0.0,0.11706427484750748,0.0,11.40507698059082,0.3240279257297516,1.2131710036555887e-07,0.062358856201171875,0.43109238147735596,83.7266616821289,369,26.962998390197754,0.7748569846153259,26.935404062271118,176.87294006347656,0.0,12945.100745207,-0.002580867847427726,9.815614338651193e-21,0.8612998723983765,5.465162754058838,5.435943603515625e-05,0.2062063217163086,0.7789871692657471,0.4552764296531677,0.005268109496682882,0,-0.00023067758593242615,0.4803386926651001,-0.0001494736352469772,0.49983981251716614,6.0103864669799805,0.9724304676055908,369,0.0007980452501215041,1,0,364.40550364669446,0.07239711284637451,0,0,6.606666564941406,1,6.37545919418335
0.4860817492008209,0.10541868954896927,1.432574987411499,0,0.8415214419364929,9.236312866210938,13.89453125,1.432574987411499,0,0,1,0.0,0.4749019652897334,1457.6955648494484,0.0010021214839071035,1.0,0.4666852653026581,0,0.3880256712436676,0.07340952754020691,1762988379.6669106,1,0,0,1e-06,0,9.379319190979004,0.0043141841888427734,0,0.0,0.09915536642074585,0.0,4.9538655281066895,0.3163633346557617,2.898197806189273e-07,0.05170631408691406,0.3968169689178467,14.960936546325684,370,26.39644432067871,0.7909033894538879,26.375267267227173,20.416290283203125,0.0,12973.900742178,-0.0037933725398033857,2.5806387212777893e-21,0.8002334237098694,3.100205659866333,8.797645568847656e-05,0.2121530920267105,0.7183039784431458,0.5468084812164307,0.0053863683715462685,0,-0.0003098733723163605,0.3826393187046051,-0.00022486648231279105,0.4873509407043457,4.039565563201904,0.9850709438323975,370,0.000932153663598001,1,0,364.4238912123621,0.07320153713226318,0,0,6.32647705078125,1,3.37489914894104
0.4959094822406769,0.1198185607790947,1.8164122104644775,0,0.5237080454826355,10.405402183532715,13.89453125,1.8164122104644775,0,0,1,0.0,0.476197622603237,1461.672541273007,0.0011581549188122153,1.0,0.4723970592021942,0,0.44183313846588135,0.07838618755340576,1762988408.4557056,1,0,0,1e-06,0,11.750224113464355,0.004482269287109375,0,0.0,0.10477545857429504,0.0,6.16849422454834,0.32191768288612366,8.807336371319252e-07,0.04187583923339844,0.3880845010280609,22.523160934448242,371,26.969282388687134,0.7861955165863037,26.934948205947876,35.65296936035156,0.0,13004.431474162,-0.0042576235719025135,6.252315745815951e-20,0.8178799748420715,4.668664932250977,0.003545045852661133,0.4252972900867462,0.9225899577140808,0.4995408058166504,0.006110458169132471,0,-0.00027047155890613794,0.435722678899765,-7.581122918054461e-05,0.4966634511947632,5.089408874511719,0.983504056930542,371,0.0009518122533336282,1,0,365.41813531825176,0.07793939113616943,0,0,6.336566925048828,1,4.062067031860352
0.49840131402015686,0.13302817940711975,2.325047731399536,0,0.3773796856403351,11.074503898620605,13.89453125,2.325047731399536,0,0,1,0.0,0.47485225204502496,1457.5429717215561,0.001640050089918077,1.0,0.47229641675949097,0,0.46307992935180664,0.07576975971460342,1762988438.990078,1,0,0,1e-06,0,10.981379508972168,0.012776374816894531,0,0.0,0.10838069766759872,0.0,15.635236740112305,0.31822142004966736,3.0118388849587063e-07,0.048015594482421875,0.406181275844574,87.57843017578125,372,28.206970691680908,0.7766836881637573,27.859153270721436,248.0982666015625,0.0,13034.578519681,-0.0027671840507537127,1.1099146213843821e-21,0.846876859664917,4.20911979675293,8.249282836914062e-05,0.18769250810146332,1.2846357822418213,0.48370957374572754,0.0037028968799859285,0,-0.000225534473429434,0.4593770205974579,-0.00011998725676676258,0.49868935346603394,5.444955348968506,0.9676945209503174,372,0.0008039062959142029,1,0,364.38574293038903,0.06074528023600578,0,0,6.601659774780273,1,6.567368507385254
0.4970119595527649,0.11417755484580994,1.9816877841949463,0,0.5568622946739197,11.111821174621582,13.89453125,1.9816877841949463,0,0,1,0.0,0.47076465346636376,1444.996225751861,0.0009041116572916508,1.0,0.4762797951698303,0,0.4487972557544708,0.06301223486661911,1762988469.1330657,1,0,0,1e-06,0,11.854426383972168,0.008660554885864258,0,0.0,0.09032232314348221,0.0,5.715495586395264,0.34556373953819275,8.04154467459739e-08,0.027822494506835938,0.3405367136001587,16.87137794494629,373,28.158743619918823,0.7450169920921326,28.126375675201416,22.746963500976562,0.0,13063.095393532,-0.004274026025086641,3.639284098606831e-21,0.7383888363838196,4.87230110168457,0.0051839351654052734,0.2589676082134247,0.7614566683769226,0.5014082193374634,0.0038946163840591908,0,-0.00032560984254814684,0.4449026584625244,-0.000175631299498491,0.49742838740348816,5.309484004974365,0.9629598259925842,373,0.0009517721482552588,1,0,361.24905643796524,0.062292348593473434,0,0,6.138330459594727,1,3.9257779121398926
0.49543970823287964,0.09414689242839813,1.4099431037902832,0,0.82492595911026,11.045452117919922,13.89453125,1.4099431037902832,0,0,1,0.0,0.4716060203401931,1447.5787729932563,0.0008877220097929239,1.0,0.48064330220222473,0,0.43641170859336853,0.041744958609342575,1762988497.657949,1,0,0,1e-06,0,11.890645980834961,0.010526895523071289,0,0.0,0.07383318990468979,0.0,6.4849772453308105,0.3223133385181427,1.5297850097795163e-07,0.0199737548828125,0.2723235487937927,18.899673461914062,374,27.112255334854126,0.777293860912323,27.082170486450195,50.39663314819336,0.0,13091.441495246,-0.0017949119210243225,3.3850614666434343e-22,0.626334547996521,4.577749729156494,7.367134094238281e-05,0.17619279026985168,0.6329137086868286,0.5257073044776917,0.0041877892799675465,0,-0.0001817741576815024,0.432223916053772,-9.148238314082846e-05,0.4959947168827057,5.080659866333008,0.9831894636154175,374,0.0006200947100296617,1,0,361.89469324831407,0.06458459794521332,0,0,6.975986480712891,1,4.057913780212402
0.48903888463974,0.09884604811668396,1.3855164051055908,0,0.8926465511322021,11.77661418914795,13.89453125,1.3855164051055908,0,0,1,0.0,0.47245573996840917,1450.186958732518,0.000634595809970051,1.0,0.47254231572151184,0,0.3998660445213318,0.04560360684990883,1762988525.9980175,1,0,0,1e-06,0,10.871739387512207,0.012884140014648438,0,0.0,0.07991053909063339,0.0,22.84777069091797,0.3147105574607849,7.091290399330319e-07,0.03271484375,0.3219309151172638,34.334049224853516,375,26.952076196670532,0.7874408960342407,26.920243978500366,377.2404479980469,0.0,13120.568145217,-0.0020729878451675177,4.1238491671591654e-21,0.7015111446380615,3.6564595699310303,0.00015091896057128906,0.15619800984859467,0.6823949813842773,0.5488350987434387,0.0042420183308422565,0,-0.00017663869948592037,0.395624041557312,-8.910765609471127e-05,0.4899252653121948,4.682180881500244,0.9804340600967407,375,0.0005973690422251821,1,0,362.5467396831295,0.06499974429607391,0,0,7.204244613647461,1,4.269102096557617
0.4959917366504669,0.1376768797636032,1.538304090499878,0,0.5607331991195679,10.59197998046875,13.89453125,1.538304090499878,0,0,1,0.0,0.4736659052569831,1453.9015202690505,0.0016554866451770067,1.0,0.475626140832901,0,0.4425065815448761,0.08986731618642807,1762988555.1135564,1,0,0,1e-06,0,11.113176345825195,0.010964632034301758,0,0.0,0.12277118861675262,0.0,5.601346969604492,0.3350536525249481,1.065847300196765e-06,0.03423500061035156,0.3456348776817322,15.574331283569336,376,27.57440185546875,0.7541581392288208,27.545045852661133,29.876567840576172,0.0,13144.597344634,-0.002049808157607913,1.0635546457969298e-19,0.7519367337226868,4.755388259887695,6.794929504394531e-05,0.13547471165657043,0.7582335472106934,0.5042113065719604,0.00608395878225565,0,-0.0001229001791216433,0.4364226162433624,0.0,0.4967338740825653,5.24256706237793,0.9632604122161865,376,0.0007796560530550778,1,0,363.4753800672626,0.07776997983455658,0,0,7.271768569946289,1,3.9462103843688965
0.4987419545650482,0.1200767531991005,1.420598030090332,0,0.3861643671989441,16.09048843383789,13.89453125,1.420598030090332,0,0,1,1.0331471457902808e-05,0.4752792123514685,1458.853511981565,0.001072903978638351,1.0,0.4784088134765625,0,0.46957331895828247,0.053733017295598984,1762988579.1421843,1,0,0,1e-06,0,12.530070304870605,0.0047359466552734375,0,0.0,0.10117460042238235,0.0,37.205570220947266,0.332833468914032,2.7171446959073364e-07,0.034397125244140625,0.3803398609161377,89.2292251586914,377,22.605068922042847,0.7666078805923462,22.57723331451416,446.1263732910156,0.08200136572122574,13169.875412191,-0.0015920784790068865,8.730155465557719e-21,0.80886310338974,5.453219890594482,0.005324602127075195,0.13103008270263672,0.8537285923957825,0.4868350327014923,0.00582886440679431,0,-0.00013971618318464607,0.46374446153640747,-0.00017552664212416857,0.49913156032562256,6.70290994644165,0.9728564620018005,377,0.0006000805296935141,1,0,364.7133779953912,0.07613304257392883,0,0,6.483911514282227,1,7.09450626373291
0.4965541660785675,0.10267432034015656,1.4950928688049316,0,0.5917323231697083,10.731451988220215,13.89453125,1.4950928688049316,0,0,1,6.119410045357654e-06,0.47326675944146673,1452.676355650809,0.0009863569866865873,1.0,0.4778164029121399,0,0.4465675950050354,0.0598209910094738,1762988604.4301908,1,0,0,1e-06,0,11.282690048217773,0.0055484771728515625,0,0.0,0.08957163989543915,0.0,5.761948585510254,0.32428503036499023,5.853680207223988e-08,0.030076980590820312,0.3281673491001129,16.872610092163086,378,23.785282373428345,0.7810995578765869,23.7602481842041,29.83647918701172,0.0028632746543735266,13197.772474477,-0.0017133052460849285,1.408981069072526e-19,0.7461198568344116,4.71824836730957,6.461143493652344e-05,0.147156223654747,0.7182441353797913,0.505822479724884,0.005661712493747473,0,-0.00020121640409342945,0.4409058690071106,-2.4061480871750973e-05,0.49719542264938354,5.343466281890869,0.979643702507019,378,0.0007011317065916955,1,0,363.16908891270225,0.07503989338874817,0,0,6.980243682861328,1,4.11378812789917
0.4914930760860443,0.141052708029747,1.399397850036621,0,0.7697772979736328,9.279816627502441,13.89453125,1.399397850036621,0,0,1,0.0,0.4763118772808119,1462.023242152214,0.0006820271955803037,1.0,0.472147673368454,0,0.41320011019706726,0.04430866241455078,1762988632.338702,1,0,0,1e-06,0,9.329930305480957,0.004099369049072266,0,0.0,0.09228428453207016,0.0,8.565522193908691,0.3309698700904846,6.458100187956006e-08,0.04216766357421875,0.3746872842311859,23.253902435302734,379,26.50083041191101,0.7726796269416809,26.47865653038025,103.5750503540039,0.0,13226.180083331,-0.0035676939878612757,5.517648822428444e-20,0.8292819261550903,2.919220447540283,0.0014243125915527344,0.1241706907749176,1.304006576538086,0.5307222604751587,0.005345107987523079,0,-0.0003300466341897845,0.40785500407218933,-2.9297756555024534e-05,0.49246537685394287,4.411493301391602,0.9796606302261353,379,0.0009691065642982721,1,0,365.5058105380535,0.07292306423187256,0,0,6.9677839279174805,1,4.31461238861084
0.49521100521087646,0.12939338386058807,1.395918846130371,0,0.7047993540763855,10.115325927734375,13.89453125,1.395918846130371,0,0,1,0.0,0.4752699949156366,1458.8252193731669,0.0012791884364560246,1.0,0.47695493698120117,0,0.43699273467063904,0.07424413412809372,1762988660.7463431,1,0,0,1e-06,0,10.412874221801758,0.007391691207885742,0,0.0,0.11080212891101837,0.0,6.485678672790527,0.3298039734363556,5.523734785128909e-07,0.035884857177734375,0.3203113079071045,24.182397842407227,380,27.00381827354431,0.7649991512298584,26.977211952209473,51.04011917114258,0.0,13250.939191283,-0.0026037744246423244,1.3521580584519092e-20,0.6762472987174988,4.14015007019043,7.510185241699219e-05,0.1491198092699051,0.8744240403175354,0.5165128707885742,0.0064075179398059845,0,-0.00013490638229995966,0.43058520555496216,-3.3400800020899624e-05,0.4960671663284302,5.139627456665039,0.9717219471931458,380,0.0007349167135544121,1,0,364.7063048432917,0.0797986388206482,0,0,6.3625993728637695,1,4.585519790649414
0.4970918595790863,0.12889523804187775,1.4982800483703613,0,0.5621086955070496,9.093038558959961,13.89453125,1.4982800483703613,0,0,1,0.0,0.4783314528168297,1468.2222611432928,0.0010477505857124925,1.0,0.47573617100715637,0,0.44843873381614685,0.031045934185385704,1762988685.5004737,1,0,0,1e-06,0,9.720816612243652,0.005100250244140625,0,0.0,0.09339483827352524,0.0,5.919219017028809,0.31793084740638733,2.120815736361692e-07,0.03410530090332031,0.3566562533378601,17.212684631347656,381,23.253477811813354,0.8063324093818665,23.226776361465454,22.94970703125,0.0,13280.160462267,-0.0017053885385394096,5.636633260547942e-21,0.7985184192657471,3.4505600929260254,5.53131103515625e-05,0.5544685125350952,0.7216501235961914,0.5031287670135498,0.002886381698772311,0,-0.00015169958351179957,0.44555237889289856,-0.00013121060328558087,0.49739959836006165,4.6849446296691895,0.9930093884468079,381,0.0006895622937008739,1,0,367.0555652858232,0.0536545030772686,0,0,7.289894104003906,1,4.373842239379883
0.490327388048172,0.13367091119289398,1.8688135147094727,0,0.8167832493782043,8.75915241241455,13.89453125,1.8688135147094727,0,0,1,0.0,0.48323259891186887,1483.2661637749845,0.0004796867724508047,1.0,0.471539169549942,0,0.4044308066368103,0.05100201815366745,1762988714.7096417,1,0,0,1e-06,0,8.81815242767334,0.010915040969848633,0,0.0,0.10035210102796555,0.0,5.320343494415283,0.30427321791648865,1.88063623340895e-07,0.04254722595214844,0.34717032313346863,12.801405906677246,382,27.338202238082886,0.8163139820098877,27.310054063796997,24.465253829956055,0.0,13305.614462903,-0.0007694644154980779,1.1410275418633368e-19,0.7049962282180786,2.5843286514282227,8.296966552734375e-05,0.1566169410943985,0.7975211143493652,0.5370618104934692,0.0025925051886588335,0,-6.884623871883377e-05,0.4018383026123047,-1.1710124454111792e-05,0.4908393919467926,3.8908426761627197,0.9937981963157654,382,0.00034973063156940043,1,0,370.81654094374613,0.05085660144686699,0,0,6.126056671142578,1,3.522871255874634
0.49065276980400085,0.11656861752271652,1.4564745426177979,0,0.8987718224525452,10.894972801208496,13.89453125,1.4564745426177979,0,0,1,2.4318694613612024e-06,0.48086000097903164,1475.9835544436926,0.0010715196840465069,1.0,0.4755512475967407,0,0.4089261591434479,0.055375561118125916,1762988740.1541193,1,0,0,1e-06,0,10.312317848205566,0.010198354721069336,0,0.0,0.0959007516503334,0.0,5.676909923553467,0.3277719020843506,3.2828715745836234e-08,0.02773284912109375,0.33636969327926636,15.360017776489258,383,23.98558259010315,0.779245138168335,23.95834994316101,27.900697708129883,0.00027273097657598555,13334.553370705,-0.001696886378340423,1.7021157088645145e-22,0.7305678725242615,3.6843554973602295,6.222724914550781e-05,0.15919935703277588,0.6617580056190491,0.5456545948982239,0.00543724512681365,0,-0.0001639275869820267,0.4034889042377472,-0.00023717863950878382,0.4916912615299225,4.961978912353516,0.9775826930999756,383,0.0007995403720997274,1,0,368.99588861092315,0.07354526966810226,0,0,6.296758651733398,1,4.055873870849609
0.4941244423389435,0.1310981661081314,1.3524680137634277,0,0.7602176070213318,11.229877471923828,13.89453125,1.3524680137634277,0,0,1,0.0,0.47963848326523517,1472.2341470208369,0.001143844099715352,1.0,0.47614070773124695,0,0.4243961274623871,0.04078543186187744,1762988769.1112888,1,0,0,1e-06,0,11.962554931640625,0.004723310470581055,0,0.0,0.09145987778902054,0.0,8.251935005187988,0.31833189725875854,4.799573005698221e-08,0.030778884887695312,0.30385351181030273,15.936676025390625,384,27.602410078048706,0.7971702814102173,27.575629234313965,89.95679473876953,0.0,13359.411412127,-0.0015399475814774632,2.6063528907769646e-20,0.6450940370559692,4.077508926391602,0.0064258575439453125,0.14619795978069305,0.8989152908325195,0.5253803133964539,0.001207729452289641,0,-0.0001394585706293583,0.42318838834762573,-5.902494740439579e-05,0.4943107068538666,5.016669750213623,0.9898349046707153,384,0.0006461987504735589,1,0,368.0585367552092,0.034735605120658875,0,0,7.181550979614258,1,4.399696350097656
0.48349180817604065,0.09848976880311966,1.4135127067565918,0,0.9659420847892761,12.93801498413086,13.89453125,1.4135127067565918,0,0,1,9.328126907348633e-06,0.4798771207710015,1472.9666367959635,0.0010530921863391995,1.0,0.4715803861618042,0,0.37763914465904236,0.046663954854011536,1762988793.9569633,1,0,0,1e-06,0,10.559956550598145,0.009865999221801758,0,0.0,0.08324858546257019,0.0,28.2282657623291,0.32398247718811035,5.665959861289593e-07,0.025236129760742188,0.28313887119293213,225.8446807861328,385,23.42958116531372,0.7918375134468079,23.402767419815063,434.1294250488281,0.0002138217241736129,13388.408394024,-0.001787708722986281,1.1099188623006086e-21,0.6087482571601868,3.4328248500823975,6.079673767089844e-05,0.2122727781534195,0.6419809460639954,0.5754722356796265,0.005278310738503933,0,-0.00020996385137550533,0.37236082553863525,-0.0002012375625781715,0.4848548471927643,5.631378173828125,0.9902869462966919,385,0.0007282723090611398,1,0,368.2416591989909,0.07246868312358856,0,0,5.977337837219238,1,15.489811897277832
0.48502495884895325,0.11086256802082062,1.4382693767547607,0,0.963015079498291,9.55592155456543,13.89453125,1.4382693767547607,0,0,1,0.0,0.48009304610910286,1473.629412338484,0.0006679037469439209,1.0,0.47386303544044495,0,0.3836829960346222,0.03301527723670006,1762988822.950841,1,0,0,1e-06,0,9.109187126159668,0.004619598388671875,0,0.0,0.07254504412412643,0.0,9.322150230407715,0.3259408473968506,1.7518679840122786e-07,0.019720077514648438,0.2747422456741333,48.607479095458984,386,27.54808759689331,0.7807711958885193,27.522350549697876,121.44573211669922,0.0,13413.38336185,-0.001535755000077188,1.4537069832872097e-19,0.6134770512580872,2.6573925018310547,7.987022399902344e-05,0.12313063442707062,0.8131418824195862,0.5691909193992615,0.005361305549740791,0,-0.00017660389130469412,0.37832167744636536,0.0,0.48633885383605957,4.200826168060303,0.9852145910263062,386,0.0005138140986673534,1,0,368.407353084621,0.07303290069103241,0,0,6.205659866333008,1,4.913701057434082
0.4906505346298218,0.11821123957633972,1.477269172668457,0,0.9003363847732544,10.764378547668457,13.89453125,1.477269172668457,0,0,1,3.8385392144846264e-06,0.48067165560596264,1475.4054346736152,0.0009842542931437492,1.0,0.4774821102619171,0,0.40789148211479187,0.05587282031774521,1762988847.9458716,1,0,0,1e-06,0,11.229175567626953,0.0053713321685791016,0,0.0,0.08683182299137115,0.0,5.89297342300415,0.33901408314704895,2.4807241061353125e-07,0.02268218994140625,0.27134570479393005,16.9896297454834,387,23.510003089904785,0.769338846206665,23.48735022544861,34.9605827331543,0.00028930106782354414,13441.984514587,-0.0014952986966818571,1.2702348660664816e-20,0.6164315938949585,4.160188674926758,5.984306335449219e-05,0.10129402577877045,0.7633901238441467,0.5472538471221924,0.004438964184373617,0,-0.0001614365028217435,0.4034525156021118,-0.00022619840456172824,0.49150338768959045,4.544704914093018,0.984645426273346,387,0.000711491156835109,1,0,368.8513586684038,0.06648571044206619,0,0,5.9867095947265625,1,3.723958969116211
0.49816885590553284,0.12661437690258026,1.4394831657409668,0,0.4533272385597229,10.895472526550293,13.89453125,1.4394831657409668,0,0,1,0.0,0.4793073803718304,1471.2178378570488,0.0012621713103726506,1.0,0.4775923788547516,0,0.4591224193572998,0.051833007484674454,1762988876.5465991,1,0,0,1e-06,0,11.921249389648438,0.003912925720214844,0,0.0,0.09164147824048996,0.0,5.6792497634887695,0.34131956100463867,1.7404475727289537e-07,0.03745269775390625,0.3256581127643585,15.121442794799805,388,27.153697729110718,0.7550964951515198,27.128879070281982,22.081111907958984,0.0,13470.929006415,-0.0019801168236881495,1.2051653171031086e-19,0.6290797591209412,5.4945454597473145,0.0014307498931884766,0.1447957307100296,1.1978386640548706,0.4932841658592224,0.002540415618568659,0,-0.00012039161083521321,0.4565819799900055,-3.9826012653065845e-05,0.4983837604522705,5.20142126083374,0.9738640785217285,388,0.0007434067083522677,1,0,367.8044594642622,0.05034428834915161,0,0,6.146120071411133,1,3.7099239826202393
0.48131757974624634,0.12231147289276123,1.2887749671936035,0,0.9524276852607727,10.824305534362793,13.89453125,1.2887749671936035,0,0,1,0.0,0.4820673171452299,1479.6893706951887,0.0015182079514488578,1.0,0.4689173698425293,0,0.3702036440372467,0.06363491714000702,1762988905.48678,1,0,0,1e-06,0,10.631114959716797,0.006848812103271484,0,0.0,0.10300751775503159,0.0,6.158345699310303,0.32501205801963806,3.6150112237010035e-08,0.029369354248046875,0.28014421463012695,19.2728328704834,389,27.64820146560669,0.7841690182685852,27.615936994552612,41.670841217041016,0.0,13499.714110199,-0.0017520161345601082,7.467228744494547e-24,0.602851152420044,3.3547139167785645,0.0052661895751953125,0.16745062172412872,0.7487218976020813,0.5733261108398438,0.005787781439721584,0,-0.00014944211579859257,0.36441585421562195,-0.0002680370816960931,0.4829108417034149,4.404660224914551,0.9855299592018127,389,0.0007424926734529436,1,0,369.9223426737972,0.07586511969566345,0,0,6.687374114990234,1,4.075641632080078
0.48722344636917114,0.11159729957580566,1.5678794384002686,0,0.9081394672393799,11.00941276550293,13.89453125,1.5678794384002686,0,0,1,0.0,0.47929096547197614,1471.1674528755916,0.0010045742383226752,1.0,0.47246843576431274,0,0.39218008518218994,0.05298452451825142,1762988934.2742865,1,0,0,1e-06,0,11.668434143066406,0.013092994689941406,0,0.0,0.08876663446426392,0.0,6.287700176239014,0.3249070644378662,5.875481434713947e-08,0.024684906005859375,0.27403199672698975,16.936195373535156,390,27.217474460601807,0.7860758304595947,27.185956954956055,38.106407165527344,0.0,13526.750295491,-0.0037415127735584974,3.7922208273592926e-20,0.6233166456222534,3.79164719581604,9.083747863769531e-05,0.26615646481513977,0.7184474468231201,0.5531169772148132,0.004739336669445038,0,-0.0001509715075371787,0.3874407410621643,-3.119574466836639e-05,0.4882943332195282,4.593796730041504,0.9848788380622864,390,0.0009126421646215022,1,0,367.7918632188979,0.06868764758110046,0,0,6.845395088195801,1,3.869222402572632
0.48972856998443604,0.12735983729362488,1.471118688583374,0,0.9092226624488831,10.549342155456543,13.89453125,1.471118688583374,0,0,1,0.0,0.483513637577452,1484.1288024800522,0.0012967961374670267,1.0,0.4756033718585968,0,0.4037053883075714,0.04944128915667534,1762988961.3107498,1,0,0,1e-06,0,10.919426918029785,0.006791114807128906,0,0.0,0.09638283401727676,0.0,7.4100799560546875,0.3313315510749817,7.413303251269099e-07,0.029727935791015625,0.2621031105518341,32.43048858642578,391,25.55804967880249,0.7750468850135803,25.535353422164917,49.36838912963867,0.0,13555.283478078,-0.0021507919300347567,3.346623478138378e-20,0.5689822435379028,3.8651890754699707,8.082389831542969e-05,0.13225412368774414,1.0115346908569336,0.5493930578231812,0.004803293850272894,0,-0.00019158325449097902,0.3989020884037018,-0.00011733995779650286,0.4906958341598511,4.720134258270264,0.9868595004081726,391,0.0007832158589735627,1,0,371.03220062001304,0.06914705783128738,0,0,6.58213996887207,1,4.28660249710083
0.4932084083557129,0.10700862109661102,1.5598716735839844,0,0.7783324122428894,9.76760196685791,13.89453125,1.5598716735839844,0,0,1,0.0,0.48580165280673177,1491.1517880556,0.0009643473895266652,1.0,0.475121408700943,0,0.42005980014801025,0.04004719853401184,1762988989.842879,1,0,0,1e-06,0,10.72791576385498,0.0033621788024902344,0,0.0,0.07588580995798111,0.0,5.605175495147705,0.3185936510562897,7.137606417018105e-08,0.025999069213867188,0.2901395261287689,17.166948318481445,392,26.961164712905884,0.7979533076286316,26.940409421920776,23.705827713012695,0.0,13584.136139881,-0.0015418691327795386,2.7470757000178413e-21,0.6402261257171631,3.8591718673706055,9.274482727050781e-05,0.10293401032686234,0.9474319219589233,0.5310034155845642,0.002530480735003948,0,-0.00017992618086282164,0.41752931475639343,-6.629996642004699e-05,0.4936249852180481,4.4829301834106445,0.990474283695221,392,0.0006010951474308968,1,0,372.7879470139,0.0502459742128849,0,0,6.973907470703125,1,3.8378078937530518
0.4955650568008423,0.11648833751678467,1.475494384765625,0,0.6221792697906494,11.153060913085938,13.89453125,1.475494384765625,0,0,1,0.0,0.483767884922813,1484.9092061313224,0.0005745349917560816,1.0,0.4754815995693207,0,0.43684110045433044,0.05252613499760628,1762989018.6994913,1,0,0,1e-06,0,10.643693923950195,0.003281831741333008,0,0.0,0.09347902238368988,0.0,5.570033550262451,0.3183344006538391,1.350447718095893e-07,0.027643203735351562,0.27647584676742554,19.679317474365234,393,27.37231135368347,0.7841911315917969,27.35071301460266,28.112924575805664,0.0,13612.699744315,-0.0019008060917258263,1.0989685641683781e-22,0.5917152166366577,3.867739200592041,8.654594421386719e-05,0.14448827505111694,0.6472241282463074,0.5121328830718994,0.0036419397220015526,0,-0.00016558312927372754,0.4331991672515869,0.0,0.4960424304008484,5.280277252197266,0.978546142578125,393,0.0006526173674501479,1,0,371.2273015328306,0.06024426966905594,0,0,6.213024139404297,1,4.540966033935547
0.4939044415950775,0.11377943307161331,1.3421974182128906,0,0.6221185326576233,11.159339904785156,13.89453125,1.3421974182128906,0,0,1,7.390975724774762e-07,0.48420531019014545,1486.251868235815,0.0013076064642518759,1.0,0.4731886386871338,0,0.4243465065956116,0.07325662672519684,1762989047.2624547,1,0,0,1e-06,0,10.387014389038086,0.003411531448364258,0,0.0,0.1054689809679985,0.0,4.918575286865234,0.29574960470199585,3.6014998272548837e-07,0.027622222900390625,0.28619834780693054,15.620537757873535,394,27.21176266670227,0.8181717395782471,27.189713716506958,29.139793395996094,0.03243875503540039,13640.96537774,-0.00230268738232553,2.4484418500186042e-20,0.6046520471572876,3.832066535949707,6.771087646484375e-05,0.09525357931852341,0.62569659948349,0.5144675374031067,0.0024804426357150078,0,-0.0001716986153041944,0.4218660593032837,-0.0002563185116741806,0.4942905604839325,5.083591461181641,0.9883157014846802,394,0.0006889623473398387,1,0,371.56296705895375,0.049746982753276825,0,0,6.704475402832031,1,3.9143762588500977
0.4919983148574829,0.11631453037261963,1.4099211692810059,0,0.8466541171073914,10.452666282653809,13.89453125,1.4099211692810059,0,0,1,0.0,0.484240456729735,1486.359749353654,0.001363402814604342,1.0,0.4761089086532593,0,0.41419586539268494,0.054835159331560135,1762989075.5223768,1,0,0,1e-06,0,10.690643310546875,0.010714530944824219,0,0.0,0.08931072056293488,0.0,5.291369438171387,0.3458290100097656,1.4543979887093883e-07,0.026052474975585938,0.27932652831077576,14.106958389282227,395,26.847557544708252,0.7586022019386292,26.818910598754883,22.632179260253906,0.0,13669.208819397,-0.002672565635293722,4.96665874992562e-18,0.5997278094291687,4.228396415710449,0.0002918243408203125,0.23890379071235657,0.7986111640930176,0.5351091623306274,0.0035938904620707035,0,-0.0001312363747274503,0.41060197353363037,-5.289073669700883e-05,0.49263796210289,4.796058654785156,0.9840032458305359,395,0.0006762946723029017,1,0,371.5899373384135,0.059847962111234665,0,0,6.143292427062988,1,3.67069149017334
0.49874797463417053,0.11054647713899612,1.3414812088012695,0,0.2993369400501251,11.686458587646484,13.89453125,1.3414812088012695,0,0,1,0.0,0.48507848473519183,1488.9320480511944,0.0006919663865119219,1.0,0.47327542304992676,0,0.4665757119655609,0.04532836005091667,1762989103.775143,1,0,0,1e-06,0,10.837867736816406,0.012598991394042969,0,0.0,0.09132391959428787,0.0,7.159578800201416,0.3199053108692169,1.9382792970645824e-07,0.03162384033203125,0.28805819153785706,16.958675384521484,396,26.908265590667725,0.7813503742218018,26.87565040588379,73.34807586669922,0.0,13696.968181348,-0.001662375871092081,1.4558968217801668e-22,0.6181303858757019,4.364765644073486,6.556510925292969e-05,0.26677870750427246,0.6381384134292603,0.47474026679992676,0.002728512976318598,0,-0.0001837268500821665,0.46384719014167786,-0.00015333943883888423,0.49893829226493835,5.264575958251953,0.9822454452514648,396,0.0005145786562934518,1,0,372.2330120127986,0.052169784903526306,0,0,6.678668975830078,1,4.223493576049805
0.49644240736961365,0.10452689230442047,1.4559223651885986,0,0.49995577335357666,10.925202369689941,13.89453125,1.4559223651885986,0,0,1,0.0,0.48667957975141346,1493.84655520137,0.0008735738811083138,1.0,0.47537147998809814,0,0.4429050385951996,0.056908298283815384,1762989131.5154107,1,0,0,1e-06,0,11.425825119018555,0.012695789337158203,0,0.0,0.088431715965271,0.0,6.854891777038574,0.32952234148979187,1.4915713109076023e-07,0.02819061279296875,0.30042558908462524,16.19226837158203,397,26.28155517578125,0.7812615036964417,26.251654148101807,35.963985443115234,0.0,13720.831410803,-0.0009621359640732408,3.835776955514842e-22,0.6506221294403076,4.001250267028809,0.00015020370483398438,0.1584988534450531,0.740570604801178,0.5031698942184448,0.0029050279408693314,0,-3.0438892281381413e-05,0.4399999976158142,-1.713665187708102e-05,0.4967849850654602,5.075854301452637,0.9881884455680847,397,0.0005018270458094776,1,0,373.4616388003425,0.0538259781897068,0,0,6.93649959564209,1,4.459770679473877
0.4980737268924713,0.12084130197763443,1.4480011463165283,0,0.4373296797275543,11.995774269104004,13.89453125,1.4480011463165283,0,0,1,4.688898570748279e-06,0.4886237865370258,1499.8142323551344,0.0007798667647875845,1.0,0.47839194536209106,0,0.4613681137561798,0.04738615080714226,1762989155.381447,1,0,0,1e-06,0,11.484624862670898,0.010190486907958984,0,0.0,0.09288029372692108,0.0,6.341723918914795,0.3262922465801239,5.866108665486536e-08,0.0224456787109375,0.3065779209136963,21.310894012451172,398,22.415566444396973,0.7791174054145813,22.38744306564331,38.701255798339844,0.0018443266162648797,13745.960375333,-0.0018786948639899492,1.9287498933537385e-22,0.6782318353652954,4.788575172424316,6.270408630371094e-05,0.12370456010103226,0.7905586361885071,0.4957009255886078,0.005905511789023876,0,-8.225497731473297e-05,0.45546260476112366,-5.191233412915608e-06,0.4985666871070862,5.6398162841796875,0.9836786389350891,398,0.0006576332962140441,1,0,374.9535580887836,0.07662950456142426,0,0,6.595828056335449,1,4.464856147766113
0.4920443296432495,0.12335259467363358,1.31034517288208,0,0.8894487023353577,11.958903312683105,13.89453125,1.31034517288208,0,0,1,4.410743713378906e-06,0.48803775050867737,1498.0154145320826,0.0012271944433450699,1.0,0.4778851568698883,0,0.4146718382835388,0.046790700405836105,1762989180.5070736,1,0,0,1e-06,0,12.969223976135254,0.0044977664947509766,0,0.0,0.09151554107666016,0.0,5.503368854522705,0.32060304284095764,3.088865980771516e-07,0.024065017700195312,0.27721312642097473,17.55344009399414,399,23.80640435218811,0.792167067527771,23.78582763671875,24.5742130279541,0.001300762058235705,13764.617280771,-0.000999181647785008,6.059951663192477e-20,0.6409856081008911,3.797600746154785,6.699562072753906e-05,0.16175076365470886,0.7024879455566406,0.5417807102203369,0.0038610040210187435,0,-0.00022164414986036718,0.41081082820892334,-0.0003964572970289737,0.49272871017456055,5.029574394226074,0.9912217855453491,399,0.0005761133506894112,1,0,374.50385363302064,0.06202488765120506,0,0,6.630734443664551,1,4.059392929077148
