step,w_exact,w_char,w_pattern,w_affix,w_length,difficulty_multiplier,exact_match_raw,char_overlap_raw,pattern_raw,affix_raw,length_penalty_raw,exact_match_norm,char_overlap_norm,pattern_norm,affix_norm,length_penalty_norm,composite_pre,composite_with_length,composite_predicted,reward_scalar,composite_diff,parse_success
0,0.4000000000000001,0.20000000000000004,0.14999999999999997,0.10000000000000002,0.14999999999999997,1.1999999999999997,0.013671875,0.1941478906053903,0.0,0.96484375,1.0,0.013671875,0.1941478906053903,0.0,0.96484375,1.0,0.1407827031210781,0.1407827031210781,0.16893924374529368,0.16893924374529368,,0.619140625
1,0.4000000000000001,0.20000000000000004,0.14999999999999997,0.10000000000000002,0.14999999999999997,1.1999999999999997,0.03125,0.25057924639269935,0.0,1.0,1.0,0.03125,0.25057924639269935,0.0,1.0,1.0,0.1626158492785399,0.1626158492785399,0.19513901913424783,0.19513901913424783,,0.712890625
2,0.4000000000000001,0.20000000000000004,0.14999999999999997,0.10000000000000002,0.14999999999999997,1.1999999999999997,0.1875,0.41802847892226946,0.0,1.0,1.0,0.1875,0.41802847892226946,0.0,1.0,1.0,0.2586056957844539,0.2586056957844539,0.3103268349413447,0.3103268349413447,,0.662109375
0,0.4000000000000001,0.20000000000000004,0.14999999999999997,0.10000000000000002,0.14999999999999997,1.1999999999999997,0.01171875,0.19193108090271827,0.0,0.953125,1.0,0.01171875,0.19193108090271827,0.0,0.953125,1.0,0.13838621618054364,0.13838621618054364,0.16606345941665238,0.16606345941665238,,0.615234375
1,0.4000000000000001,0.20000000000000004,0.14999999999999997,0.10000000000000002,0.14999999999999997,1.1999999999999997,0.03125,0.24742189654390748,0.0,1.0,1.0,0.03125,0.24742189654390748,0.0,1.0,1.0,0.1619843793087815,0.1619843793087815,0.19438125517053778,0.19438125517053778,,0.6953125
3,0.4000000000000001,0.20000000000000004,0.14999999999999997,0.10000000000000002,0.14999999999999997,1.1999999999999997,0.09375,0.2422877498155035,0.0,1.0,1.0,0.09375,0.2422877498155035,0.0,1.0,1.0,0.1859575499631007,0.1859575499631007,0.22314905995572082,0.22314905995572082,,0.7421875
2,0.4000000000000001,0.20000000000000004,0.14999999999999997,0.10000000000000002,0.14999999999999997,1.1999999999999997,0.1875,0.41630914311644335,0.0,1.0,1.0,0.1875,0.41630914311644335,0.0,1.0,1.0,0.2582618286232887,0.2582618286232887,0.30991419434794637,0.30991419434794637,,0.654296875
4,0.4000000000000001,0.20000000000000004,0.14999999999999997,0.10000000000000002,0.14999999999999997,1.1999999999999997,0.115234375,0.31657647259853994,0.0,0.9798177083333334,1.0,0.115234375,0.31657647259853994,0.0,0.9798177083333334,1.0,0.20739081535304132,0.20739081535304132,0.24886897842364963,0.24886897842364963,,0.76171875
3,0.4000000000000001,0.20000000000000004,0.14999999999999997,0.10000000000000002,0.14999999999999997,1.1999999999999997,0.080078125,0.23906842246030144,0.0,1.0,1.0,0.080078125,0.23906842246030144,0.0,1.0,1.0,0.1798449344920603,0.1798449344920603,0.21581392139047234,0.21581392139047234,,0.734375
5,0.4000000000000001,0.20000000000000004,0.14999999999999997,0.10000000000000002,0.14999999999999997,1.1999999999999997,0.125,0.2814999133238482,0.0,0.9716796875,1.0,0.125,0.2814999133238482,0.0,0.9716796875,1.0,0.20346795141476964,0.20346795141476964,0.24416154169772358,0.24416154169772358,,0.744140625
4,0.4000000000000001,0.20000000000000004,0.14999999999999997,0.10000000000000002,0.14999999999999997,1.1999999999999997,0.1171875,0.3146547579231078,0.0,0.9798177083333334,1.0,0.1171875,0.3146547579231078,0.0,0.9798177083333334,1.0,0.2077877224179549,0.2077877224179549,0.2493452669015459,0.2493452669015459,,0.763671875
6,0.4000000000000001,0.20000000000000004,0.14999999999999997,0.10000000000000002,0.14999999999999997,1.1999999999999997,0.158203125,0.336458606814364,0.0,0.998046875,1.0,0.158203125,0.336458606814364,0.0,0.998046875,1.0,0.23037765886287284,0.23037765886287284,0.2764531906354474,0.2764531906354474,,0.771484375
5,0.4000000000000001,0.20000000000000004,0.14999999999999997,0.10000000000000002,0.14999999999999997,1.1999999999999997,0.125,0.272340963166564,0.0,0.9755859375,1.0,0.125,0.272340963166564,0.0,0.9755859375,1.0,0.2020267863833128,0.2020267863833128,0.24243214365997537,0.24243214365997537,,0.69921875
7,0.4000000000000001,0.20000000000000004,0.14999999999999997,0.10000000000000002,0.14999999999999997,1.1999999999999997,0.12890625,0.27818253633558165,0.0,0.9869791666666666,1.0,0.12890625,0.27818253633558165,0.0,0.9869791666666666,1.0,0.205896923933783,0.205896923933783,0.24707630872053957,0.24707630872053957,,0.791015625
6,0.4000000000000001,0.20000000000000004,0.14999999999999997,0.10000000000000002,0.14999999999999997,1.1999999999999997,0.158203125,0.3389098426802376,0.0,0.9973958333333333,1.0,0.158203125,0.3389098426802376,0.0,0.9973958333333333,1.0,0.2308028018693809,0.2308028018693809,0.276963362243257,0.276963362243257,,0.76953125
8,0.4000000000000001,0.20000000000000004,0.14999999999999997,0.10000000000000002,0.14999999999999997,1.1999999999999997,0.111328125,0.290545271344871,0.0,1.0,1.0,0.111328125,0.290545271344871,0.0,1.0,1.0,0.20264030426897423,0.20264030426897423,0.24316836512276901,0.24316836512276901,,0.79296875
9,0.4000000000000001,0.20000000000000004,0.14999999999999997,0.10000000000000002,0.14999999999999997,1.1999999999999997,0.25,0.3476841874895249,0.0,0.9794921875,1.0,0.25,0.3476841874895249,0.0,0.9794921875,1.0,0.267486056247905,0.267486056247905,0.32098326749748596,0.32098326749748596,,0.94140625
7,0.4000000000000001,0.20000000000000004,0.14999999999999997,0.10000000000000002,0.14999999999999997,1.1999999999999997,0.1171875,0.2697863455326527,0.0,0.9856770833333333,1.0,0.1171875,0.2697863455326527,0.0,0.9856770833333333,1.0,0.19939997743986387,0.19939997743986387,0.23927997292783665,0.23927997292783665,,0.728515625
8,0.4000000000000001,0.20000000000000004,0.14999999999999997,0.10000000000000002,0.14999999999999997,1.1999999999999997,0.109375,0.27884608370786085,0.0,1.0,1.0,0.109375,0.27884608370786085,0.0,1.0,1.0,0.1995192167415722,0.1995192167415722,0.2394230600898866,0.2394230600898866,,0.77734375
10,0.4000000000000001,0.20000000000000004,0.14999999999999997,0.10000000000000002,0.14999999999999997,1.1999999999999997,0.08984375,0.30665112651168625,0.0,1.0,1.0,0.08984375,0.30665112651168625,0.0,1.0,1.0,0.19726772530233727,0.19726772530233727,0.23672127036280471,0.23672127036280471,,0.923828125
9,0.4000000000000001,0.20000000000000004,0.14999999999999997,0.10000000000000002,0.14999999999999997,1.1999999999999997,0.25,0.34001300194927575,0.0,0.9921875,1.0,0.25,0.34001300194927575,0.0,0.9921875,1.0,0.2672213503898552,0.2672213503898552,0.3206656204678262,0.3206656204678262,,0.916015625
11,0.4000000000000001,0.20000000000000004,0.14999999999999997,0.10000000000000002,0.14999999999999997,1.1999999999999997,0.029296875,0.22179490743413366,0.0,0.9986979166666666,1.0,0.029296875,0.22179490743413366,0.0,0.9986979166666666,1.0,0.15594752315349342,0.15594752315349342,0.18713702778419208,0.18713702778419208,,0.93359375
12,0.4000000000000001,0.20000000000000004,0.14999999999999997,0.10000000000000002,0.14999999999999997,1.1999999999999997,0.111328125,0.3539295655799429,0.0,0.9723307291666666,1.0,0.111328125,0.3539295655799429,0.0,0.9723307291666666,1.0,0.21255023603265527,0.21255023603265527,0.2550602832391863,0.2550602832391863,,0.94140625
10,0.4000000000000001,0.20000000000000004,0.14999999999999997,0.10000000000000002,0.14999999999999997,1.1999999999999997,0.08984375,0.2845556114881002,0.0,1.0,1.0,0.08984375,0.2845556114881002,0.0,1.0,1.0,0.1928486222976201,0.1928486222976201,0.23141834675714407,0.23141834675714407,,0.87890625
13,0.4000000000000001,0.20000000000000004,0.14999999999999997,0.10000000000000002,0.14999999999999997,1.1999999999999997,0.177734375,0.38739431277889136,0.0,0.96875,1.0,0.177734375,0.38739431277889136,0.0,0.96875,1.0,0.2454476125557783,0.2454476125557783,0.29453713506693396,0.29453713506693396,,0.962890625
11,0.4000000000000001,0.20000000000000004,0.14999999999999997,0.10000000000000002,0.14999999999999997,1.1999999999999997,0.009765625,0.19384297817435725,0.0,0.99609375,1.0,0.009765625,0.19384297817435725,0.0,0.99609375,1.0,0.14228422063487145,0.14228422063487145,0.17074106476184575,0.17074106476184575,,0.8828125
12,0.4000000000000001,0.20000000000000004,0.14999999999999997,0.10000000000000002,0.14999999999999997,1.1999999999999997,0.123046875,0.3183843645060656,0.0,0.9720052083333333,1.0,0.123046875,0.3183843645060656,0.0,0.9720052083333333,1.0,0.21009614373454646,0.21009614373454646,0.25211537248145577,0.25211537248145577,,0.845703125
14,0.4000000000000001,0.20000000000000004,0.14999999999999997,0.10000000000000002,0.14999999999999997,1.1999999999999997,0.095703125,0.39527736038479955,0.0,0.953125,1.0,0.095703125,0.39527736038479955,0.0,0.953125,1.0,0.2126492220769599,0.2126492220769599,0.2551790664923519,0.2551790664923519,,0.994140625
13,0.4000000000000001,0.20000000000000004,0.14999999999999997,0.10000000000000002,0.14999999999999997,1.1999999999999997,0.162109375,0.3603423853206076,0.0,0.97265625,1.0,0.162109375,0.3603423853206076,0.0,0.97265625,1.0,0.23417785206412156,0.23417785206412156,0.28101342247694583,0.28101342247694583,,0.896484375
15,0.4000000000000001,0.20000000000000004,0.14999999999999997,0.10000000000000002,0.14999999999999997,1.1999999999999997,0.064453125,0.40134045391778184,0.0,0.84765625,1.0,0.064453125,0.40134045391778184,0.0,0.84765625,1.0,0.19081496578355636,0.19081496578355636,0.22897795894026762,0.22897795894026762,,0.9921875
16,0.4000000000000001,0.20000000000000004,0.14999999999999997,0.10000000000000002,0.14999999999999997,1.1999999999999997,0.0703125,0.3786975055080536,0.0,1.0,1.0,0.0703125,0.3786975055080536,0.0,1.0,1.0,0.20386450110161075,0.20386450110161075,0.24463740132193287,0.24463740132193287,,0.984375
14,0.4000000000000001,0.20000000000000004,0.14999999999999997,0.10000000000000002,0.14999999999999997,1.1999999999999997,0.09375,0.32683341652424774,0.0,0.9560546875,1.0,0.09375,0.32683341652424774,0.0,0.9560546875,1.0,0.19847215205484958,0.19847215205484958,0.23816658246581948,0.23816658246581948,,0.94140625
17,0.4000000000000001,0.20000000000000004,0.14999999999999997,0.10000000000000002,0.14999999999999997,1.1999999999999997,0.1875,0.46591433522219194,0.0,1.0,1.0,0.1875,0.46591433522219194,0.0,1.0,1.0,0.26818286704443844,0.26818286704443844,0.3218194404533261,0.3218194404533261,,0.984375
15,0.4000000000000001,0.20000000000000004,0.14999999999999997,0.10000000000000002,0.14999999999999997,1.1999999999999997,0.0625,0.2944698887209387,0.0,0.892578125,1.0,0.0625,0.2944698887209387,0.0,0.892578125,1.0,0.17315179024418775,0.17315179024418775,0.2077821482930253,0.2077821482930253,,0.9375
18,0.4000000000000001,0.20000000000000004,0.14999999999999997,0.10000000000000002,0.14999999999999997,1.1999999999999997,0.03125,0.36768669748432936,0.0,1.0,1.0,0.03125,0.36768669748432936,0.0,1.0,1.0,0.1860373394968659,0.1860373394968659,0.2232448073962391,0.2232448073962391,,0.990234375
16,0.4000000000000001,0.20000000000000004,0.14999999999999997,0.10000000000000002,0.14999999999999997,1.1999999999999997,0.05859375,0.24966647090319022,0.0,1.0,1.0,0.05859375,0.24966647090319022,0.0,1.0,1.0,0.17337079418063805,0.17337079418063805,0.20804495301676568,0.20804495301676568,,0.9375
19,0.4000000000000001,0.20000000000000004,0.14999999999999997,0.10000000000000002,0.14999999999999997,1.1999999999999997,0.21875,0.5510684315488338,0.0,0.953125,1.0,0.21875,0.5510684315488338,0.0,0.953125,1.0,0.2930261863097668,0.2930261863097668,0.35163142357172006,0.35163142357172006,,1.0
17,0.4000000000000001,0.20000000000000004,0.14999999999999997,0.10000000000000002,0.14999999999999997,1.1999999999999997,0.125,0.37534007307172923,0.0,1.0,1.0,0.125,0.37534007307172923,0.0,1.0,1.0,0.2250680146143459,0.2250680146143459,0.27008161753721505,0.27008161753721505,,0.958984375
18,0.4000000000000001,0.20000000000000004,0.14999999999999997,0.10000000000000002,0.14999999999999997,1.1999999999999997,0.03125,0.32923239264681886,0.0,1.0,1.0,0.03125,0.32923239264681886,0.0,1.0,1.0,0.1783464785293638,0.1783464785293638,0.21401577423523654,0.21401577423523654,,0.982421875
20,0.4000000000000001,0.20000000000000004,0.14999999999999997,0.10000000000000002,0.14999999999999997,1.1999999999999997,0.275390625,0.5537974037406153,0.0,0.998046875,1.0,0.275390625,0.5537974037406153,0.0,0.998046875,1.0,0.32072041824812314,0.32072041824812314,0.3848645018977477,0.3848645018977477,,1.0
21,0.4000000000000001,0.20000000000000004,0.14999999999999997,0.10000000000000002,0.14999999999999997,1.1999999999999997,0.12890625,0.5208612871924156,0.0,0.9625651041666667,1.0,0.12890625,0.5208612871924156,0.0,0.9625651041666667,1.0,0.2519912678551498,0.2519912678551498,0.3023895214261798,0.3023895214261798,,0.998046875
19,0.4000000000000001,0.20000000000000004,0.14999999999999997,0.10000000000000002,0.14999999999999997,1.1999999999999997,0.232421875,0.5222867061250814,0.0,0.9775390625,1.0,0.232421875,0.5222867061250814,0.0,0.9775390625,1.0,0.29517999747501633,0.29517999747501633,0.3542159969700196,0.3542159969700196,,0.978515625
22,0.4000000000000001,0.20000000000000004,0.14999999999999997,0.10000000000000002,0.14999999999999997,1.1999999999999997,0.185546875,0.5336684209371113,0.0,0.9986979166666667,1.0,0.185546875,0.5336684209371113,0.0,0.9986979166666667,1.0,0.28082222585408895,0.28082222585408895,0.33698667102490676,0.33698667102490676,,0.998046875
23,0.4000000000000001,0.20000000000000004,0.14999999999999997,0.10000000000000002,0.14999999999999997,1.1999999999999997,0.15234375,0.5332204718827102,0.0,1.0,1.0,0.15234375,0.5332204718827102,0.0,1.0,1.0,0.26758159437654205,0.26758159437654205,0.32109791325185044,0.32109791325185044,,1.0
20,0.4000000000000001,0.20000000000000004,0.14999999999999997,0.10000000000000002,0.14999999999999997,1.1999999999999997,0.22265625,0.5429497358829727,0.0,0.96875,1.0,0.22265625,0.5429497358829727,0.0,0.96875,1.0,0.29452744717659457,0.29452744717659457,0.35343293661191344,0.35343293661191344,,0.998046875
21,0.4000000000000001,0.20000000000000004,0.14999999999999997,0.10000000000000002,0.14999999999999997,1.1999999999999997,0.18359375,0.45756956439713725,0.0,0.9641927083333334,1.0,0.18359375,0.45756956439713725,0.0,0.9641927083333334,1.0,0.26137068371276084,0.26137068371276084,0.31364482045531294,0.31364482045531294,,0.990234375
24,0.4000000000000001,0.20000000000000004,0.14999999999999997,0.10000000000000002,0.14999999999999997,1.1999999999999997,0.068359375,0.35148351582902937,0.0,0.96875,1.0,0.068359375,0.35148351582902937,0.0,0.96875,1.0,0.1945154531658059,0.1945154531658059,0.23341854379896707,0.23341854379896707,,1.0
22,0.4000000000000001,0.20000000000000004,0.14999999999999997,0.10000000000000002,0.14999999999999997,1.1999999999999997,0.197265625,0.5160235575605137,0.0,0.9993489583333334,1.0,0.197265625,0.5160235575605137,0.0,0.9993489583333334,1.0,0.28204585734543614,0.28204585734543614,0.3384550288145233,0.3384550288145233,,0.994140625
25,0.4000000000000001,0.20000000000000004,0.14999999999999997,0.10000000000000002,0.14999999999999997,1.1999999999999997,0.125,0.5325654406968472,0.0,0.984375,1.0,0.125,0.5325654406968472,0.0,0.984375,1.0,0.25495058813936944,0.25495058813936944,0.30594070576724336,0.30594070576724336,,1.0
23,0.4000000000000001,0.20000000000000004,0.14999999999999997,0.10000000000000002,0.14999999999999997,1.1999999999999997,0.15625,0.49905872545356456,0.0,1.0,1.0,0.15625,0.49905872545356456,0.0,1.0,1.0,0.262311745090713,0.262311745090713,0.3147740941088555,0.3147740941088555,,1.0
26,0.4000000000000001,0.20000000000000004,0.14999999999999997,0.10000000000000002,0.14999999999999997,1.1999999999999997,0.25,0.5371683627375892,0.0,0.9791666666666667,1.0,0.25,0.5371683627375892,0.0,0.9791666666666667,1.0,0.30535033921418453,0.30535033921418453,0.36642040705702145,0.36642040705702145,,0.998046875
24,0.4000000000000001,0.20000000000000004,0.14999999999999997,0.10000000000000002,0.14999999999999997,1.1999999999999997,0.044921875,0.3364856645850026,0.0,0.96875,1.0,0.044921875,0.3364856645850026,0.0,0.96875,1.0,0.18214088291700054,0.18214088291700054,0.21856905950040065,0.21856905950040065,,1.0
27,0.4000000000000001,0.20000000000000004,0.14999999999999997,0.10000000000000002,0.14999999999999997,1.1999999999999997,0.173828125,0.47156114533591886,0.0,0.9479166666666667,1.0,0.173828125,0.47156114533591886,0.0,0.9479166666666667,1.0,0.2586351457338505,0.2586351457338505,0.31036217488062057,0.31036217488062057,,0.998046875
25,0.4000000000000001,0.20000000000000004,0.14999999999999997,0.10000000000000002,0.14999999999999997,1.1999999999999997,0.15625,0.5194949073990269,0.0,0.984375,1.0,0.15625,0.5194949073990269,0.0,0.984375,1.0,0.2648364814798054,0.2648364814798054,0.31780377777576646,0.31780377777576646,,0.998046875
26,0.4000000000000001,0.20000000000000004,0.14999999999999997,0.10000000000000002,0.14999999999999997,1.1999999999999997,0.25,0.4918699110243716,0.0,0.9791666666666667,1.0,0.25,0.4918699110243716,0.0,0.9791666666666667,1.0,0.296290648871541,0.296290648871541,0.3555487786458492,0.3555487786458492,,0.98046875
28,0.4000000000000001,0.20000000000000004,0.14999999999999997,0.10000000000000002,0.14999999999999997,1.1999999999999997,0.19140625,0.5479322138516459,0.0,1.0,1.0,0.19140625,0.5479322138516459,0.0,1.0,1.0,0.2861489427703292,0.2861489427703292,0.343378731324395,0.343378731324395,,1.0
27,0.4000000000000001,0.20000000000000004,0.14999999999999997,0.10000000000000002,0.14999999999999997,1.1999999999999997,0.154296875,0.4482216508727189,0.0,0.9479166666666667,1.0,0.154296875,0.4482216508727189,0.0,0.9479166666666667,1.0,0.24615474684121047,0.24615474684121047,0.29538569620945254,0.29538569620945254,,1.0
29,0.4000000000000001,0.20000000000000004,0.14999999999999997,0.10000000000000002,0.14999999999999997,1.1999999999999997,0.125,0.4996574380925972,0.0,0.984375,1.0,0.125,0.4996574380925972,0.0,0.984375,1.0,0.24836898761851947,0.24836898761851947,0.2980427851422234,0.2980427851422234,,1.0
28,0.4000000000000001,0.20000000000000004,0.14999999999999997,0.10000000000000002,0.14999999999999997,1.1999999999999997,0.185546875,0.5177415147423197,0.0,1.0,1.0,0.185546875,0.5177415147423197,0.0,1.0,1.0,0.27776705294846393,0.27776705294846393,0.33332046353815675,0.33332046353815675,,0.99609375
30,0.4000000000000001,0.20000000000000004,0.14999999999999997,0.10000000000000002,0.14999999999999997,1.1999999999999997,0.03125,0.42428467509409773,0.0,1.0,1.0,0.03125,0.42428467509409773,0.0,1.0,1.0,0.19735693501881957,0.19735693501881957,0.23682832202258347,0.23682832202258347,,1.0
29,0.4000000000000001,0.20000000000000004,0.14999999999999997,0.10000000000000002,0.14999999999999997,1.1999999999999997,0.126953125,0.4405780506211927,0.0,0.984375,1.0,0.126953125,0.4405780506211927,0.0,0.984375,1.0,0.23733436012423859,0.23733436012423859,0.2848012321490863,0.2848012321490863,,1.0
31,0.4000000000000001,0.20000000000000004,0.14999999999999997,0.10000000000000002,0.14999999999999997,1.1999999999999997,0.125,0.4772817652848243,0.0,0.984375,1.0,0.125,0.4772817652848243,0.0,0.984375,1.0,0.2438938530569649,0.2438938530569649,0.2926726236683579,0.2926726236683579,,1.0
30,0.4000000000000001,0.20000000000000004,0.14999999999999997,0.10000000000000002,0.14999999999999997,1.1999999999999997,0.03125,0.39411675813050684,0.0,0.978515625,1.0,0.03125,0.39411675813050684,0.0,0.978515625,1.0,0.18917491412610138,0.18917491412610138,0.22700989695132162,0.22700989695132162,,1.0
32,0.4000000000000001,0.20000000000000004,0.14999999999999997,0.10000000000000002,0.14999999999999997,1.1999999999999997,0.15625,0.5549767008945531,0.0,1.0,1.0,0.15625,0.5549767008945531,0.0,1.0,1.0,0.27349534017891064,0.27349534017891064,0.32819440821469276,0.32819440821469276,,1.0
31,0.4000000000000001,0.20000000000000004,0.14999999999999997,0.10000000000000002,0.14999999999999997,1.1999999999999997,0.125,0.404889348432036,0.0,0.984375,1.0,0.125,0.404889348432036,0.0,0.984375,1.0,0.22941536968640724,0.22941536968640724,0.27529844362368866,0.27529844362368866,,0.998046875
33,0.4000000000000001,0.20000000000000004,0.14999999999999997,0.10000000000000002,0.14999999999999997,1.1999999999999997,0.123046875,0.5254743297903695,0.0,0.96875,1.0,0.123046875,0.5254743297903695,0.0,0.96875,1.0,0.2511886159580739,0.2511886159580739,0.30142633914968864,0.30142633914968864,,1.0
32,0.4000000000000001,0.20000000000000004,0.14999999999999997,0.10000000000000002,0.14999999999999997,1.1999999999999997,0.248046875,0.5698304433530567,0.0,1.0,1.0,0.248046875,0.5698304433530567,0.0,1.0,1.0,0.3131848386706114,0.3131848386706114,0.3758218064047336,0.3758218064047336,,1.0
33,0.4000000000000001,0.20000000000000004,0.14999999999999997,0.10000000000000002,0.14999999999999997,1.1999999999999997,0.125,0.4744550786842535,0.0,0.96875,1.0,0.125,0.4744550786842535,0.0,0.96875,1.0,0.24176601573685075,0.24176601573685075,0.2901192188842209,0.2901192188842209,,1.0
34,0.4000000000000001,0.20000000000000004,0.14999999999999997,0.10000000000000002,0.14999999999999997,1.1999999999999997,0.154296875,0.5473829635639954,0.0,0.9485677083333333,1.0,0.154296875,0.5473829635639954,0.0,0.9485677083333333,1.0,0.26605211354613245,0.26605211354613245,0.31926253625535894,0.31926253625535894,,1.0
34,0.4000000000000001,0.20000000000000004,0.14999999999999997,0.10000000000000002,0.14999999999999997,1.1999999999999997,0.1875,0.5384752817366687,0.0,0.9563802083333333,1.0,0.1875,0.5384752817366687,0.0,0.9563802083333333,1.0,0.27833307718066713,0.27833307718066713,0.33399969261680046,0.33399969261680046,,0.998046875
35,0.4000000000000001,0.20000000000000004,0.14999999999999997,0.10000000000000002,0.14999999999999997,1.1999999999999997,0.064453125,0.53771026797701,0.0,0.9479166666666666,1.0,0.064453125,0.53771026797701,0.0,0.9479166666666666,1.0,0.22811497026206867,0.22811497026206867,0.2737379643144824,0.2737379643144824,,1.0
35,0.4000000000000001,0.20000000000000004,0.14999999999999997,0.10000000000000002,0.14999999999999997,1.1999999999999997,0.18359375,0.5479263575211637,0.0,0.9479166666666666,1.0,0.18359375,0.5479263575211637,0.0,0.9479166666666666,1.0,0.27781443817089946,0.27781443817089946,0.3333773258050793,0.3333773258050793,,1.0
36,0.4000000000000001,0.20000000000000004,0.14999999999999997,0.10000000000000002,0.14999999999999997,1.1999999999999997,0.0625,0.35555357563290324,0.0,0.984375,1.0,0.0625,0.35555357563290324,0.0,0.984375,1.0,0.1945482151265807,0.1945482151265807,0.2334578581518968,0.2334578581518968,,1.0
36,0.4000000000000001,0.20000000000000004,0.14999999999999997,0.10000000000000002,0.14999999999999997,1.1999999999999997,0.0390625,0.3988231521699974,0.0,0.98046875,1.0,0.0390625,0.3988231521699974,0.0,0.98046875,1.0,0.19343650543399954,0.19343650543399954,0.23212380652079942,0.23212380652079942,,1.0
37,0.4000000000000001,0.20000000000000004,0.14999999999999997,0.10000000000000002,0.14999999999999997,1.1999999999999997,0.09375,0.4784760319976416,0.0,1.0,1.0,0.09375,0.4784760319976416,0.0,1.0,1.0,0.23319520639952834,0.23319520639952834,0.279834247679434,0.279834247679434,,1.0
37,0.4000000000000001,0.20000000000000004,0.14999999999999997,0.10000000000000002,0.14999999999999997,1.1999999999999997,0.09375,0.5056101184505144,0.0,1.0,1.0,0.09375,0.5056101184505144,0.0,1.0,1.0,0.2386220236901029,0.2386220236901029,0.28634642842812347,0.28634642842812347,,0.998046875
38,0.4000000000000001,0.20000000000000004,0.14999999999999997,0.10000000000000002,0.14999999999999997,1.1999999999999997,0.125,0.3925220061152275,0.0,0.982421875,1.0,0.125,0.3925220061152275,0.0,0.982421875,1.0,0.2267465887230455,0.2267465887230455,0.2720959064676546,0.2720959064676546,,0.998046875
38,0.4000000000000001,0.20000000000000004,0.14999999999999997,0.10000000000000002,0.14999999999999997,1.1999999999999997,0.125,0.4795987778020069,0.0,0.96875,1.0,0.125,0.4795987778020069,0.0,0.96875,1.0,0.24279475556040142,0.24279475556040142,0.2913537066724817,0.2913537066724817,,0.998046875
39,0.4000000000000001,0.20000000000000004,0.14999999999999997,0.10000000000000002,0.14999999999999997,1.1999999999999997,0.1875,0.4750201227373967,0.0,1.0,1.0,0.1875,0.4750201227373967,0.0,1.0,1.0,0.2700040245474794,0.2700040245474794,0.3240048294569752,0.3240048294569752,,1.0
39,0.4000000000000001,0.20000000000000004,0.14999999999999997,0.10000000000000002,0.14999999999999997,1.1999999999999997,0.1640625,0.5121560131662672,0.0,1.0,1.0,0.1640625,0.5121560131662672,0.0,1.0,1.0,0.26805620263325347,0.26805620263325347,0.32166744315990414,0.32166744315990414,,1.0
40,0.4000000000000001,0.20000000000000004,0.14999999999999997,0.10000000000000002,0.14999999999999997,1.1999999999999997,0.0703125,0.4306854476595765,0.0,0.939453125,1.0,0.0703125,0.4306854476595765,0.0,0.939453125,1.0,0.2082074020319153,0.2082074020319153,0.24984888243829834,0.24984888243829834,,1.0
40,0.4000000000000001,0.20000000000000004,0.14999999999999997,0.10000000000000002,0.14999999999999997,1.1999999999999997,0.08203125,0.5043734684053098,0.0,0.9375,1.0,0.08203125,0.5043734684053098,0.0,0.9375,1.0,0.22743719368106197,0.22743719368106197,0.2729246324172743,0.2729246324172743,,1.0
41,0.4000000000000001,0.20000000000000004,0.14999999999999997,0.10000000000000002,0.14999999999999997,1.1999999999999997,0.1328125,0.5145297647797236,0.0,0.9329427083333333,1.0,0.1328125,0.5145297647797236,0.0,0.9329427083333333,1.0,0.24932522378927802,0.24932522378927802,0.2991902685471336,0.2991902685471336,,1.0
41,0.4000000000000001,0.20000000000000004,0.14999999999999997,0.10000000000000002,0.14999999999999997,1.1999999999999997,0.181640625,0.5765488839989308,0.0,0.9231770833333333,1.0,0.181640625,0.5765488839989308,0.0,0.9231770833333333,1.0,0.28028373513311955,0.28028373513311955,0.33634048215974344,0.33634048215974344,,0.998046875
42,0.4000000000000001,0.20000000000000004,0.14999999999999997,0.10000000000000002,0.14999999999999997,1.1999999999999997,0.09375,0.47191381876895205,0.0,0.9697265625,1.0,0.09375,0.47191381876895205,0.0,0.9697265625,1.0,0.22885542000379044,0.22885542000379044,0.27462650400454847,0.27462650400454847,,1.0
42,0.4000000000000001,0.20000000000000004,0.14999999999999997,0.10000000000000002,0.14999999999999997,1.1999999999999997,0.12109375,0.5362324175334846,0.0,0.96875,1.0,0.12109375,0.5362324175334846,0.0,0.96875,1.0,0.25255898350669703,0.25255898350669703,0.30307078020803635,0.30307078020803635,,1.0
43,0.4000000000000001,0.20000000000000004,0.14999999999999997,0.10000000000000002,0.14999999999999997,1.1999999999999997,0.0859375,0.4910846349553281,0.0,0.9798177083333334,1.0,0.0859375,0.4910846349553281,0.0,0.9798177083333334,1.0,0.23057369782439896,0.23057369782439896,0.27668843738927873,0.27668843738927873,,1.0
43,0.4000000000000001,0.20000000000000004,0.14999999999999997,0.10000000000000002,0.14999999999999997,1.1999999999999997,0.0859375,0.48615066914055594,0.0,0.978515625,1.0,0.0859375,0.48615066914055594,0.0,0.978515625,1.0,0.22945669632811122,0.22945669632811122,0.27534803559373344,0.27534803559373344,,0.998046875
44,0.4000000000000001,0.20000000000000004,0.14999999999999997,0.10000000000000002,0.14999999999999997,1.1999999999999997,0.064453125,0.43689502596945284,0.0,0.9283854166666667,1.0,0.064453125,0.43689502596945284,0.0,0.9283854166666667,1.0,0.20599879686055722,0.20599879686055722,0.2471985562326687,0.2471985562326687,,1.0
44,0.4000000000000001,0.20000000000000004,0.14999999999999997,0.10000000000000002,0.14999999999999997,1.1999999999999997,0.0625,0.4814873838314018,0.0,0.9270833333333334,1.0,0.0625,0.4814873838314018,0.0,0.9270833333333334,1.0,0.21400581009961372,0.21400581009961372,0.25680697211953646,0.25680697211953646,,1.0
45,0.4000000000000001,0.20000000000000004,0.14999999999999997,0.10000000000000002,0.14999999999999997,1.1999999999999997,0.12109375,0.4598074914436793,0.0,1.0,1.0,0.12109375,0.4598074914436793,0.0,1.0,1.0,0.2403989982887359,0.2403989982887359,0.28847879794648307,0.28847879794648307,,1.0
45,0.4000000000000001,0.20000000000000004,0.14999999999999997,0.10000000000000002,0.14999999999999997,1.1999999999999997,0.09375,0.43970358276101446,0.0,0.982421875,1.0,0.09375,0.43970358276101446,0.0,0.982421875,1.0,0.22368290405220292,0.22368290405220292,0.26841948486264355,0.26841948486264355,,1.0
46,0.4000000000000001,0.20000000000000004,0.14999999999999997,0.10000000000000002,0.14999999999999997,1.1999999999999997,0.15625,0.5414623326359556,0.0,1.0,1.0,0.15625,0.5414623326359556,0.0,1.0,1.0,0.27079246652719113,0.27079246652719113,0.32495095983262934,0.32495095983262934,,1.0
46,0.4000000000000001,0.20000000000000004,0.14999999999999997,0.10000000000000002,0.14999999999999997,1.1999999999999997,0.15625,0.5359730658399833,0.0,1.0,1.0,0.15625,0.5359730658399833,0.0,1.0,1.0,0.2696946131679967,0.2696946131679967,0.32363353580159604,0.32363353580159604,,1.0
47,0.4000000000000001,0.20000000000000004,0.14999999999999997,0.10000000000000002,0.14999999999999997,1.1999999999999997,0.0625,0.573979548699638,0.0,0.97265625,1.0,0.0625,0.573979548699638,0.0,0.97265625,1.0,0.2370615347399276,0.2370615347399276,0.2844738416879131,0.2844738416879131,,1.0
47,0.4000000000000001,0.20000000000000004,0.14999999999999997,0.10000000000000002,0.14999999999999997,1.1999999999999997,0.03125,0.5368339694410789,0.0,0.96875,1.0,0.03125,0.5368339694410789,0.0,0.96875,1.0,0.2167417938882158,0.2167417938882158,0.2600901526658589,0.2600901526658589,,1.0
48,0.4000000000000001,0.20000000000000004,0.14999999999999997,0.10000000000000002,0.14999999999999997,1.1999999999999997,0.21875,0.5606179515975124,0.0,1.0,1.0,0.21875,0.5606179515975124,0.0,1.0,1.0,0.29962359031950253,0.29962359031950253,0.359548308383403,0.359548308383403,,1.0
48,0.4000000000000001,0.20000000000000004,0.14999999999999997,0.10000000000000002,0.14999999999999997,1.1999999999999997,0.189453125,0.5487223047384479,0.0,1.0,1.0,0.189453125,0.5487223047384479,0.0,1.0,1.0,0.28552571094768964,0.28552571094768964,0.34263085313722746,0.34263085313722746,,0.998046875
49,0.4000000000000001,0.20000000000000004,0.14999999999999997,0.10000000000000002,0.14999999999999997,1.1999999999999997,0.15625,0.48673651538162377,0.0,0.99609375,1.0,0.15625,0.48673651538162377,0.0,0.99609375,1.0,0.2594566780763248,0.2594566780763248,0.3113480136915897,0.3113480136915897,,1.0
49,0.4000000000000001,0.20000000000000004,0.14999999999999997,0.10000000000000002,0.14999999999999997,1.1999999999999997,0.126953125,0.4867863664280626,0.0,1.0,1.0,0.126953125,0.4867863664280626,0.0,1.0,1.0,0.24813852328561253,0.24813852328561253,0.297766227942735,0.297766227942735,,1.0
50,0.4000000000000001,0.20000000000000004,0.14999999999999997,0.10000000000000002,0.14999999999999997,1.1999999999999997,0.125,0.4431134005997181,0.0,0.939453125,1.0,0.125,0.4431134005997181,0.0,0.939453125,1.0,0.23256799261994365,0.23256799261994365,0.27908159114393233,0.27908159114393233,,1.0
50,0.4000000000000001,0.20000000000000004,0.14999999999999997,0.10000000000000002,0.14999999999999997,1.1999999999999997,0.125,0.42840907748688495,0.0,0.953125,1.0,0.125,0.42840907748688495,0.0,0.953125,1.0,0.23099431549737698,0.23099431549737698,0.27719317859685233,0.27719317859685233,,1.0
51,0.4000000000000001,0.20000000000000004,0.14999999999999997,0.10000000000000002,0.14999999999999997,1.1999999999999997,0.09375,0.4671455404852934,0.0,0.9583333333333334,1.0,0.09375,0.4671455404852934,0.0,0.9583333333333334,1.0,0.22676244143039204,0.22676244143039204,0.27211492971647044,0.27211492971647044,,1.0
51,0.4000000000000001,0.20000000000000004,0.14999999999999997,0.10000000000000002,0.14999999999999997,1.1999999999999997,0.0859375,0.49140593141193833,0.0,0.9615885416666667,1.0,0.0859375,0.49140593141193833,0.0,0.9615885416666667,1.0,0.22881504044905435,0.22881504044905435,0.27457804853886525,0.27457804853886525,,0.998046875
52,0.4000000000000001,0.20000000000000004,0.14999999999999997,0.10000000000000002,0.14999999999999997,1.1999999999999997,0.2109375,0.6228949187405565,0.0,0.953125,1.0,0.2109375,0.6228949187405565,0.0,0.953125,1.0,0.3042664837481113,0.3042664837481113,0.3651197804977335,0.3651197804977335,,1.0
52,0.4000000000000001,0.20000000000000004,0.14999999999999997,0.10000000000000002,0.14999999999999997,1.1999999999999997,0.15625,0.5833654759453937,0.0,0.953125,1.0,0.15625,0.5833654759453937,0.0,0.953125,1.0,0.2744855951890788,0.2744855951890788,0.32938271422689447,0.32938271422689447,,1.0
53,0.4000000000000001,0.20000000000000004,0.14999999999999997,0.10000000000000002,0.14999999999999997,1.1999999999999997,0.28125,0.5901190194066124,0.0,0.9729817708333333,1.0,0.28125,0.5901190194066124,0.0,0.9729817708333333,1.0,0.32782198096465587,0.32782198096465587,0.393386377157587,0.393386377157587,,0.998046875
53,0.4000000000000001,0.20000000000000004,0.14999999999999997,0.10000000000000002,0.14999999999999997,1.1999999999999997,0.28125,0.5838029000068614,0.0,0.9609375,1.0,0.28125,0.5838029000068614,0.0,0.9609375,1.0,0.3253543300013723,0.3253543300013723,0.39042519600164677,0.39042519600164677,,1.0
54,0.4000000000000001,0.20000000000000004,0.14999999999999997,0.10000000000000002,0.14999999999999997,1.1999999999999997,0.216796875,0.5655876462847744,0.0,1.0,1.0,0.216796875,0.5655876462847744,0.0,1.0,1.0,0.2998362792569549,0.2998362792569549,0.35980353510834595,0.35980353510834595,,1.0
54,0.4000000000000001,0.20000000000000004,0.14999999999999997,0.10000000000000002,0.14999999999999997,1.1999999999999997,0.171875,0.5356288937958783,0.0,1.0,1.0,0.171875,0.5356288937958783,0.0,1.0,1.0,0.2758757787591757,0.2758757787591757,0.3310509345110108,0.3310509345110108,,1.0
55,0.4000000000000001,0.20000000000000004,0.14999999999999997,0.10000000000000002,0.14999999999999997,1.1999999999999997,0.15234375,0.49726585009549784,0.0,1.0,1.0,0.15234375,0.49726585009549784,0.0,1.0,1.0,0.2603906700190996,0.2603906700190996,0.3124688040229195,0.3124688040229195,,1.0
55,0.4000000000000001,0.20000000000000004,0.14999999999999997,0.10000000000000002,0.14999999999999997,1.1999999999999997,0.16796875,0.4675474719631665,0.0,1.0,1.0,0.16796875,0.4675474719631665,0.0,1.0,1.0,0.26069699439263333,0.26069699439263333,0.31283639327116,0.31283639327116,,1.0
56,0.4000000000000001,0.20000000000000004,0.14999999999999997,0.10000000000000002,0.14999999999999997,1.1999999999999997,0.244140625,0.5842985579855244,0.0,1.0,1.0,0.244140625,0.5842985579855244,0.0,1.0,1.0,0.31451596159710493,0.31451596159710493,0.3774191539165258,0.3774191539165258,,1.0
56,0.4000000000000001,0.20000000000000004,0.14999999999999997,0.10000000000000002,0.14999999999999997,1.1999999999999997,0.25,0.5951404490445267,0.0,1.0,1.0,0.25,0.5951404490445267,0.0,1.0,1.0,0.31902808980890535,0.31902808980890535,0.38283370777068637,0.38283370777068637,,1.0
57,0.4000000000000001,0.20000000000000004,0.14999999999999997,0.10000000000000002,0.14999999999999997,1.1999999999999997,0.15625,0.5062442381772835,0.0,0.96875,1.0,0.15625,0.5062442381772835,0.0,0.96875,1.0,0.2606238476354567,0.2606238476354567,0.312748617162548,0.312748617162548,,1.0
57,0.4000000000000001,0.20000000000000004,0.14999999999999997,0.10000000000000002,0.14999999999999997,1.1999999999999997,0.15625,0.506388384271564,0.0,0.998046875,1.0,0.15625,0.506388384271564,0.0,0.998046875,1.0,0.2635823643543128,0.2635823643543128,0.3162988372251754,0.3162988372251754,,1.0
58,0.4000000000000001,0.20000000000000004,0.14999999999999997,0.10000000000000002,0.14999999999999997,1.1999999999999997,0.21875,0.5825257207801176,0.0,0.9921875,1.0,0.21875,0.5825257207801176,0.0,0.9921875,1.0,0.3032238941560236,0.3032238941560236,0.36386867298722825,0.36386867298722825,,1.0
58,0.4000000000000001,0.20000000000000004,0.14999999999999997,0.10000000000000002,0.14999999999999997,1.1999999999999997,0.2421875,0.6176453324054825,0.0,1.0,1.0,0.2421875,0.6176453324054825,0.0,1.0,1.0,0.32040406648109654,0.32040406648109654,0.3844848797773158,0.3844848797773158,,1.0
59,0.4000000000000001,0.20000000000000004,0.14999999999999997,0.10000000000000002,0.14999999999999997,1.1999999999999997,0.29296875,0.6385318486933342,0.0,0.96875,1.0,0.29296875,0.6385318486933342,0.0,0.96875,1.0,0.3417688697386668,0.3417688697386668,0.4101226436864002,0.4101226436864002,,1.0
59,0.4000000000000001,0.20000000000000004,0.14999999999999997,0.10000000000000002,0.14999999999999997,1.1999999999999997,0.34375,0.661031301312889,0.0,0.96875,1.0,0.34375,0.661031301312889,0.0,0.96875,1.0,0.36658126026257787,0.36658126026257787,0.4398975123150934,0.4398975123150934,,0.998046875
60,0.4000000000000001,0.20000000000000004,0.14999999999999997,0.10000000000000002,0.14999999999999997,1.1999999999999997,0.23828125,0.6475073613558431,0.0,1.0,1.0,0.23828125,0.6475073613558431,0.0,1.0,1.0,0.32481397227116865,0.32481397227116865,0.38977676672540235,0.38977676672540235,,1.0
60,0.4000000000000001,0.20000000000000004,0.14999999999999997,0.10000000000000002,0.14999999999999997,1.1999999999999997,0.24609375,0.6728259196354671,0.0,1.0,1.0,0.24609375,0.6728259196354671,0.0,1.0,1.0,0.3330026839270935,0.3330026839270935,0.39960322071251214,0.39960322071251214,,1.0
61,0.4000000000000001,0.20000000000000004,0.14999999999999997,0.10000000000000002,0.14999999999999997,1.1999999999999997,0.125,0.45505362562738094,0.0,0.984375,1.0,0.125,0.45505362562738094,0.0,0.984375,1.0,0.2394482251254762,0.2394482251254762,0.28733787015057144,0.28733787015057144,,1.0
62,0.4000000000000001,0.20000000000000004,0.14999999999999997,0.10000000000000002,0.14999999999999997,1.1999999999999997,0.1875,0.5471577732131476,0.0,1.0,1.0,0.1875,0.5471577732131476,0.0,1.0,1.0,0.2844315546426295,0.2844315546426295,0.3413178655711554,0.3413178655711554,,1.0
61,0.4000000000000001,0.20000000000000004,0.14999999999999997,0.10000000000000002,0.14999999999999997,1.1999999999999997,0.125,0.46853342588375735,0.0,0.96875,1.0,0.125,0.46853342588375735,0.0,0.96875,1.0,0.2405816851767515,0.2405816851767515,0.2886980222121017,0.2886980222121017,,0.978515625
63,0.4000000000000001,0.20000000000000004,0.14999999999999997,0.10000000000000002,0.14999999999999997,1.1999999999999997,0.25,0.5319896794615901,0.0,1.0,1.0,0.25,0.5319896794615901,0.0,1.0,1.0,0.3063979358923181,0.3063979358923181,0.3676775230707816,0.3676775230707816,,1.0
62,0.4000000000000001,0.20000000000000004,0.14999999999999997,0.10000000000000002,0.14999999999999997,1.1999999999999997,0.1875,0.5769429259922898,0.0,1.0,1.0,0.1875,0.5769429259922898,0.0,1.0,1.0,0.290388585198458,0.290388585198458,0.3484663022381496,0.3484663022381496,,1.0
64,0.4000000000000001,0.20000000000000004,0.14999999999999997,0.10000000000000002,0.14999999999999997,1.1999999999999997,0.125,0.5412861793435557,0.0,0.953125,1.0,0.125,0.5412861793435557,0.0,0.953125,1.0,0.2535697358687112,0.2535697358687112,0.3042836830424534,0.3042836830424534,,1.0
63,0.4000000000000001,0.20000000000000004,0.14999999999999997,0.10000000000000002,0.14999999999999997,1.1999999999999997,0.244140625,0.5647698322732042,0.0,1.0,1.0,0.244140625,0.5647698322732042,0.0,1.0,1.0,0.3106102164546409,0.3106102164546409,0.372732259745569,0.372732259745569,,1.0
64,0.4000000000000001,0.20000000000000004,0.14999999999999997,0.10000000000000002,0.14999999999999997,1.1999999999999997,0.126953125,0.5766286570819288,0.0,0.9541015625,1.0,0.126953125,0.5766286570819288,0.0,0.9541015625,1.0,0.26151713766638573,0.26151713766638573,0.3138205651996629,0.3138205651996629,,1.0
65,0.4000000000000001,0.20000000000000004,0.14999999999999997,0.10000000000000002,0.14999999999999997,1.1999999999999997,0.08984375,0.4934394349858203,0.0,0.96875,1.0,0.08984375,0.4934394349858203,0.0,0.96875,1.0,0.23150038699716408,0.23150038699716408,0.27780046439659684,0.27780046439659684,,1.0
66,0.4000000000000001,0.20000000000000004,0.14999999999999997,0.10000000000000002,0.14999999999999997,1.1999999999999997,0.16015625,0.5545926338668906,0.0,0.9791666666666666,1.0,0.16015625,0.5545926338668906,0.0,0.9791666666666666,1.0,0.27289769344004483,0.27289769344004483,0.32747723212805374,0.32747723212805374,,1.0
65,0.4000000000000001,0.20000000000000004,0.14999999999999997,0.10000000000000002,0.14999999999999997,1.1999999999999997,0.09375,0.5018279255702662,0.0,0.96875,1.0,0.09375,0.5018279255702662,0.0,0.96875,1.0,0.23474058511405327,0.23474058511405327,0.2816887021368639,0.2816887021368639,,0.998046875
67,0.4000000000000001,0.20000000000000004,0.14999999999999997,0.10000000000000002,0.14999999999999997,1.1999999999999997,0.1875,0.5791843548433495,0.0,1.0,1.0,0.1875,0.5791843548433495,0.0,1.0,1.0,0.29083687096866995,0.29083687096866995,0.3490042451624039,0.3490042451624039,,1.0
68,0.4000000000000001,0.20000000000000004,0.14999999999999997,0.10000000000000002,0.14999999999999997,1.1999999999999997,0.1484375,0.5239486120056103,0.0,1.0,1.0,0.1484375,0.5239486120056103,0.0,1.0,1.0,0.2641647224011221,0.2641647224011221,0.31699766688134645,0.31699766688134645,,1.0
66,0.4000000000000001,0.20000000000000004,0.14999999999999997,0.10000000000000002,0.14999999999999997,1.1999999999999997,0.185546875,0.5824599144506445,0.0,0.9791666666666666,1.0,0.185546875,0.5824599144506445,0.0,0.9791666666666666,1.0,0.2886273995567956,0.2886273995567956,0.3463528794681547,0.3463528794681547,,0.998046875
69,0.4000000000000001,0.20000000000000004,0.14999999999999997,0.10000000000000002,0.14999999999999997,1.1999999999999997,0.1875,0.607857092491749,0.0,0.9775390625,1.0,0.1875,0.607857092491749,0.0,0.9775390625,1.0,0.2943253247483499,0.2943253247483499,0.35319038969801975,0.35319038969801975,,1.0
67,0.4000000000000001,0.20000000000000004,0.14999999999999997,0.10000000000000002,0.14999999999999997,1.1999999999999997,0.25,0.6214067988489029,0.0,1.0,1.0,0.25,0.6214067988489029,0.0,1.0,1.0,0.3242813597697807,0.3242813597697807,0.3891376317237367,0.3891376317237367,,1.0
68,0.4000000000000001,0.20000000000000004,0.14999999999999997,0.10000000000000002,0.14999999999999997,1.1999999999999997,0.126953125,0.5308097071258011,0.0,1.0,1.0,0.126953125,0.5308097071258011,0.0,1.0,1.0,0.25694319142516026,0.25694319142516026,0.30833182971019224,0.30833182971019224,,1.0
70,0.4000000000000001,0.20000000000000004,0.14999999999999997,0.10000000000000002,0.14999999999999997,1.1999999999999997,0.125,0.513379407185131,0.0,0.923828125,1.0,0.125,0.513379407185131,0.0,0.923828125,1.0,0.24505869393702623,0.24505869393702623,0.29407043272443145,0.29407043272443145,,1.0
69,0.4000000000000001,0.20000000000000004,0.14999999999999997,0.10000000000000002,0.14999999999999997,1.1999999999999997,0.1875,0.6295942675360844,0.0,0.984375,1.0,0.1875,0.6295942675360844,0.0,0.984375,1.0,0.2993563535072169,0.2993563535072169,0.35922762420866017,0.35922762420866017,,1.0
71,0.4000000000000001,0.20000000000000004,0.14999999999999997,0.10000000000000002,0.14999999999999997,1.1999999999999997,0.248046875,0.6118148241084751,0.0,0.9453125,1.0,0.248046875,0.6118148241084751,0.0,0.9453125,1.0,0.31611296482169504,0.31611296482169504,0.379335557786034,0.379335557786034,,1.0
70,0.4000000000000001,0.20000000000000004,0.14999999999999997,0.10000000000000002,0.14999999999999997,1.1999999999999997,0.125,0.5292851395363869,0.0,0.923828125,1.0,0.125,0.5292851395363869,0.0,0.923828125,1.0,0.2482398404072774,0.2482398404072774,0.29788780848873286,0.29788780848873286,,1.0
72,0.4000000000000001,0.20000000000000004,0.14999999999999997,0.10000000000000002,0.14999999999999997,1.1999999999999997,0.1875,0.5723787929171803,0.0,0.93359375,1.0,0.1875,0.5723787929171803,0.0,0.93359375,1.0,0.28283513358343615,0.28283513358343615,0.33940216030012327,0.33940216030012327,,1.0
71,0.4000000000000001,0.20000000000000004,0.14999999999999997,0.10000000000000002,0.14999999999999997,1.1999999999999997,0.25,0.652265221728682,0.0,0.9453125,1.0,0.25,0.652265221728682,0.0,0.9453125,1.0,0.32498429434573645,0.32498429434573645,0.3899811532148837,0.3899811532148837,,1.0
73,0.4000000000000001,0.20000000000000004,0.14999999999999997,0.10000000000000002,0.14999999999999997,1.1999999999999997,0.125,0.49454712795519284,0.0,0.96875,1.0,0.125,0.49454712795519284,0.0,0.96875,1.0,0.2457844255910386,0.2457844255910386,0.29494131070924623,0.29494131070924623,,0.99609375
72,0.4000000000000001,0.20000000000000004,0.14999999999999997,0.10000000000000002,0.14999999999999997,1.1999999999999997,0.1875,0.5351172976376455,0.0,0.943359375,1.0,0.1875,0.5351172976376455,0.0,0.943359375,1.0,0.2763593970275292,0.2763593970275292,0.3316312764330349,0.3316312764330349,,1.0
74,0.4000000000000001,0.20000000000000004,0.14999999999999997,0.10000000000000002,0.14999999999999997,1.1999999999999997,0.09375,0.46111620191950986,0.0,0.96875,1.0,0.09375,0.46111620191950986,0.0,0.96875,1.0,0.22659824038390197,0.22659824038390197,0.27191788846068243,0.27191788846068243,,0.998046875
73,0.4000000000000001,0.20000000000000004,0.14999999999999997,0.10000000000000002,0.14999999999999997,1.1999999999999997,0.125,0.5208868353846494,0.0,0.994140625,1.0,0.125,0.5208868353846494,0.0,0.994140625,1.0,0.2535914295769299,0.2535914295769299,0.3043097154923159,0.3043097154923159,,1.0
75,0.4000000000000001,0.20000000000000004,0.14999999999999997,0.10000000000000002,0.14999999999999997,1.1999999999999997,0.283203125,0.5803063081379517,0.0,1.0,1.0,0.283203125,0.5803063081379517,0.0,1.0,1.0,0.32934251162759043,0.32934251162759043,0.3952110139531084,0.3952110139531084,,1.0
74,0.4000000000000001,0.20000000000000004,0.14999999999999997,0.10000000000000002,0.14999999999999997,1.1999999999999997,0.181640625,0.5100094976288604,0.0,0.96875,1.0,0.181640625,0.5100094976288604,0.0,0.96875,1.0,0.2715331495257721,0.2715331495257721,0.3258397794309265,0.3258397794309265,,0.99609375
76,0.4000000000000001,0.20000000000000004,0.14999999999999997,0.10000000000000002,0.14999999999999997,1.1999999999999997,0.25,0.5630676287171907,0.0,0.96875,1.0,0.25,0.5630676287171907,0.0,0.96875,1.0,0.30948852574343816,0.30948852574343816,0.3713862308921258,0.3713862308921258,,0.9921875
75,0.4000000000000001,0.20000000000000004,0.14999999999999997,0.10000000000000002,0.14999999999999997,1.1999999999999997,0.28125,0.6126969468510391,0.0,1.0,1.0,0.28125,0.6126969468510391,0.0,1.0,1.0,0.33503938937020783,0.33503938937020783,0.4020472672442494,0.4020472672442494,,1.0
77,0.4000000000000001,0.20000000000000004,0.14999999999999997,0.10000000000000002,0.14999999999999997,1.1999999999999997,0.10546875,0.5277332413044455,0.0,0.9697265625,1.0,0.10546875,0.5277332413044455,0.0,0.9697265625,1.0,0.24470680451088916,0.24470680451088916,0.29364816541306693,0.29364816541306693,,0.998046875
76,0.4000000000000001,0.20000000000000004,0.14999999999999997,0.10000000000000002,0.14999999999999997,1.1999999999999997,0.216796875,0.5747432778420791,0.0,0.9697265625,1.0,0.216796875,0.5747432778420791,0.0,0.9697265625,1.0,0.29864006181841585,0.29864006181841585,0.35836807418209893,0.35836807418209893,,0.994140625
78,0.4000000000000001,0.20000000000000004,0.14999999999999997,0.10000000000000002,0.14999999999999997,1.1999999999999997,0.21875,0.4970010955769906,0.0,0.9772135416666666,1.0,0.21875,0.4970010955769906,0.0,0.9772135416666666,1.0,0.28462157328206483,0.28462157328206483,0.34154588793847773,0.34154588793847773,,1.0
77,0.4000000000000001,0.20000000000000004,0.14999999999999997,0.10000000000000002,0.14999999999999997,1.1999999999999997,0.0859375,0.5437263789079654,0.0,0.984375,1.0,0.0859375,0.5437263789079654,0.0,0.984375,1.0,0.2415577757815931,0.2415577757815931,0.2898693309379117,0.2898693309379117,,1.0
78,0.4000000000000001,0.20000000000000004,0.14999999999999997,0.10000000000000002,0.14999999999999997,1.1999999999999997,0.21875,0.4936897503625355,0.0,0.9303385416666666,1.0,0.21875,0.4936897503625355,0.0,0.9303385416666666,1.0,0.2792718042391738,0.2792718042391738,0.33512616508700854,0.33512616508700854,,1.0
79,0.4000000000000001,0.20000000000000004,0.14999999999999997,0.10000000000000002,0.14999999999999997,1.1999999999999997,0.15625,0.4919512304129964,0.0,0.9166666666666667,1.0,0.15625,0.4919512304129964,0.0,0.9166666666666667,1.0,0.252556912749266,0.252556912749266,0.3030682952991191,0.3030682952991191,,1.0
79,0.4000000000000001,0.20000000000000004,0.14999999999999997,0.10000000000000002,0.14999999999999997,1.1999999999999997,0.15625,0.5049947983288662,0.0,0.9322916666666667,1.0,0.15625,0.5049947983288662,0.0,0.9322916666666667,1.0,0.2567281263324399,0.2567281263324399,0.30807375159892786,0.30807375159892786,,1.0
80,0.4000000000000001,0.20000000000000004,0.14999999999999997,0.10000000000000002,0.14999999999999997,1.1999999999999997,0.240234375,0.5659944447349359,0.0,0.97265625,1.0,0.240234375,0.5659944447349359,0.0,0.97265625,1.0,0.30655826394698726,0.30655826394698726,0.3678699167363846,0.3678699167363846,,1.0
80,0.4000000000000001,0.20000000000000004,0.14999999999999997,0.10000000000000002,0.14999999999999997,1.1999999999999997,0.251953125,0.5864723061139321,0.0,0.96875,1.0,0.251953125,0.5864723061139321,0.0,0.96875,1.0,0.3149507112227864,0.3149507112227864,0.3779408534673437,0.3779408534673437,,1.0
81,0.4000000000000001,0.20000000000000004,0.14999999999999997,0.10000000000000002,0.14999999999999997,1.1999999999999997,0.123046875,0.5868134830747661,0.0,1.0,1.0,0.123046875,0.5868134830747661,0.0,1.0,1.0,0.26658144661495325,0.26658144661495325,0.3198977359379439,0.3198977359379439,,0.984375
82,0.4000000000000001,0.20000000000000004,0.14999999999999997,0.10000000000000002,0.14999999999999997,1.1999999999999997,0.150390625,0.5929692563715128,0.0,0.94140625,1.0,0.150390625,0.5929692563715128,0.0,0.94140625,1.0,0.27289072627430255,0.27289072627430255,0.3274688715291631,0.3274688715291631,,0.998046875
83,0.4000000000000001,0.20000000000000004,0.14999999999999997,0.10000000000000002,0.14999999999999997,1.1999999999999997,0.15625,0.5792499512127967,0.0,0.9635416666666667,1.0,0.15625,0.5792499512127967,0.0,0.9635416666666667,1.0,0.274704156909226,0.274704156909226,0.32964498829107125,0.32964498829107125,,1.0
81,0.4000000000000001,0.20000000000000004,0.14999999999999997,0.10000000000000002,0.14999999999999997,1.1999999999999997,0.125,0.5659433758480099,0.0,1.0,1.0,0.125,0.5659433758480099,0.0,1.0,1.0,0.263188675169602,0.263188675169602,0.31582641020352237,0.31582641020352237,,0.98828125
82,0.4000000000000001,0.20000000000000004,0.14999999999999997,0.10000000000000002,0.14999999999999997,1.1999999999999997,0.146484375,0.5808667171937583,0.0,0.96875,1.0,0.146484375,0.5808667171937583,0.0,0.96875,1.0,0.2716420934387517,0.2716420934387517,0.32597051212650197,0.32597051212650197,,1.0
84,0.4000000000000001,0.20000000000000004,0.14999999999999997,0.10000000000000002,0.14999999999999997,1.1999999999999997,0.21875,0.6500423551692225,0.0,0.9479166666666666,1.0,0.21875,0.6500423551692225,0.0,0.9479166666666666,1.0,0.3123001377005112,0.3123001377005112,0.37476016524061345,0.37476016524061345,,0.998046875
85,0.4000000000000001,0.20000000000000004,0.14999999999999997,0.10000000000000002,0.14999999999999997,1.1999999999999997,0.1953125,0.6514682343633615,0.0,0.9583333333333333,1.0,0.1953125,0.6514682343633615,0.0,0.9583333333333333,1.0,0.3042519802060057,0.3042519802060057,0.36510237624720676,0.36510237624720676,,1.0
83,0.4000000000000001,0.20000000000000004,0.14999999999999997,0.10000000000000002,0.14999999999999997,1.1999999999999997,0.09765625,0.4965227092765061,0.0,0.9635416666666667,1.0,0.09765625,0.4965227092765061,0.0,0.9635416666666667,1.0,0.2347212085219679,0.2347212085219679,0.28166545022636147,0.28166545022636147,,0.998046875
86,0.4000000000000001,0.20000000000000004,0.14999999999999997,0.10000000000000002,0.14999999999999997,1.1999999999999997,0.310546875,0.6865694397152065,0.0,1.0,1.0,0.310546875,0.6865694397152065,0.0,1.0,1.0,0.36153263794304136,0.36153263794304136,0.43383916553164953,0.43383916553164953,,1.0
84,0.4000000000000001,0.20000000000000004,0.14999999999999997,0.10000000000000002,0.14999999999999997,1.1999999999999997,0.212890625,0.642843203803299,0.0,0.9479166666666666,1.0,0.212890625,0.642843203803299,0.0,0.9479166666666666,1.0,0.3085165574273264,0.3085165574273264,0.3702198689127918,0.3702198689127918,,1.0
85,0.4000000000000001,0.20000000000000004,0.14999999999999997,0.10000000000000002,0.14999999999999997,1.1999999999999997,0.185546875,0.6353212311000627,0.0,0.9583333333333333,1.0,0.185546875,0.6353212311000627,0.0,0.9583333333333333,1.0,0.2971163295533459,0.2971163295533459,0.35653959546401504,0.35653959546401504,,1.0
87,0.4000000000000001,0.20000000000000004,0.14999999999999997,0.10000000000000002,0.14999999999999997,1.1999999999999997,0.21875,0.5804612295260133,0.0,0.9798177083333333,1.0,0.21875,0.5804612295260133,0.0,0.9798177083333333,1.0,0.301574016738536,0.301574016738536,0.3618888200862432,0.3618888200862432,,1.0
86,0.4000000000000001,0.20000000000000004,0.14999999999999997,0.10000000000000002,0.14999999999999997,1.1999999999999997,0.279296875,0.6274133752641774,0.0,1.0,1.0,0.279296875,0.6274133752641774,0.0,1.0,1.0,0.3372014250528355,0.3372014250528355,0.40464171006340255,0.40464171006340255,,1.0
88,0.4000000000000001,0.20000000000000004,0.14999999999999997,0.10000000000000002,0.14999999999999997,1.1999999999999997,0.1875,0.5894632397392505,0.0,0.9423828125,1.0,0.1875,0.5894632397392505,0.0,0.9423828125,1.0,0.2871309291978501,0.2871309291978501,0.34455711503742015,0.34455711503742015,,0.994140625
89,0.4000000000000001,0.20000000000000004,0.14999999999999997,0.10000000000000002,0.14999999999999997,1.1999999999999997,0.15625,0.6069290454687868,0.0,0.94140625,1.0,0.15625,0.6069290454687868,0.0,0.94140625,1.0,0.2780264340937574,0.2780264340937574,0.3336317209125088,0.3336317209125088,,0.998046875
87,0.4000000000000001,0.20000000000000004,0.14999999999999997,0.10000000000000002,0.14999999999999997,1.1999999999999997,0.1875,0.5563622556932846,0.0,0.9791666666666666,1.0,0.1875,0.5563622556932846,0.0,0.9791666666666666,1.0,0.2841891178053236,0.2841891178053236,0.3410269413663882,0.3410269413663882,,0.998046875
90,0.4000000000000001,0.20000000000000004,0.14999999999999997,0.10000000000000002,0.14999999999999997,1.1999999999999997,0.21875,0.6223030525501357,0.0,0.96875,1.0,0.21875,0.6223030525501357,0.0,0.96875,1.0,0.30883561051002717,0.30883561051002717,0.3706027326120326,0.3706027326120326,,1.0
88,0.4000000000000001,0.20000000000000004,0.14999999999999997,0.10000000000000002,0.14999999999999997,1.1999999999999997,0.21875,0.5827356927089136,0.0,0.9423828125,1.0,0.21875,0.5827356927089136,0.0,0.9423828125,1.0,0.29828541979178275,0.29828541979178275,0.35794250375013925,0.35794250375013925,,0.998046875
91,0.4000000000000001,0.20000000000000004,0.14999999999999997,0.10000000000000002,0.14999999999999997,1.1999999999999997,0.126953125,0.5545993089689489,0.0,0.947265625,1.0,0.126953125,0.5545993089689489,0.0,0.947265625,1.0,0.25642767429378976,0.25642767429378976,0.30771320915254774,0.30771320915254774,,0.994140625
89,0.4000000000000001,0.20000000000000004,0.14999999999999997,0.10000000000000002,0.14999999999999997,1.1999999999999997,0.1875,0.6149212707191591,0.0,0.9375,1.0,0.1875,0.6149212707191591,0.0,0.9375,1.0,0.2917342541438319,0.2917342541438319,0.3500811049725982,0.3500811049725982,,1.0
92,0.4000000000000001,0.20000000000000004,0.14999999999999997,0.10000000000000002,0.14999999999999997,1.1999999999999997,0.28125,0.6365738193159697,0.0,1.0,1.0,0.28125,0.6365738193159697,0.0,1.0,1.0,0.339814763863194,0.339814763863194,0.40777771663583273,0.40777771663583273,,1.0
90,0.4000000000000001,0.20000000000000004,0.14999999999999997,0.10000000000000002,0.14999999999999997,1.1999999999999997,0.21875,0.6272994605240229,0.0,0.96875,1.0,0.21875,0.6272994605240229,0.0,0.96875,1.0,0.30983489210480464,0.30983489210480464,0.3718018705257655,0.3718018705257655,,1.0
93,0.4000000000000001,0.20000000000000004,0.14999999999999997,0.10000000000000002,0.14999999999999997,1.1999999999999997,0.09375,0.5817642110708388,0.0,0.9375,1.0,0.09375,0.5817642110708388,0.0,0.9375,1.0,0.24760284221416778,0.24760284221416778,0.2971234106570013,0.2971234106570013,,1.0
91,0.4000000000000001,0.20000000000000004,0.14999999999999997,0.10000000000000002,0.14999999999999997,1.1999999999999997,0.125,0.5234521627590072,0.0,0.96875,1.0,0.125,0.5234521627590072,0.0,0.96875,1.0,0.2515654325518014,0.2515654325518014,0.30187851906216173,0.30187851906216173,,1.0
94,0.4000000000000001,0.20000000000000004,0.14999999999999997,0.10000000000000002,0.14999999999999997,1.1999999999999997,0.1484375,0.5589808103095237,0.0,0.9739583333333333,1.0,0.1484375,0.5589808103095237,0.0,0.9739583333333333,1.0,0.2685669953952381,0.2685669953952381,0.32228039447428575,0.32228039447428575,,1.0
92,0.4000000000000001,0.20000000000000004,0.14999999999999997,0.10000000000000002,0.14999999999999997,1.1999999999999997,0.26171875,0.6259966059282713,0.0,1.0,1.0,0.26171875,0.6259966059282713,0.0,1.0,1.0,0.32988682118565427,0.32988682118565427,0.3958641854227851,0.3958641854227851,,1.0
95,0.4000000000000001,0.20000000000000004,0.14999999999999997,0.10000000000000002,0.14999999999999997,1.1999999999999997,0.15625,0.6150309052490799,0.0,0.9544270833333334,1.0,0.15625,0.6150309052490799,0.0,0.9544270833333334,1.0,0.2809488893831493,0.2809488893831493,0.3371386672597792,0.3371386672597792,,1.0
93,0.4000000000000001,0.20000000000000004,0.14999999999999997,0.10000000000000002,0.14999999999999997,1.1999999999999997,0.072265625,0.5505180328622182,0.0,0.9518229166666666,1.0,0.072265625,0.5505180328622182,0.0,0.9518229166666666,1.0,0.23419214823911033,0.23419214823911033,0.28103057788693236,0.28103057788693236,,1.0
96,0.4000000000000001,0.20000000000000004,0.14999999999999997,0.10000000000000002,0.14999999999999997,1.1999999999999997,0.1796875,0.6554191317155016,0.0,0.9072265625,1.0,0.1796875,0.6554191317155016,0.0,0.9072265625,1.0,0.29368148259310034,0.29368148259310034,0.35241777911172034,0.35241777911172034,,1.0
97,0.4000000000000001,0.20000000000000004,0.14999999999999997,0.10000000000000002,0.14999999999999997,1.1999999999999997,0.251953125,0.6129917044917919,0.0,1.0,1.0,0.251953125,0.6129917044917919,0.0,1.0,1.0,0.32337959089835844,0.32337959089835844,0.38805550907803005,0.38805550907803005,,1.0
94,0.4000000000000001,0.20000000000000004,0.14999999999999997,0.10000000000000002,0.14999999999999997,1.1999999999999997,0.123046875,0.5385603642544784,0.0,0.9583333333333333,1.0,0.123046875,0.5385603642544784,0.0,0.9583333333333333,1.0,0.25276415618422904,0.25276415618422904,0.3033169874210748,0.3033169874210748,,1.0
95,0.4000000000000001,0.20000000000000004,0.14999999999999997,0.10000000000000002,0.14999999999999997,1.1999999999999997,0.15625,0.5877907515823546,0.0,0.9518229166666667,1.0,0.15625,0.5877907515823546,0.0,0.9518229166666667,1.0,0.27524044198313763,0.27524044198313763,0.33028853037976513,0.33028853037976513,,1.0
98,0.4000000000000001,0.20000000000000004,0.14999999999999997,0.10000000000000002,0.14999999999999997,1.1999999999999997,0.125,0.5385075939557133,0.0,0.9697265625,1.0,0.125,0.5385075939557133,0.0,0.9697265625,1.0,0.25467417504114265,0.25467417504114265,0.30560901004937124,0.30560901004937124,,1.0
96,0.4000000000000001,0.20000000000000004,0.14999999999999997,0.10000000000000002,0.14999999999999997,1.1999999999999997,0.15625,0.6308290523606781,0.0,0.9150390625,1.0,0.15625,0.6308290523606781,0.0,0.9150390625,1.0,0.28016971672213564,0.28016971672213564,0.33620366006656277,0.33620366006656277,,1.0
99,0.4000000000000001,0.20000000000000004,0.14999999999999997,0.10000000000000002,0.14999999999999997,1.1999999999999997,0.27734375,0.7162168770561153,0.0,1.0,1.0,0.27734375,0.7162168770561153,0.0,1.0,1.0,0.3541808754112231,0.3541808754112231,0.4250170504934677,0.4250170504934677,,1.0
97,0.4000000000000001,0.20000000000000004,0.14999999999999997,0.10000000000000002,0.14999999999999997,1.1999999999999997,0.30859375,0.6373968412658876,0.0,1.0,1.0,0.30859375,0.6373968412658876,0.0,1.0,1.0,0.3509168682531776,0.3509168682531776,0.42110024190381307,0.42110024190381307,,1.0
98,0.4000000000000001,0.20000000000000004,0.14999999999999997,0.10000000000000002,0.14999999999999997,1.1999999999999997,0.15625,0.5654795519675315,0.0,0.96875,1.0,0.15625,0.5654795519675315,0.0,0.96875,1.0,0.27247091039350635,0.27247091039350635,0.3269650924722076,0.3269650924722076,,1.0
100,0.4000000000000001,0.20000000000000004,0.14999999999999997,0.10000000000000002,0.14999999999999997,1.1999999999999997,0.166015625,0.6014104519762903,0.0,0.9625651041666666,1.0,0.166015625,0.6014104519762903,0.0,0.9625651041666666,1.0,0.2829448508119247,0.2829448508119247,0.3395338209743096,0.3395338209743096,,1.0
99,0.4000000000000001,0.20000000000000004,0.14999999999999997,0.10000000000000002,0.14999999999999997,1.1999999999999997,0.2734375,0.7209621738505068,0.0,1.0,1.0,0.2734375,0.7209621738505068,0.0,1.0,1.0,0.35356743477010144,0.35356743477010144,0.4242809217241217,0.4242809217241217,,1.0
101,0.4000000000000001,0.20000000000000004,0.14999999999999997,0.10000000000000002,0.14999999999999997,1.1999999999999997,0.15625,0.5398845792460795,0.0,0.9791666666666667,1.0,0.15625,0.5398845792460795,0.0,0.9791666666666667,1.0,0.2683935825158826,0.2683935825158826,0.3220722990190591,0.3220722990190591,,1.0
102,0.4000000000000001,0.20000000000000004,0.14999999999999997,0.10000000000000002,0.14999999999999997,1.1999999999999997,0.1875,0.6123645131237699,0.0,0.9837239583333333,1.0,0.1875,0.6123645131237699,0.0,0.9837239583333333,1.0,0.2958452984580874,0.2958452984580874,0.3550143581497048,0.3550143581497048,,1.0
100,0.4000000000000001,0.20000000000000004,0.14999999999999997,0.10000000000000002,0.14999999999999997,1.1999999999999997,0.1875,0.5891739766576227,0.0,0.9635416666666666,1.0,0.1875,0.5891739766576227,0.0,0.9635416666666666,1.0,0.2891889619981912,0.2891889619981912,0.3470267543978295,0.3470267543978295,,1.0
103,0.4000000000000001,0.20000000000000004,0.14999999999999997,0.10000000000000002,0.14999999999999997,1.1999999999999997,0.115234375,0.5389513890812363,0.0,0.986328125,1.0,0.115234375,0.5389513890812363,0.0,0.986328125,1.0,0.25251684031624727,0.25251684031624727,0.3030202083794967,0.3030202083794967,,1.0
101,0.4000000000000001,0.20000000000000004,0.14999999999999997,0.10000000000000002,0.14999999999999997,1.1999999999999997,0.15625,0.5461012674525518,0.0,0.9791666666666667,1.0,0.15625,0.5461012674525518,0.0,0.9791666666666667,1.0,0.26963692015717705,0.26963692015717705,0.3235643041886125,0.3235643041886125,,1.0
104,0.4000000000000001,0.20000000000000004,0.14999999999999997,0.10000000000000002,0.14999999999999997,1.1999999999999997,0.15625,0.585758883764087,0.0,0.91015625,1.0,0.15625,0.585758883764087,0.0,0.91015625,1.0,0.27066740175281745,0.27066740175281745,0.3248008821033809,0.3248008821033809,,1.0
102,0.4000000000000001,0.20000000000000004,0.14999999999999997,0.10000000000000002,0.14999999999999997,1.1999999999999997,0.201171875,0.6093150834212597,0.0,0.9791666666666667,1.0,0.201171875,0.6093150834212597,0.0,0.9791666666666667,1.0,0.30024843335091866,0.30024843335091866,0.36029812002110234,0.36029812002110234,,1.0
105,0.4000000000000001,0.20000000000000004,0.14999999999999997,0.10000000000000002,0.14999999999999997,1.1999999999999997,0.15625,0.5854298684420125,0.0,1.0,1.0,0.15625,0.5854298684420125,0.0,1.0,1.0,0.27958597368840254,0.27958597368840254,0.335503168426083,0.335503168426083,,1.0
103,0.4000000000000001,0.20000000000000004,0.14999999999999997,0.10000000000000002,0.14999999999999997,1.1999999999999997,0.134765625,0.5301817378445914,0.0,0.9892578125,1.0,0.134765625,0.5301817378445914,0.0,0.9892578125,1.0,0.25886837881891833,0.25886837881891833,0.3106420545827019,0.3106420545827019,,1.0
106,0.4000000000000001,0.20000000000000004,0.14999999999999997,0.10000000000000002,0.14999999999999997,1.1999999999999997,0.1875,0.5683300683056913,0.0,0.998046875,1.0,0.1875,0.5683300683056913,0.0,0.998046875,1.0,0.28847070116113827,0.28847070116113827,0.3461648413933659,0.3461648413933659,,1.0
104,0.4000000000000001,0.20000000000000004,0.14999999999999997,0.10000000000000002,0.14999999999999997,1.1999999999999997,0.185546875,0.5878381001760773,0.0,0.91015625,1.0,0.185546875,0.5878381001760773,0.0,0.91015625,1.0,0.2828019950352155,0.2828019950352155,0.33936239404225854,0.33936239404225854,,1.0
105,0.4000000000000001,0.20000000000000004,0.14999999999999997,0.10000000000000002,0.14999999999999997,1.1999999999999997,0.13671875,0.5648146893503496,0.0,1.0,1.0,0.13671875,0.5648146893503496,0.0,1.0,1.0,0.2676504378700699,0.2676504378700699,0.32118052544408393,0.32118052544408393,,1.0
107,0.4000000000000001,0.20000000000000004,0.14999999999999997,0.10000000000000002,0.14999999999999997,1.1999999999999997,0.17578125,0.6307868666680421,0.0,0.96875,1.0,0.17578125,0.6307868666680421,0.0,0.96875,1.0,0.2933448733336085,0.2933448733336085,0.35201384800033014,0.35201384800033014,,0.994140625
106,0.4000000000000001,0.20000000000000004,0.14999999999999997,0.10000000000000002,0.14999999999999997,1.1999999999999997,0.185546875,0.535887309753416,0.0,0.998046875,1.0,0.185546875,0.535887309753416,0.0,0.998046875,1.0,0.2812008994506832,0.2812008994506832,0.3374410793408198,0.3374410793408198,,1.0
108,0.4000000000000001,0.20000000000000004,0.14999999999999997,0.10000000000000002,0.14999999999999997,1.1999999999999997,0.126953125,0.6285434460722148,0.0,0.9375,1.0,0.126953125,0.6285434460722148,0.0,0.9375,1.0,0.270239939214443,0.270239939214443,0.32428792705733156,0.32428792705733156,,0.998046875
107,0.4000000000000001,0.20000000000000004,0.14999999999999997,0.10000000000000002,0.14999999999999997,1.1999999999999997,0.15625,0.6055761552347894,0.0,1.0,1.0,0.15625,0.6055761552347894,0.0,1.0,1.0,0.28361523104695785,0.28361523104695785,0.34033827725634946,0.34033827725634946,,1.0
108,0.4000000000000001,0.20000000000000004,0.14999999999999997,0.10000000000000002,0.14999999999999997,1.1999999999999997,0.125,0.6077093802415978,0.0,0.9375,1.0,0.125,0.6077093802415978,0.0,0.9375,1.0,0.2652918760483196,0.2652918760483196,0.3183502512579835,0.3183502512579835,,1.0
109,0.4000000000000001,0.20000000000000004,0.14999999999999997,0.10000000000000002,0.14999999999999997,1.1999999999999997,0.130859375,0.5691612182563655,0.0,0.96875,1.0,0.130859375,0.5691612182563655,0.0,0.96875,1.0,0.2630509936512731,0.2630509936512731,0.3156611923815277,0.3156611923815277,,1.0
110,0.4000000000000001,0.20000000000000004,0.14999999999999997,0.10000000000000002,0.14999999999999997,1.1999999999999997,0.30859375,0.689062449622346,0.0,0.9739583333333333,1.0,0.30859375,0.689062449622346,0.0,0.9739583333333333,1.0,0.3586458232578026,0.3586458232578026,0.43037498790936307,0.43037498790936307,,1.0
109,0.4000000000000001,0.20000000000000004,0.14999999999999997,0.10000000000000002,0.14999999999999997,1.1999999999999997,0.203125,0.5658358195762648,0.0,0.998046875,1.0,0.203125,0.5658358195762648,0.0,0.998046875,1.0,0.29422185141525303,0.29422185141525303,0.3530662216983036,0.3530662216983036,,1.0
110,0.4000000000000001,0.20000000000000004,0.14999999999999997,0.10000000000000002,0.14999999999999997,1.1999999999999997,0.25390625,0.6505258755843077,0.0,0.9739583333333333,1.0,0.25390625,0.6505258755843077,0.0,0.9739583333333333,1.0,0.3290635084501949,0.3290635084501949,0.39487621014023383,0.39487621014023383,,1.0
111,0.4000000000000001,0.20000000000000004,0.14999999999999997,0.10000000000000002,0.14999999999999997,1.1999999999999997,0.234375,0.6402844277452904,0.0,1.0,1.0,0.234375,0.6402844277452904,0.0,1.0,1.0,0.3218068855490582,0.3218068855490582,0.3861682626588697,0.3861682626588697,,1.0
112,0.4000000000000001,0.20000000000000004,0.14999999999999997,0.10000000000000002,0.14999999999999997,1.1999999999999997,0.30078125,0.7192939600729089,0.0,1.0,1.0,0.30078125,0.7192939600729089,0.0,1.0,1.0,0.36417129201458176,0.36417129201458176,0.4370055504174981,0.4370055504174981,,1.0
111,0.4000000000000001,0.20000000000000004,0.14999999999999997,0.10000000000000002,0.14999999999999997,1.1999999999999997,0.189453125,0.6184224557925705,0.0,1.0,1.0,0.189453125,0.6184224557925705,0.0,1.0,1.0,0.2994657411585141,0.2994657411585141,0.3593588893902169,0.3593588893902169,,0.998046875
113,0.4000000000000001,0.20000000000000004,0.14999999999999997,0.10000000000000002,0.14999999999999997,1.1999999999999997,0.21875,0.5607794400027675,0.0,0.95703125,1.0,0.21875,0.5607794400027675,0.0,0.95703125,1.0,0.2953590130005535,0.2953590130005535,0.35443081560066425,0.35443081560066425,,1.0
112,0.4000000000000001,0.20000000000000004,0.14999999999999997,0.10000000000000002,0.14999999999999997,1.1999999999999997,0.228515625,0.678674612885269,0.0,1.0,1.0,0.228515625,0.678674612885269,0.0,1.0,1.0,0.3271411725770538,0.3271411725770538,0.3925694070924646,0.3925694070924646,,1.0
113,0.4000000000000001,0.20000000000000004,0.14999999999999997,0.10000000000000002,0.14999999999999997,1.1999999999999997,0.21875,0.579729008188461,0.0,0.953125,1.0,0.21875,0.579729008188461,0.0,0.953125,1.0,0.29875830163769224,0.29875830163769224,0.35850996196523066,0.35850996196523066,,1.0
114,0.4000000000000001,0.20000000000000004,0.14999999999999997,0.10000000000000002,0.14999999999999997,1.1999999999999997,0.234375,0.5805516197522196,0.0,0.96875,1.0,0.234375,0.5805516197522196,0.0,0.96875,1.0,0.30673532395044395,0.30673532395044395,0.3680823887405327,0.3680823887405327,,0.998046875
114,0.4000000000000001,0.20000000000000004,0.14999999999999997,0.10000000000000002,0.14999999999999997,1.1999999999999997,0.23046875,0.5756415576728758,0.0,0.96875,1.0,0.23046875,0.5756415576728758,0.0,0.96875,1.0,0.30419081153457517,0.30419081153457517,0.36502897384149025,0.36502897384149025,,1.0
115,0.4000000000000001,0.20000000000000004,0.14999999999999997,0.10000000000000002,0.14999999999999997,1.1999999999999997,0.1484375,0.5847070019988729,0.0,0.9140625,1.0,0.1484375,0.5847070019988729,0.0,0.9140625,1.0,0.2677226503997746,0.2677226503997746,0.3212671804797295,0.3212671804797295,,1.0
115,0.4000000000000001,0.20000000000000004,0.14999999999999997,0.10000000000000002,0.14999999999999997,1.1999999999999997,0.130859375,0.5784494605232555,0.0,0.912109375,1.0,0.130859375,0.5784494605232555,0.0,0.912109375,1.0,0.2592445796046511,0.2592445796046511,0.31109349552558135,0.31109349552558135,,1.0
116,0.4000000000000001,0.20000000000000004,0.14999999999999997,0.10000000000000002,0.14999999999999997,1.1999999999999997,0.16015625,0.5578203945431991,0.0,0.951171875,1.0,0.16015625,0.5578203945431991,0.0,0.951171875,1.0,0.27074376640863984,0.27074376640863984,0.3248925196903678,0.3248925196903678,,1.0
116,0.4000000000000001,0.20000000000000004,0.14999999999999997,0.10000000000000002,0.14999999999999997,1.1999999999999997,0.123046875,0.5441843057267131,0.0,0.9375,1.0,0.123046875,0.5441843057267131,0.0,0.9375,1.0,0.2518056111453426,0.2518056111453426,0.30216673337441113,0.30216673337441113,,1.0
117,0.4000000000000001,0.20000000000000004,0.14999999999999997,0.10000000000000002,0.14999999999999997,1.1999999999999997,0.125,0.6188992700335494,0.0,0.96875,1.0,0.125,0.6188992700335494,0.0,0.96875,1.0,0.2706548540067099,0.2706548540067099,0.32478582480805185,0.32478582480805185,,1.0
118,0.4000000000000001,0.20000000000000004,0.14999999999999997,0.10000000000000002,0.14999999999999997,1.1999999999999997,0.21875,0.6982028002091631,0.0,0.9322916666666666,1.0,0.21875,0.6982028002091631,0.0,0.9322916666666666,1.0,0.32036972670849934,0.32036972670849934,0.38444367205019914,0.38444367205019914,,1.0
117,0.4000000000000001,0.20000000000000004,0.14999999999999997,0.10000000000000002,0.14999999999999997,1.1999999999999997,0.123046875,0.6212277613264847,0.0,0.96875,1.0,0.123046875,0.6212277613264847,0.0,0.96875,1.0,0.27033930226529695,0.27033930226529695,0.32440716271835635,0.32440716271835635,,1.0
118,0.4000000000000001,0.20000000000000004,0.14999999999999997,0.10000000000000002,0.14999999999999997,1.1999999999999997,0.21875,0.6862848310787227,0.0,0.9322916666666666,1.0,0.21875,0.6862848310787227,0.0,0.9322916666666666,1.0,0.3179861328824113,0.3179861328824113,0.3815833594588935,0.3815833594588935,,1.0
119,0.4000000000000001,0.20000000000000004,0.14999999999999997,0.10000000000000002,0.14999999999999997,1.1999999999999997,0.21875,0.5718397089873434,0.0,1.0,1.0,0.21875,0.5718397089873434,0.0,1.0,1.0,0.3018679417974687,0.3018679417974687,0.36224153015696237,0.36224153015696237,,1.0
120,0.4000000000000001,0.20000000000000004,0.14999999999999997,0.10000000000000002,0.14999999999999997,1.1999999999999997,0.248046875,0.6011595672374541,0.0,1.0,1.0,0.248046875,0.6011595672374541,0.0,1.0,1.0,0.31945066344749085,0.31945066344749085,0.3833407961369889,0.3833407961369889,,0.998046875
119,0.4000000000000001,0.20000000000000004,0.14999999999999997,0.10000000000000002,0.14999999999999997,1.1999999999999997,0.15625,0.5494678739243886,0.0,1.0,1.0,0.15625,0.5494678739243886,0.0,1.0,1.0,0.27239357478487775,0.27239357478487775,0.32687228974185323,0.32687228974185323,,0.9921875
121,0.4000000000000001,0.20000000000000004,0.14999999999999997,0.10000000000000002,0.14999999999999997,1.1999999999999997,0.1640625,0.5703294166782349,0.0,1.0,1.0,0.1640625,0.5703294166782349,0.0,1.0,1.0,0.27969088333564696,0.27969088333564696,0.33562906000277637,0.33562906000277637,,1.0
120,0.4000000000000001,0.20000000000000004,0.14999999999999997,0.10000000000000002,0.14999999999999997,1.1999999999999997,0.244140625,0.5943807003769408,0.0,1.0,1.0,0.244140625,0.5943807003769408,0.0,1.0,1.0,0.31653239007538825,0.31653239007538825,0.3798388680904658,0.3798388680904658,,1.0
122,0.4000000000000001,0.20000000000000004,0.14999999999999997,0.10000000000000002,0.14999999999999997,1.1999999999999997,0.125,0.5623956644746193,0.0,0.9375,1.0,0.125,0.5623956644746193,0.0,0.9375,1.0,0.2562291328949239,0.2562291328949239,0.3074749594739086,0.3074749594739086,,1.0
121,0.4000000000000001,0.20000000000000004,0.14999999999999997,0.10000000000000002,0.14999999999999997,1.1999999999999997,0.16015625,0.5754395706681121,0.0,1.0,1.0,0.16015625,0.5754395706681121,0.0,1.0,1.0,0.2791504141336224,0.2791504141336224,0.33498049696034693,0.33498049696034693,,1.0
123,0.4000000000000001,0.20000000000000004,0.14999999999999997,0.10000000000000002,0.14999999999999997,1.1999999999999997,0.125,0.5841894212420415,0.0,0.9375,1.0,0.125,0.5841894212420415,0.0,0.9375,1.0,0.2605878842484083,0.2605878842484083,0.31270546109808994,0.31270546109808994,,1.0
124,0.4000000000000001,0.20000000000000004,0.14999999999999997,0.10000000000000002,0.14999999999999997,1.1999999999999997,0.1875,0.5801505798308981,0.0,0.98046875,1.0,0.1875,0.5801505798308981,0.0,0.98046875,1.0,0.28907699096617967,0.28907699096617967,0.34689238915941556,0.34689238915941556,,1.0
125,0.4000000000000001,0.20000000000000004,0.14999999999999997,0.10000000000000002,0.14999999999999997,1.1999999999999997,0.09375,0.6017531793159576,0.0,0.9375,1.0,0.09375,0.6017531793159576,0.0,0.9375,1.0,0.25160063586319154,0.25160063586319154,0.3019207630358299,0.3019207630358299,,1.0
122,0.4000000000000001,0.20000000000000004,0.14999999999999997,0.10000000000000002,0.14999999999999997,1.1999999999999997,0.15625,0.5787657243387918,0.0,0.939453125,1.0,0.15625,0.5787657243387918,0.0,0.939453125,1.0,0.2721984573677584,0.2721984573677584,0.32663814884131004,0.32663814884131004,,0.994140625
126,0.4000000000000001,0.20000000000000004,0.14999999999999997,0.10000000000000002,0.14999999999999997,1.1999999999999997,0.18359375,0.600590150487916,0.0,0.96875,1.0,0.18359375,0.600590150487916,0.0,0.96875,1.0,0.29043053009758324,0.29043053009758324,0.3485166361170999,0.3485166361170999,,1.0
123,0.4000000000000001,0.20000000000000004,0.14999999999999997,0.10000000000000002,0.14999999999999997,1.1999999999999997,0.15625,0.6108978658546429,0.0,0.9375,1.0,0.15625,0.6108978658546429,0.0,0.9375,1.0,0.2784295731709286,0.2784295731709286,0.33411548780511424,0.33411548780511424,,1.0
124,0.4000000000000001,0.20000000000000004,0.14999999999999997,0.10000000000000002,0.14999999999999997,1.1999999999999997,0.15625,0.5520735723060491,0.0,0.9814453125,1.0,0.15625,0.5520735723060491,0.0,0.9814453125,1.0,0.2710592457112098,0.2710592457112098,0.3252710948534518,0.3252710948534518,,1.0
127,0.4000000000000001,0.20000000000000004,0.14999999999999997,0.10000000000000002,0.14999999999999997,1.1999999999999997,0.28125,0.6486799993859891,0.0,0.9619140625,1.0,0.28125,0.6486799993859891,0.0,0.9619140625,1.0,0.33842740612719785,0.33842740612719785,0.4061128873526374,0.4061128873526374,,1.0
125,0.4000000000000001,0.20000000000000004,0.14999999999999997,0.10000000000000002,0.14999999999999997,1.1999999999999997,0.125,0.6141087989722693,0.0,0.9375,1.0,0.125,0.6141087989722693,0.0,0.9375,1.0,0.2665717597944539,0.2665717597944539,0.31988611175334464,0.31988611175334464,,1.0
128,0.4000000000000001,0.20000000000000004,0.14999999999999997,0.10000000000000002,0.14999999999999997,1.1999999999999997,0.09375,0.48513903644923484,0.0,0.96875,1.0,0.09375,0.48513903644923484,0.0,0.96875,1.0,0.231402807289847,0.231402807289847,0.27768336874781635,0.27768336874781635,,1.0
126,0.4000000000000001,0.20000000000000004,0.14999999999999997,0.10000000000000002,0.14999999999999997,1.1999999999999997,0.16796875,0.5608836777550197,0.0,0.91015625,1.0,0.16796875,0.5608836777550197,0.0,0.91015625,1.0,0.27037986055100394,0.27037986055100394,0.3244558326612047,0.3244558326612047,,1.0
129,0.4000000000000001,0.20000000000000004,0.14999999999999997,0.10000000000000002,0.14999999999999997,1.1999999999999997,0.1875,0.6087171506756297,0.0,0.9889322916666666,1.0,0.1875,0.6087171506756297,0.0,0.9889322916666666,1.0,0.29563665930179267,0.29563665930179267,0.3547639911621512,0.3547639911621512,,1.0
130,0.4000000000000001,0.20000000000000004,0.14999999999999997,0.10000000000000002,0.14999999999999997,1.1999999999999997,0.28125,0.5711623558595951,0.0,1.0,1.0,0.28125,0.5711623558595951,0.0,1.0,1.0,0.32673247117191906,0.32673247117191906,0.3920789654063028,0.3920789654063028,,1.0
127,0.4000000000000001,0.20000000000000004,0.14999999999999997,0.10000000000000002,0.14999999999999997,1.1999999999999997,0.28125,0.625863652915446,0.0,0.962890625,1.0,0.28125,0.625863652915446,0.0,0.962890625,1.0,0.3339617930830892,0.3339617930830892,0.4007541516997071,0.4007541516997071,,1.0
128,0.4000000000000001,0.20000000000000004,0.14999999999999997,0.10000000000000002,0.14999999999999997,1.1999999999999997,0.0625,0.49923295624629827,0.0,0.96875,1.0,0.0625,0.49923295624629827,0.0,0.96875,1.0,0.22172159124925966,0.22172159124925966,0.2660659094991116,0.2660659094991116,,1.0
131,0.4000000000000001,0.20000000000000004,0.14999999999999997,0.10000000000000002,0.14999999999999997,1.1999999999999997,0.1875,0.5917280489819121,0.0,0.96875,1.0,0.1875,0.5917280489819121,0.0,0.96875,1.0,0.2902206097963824,0.2902206097963824,0.3482647317556589,0.3482647317556589,,1.0
132,0.4000000000000001,0.20000000000000004,0.14999999999999997,0.10000000000000002,0.14999999999999997,1.1999999999999997,0.21875,0.6220876568215177,0.0,0.939453125,1.0,0.21875,0.6220876568215177,0.0,0.939453125,1.0,0.30586284386430357,0.30586284386430357,0.3670354126371642,0.3670354126371642,,0.998046875
129,0.4000000000000001,0.20000000000000004,0.14999999999999997,0.10000000000000002,0.14999999999999997,1.1999999999999997,0.1875,0.5700039480141573,0.0,0.98828125,1.0,0.1875,0.5700039480141573,0.0,0.98828125,1.0,0.28782891460283155,0.28782891460283155,0.3453946975233978,0.3453946975233978,,0.998046875
130,0.4000000000000001,0.20000000000000004,0.14999999999999997,0.10000000000000002,0.14999999999999997,1.1999999999999997,0.28125,0.5456155155542368,0.0,1.0,1.0,0.28125,0.5456155155542368,0.0,1.0,1.0,0.3216231031108474,0.3216231031108474,0.3859477237330169,0.3859477237330169,,1.0
133,0.4000000000000001,0.20000000000000004,0.14999999999999997,0.10000000000000002,0.14999999999999997,1.1999999999999997,0.126953125,0.6338649269347039,0.0,1.0,1.0,0.126953125,0.6338649269347039,0.0,1.0,1.0,0.2775542353869408,0.2775542353869408,0.333065082464329,0.333065082464329,,0.998046875
131,0.4000000000000001,0.20000000000000004,0.14999999999999997,0.10000000000000002,0.14999999999999997,1.1999999999999997,0.1875,0.5755384535452504,0.0,0.951171875,1.0,0.1875,0.5755384535452504,0.0,0.951171875,1.0,0.2852248782090501,0.2852248782090501,0.34226985385086006,0.34226985385086006,,1.0
132,0.4000000000000001,0.20000000000000004,0.14999999999999997,0.10000000000000002,0.14999999999999997,1.1999999999999997,0.216796875,0.5975578709819815,0.0,0.9375,1.0,0.216796875,0.5975578709819815,0.0,0.9375,1.0,0.2999803241963963,0.2999803241963963,0.35997638903567564,0.35997638903567564,,1.0
134,0.4000000000000001,0.20000000000000004,0.14999999999999997,0.10000000000000002,0.14999999999999997,1.1999999999999997,0.21875,0.6048067274352472,0.0,0.9791666666666667,1.0,0.21875,0.6048067274352472,0.0,0.9791666666666667,1.0,0.30637801215371613,0.30637801215371613,0.36765361458445933,0.36765361458445933,,1.0
133,0.4000000000000001,0.20000000000000004,0.14999999999999997,0.10000000000000002,0.14999999999999997,1.1999999999999997,0.125,0.58658225247179,0.0,1.0,1.0,0.125,0.58658225247179,0.0,1.0,1.0,0.26731645049435804,0.26731645049435804,0.3207797405932296,0.3207797405932296,,1.0
135,0.4000000000000001,0.20000000000000004,0.14999999999999997,0.10000000000000002,0.14999999999999997,1.1999999999999997,0.224609375,0.5941493993101282,0.0,0.9716796875,1.0,0.224609375,0.5941493993101282,0.0,0.9716796875,1.0,0.3058415986120257,0.3058415986120257,0.3670099183344308,0.3670099183344308,,1.0
134,0.4000000000000001,0.20000000000000004,0.14999999999999997,0.10000000000000002,0.14999999999999997,1.1999999999999997,0.21875,0.5604254730142926,0.0,0.9479166666666667,1.0,0.21875,0.5604254730142926,0.0,0.9479166666666667,1.0,0.29437676126952517,0.29437676126952517,0.3532521135234302,0.3532521135234302,,1.0
136,0.4000000000000001,0.20000000000000004,0.14999999999999997,0.10000000000000002,0.14999999999999997,1.1999999999999997,0.1015625,0.5666436155293157,0.0,0.95703125,1.0,0.1015625,0.5666436155293157,0.0,0.95703125,1.0,0.24965684810586317,0.24965684810586317,0.2995882177270358,0.2995882177270358,,1.0
135,0.4000000000000001,0.20000000000000004,0.14999999999999997,0.10000000000000002,0.14999999999999997,1.1999999999999997,0.220703125,0.5913342525048285,0.0,0.9680989583333334,1.0,0.220703125,0.5913342525048285,0.0,0.9680989583333334,1.0,0.3033579963342991,0.3033579963342991,0.36402959560115883,0.36402959560115883,,1.0
137,0.4000000000000001,0.20000000000000004,0.14999999999999997,0.10000000000000002,0.14999999999999997,1.1999999999999997,0.125,0.6312992732936773,0.0,0.9772135416666667,1.0,0.125,0.6312992732936773,0.0,0.9772135416666667,1.0,0.2739812088254021,0.2739812088254021,0.3287774505904826,0.3287774505904826,,0.9921875
136,0.4000000000000001,0.20000000000000004,0.14999999999999997,0.10000000000000002,0.14999999999999997,1.1999999999999997,0.099609375,0.5502271181166046,0.0,0.9772135416666667,1.0,0.099609375,0.5502271181166046,0.0,0.9772135416666667,1.0,0.2476105277899876,0.2476105277899876,0.2971326333479851,0.2971326333479851,,1.0
138,0.4000000000000001,0.20000000000000004,0.14999999999999997,0.10000000000000002,0.14999999999999997,1.1999999999999997,0.21484375,0.5782031716326201,0.0,0.9895833333333333,1.0,0.21484375,0.5782031716326201,0.0,0.9895833333333333,1.0,0.3005364676598574,0.3005364676598574,0.36064376119182884,0.36064376119182884,,0.99609375
137,0.4000000000000001,0.20000000000000004,0.14999999999999997,0.10000000000000002,0.14999999999999997,1.1999999999999997,0.125,0.6286681406306189,0.0,0.978515625,1.0,0.125,0.6286681406306189,0.0,0.978515625,1.0,0.27358519062612385,0.27358519062612385,0.3283022287513485,0.3283022287513485,,1.0
138,0.4000000000000001,0.20000000000000004,0.14999999999999997,0.10000000000000002,0.14999999999999997,1.1999999999999997,0.21875,0.5601732300977766,0.0,0.9879557291666666,1.0,0.21875,0.5601732300977766,0.0,0.9879557291666666,1.0,0.298330218936222,0.298330218936222,0.3579962627234664,0.3579962627234664,,1.0
139,0.4000000000000001,0.20000000000000004,0.14999999999999997,0.10000000000000002,0.14999999999999997,1.1999999999999997,0.09375,0.634069387810479,0.0,0.9583333333333333,1.0,0.09375,0.634069387810479,0.0,0.9583333333333333,1.0,0.26014721089542914,0.26014721089542914,0.312176653074515,0.312176653074515,,0.998046875
139,0.4000000000000001,0.20000000000000004,0.14999999999999997,0.10000000000000002,0.14999999999999997,1.1999999999999997,0.09375,0.5855746811140421,0.0,0.9602864583333333,1.0,0.09375,0.5855746811140421,0.0,0.9602864583333333,1.0,0.2506435820561418,0.2506435820561418,0.3007722984673701,0.3007722984673701,,1.0
140,0.4000000000000001,0.20000000000000004,0.14999999999999997,0.10000000000000002,0.14999999999999997,1.1999999999999997,0.1875,0.5872095956996403,0.0,1.0,1.0,0.1875,0.5872095956996403,0.0,1.0,1.0,0.2924419191399281,0.2924419191399281,0.3509303029679137,0.3509303029679137,,1.0
140,0.4000000000000001,0.20000000000000004,0.14999999999999997,0.10000000000000002,0.14999999999999997,1.1999999999999997,0.1875,0.5693179639887262,0.0,1.0,1.0,0.1875,0.5693179639887262,0.0,1.0,1.0,0.28886359279774526,0.28886359279774526,0.34663631135729434,0.34663631135729434,,1.0
141,0.4000000000000001,0.20000000000000004,0.14999999999999997,0.10000000000000002,0.14999999999999997,1.1999999999999997,0.216796875,0.6692402692436241,0.0,0.9856770833333334,1.0,0.216796875,0.6692402692436241,0.0,0.9856770833333334,1.0,0.31913451218205824,0.31913451218205824,0.3829614146184698,0.3829614146184698,,0.99609375
141,0.4000000000000001,0.20000000000000004,0.14999999999999997,0.10000000000000002,0.14999999999999997,1.1999999999999997,0.18359375,0.6487092388056257,0.0,0.9694010416666666,1.0,0.18359375,0.6487092388056257,0.0,0.9694010416666666,1.0,0.3001194519277919,0.3001194519277919,0.3601433423133502,0.3601433423133502,,1.0
142,0.4000000000000001,0.20000000000000004,0.14999999999999997,0.10000000000000002,0.14999999999999997,1.1999999999999997,0.111328125,0.5515197933407605,0.0,0.96875,1.0,0.111328125,0.5515197933407605,0.0,0.96875,1.0,0.25171020866815214,0.25171020866815214,0.3020522504017825,0.3020522504017825,,1.0
142,0.4000000000000001,0.20000000000000004,0.14999999999999997,0.10000000000000002,0.14999999999999997,1.1999999999999997,0.064453125,0.5514524761770774,0.0,0.96875,1.0,0.064453125,0.5514524761770774,0.0,0.96875,1.0,0.2329467452354155,0.2329467452354155,0.2795360942824986,0.2795360942824986,,0.99609375
143,0.4000000000000001,0.20000000000000004,0.14999999999999997,0.10000000000000002,0.14999999999999997,1.1999999999999997,0.216796875,0.5609913662912319,0.0,1.0,1.0,0.216796875,0.5609913662912319,0.0,1.0,1.0,0.29891702325824643,0.29891702325824643,0.3587004279098957,0.3587004279098957,,1.0
143,0.4000000000000001,0.20000000000000004,0.14999999999999997,0.10000000000000002,0.14999999999999997,1.1999999999999997,0.21484375,0.6016955972935694,0.0,1.0,1.0,0.21484375,0.6016955972935694,0.0,1.0,1.0,0.3062766194587139,0.3062766194587139,0.3675319433504567,0.3675319433504567,,1.0
144,0.4000000000000001,0.20000000000000004,0.14999999999999997,0.10000000000000002,0.14999999999999997,1.1999999999999997,0.146484375,0.5676012014954722,0.0,0.99609375,1.0,0.146484375,0.5676012014954722,0.0,0.99609375,1.0,0.27172336529909447,0.27172336529909447,0.32606803835891335,0.32606803835891335,,0.9921875
144,0.4000000000000001,0.20000000000000004,0.14999999999999997,0.10000000000000002,0.14999999999999997,1.1999999999999997,0.150390625,0.5789027552350188,0.0,0.994140625,1.0,0.150390625,0.5789027552350188,0.0,0.994140625,1.0,0.2753508635470038,0.2753508635470038,0.33042103625640457,0.33042103625640457,,0.97265625
145,0.4000000000000001,0.20000000000000004,0.14999999999999997,0.10000000000000002,0.14999999999999997,1.1999999999999997,0.310546875,0.6509095454469813,0.0,0.96875,1.0,0.310546875,0.6509095454469813,0.0,0.96875,1.0,0.35127565908939634,0.35127565908939634,0.4215307909072755,0.4215307909072755,,1.0
145,0.4000000000000001,0.20000000000000004,0.14999999999999997,0.10000000000000002,0.14999999999999997,1.1999999999999997,0.3125,0.644971641696455,0.0,0.96875,1.0,0.3125,0.644971641696455,0.0,0.96875,1.0,0.3508693283392911,0.3508693283392911,0.4210431940071492,0.4210431940071492,,0.99609375
146,0.4000000000000001,0.20000000000000004,0.14999999999999997,0.10000000000000002,0.14999999999999997,1.1999999999999997,0.1875,0.5774178016180032,0.0,1.0,1.0,0.1875,0.5774178016180032,0.0,1.0,1.0,0.2904835603236007,0.2904835603236007,0.34858027238832073,0.34858027238832073,,1.0
147,0.4000000000000001,0.20000000000000004,0.14999999999999997,0.10000000000000002,0.14999999999999997,1.1999999999999997,0.3125,0.6895699686746732,0.0,0.99609375,1.0,0.3125,0.6895699686746732,0.0,0.99609375,1.0,0.3625233687349347,0.3625233687349347,0.43502804248192156,0.43502804248192156,,1.0
146,0.4000000000000001,0.20000000000000004,0.14999999999999997,0.10000000000000002,0.14999999999999997,1.1999999999999997,0.1875,0.6196513220388211,0.0,1.0,1.0,0.1875,0.6196513220388211,0.0,1.0,1.0,0.29893026440776427,0.29893026440776427,0.3587163172893171,0.3587163172893171,,0.99609375
148,0.4000000000000001,0.20000000000000004,0.14999999999999997,0.10000000000000002,0.14999999999999997,1.1999999999999997,0.09375,0.6566882939013658,0.0,0.953125,1.0,0.09375,0.6566882939013658,0.0,0.953125,1.0,0.26415015878027315,0.26415015878027315,0.31698019053632775,0.31698019053632775,,1.0
149,0.4000000000000001,0.20000000000000004,0.14999999999999997,0.10000000000000002,0.14999999999999997,1.1999999999999997,0.248046875,0.6628180119065867,0.0,1.0,1.0,0.248046875,0.6628180119065867,0.0,1.0,1.0,0.33178235238131737,0.33178235238131737,0.39813882285758084,0.39813882285758084,,1.0
147,0.4000000000000001,0.20000000000000004,0.14999999999999997,0.10000000000000002,0.14999999999999997,1.1999999999999997,0.3125,0.6810509383320059,0.0,1.0,1.0,0.3125,0.6810509383320059,0.0,1.0,1.0,0.36121018766640123,0.36121018766640123,0.4334522251996814,0.4334522251996814,,1.0
150,0.4000000000000001,0.20000000000000004,0.14999999999999997,0.10000000000000002,0.14999999999999997,1.1999999999999997,0.1875,0.5623973270304194,0.0,0.9270833333333333,1.0,0.1875,0.5623973270304194,0.0,0.9270833333333333,1.0,0.28018779873941724,0.28018779873941724,0.3362253584873006,0.3362253584873006,,1.0
148,0.4000000000000001,0.20000000000000004,0.14999999999999997,0.10000000000000002,0.14999999999999997,1.1999999999999997,0.09375,0.6550829706238979,0.0,0.953125,1.0,0.09375,0.6550829706238979,0.0,0.953125,1.0,0.2638290941247795,0.2638290941247795,0.3165949129497355,0.3165949129497355,,0.998046875
151,0.4000000000000001,0.20000000000000004,0.14999999999999997,0.10000000000000002,0.14999999999999997,1.1999999999999997,0.060546875,0.5922806739507548,0.0,1.0,1.0,0.060546875,0.5922806739507548,0.0,1.0,1.0,0.24267488479015095,0.24267488479015095,0.2912098617481811,0.2912098617481811,,1.0
149,0.4000000000000001,0.20000000000000004,0.14999999999999997,0.10000000000000002,0.14999999999999997,1.1999999999999997,0.25,0.6763488495932177,0.0,1.0,1.0,0.25,0.6763488495932177,0.0,1.0,1.0,0.33526976991864355,0.33526976991864355,0.40232372390237225,0.40232372390237225,,1.0
152,0.4000000000000001,0.20000000000000004,0.14999999999999997,0.10000000000000002,0.14999999999999997,1.1999999999999997,0.1953125,0.5809574233703385,0.0,1.0,1.0,0.1953125,0.5809574233703385,0.0,1.0,1.0,0.29431648467406774,0.29431648467406774,0.35317978160888125,0.35317978160888125,,1.0
150,0.4000000000000001,0.20000000000000004,0.14999999999999997,0.10000000000000002,0.14999999999999997,1.1999999999999997,0.1875,0.5885072359628565,0.0,0.9270833333333333,1.0,0.1875,0.5885072359628565,0.0,0.9270833333333333,1.0,0.28540978052590465,0.28540978052590465,0.34249173663108556,0.34249173663108556,,1.0
153,0.4000000000000001,0.20000000000000004,0.14999999999999997,0.10000000000000002,0.14999999999999997,1.1999999999999997,0.212890625,0.5627142899157701,0.0,1.0,1.0,0.212890625,0.5627142899157701,0.0,1.0,1.0,0.297699107983154,0.297699107983154,0.3572389295797848,0.3572389295797848,,1.0
154,0.4000000000000001,0.20000000000000004,0.14999999999999997,0.10000000000000002,0.14999999999999997,1.1999999999999997,0.287109375,0.6451023899024577,0.0,0.9694010416666667,1.0,0.287109375,0.6451023899024577,0.0,0.9694010416666667,1.0,0.3408043321471582,0.3408043321471582,0.40896519857658986,0.40896519857658986,,1.0
151,0.4000000000000001,0.20000000000000004,0.14999999999999997,0.10000000000000002,0.14999999999999997,1.1999999999999997,0.033203125,0.5874798709953203,0.0,1.0,1.0,0.033203125,0.5874798709953203,0.0,1.0,1.0,0.23077722419906405,0.23077722419906405,0.2769326690388769,0.2769326690388769,,0.994140625
155,0.4000000000000001,0.20000000000000004,0.14999999999999997,0.10000000000000002,0.14999999999999997,1.1999999999999997,0.125,0.5612614508622616,0.0,1.0,1.0,0.125,0.5612614508622616,0.0,1.0,1.0,0.2622522901724524,0.2622522901724524,0.31470274820694283,0.31470274820694283,,1.0
152,0.4000000000000001,0.20000000000000004,0.14999999999999997,0.10000000000000002,0.14999999999999997,1.1999999999999997,0.1875,0.565026111903189,0.0,1.0,1.0,0.1875,0.565026111903189,0.0,1.0,1.0,0.2880052223806378,0.2880052223806378,0.3456062668567653,0.3456062668567653,,1.0
156,0.4000000000000001,0.20000000000000004,0.14999999999999997,0.10000000000000002,0.14999999999999997,1.1999999999999997,0.1875,0.5814564159800997,0.0,0.939453125,1.0,0.1875,0.5814564159800997,0.0,0.939453125,1.0,0.28523659569601995,0.28523659569601995,0.3422839148352239,0.3422839148352239,,1.0
153,0.4000000000000001,0.20000000000000004,0.14999999999999997,0.10000000000000002,0.14999999999999997,1.1999999999999997,0.265625,0.6369408184601993,0.0,1.0,1.0,0.265625,0.6369408184601993,0.0,1.0,1.0,0.3336381636920399,0.3336381636920399,0.40036579643044784,0.40036579643044784,,1.0
157,0.4000000000000001,0.20000000000000004,0.14999999999999997,0.10000000000000002,0.14999999999999997,1.1999999999999997,0.21875,0.6161273820463133,0.0,0.97265625,1.0,0.21875,0.6161273820463133,0.0,0.97265625,1.0,0.30799110140926267,0.30799110140926267,0.3695893216911152,0.3695893216911152,,1.0
154,0.4000000000000001,0.20000000000000004,0.14999999999999997,0.10000000000000002,0.14999999999999997,1.1999999999999997,0.30859375,0.6611484336967742,0.0,0.9791666666666667,1.0,0.30859375,0.6611484336967742,0.0,0.9791666666666667,1.0,0.3535838534060216,0.3535838534060216,0.42430062408722585,0.42430062408722585,,1.0
158,0.4000000000000001,0.20000000000000004,0.14999999999999997,0.10000000000000002,0.14999999999999997,1.1999999999999997,0.095703125,0.5342120235337919,0.0,0.9752604166666666,1.0,0.095703125,0.5342120235337919,0.0,0.9752604166666666,1.0,0.24264969637342504,0.24264969637342504,0.29117963564811006,0.29117963564811006,,1.0
155,0.4000000000000001,0.20000000000000004,0.14999999999999997,0.10000000000000002,0.14999999999999997,1.1999999999999997,0.125,0.5934215219404961,0.0,1.0,1.0,0.125,0.5934215219404961,0.0,1.0,1.0,0.2686843043880993,0.2686843043880993,0.3224211652657191,0.3224211652657191,,1.0
159,0.4000000000000001,0.20000000000000004,0.14999999999999997,0.10000000000000002,0.14999999999999997,1.1999999999999997,0.25,0.5852903872144223,0.0,0.98828125,1.0,0.25,0.5852903872144223,0.0,0.98828125,1.0,0.31588620244288457,0.31588620244288457,0.3790634429314613,0.3790634429314613,,1.0
156,0.4000000000000001,0.20000000000000004,0.14999999999999997,0.10000000000000002,0.14999999999999997,1.1999999999999997,0.15625,0.5890417710214473,0.0,0.9375,1.0,0.15625,0.5890417710214473,0.0,0.9375,1.0,0.2740583542042895,0.2740583542042895,0.32887002504514734,0.32887002504514734,,0.994140625
157,0.4000000000000001,0.20000000000000004,0.14999999999999997,0.10000000000000002,0.14999999999999997,1.1999999999999997,0.21875,0.6652570852896054,0.0,0.982421875,1.0,0.21875,0.6652570852896054,0.0,0.982421875,1.0,0.3187936045579211,0.3187936045579211,0.38255232546950524,0.38255232546950524,,1.0
160,0.4000000000000001,0.20000000000000004,0.14999999999999997,0.10000000000000002,0.14999999999999997,1.1999999999999997,0.1875,0.6198394687878466,0.0,1.0,1.0,0.1875,0.6198394687878466,0.0,1.0,1.0,0.2989678937575694,0.2989678937575694,0.3587614725090832,0.3587614725090832,,1.0
158,0.4000000000000001,0.20000000000000004,0.14999999999999997,0.10000000000000002,0.14999999999999997,1.1999999999999997,0.095703125,0.5419691914583902,0.0,0.9713541666666667,1.0,0.095703125,0.5419691914583902,0.0,0.9713541666666667,1.0,0.24381050495834475,0.24381050495834475,0.29257260595001366,0.29257260595001366,,0.998046875
161,0.4000000000000001,0.20000000000000004,0.14999999999999997,0.10000000000000002,0.14999999999999997,1.1999999999999997,0.150390625,0.5094913524003426,0.0,1.0,1.0,0.150390625,0.5094913524003426,0.0,1.0,1.0,0.26205452048006855,0.26205452048006855,0.31446542457608223,0.31446542457608223,,0.998046875
159,0.4000000000000001,0.20000000000000004,0.14999999999999997,0.10000000000000002,0.14999999999999997,1.1999999999999997,0.25,0.6213168519055274,0.0,0.9853515625,1.0,0.25,0.6213168519055274,0.0,0.9853515625,1.0,0.32279852663110553,0.32279852663110553,0.38735823195732655,0.38735823195732655,,1.0
162,0.4000000000000001,0.20000000000000004,0.14999999999999997,0.10000000000000002,0.14999999999999997,1.1999999999999997,0.21875,0.6348874575741961,0.0,1.0,1.0,0.21875,0.6348874575741961,0.0,1.0,1.0,0.3144774915148393,0.3144774915148393,0.3773729898178071,0.3773729898178071,,1.0
160,0.4000000000000001,0.20000000000000004,0.14999999999999997,0.10000000000000002,0.14999999999999997,1.1999999999999997,0.2109375,0.6752192929871643,0.0,1.0,1.0,0.2109375,0.6752192929871643,0.0,1.0,1.0,0.3194188585974329,0.3194188585974329,0.3833026303169194,0.3833026303169194,,1.0
163,0.4000000000000001,0.20000000000000004,0.14999999999999997,0.10000000000000002,0.14999999999999997,1.1999999999999997,0.197265625,0.6354062453697878,0.0,0.9583333333333334,1.0,0.197265625,0.6354062453697878,0.0,0.9583333333333334,1.0,0.30182083240729096,0.30182083240729096,0.3621849988887491,0.3621849988887491,,1.0
164,0.4000000000000001,0.20000000000000004,0.14999999999999997,0.10000000000000002,0.14999999999999997,1.1999999999999997,0.1953125,0.6320676487570667,0.0,0.93359375,1.0,0.1953125,0.6320676487570667,0.0,0.93359375,1.0,0.29789790475141337,0.29789790475141337,0.357477485701696,0.357477485701696,,1.0
161,0.4000000000000001,0.20000000000000004,0.14999999999999997,0.10000000000000002,0.14999999999999997,1.1999999999999997,0.1328125,0.5259377346015666,0.0,1.0,1.0,0.1328125,0.5259377346015666,0.0,1.0,1.0,0.25831254692031336,0.25831254692031336,0.309975056304376,0.309975056304376,,1.0
165,0.4000000000000001,0.20000000000000004,0.14999999999999997,0.10000000000000002,0.14999999999999997,1.1999999999999997,0.279296875,0.6768314336608774,0.0,0.96875,1.0,0.279296875,0.6768314336608774,0.0,0.96875,1.0,0.3439600367321755,0.3439600367321755,0.41275204407861055,0.41275204407861055,,1.0
166,0.4000000000000001,0.20000000000000004,0.14999999999999997,0.10000000000000002,0.14999999999999997,1.1999999999999997,0.15625,0.5841029880779177,0.0,0.9466145833333333,1.0,0.15625,0.5841029880779177,0.0,0.9466145833333333,1.0,0.2739820559489169,0.2739820559489169,0.3287784671387003,0.3287784671387003,,1.0
162,0.4000000000000001,0.20000000000000004,0.14999999999999997,0.10000000000000002,0.14999999999999997,1.1999999999999997,0.21875,0.6236998380134378,0.0,1.0,1.0,0.21875,0.6236998380134378,0.0,1.0,1.0,0.31223996760268763,0.31223996760268763,0.3746879611232251,0.3746879611232251,,0.998046875
167,0.4000000000000001,0.20000000000000004,0.14999999999999997,0.10000000000000002,0.14999999999999997,1.1999999999999997,0.146484375,0.5777288749153138,0.0,0.9375,1.0,0.146484375,0.5777288749153138,0.0,0.9375,1.0,0.2678895249830628,0.2678895249830628,0.3214674299796753,0.3214674299796753,,1.0
163,0.4000000000000001,0.20000000000000004,0.14999999999999997,0.10000000000000002,0.14999999999999997,1.1999999999999997,0.21875,0.6357558038065619,0.0,0.9479166666666667,1.0,0.21875,0.6357558038065619,0.0,0.9479166666666667,1.0,0.30944282742797913,0.30944282742797913,0.37133139291357486,0.37133139291357486,,1.0
168,0.4000000000000001,0.20000000000000004,0.14999999999999997,0.10000000000000002,0.14999999999999997,1.1999999999999997,0.337890625,0.7000386701668981,0.0,0.9375,1.0,0.337890625,0.7000386701668981,0.0,0.9375,1.0,0.3689139840333796,0.3689139840333796,0.4426967808400555,0.4426967808400555,,1.0
164,0.4000000000000001,0.20000000000000004,0.14999999999999997,0.10000000000000002,0.14999999999999997,1.1999999999999997,0.1875,0.631948073226936,0.0,0.9375,1.0,0.1875,0.631948073226936,0.0,0.9375,1.0,0.29513961464538724,0.29513961464538724,0.3541675375744646,0.3541675375744646,,1.0
169,0.4000000000000001,0.20000000000000004,0.14999999999999997,0.10000000000000002,0.14999999999999997,1.1999999999999997,0.1875,0.5954530702969197,0.0,0.9375,1.0,0.1875,0.5954530702969197,0.0,0.9375,1.0,0.287840614059384,0.287840614059384,0.3454087368712607,0.3454087368712607,,1.0
165,0.4000000000000001,0.20000000000000004,0.14999999999999997,0.10000000000000002,0.14999999999999997,1.1999999999999997,0.28125,0.6832313776623733,0.0,0.96875,1.0,0.28125,0.6832313776623733,0.0,0.96875,1.0,0.3460212755324747,0.3460212755324747,0.4152255306389696,0.4152255306389696,,0.99609375
170,0.4000000000000001,0.20000000000000004,0.14999999999999997,0.10000000000000002,0.14999999999999997,1.1999999999999997,0.228515625,0.6203610083534945,0.0,0.9375,1.0,0.228515625,0.6203610083534945,0.0,0.9375,1.0,0.3092284516706989,0.3092284516706989,0.3710741420048387,0.3710741420048387,,1.0
166,0.4000000000000001,0.20000000000000004,0.14999999999999997,0.10000000000000002,0.14999999999999997,1.1999999999999997,0.15625,0.5942253801037533,0.0,0.9485677083333334,1.0,0.15625,0.5942253801037533,0.0,0.9485677083333334,1.0,0.27620184685408405,0.27620184685408405,0.33144221622490083,0.33144221622490083,,1.0
167,0.4000000000000001,0.20000000000000004,0.14999999999999997,0.10000000000000002,0.14999999999999997,1.1999999999999997,0.185546875,0.6000308059867948,0.0,0.955078125,1.0,0.185546875,0.6000308059867948,0.0,0.955078125,1.0,0.28973272369735903,0.28973272369735903,0.3476792684368308,0.3476792684368308,,1.0
171,0.4000000000000001,0.20000000000000004,0.14999999999999997,0.10000000000000002,0.14999999999999997,1.1999999999999997,0.15625,0.5769133094509433,0.0,0.96875,1.0,0.15625,0.5769133094509433,0.0,0.96875,1.0,0.27475766189018863,0.27475766189018863,0.3297091942682264,0.3297091942682264,,0.974609375
168,0.4000000000000001,0.20000000000000004,0.14999999999999997,0.10000000000000002,0.14999999999999997,1.1999999999999997,0.33984375,0.6982327849736132,0.0,0.9375,1.0,0.33984375,0.6982327849736132,0.0,0.9375,1.0,0.36933405699472266,0.36933405699472266,0.4432008683936671,0.4432008683936671,,1.0
172,0.4000000000000001,0.20000000000000004,0.14999999999999997,0.10000000000000002,0.14999999999999997,1.1999999999999997,0.236328125,0.6596170318276775,0.0,1.0,1.0,0.236328125,0.6596170318276775,0.0,1.0,1.0,0.3264546563655355,0.3264546563655355,0.39174558763864264,0.39174558763864264,,1.0
169,0.4000000000000001,0.20000000000000004,0.14999999999999997,0.10000000000000002,0.14999999999999997,1.1999999999999997,0.15625,0.5697961993839704,0.0,0.9375,1.0,0.15625,0.5697961993839704,0.0,0.9375,1.0,0.2702092398767941,0.2702092398767941,0.32425108785215295,0.32425108785215295,,1.0
173,0.4000000000000001,0.20000000000000004,0.14999999999999997,0.10000000000000002,0.14999999999999997,1.1999999999999997,0.2109375,0.6166885238247092,0.0,1.0,1.0,0.2109375,0.6166885238247092,0.0,1.0,1.0,0.30771270476494184,0.30771270476494184,0.3692552457179302,0.3692552457179302,,0.998046875
170,0.4000000000000001,0.20000000000000004,0.14999999999999997,0.10000000000000002,0.14999999999999997,1.1999999999999997,0.21875,0.6138804934067881,0.0,0.96875,1.0,0.21875,0.6138804934067881,0.0,0.96875,1.0,0.30715109868135765,0.30715109868135765,0.36858131841762914,0.36858131841762914,,1.0
174,0.4000000000000001,0.20000000000000004,0.14999999999999997,0.10000000000000002,0.14999999999999997,1.1999999999999997,0.322265625,0.7520322050609209,0.0,1.0,1.0,0.322265625,0.7520322050609209,0.0,1.0,1.0,0.37931269101218423,0.37931269101218423,0.45517522921462106,0.45517522921462106,,0.994140625
171,0.4000000000000001,0.20000000000000004,0.14999999999999997,0.10000000000000002,0.14999999999999997,1.1999999999999997,0.15625,0.597134304152164,0.0,0.96875,1.0,0.15625,0.597134304152164,0.0,0.96875,1.0,0.2788018608304328,0.2788018608304328,0.3345622329965193,0.3345622329965193,,0.990234375
175,0.4000000000000001,0.20000000000000004,0.14999999999999997,0.10000000000000002,0.14999999999999997,1.1999999999999997,0.169921875,0.5911451721450405,0.0,0.9375,1.0,0.169921875,0.5911451721450405,0.0,0.9375,1.0,0.27994778442900814,0.27994778442900814,0.3359373413148098,0.3359373413148098,,0.998046875
176,0.4000000000000001,0.20000000000000004,0.14999999999999997,0.10000000000000002,0.14999999999999997,1.1999999999999997,0.205078125,0.5505960127159654,0.0,0.92578125,1.0,0.205078125,0.5505960127159654,0.0,0.92578125,1.0,0.28472857754319314,0.28472857754319314,0.34167429305183167,0.34167429305183167,,1.0
172,0.4000000000000001,0.20000000000000004,0.14999999999999997,0.10000000000000002,0.14999999999999997,1.1999999999999997,0.22265625,0.649011737991318,0.0,1.0,1.0,0.22265625,0.649011737991318,0.0,1.0,1.0,0.3188648475982636,0.3188648475982636,0.38263781711791633,0.38263781711791633,,0.998046875
173,0.4000000000000001,0.20000000000000004,0.14999999999999997,0.10000000000000002,0.14999999999999997,1.1999999999999997,0.2109375,0.631674522833513,0.0,1.0,1.0,0.2109375,0.631674522833513,0.0,1.0,1.0,0.31070990456670267,0.31070990456670267,0.3728518854800431,0.3728518854800431,,1.0
177,0.4000000000000001,0.20000000000000004,0.14999999999999997,0.10000000000000002,0.14999999999999997,1.1999999999999997,0.177734375,0.6151183419023883,0.0,0.9742838541666666,1.0,0.177734375,0.6151183419023883,0.0,0.9742838541666666,1.0,0.2915458037971444,0.2915458037971444,0.34985496455657317,0.34985496455657317,,1.0
174,0.4000000000000001,0.20000000000000004,0.14999999999999997,0.10000000000000002,0.14999999999999997,1.1999999999999997,0.3125,0.751440208774868,0.0,1.0,1.0,0.3125,0.751440208774868,0.0,1.0,1.0,0.37528804175497366,0.37528804175497366,0.45034565010596833,0.45034565010596833,,1.0
178,0.4000000000000001,0.20000000000000004,0.14999999999999997,0.10000000000000002,0.14999999999999997,1.1999999999999997,0.21875,0.6439176938396083,0.0,1.0,1.0,0.21875,0.6439176938396083,0.0,1.0,1.0,0.3162835387679217,0.3162835387679217,0.379540246521506,0.379540246521506,,1.0
175,0.4000000000000001,0.20000000000000004,0.14999999999999997,0.10000000000000002,0.14999999999999997,1.1999999999999997,0.1484375,0.6111197204669272,0.0,0.9375,1.0,0.1484375,0.6111197204669272,0.0,0.9375,1.0,0.27534894409338545,0.27534894409338545,0.33041873291206253,0.33041873291206253,,1.0
176,0.4000000000000001,0.20000000000000004,0.14999999999999997,0.10000000000000002,0.14999999999999997,1.1999999999999997,0.1875,0.5746230840003502,0.0,0.921875,1.0,0.1875,0.5746230840003502,0.0,0.921875,1.0,0.2821121168000701,0.2821121168000701,0.3385345401600841,0.3385345401600841,,1.0
179,0.4000000000000001,0.20000000000000004,0.14999999999999997,0.10000000000000002,0.14999999999999997,1.1999999999999997,0.21875,0.5770556048358072,0.0,1.0,1.0,0.21875,0.5770556048358072,0.0,1.0,1.0,0.30291112096716144,0.30291112096716144,0.3634933451605938,0.3634933451605938,,0.994140625
177,0.4000000000000001,0.20000000000000004,0.14999999999999997,0.10000000000000002,0.14999999999999997,1.1999999999999997,0.193359375,0.6173126124844566,0.0,0.9742838541666666,1.0,0.193359375,0.6173126124844566,0.0,0.9742838541666666,1.0,0.298234657913558,0.298234657913558,0.3578815894962696,0.3578815894962696,,1.0
178,0.4000000000000001,0.20000000000000004,0.14999999999999997,0.10000000000000002,0.14999999999999997,1.1999999999999997,0.21875,0.6336526053233226,0.0,1.0,1.0,0.21875,0.6336526053233226,0.0,1.0,1.0,0.3142305210646646,0.3142305210646646,0.3770766252775974,0.3770766252775974,,1.0
180,0.4000000000000001,0.20000000000000004,0.14999999999999997,0.10000000000000002,0.14999999999999997,1.1999999999999997,0.138671875,0.5712557241154671,0.0,0.96875,1.0,0.138671875,0.5712557241154671,0.0,0.96875,1.0,0.2665948948230935,0.2665948948230935,0.3199138737877121,0.3199138737877121,,0.98828125
179,0.4000000000000001,0.20000000000000004,0.14999999999999997,0.10000000000000002,0.14999999999999997,1.1999999999999997,0.21875,0.5874817657611395,0.0,1.0,1.0,0.21875,0.5874817657611395,0.0,1.0,1.0,0.30499635315222795,0.30499635315222795,0.36599562378267353,0.36599562378267353,,0.990234375
181,0.4000000000000001,0.20000000000000004,0.14999999999999997,0.10000000000000002,0.14999999999999997,1.1999999999999997,0.09375,0.5471996563898237,0.0,0.96875,1.0,0.09375,0.5471996563898237,0.0,0.96875,1.0,0.24381493127796477,0.24381493127796477,0.29257791753355766,0.29257791753355766,,0.962890625
182,0.4000000000000001,0.20000000000000004,0.14999999999999997,0.10000000000000002,0.14999999999999997,1.1999999999999997,0.1875,0.6022830690527157,0.0,0.9453125,1.0,0.1875,0.6022830690527157,0.0,0.9453125,1.0,0.28998786381054314,0.28998786381054314,0.3479854365726518,0.3479854365726518,,1.0
180,0.4000000000000001,0.20000000000000004,0.14999999999999997,0.10000000000000002,0.14999999999999997,1.1999999999999997,0.130859375,0.5797912077140213,0.0,0.96875,1.0,0.130859375,0.5797912077140213,0.0,0.96875,1.0,0.2651769915428043,0.2651769915428043,0.318212389851365,0.318212389851365,,1.0
183,0.4000000000000001,0.20000000000000004,0.14999999999999997,0.10000000000000002,0.14999999999999997,1.1999999999999997,0.21875,0.6147350398882405,0.0,0.9348958333333334,1.0,0.21875,0.6147350398882405,0.0,0.9348958333333334,1.0,0.30393659131098144,0.30393659131098144,0.36472390957317774,0.36472390957317774,,0.99609375
181,0.4000000000000001,0.20000000000000004,0.14999999999999997,0.10000000000000002,0.14999999999999997,1.1999999999999997,0.09375,0.5500293644239682,0.0,0.96875,1.0,0.09375,0.5500293644239682,0.0,0.96875,1.0,0.24438087288479365,0.24438087288479365,0.2932570474617524,0.2932570474617524,,0.978515625
184,0.4000000000000001,0.20000000000000004,0.14999999999999997,0.10000000000000002,0.14999999999999997,1.1999999999999997,0.279296875,0.6937122950586574,0.0,0.96875,1.0,0.279296875,0.6937122950586574,0.0,0.96875,1.0,0.34733620901173157,0.34733620901173157,0.41680345081407777,0.41680345081407777,,1.0
182,0.4000000000000001,0.20000000000000004,0.14999999999999997,0.10000000000000002,0.14999999999999997,1.1999999999999997,0.18359375,0.6171395138779179,0.0,0.94140625,1.0,0.18359375,0.6171395138779179,0.0,0.94140625,1.0,0.2910060277755836,0.2910060277755836,0.34920723333070025,0.34920723333070025,,1.0
183,0.4000000000000001,0.20000000000000004,0.14999999999999997,0.10000000000000002,0.14999999999999997,1.1999999999999997,0.22265625,0.6140713006560458,0.0,0.943359375,1.0,0.22265625,0.6140713006560458,0.0,0.943359375,1.0,0.3062126976312092,0.3062126976312092,0.36745523715745093,0.36745523715745093,,1.0
185,0.4000000000000001,0.20000000000000004,0.14999999999999997,0.10000000000000002,0.14999999999999997,1.1999999999999997,0.25,0.6816119559575322,0.0,0.9580078125,1.0,0.25,0.6816119559575322,0.0,0.9580078125,1.0,0.33212317244150646,0.33212317244150646,0.39854780692980774,0.39854780692980774,,0.994140625
184,0.4000000000000001,0.20000000000000004,0.14999999999999997,0.10000000000000002,0.14999999999999997,1.1999999999999997,0.28125,0.6854649986025334,0.0,0.96875,1.0,0.28125,0.6854649986025334,0.0,0.96875,1.0,0.34646799972050674,0.34646799972050674,0.41576159966460796,0.41576159966460796,,1.0
186,0.4000000000000001,0.20000000000000004,0.14999999999999997,0.10000000000000002,0.14999999999999997,1.1999999999999997,0.1875,0.6538510491147415,0.0,0.96875,1.0,0.1875,0.6538510491147415,0.0,0.96875,1.0,0.30264520982294835,0.30264520982294835,0.3631742517875379,0.3631742517875379,,0.986328125
185,0.4000000000000001,0.20000000000000004,0.14999999999999997,0.10000000000000002,0.14999999999999997,1.1999999999999997,0.25,0.6799782484579638,0.0,0.96875,1.0,0.25,0.6799782484579638,0.0,0.96875,1.0,0.3328706496915928,0.3328706496915928,0.3994447796299113,0.3994447796299113,,0.998046875
187,0.4000000000000001,0.20000000000000004,0.14999999999999997,0.10000000000000002,0.14999999999999997,1.1999999999999997,0.279296875,0.6241889217234322,0.0,1.0,1.0,0.279296875,0.6241889217234322,0.0,1.0,1.0,0.33655653434468646,0.33655653434468646,0.40386784121362374,0.40386784121362374,,0.986328125
186,0.4000000000000001,0.20000000000000004,0.14999999999999997,0.10000000000000002,0.14999999999999997,1.1999999999999997,0.1875,0.648744063782482,0.0,0.96875,1.0,0.1875,0.648744063782482,0.0,0.96875,1.0,0.3016238127564964,0.3016238127564964,0.3619485753077957,0.3619485753077957,,0.994140625
188,0.4000000000000001,0.20000000000000004,0.14999999999999997,0.10000000000000002,0.14999999999999997,1.1999999999999997,0.1875,0.6297162656502715,0.0,0.96875,1.0,0.1875,0.6297162656502715,0.0,0.96875,1.0,0.2978182531300543,0.2978182531300543,0.35738190375606516,0.35738190375606516,,0.998046875
187,0.4000000000000001,0.20000000000000004,0.14999999999999997,0.10000000000000002,0.14999999999999997,1.1999999999999997,0.2421875,0.5905443282537243,0.0,1.0,1.0,0.2421875,0.5905443282537243,0.0,1.0,1.0,0.3149838656507449,0.3149838656507449,0.37798063878089383,0.37798063878089383,,1.0
189,0.4000000000000001,0.20000000000000004,0.14999999999999997,0.10000000000000002,0.14999999999999997,1.1999999999999997,0.125,0.5612465673418712,0.0,0.9635416666666667,1.0,0.125,0.5612465673418712,0.0,0.9635416666666667,1.0,0.25860348013504086,0.25860348013504086,0.31032417616204905,0.31032417616204905,,0.994140625
188,0.4000000000000001,0.20000000000000004,0.14999999999999997,0.10000000000000002,0.14999999999999997,1.1999999999999997,0.1875,0.6036347694633741,0.0,0.96875,1.0,0.1875,0.6036347694633741,0.0,0.96875,1.0,0.29260195389267485,0.29260195389267485,0.3511223446712098,0.3511223446712098,,1.0
189,0.4000000000000001,0.20000000000000004,0.14999999999999997,0.10000000000000002,0.14999999999999997,1.1999999999999997,0.130859375,0.5612727973175068,0.0,0.9635416666666667,1.0,0.130859375,0.5612727973175068,0.0,0.9635416666666667,1.0,0.26095247613016803,0.26095247613016803,0.3131429713562016,0.3131429713562016,,1.0
190,0.4000000000000001,0.20000000000000004,0.14999999999999997,0.10000000000000002,0.14999999999999997,1.1999999999999997,0.185546875,0.616320741241078,0.0,0.96875,1.0,0.185546875,0.616320741241078,0.0,0.96875,1.0,0.2943578982482157,0.2943578982482157,0.35322947789785875,0.35322947789785875,,1.0
190,0.4000000000000001,0.20000000000000004,0.14999999999999997,0.10000000000000002,0.14999999999999997,1.1999999999999997,0.1640625,0.6079433943692919,0.0,0.96875,1.0,0.1640625,0.6079433943692919,0.0,0.96875,1.0,0.28408867887385836,0.28408867887385836,0.34090641464863003,0.34090641464863003,,0.9921875
191,0.4000000000000001,0.20000000000000004,0.14999999999999997,0.10000000000000002,0.14999999999999997,1.1999999999999997,0.09375,0.5391872274171933,0.0,0.875,1.0,0.09375,0.5391872274171933,0.0,0.875,1.0,0.23283744548343868,0.23283744548343868,0.2794049345801264,0.2794049345801264,,0.99609375
191,0.4000000000000001,0.20000000000000004,0.14999999999999997,0.10000000000000002,0.14999999999999997,1.1999999999999997,0.09375,0.5305504684153421,0.0,0.87109375,1.0,0.09375,0.5305504684153421,0.0,0.87109375,1.0,0.23071946868306847,0.23071946868306847,0.2768633624196821,0.2768633624196821,,0.99609375
192,0.4000000000000001,0.20000000000000004,0.14999999999999997,0.10000000000000002,0.14999999999999997,1.1999999999999997,0.1875,0.6197144769373897,0.0,0.9375,1.0,0.1875,0.6197144769373897,0.0,0.9375,1.0,0.292692895387478,0.292692895387478,0.3512314744649736,0.3512314744649736,,1.0
193,0.4000000000000001,0.20000000000000004,0.14999999999999997,0.10000000000000002,0.14999999999999997,1.1999999999999997,0.216796875,0.6217709882991385,0.0,0.9375,1.0,0.216796875,0.6217709882991385,0.0,0.9375,1.0,0.30482294765982776,0.30482294765982776,0.36578753719179324,0.36578753719179324,,1.0
192,0.4000000000000001,0.20000000000000004,0.14999999999999997,0.10000000000000002,0.14999999999999997,1.1999999999999997,0.1640625,0.5831720105842003,0.0,0.9375,1.0,0.1640625,0.5831720105842003,0.0,0.9375,1.0,0.2760094021168401,0.2760094021168401,0.33121128254020815,0.33121128254020815,,0.9921875
194,0.4000000000000001,0.20000000000000004,0.14999999999999997,0.10000000000000002,0.14999999999999997,1.1999999999999997,0.25,0.6443161488694049,0.0,0.9166666666666667,1.0,0.25,0.6443161488694049,0.0,0.9166666666666667,1.0,0.3205298964405477,0.3205298964405477,0.38463587572865715,0.38463587572865715,,1.0
193,0.4000000000000001,0.20000000000000004,0.14999999999999997,0.10000000000000002,0.14999999999999997,1.1999999999999997,0.2109375,0.5976156042677077,0.0,0.9375,1.0,0.2109375,0.5976156042677077,0.0,0.9375,1.0,0.2976481208535416,0.2976481208535416,0.35717774502424987,0.35717774502424987,,0.994140625
195,0.4000000000000001,0.20000000000000004,0.14999999999999997,0.10000000000000002,0.14999999999999997,1.1999999999999997,0.25,0.6323972612861857,0.0,0.96875,1.0,0.25,0.6323972612861857,0.0,0.96875,1.0,0.32335445225723713,0.32335445225723713,0.3880253427086846,0.3880253427086846,,1.0
194,0.4000000000000001,0.20000000000000004,0.14999999999999997,0.10000000000000002,0.14999999999999997,1.1999999999999997,0.21875,0.642735183493568,0.0,0.9166666666666667,1.0,0.21875,0.642735183493568,0.0,0.9166666666666667,1.0,0.3077137033653803,0.3077137033653803,0.36925644403845626,0.36925644403845626,,0.99609375
196,0.4000000000000001,0.20000000000000004,0.14999999999999997,0.10000000000000002,0.14999999999999997,1.1999999999999997,0.18359375,0.5788770457815124,0.0,0.9951171875,1.0,0.18359375,0.5788770457815124,0.0,0.9951171875,1.0,0.2887246279063025,0.2887246279063025,0.346469553487563,0.346469553487563,,1.0
195,0.4000000000000001,0.20000000000000004,0.14999999999999997,0.10000000000000002,0.14999999999999997,1.1999999999999997,0.220703125,0.6279114679447666,0.0,0.96875,1.0,0.220703125,0.6279114679447666,0.0,0.96875,1.0,0.31073854358895336,0.31073854358895336,0.372886252306744,0.372886252306744,,1.0
197,0.4000000000000001,0.20000000000000004,0.14999999999999997,0.10000000000000002,0.14999999999999997,1.1999999999999997,0.30859375,0.6109019313528984,0.0,0.912109375,1.0,0.30859375,0.6109019313528984,0.0,0.912109375,1.0,0.3368288237705797,0.3368288237705797,0.40419458852469564,0.40419458852469564,,1.0
196,0.4000000000000001,0.20000000000000004,0.14999999999999997,0.10000000000000002,0.14999999999999997,1.1999999999999997,0.15625,0.5304228710053649,0.0,0.9853515625,1.0,0.15625,0.5304228710053649,0.0,0.9853515625,1.0,0.267119730451073,0.267119730451073,0.32054367654128757,0.32054367654128757,,1.0
198,0.4000000000000001,0.20000000000000004,0.14999999999999997,0.10000000000000002,0.14999999999999997,1.1999999999999997,0.21484375,0.6480880202313855,0.0,1.0,1.0,0.21484375,0.6480880202313855,0.0,1.0,1.0,0.31555510404627707,0.31555510404627707,0.3786661248555325,0.3786661248555325,,0.998046875
197,0.4000000000000001,0.20000000000000004,0.14999999999999997,0.10000000000000002,0.14999999999999997,1.1999999999999997,0.263671875,0.5860911295824965,0.0,0.919921875,1.0,0.263671875,0.5860911295824965,0.0,0.919921875,1.0,0.3146791634164994,0.3146791634164994,0.37761499609979915,0.37761499609979915,,0.998046875
199,0.4000000000000001,0.20000000000000004,0.14999999999999997,0.10000000000000002,0.14999999999999997,1.1999999999999997,0.1875,0.6188284695738875,0.0,0.9921875,1.0,0.1875,0.6188284695738875,0.0,0.9921875,1.0,0.2979844439147775,0.2979844439147775,0.35758133269773307,0.35758133269773307,,0.998046875
198,0.4000000000000001,0.20000000000000004,0.14999999999999997,0.10000000000000002,0.14999999999999997,1.1999999999999997,0.2265625,0.651782484714819,0.0,1.0,1.0,0.2265625,0.651782484714819,0.0,1.0,1.0,0.32098149694296385,0.32098149694296385,0.3851777963315566,0.3851777963315566,,1.0
200,0.4000000000000001,0.20000000000000004,0.14999999999999997,0.10000000000000002,0.14999999999999997,1.1999999999999997,0.1875,0.6660664162219372,0.0,0.9287109375,1.0,0.1875,0.6660664162219372,0.0,0.9287109375,1.0,0.3010843769943874,0.3010843769943874,0.36130125239326494,0.36130125239326494,,0.998046875
199,0.4000000000000001,0.20000000000000004,0.14999999999999997,0.10000000000000002,0.14999999999999997,1.1999999999999997,0.1875,0.6295113247193879,0.0,1.0,1.0,0.1875,0.6295113247193879,0.0,1.0,1.0,0.3009022649438776,0.3009022649438776,0.3610827179326531,0.3610827179326531,,1.0
201,0.4000000000000001,0.20000000000000004,0.14999999999999997,0.10000000000000002,0.14999999999999997,1.1999999999999997,0.21875,0.6448675402716182,0.0,0.986328125,1.0,0.21875,0.6448675402716182,0.0,0.986328125,1.0,0.31510632055432364,0.31510632055432364,0.37812758466518837,0.37812758466518837,,1.0
202,0.4000000000000001,0.20000000000000004,0.14999999999999997,0.10000000000000002,0.14999999999999997,1.1999999999999997,0.25,0.5983390302987986,0.0,0.921875,1.0,0.25,0.5983390302987986,0.0,0.921875,1.0,0.3118553060597598,0.3118553060597598,0.37422636727171166,0.37422636727171166,,1.0
200,0.4000000000000001,0.20000000000000004,0.14999999999999997,0.10000000000000002,0.14999999999999997,1.1999999999999997,0.1875,0.6804381363641248,0.0,0.9306640625,1.0,0.1875,0.6804381363641248,0.0,0.9306640625,1.0,0.30415403352282494,0.30415403352282494,0.36498484022738986,0.36498484022738986,,1.0
201,0.4000000000000001,0.20000000000000004,0.14999999999999997,0.10000000000000002,0.14999999999999997,1.1999999999999997,0.1875,0.6291286219663081,0.0,0.97265625,1.0,0.1875,0.6291286219663081,0.0,0.97265625,1.0,0.29809134939326165,0.29809134939326165,0.3577096192719139,0.3577096192719139,,0.99609375
203,0.4000000000000001,0.20000000000000004,0.14999999999999997,0.10000000000000002,0.14999999999999997,1.1999999999999997,0.373046875,0.6881396051595708,0.0,1.0,1.0,0.373046875,0.6881396051595708,0.0,1.0,1.0,0.3868466710319143,0.3868466710319143,0.46421600523829704,0.46421600523829704,,0.998046875
202,0.4000000000000001,0.20000000000000004,0.14999999999999997,0.10000000000000002,0.14999999999999997,1.1999999999999997,0.25,0.5841133231163913,0.0,0.921875,1.0,0.25,0.5841133231163913,0.0,0.921875,1.0,0.3090101646232783,0.3090101646232783,0.37081219754793393,0.37081219754793393,,1.0
204,0.4000000000000001,0.20000000000000004,0.14999999999999997,0.10000000000000002,0.14999999999999997,1.1999999999999997,0.158203125,0.5293765379727504,0.0,0.9521484375,1.0,0.158203125,0.5293765379727504,0.0,0.9521484375,1.0,0.2643714013445501,0.2643714013445501,0.3172456816134601,0.3172456816134601,,1.0
205,0.4000000000000001,0.20000000000000004,0.14999999999999997,0.10000000000000002,0.14999999999999997,1.1999999999999997,0.09375,0.5947272231157543,0.0,0.9720052083333334,1.0,0.09375,0.5947272231157543,0.0,0.9720052083333334,1.0,0.2536459654564842,0.2536459654564842,0.3043751585477811,0.3043751585477811,,1.0
203,0.4000000000000001,0.20000000000000004,0.14999999999999997,0.10000000000000002,0.14999999999999997,1.1999999999999997,0.3125,0.6864866346473624,0.0,1.0,1.0,0.3125,0.6864866346473624,0.0,1.0,1.0,0.3622973269294725,0.3622973269294725,0.43475679231536696,0.43475679231536696,,0.998046875
206,0.4000000000000001,0.20000000000000004,0.14999999999999997,0.10000000000000002,0.14999999999999997,1.1999999999999997,0.2109375,0.6362049165016024,0.0,1.0,1.0,0.2109375,0.6362049165016024,0.0,1.0,1.0,0.3116159833003205,0.3116159833003205,0.3739391799603846,0.3739391799603846,,1.0
204,0.4000000000000001,0.20000000000000004,0.14999999999999997,0.10000000000000002,0.14999999999999997,1.1999999999999997,0.15625,0.5585861601437321,0.0,0.939453125,1.0,0.15625,0.5585861601437321,0.0,0.939453125,1.0,0.26816254452874644,0.26816254452874644,0.3217950534344957,0.3217950534344957,,0.998046875
205,0.4000000000000001,0.20000000000000004,0.14999999999999997,0.10000000000000002,0.14999999999999997,1.1999999999999997,0.111328125,0.6326466794089638,0.0,0.9720052083333334,1.0,0.111328125,0.6326466794089638,0.0,0.9720052083333334,1.0,0.26826110671512615,0.26826110671512615,0.3219133280581513,0.3219133280581513,,1.0
207,0.4000000000000001,0.20000000000000004,0.14999999999999997,0.10000000000000002,0.14999999999999997,1.1999999999999997,0.09375,0.4844015109418678,0.0,1.0,1.0,0.09375,0.4844015109418678,0.0,1.0,1.0,0.23438030218837358,0.23438030218837358,0.2812563626260483,0.2812563626260483,,1.0
208,0.4000000000000001,0.20000000000000004,0.14999999999999997,0.10000000000000002,0.14999999999999997,1.1999999999999997,0.166015625,0.6173407649121592,0.0,1.0,1.0,0.166015625,0.6173407649121592,0.0,1.0,1.0,0.2898744029824319,0.2898744029824319,0.3478492835789182,0.3478492835789182,,1.0
206,0.4000000000000001,0.20000000000000004,0.14999999999999997,0.10000000000000002,0.14999999999999997,1.1999999999999997,0.21875,0.6469785379336275,0.0,1.0,1.0,0.21875,0.6469785379336275,0.0,1.0,1.0,0.3168957075867256,0.3168957075867256,0.3802748491040706,0.3802748491040706,,0.994140625
209,0.4000000000000001,0.20000000000000004,0.14999999999999997,0.10000000000000002,0.14999999999999997,1.1999999999999997,0.15625,0.6004628361883946,0.0,0.9166666666666667,1.0,0.15625,0.6004628361883946,0.0,0.9166666666666667,1.0,0.2742592339043456,0.2742592339043456,0.32911108068521466,0.32911108068521466,,1.0
207,0.4000000000000001,0.20000000000000004,0.14999999999999997,0.10000000000000002,0.14999999999999997,1.1999999999999997,0.091796875,0.5247356547064821,0.0,1.0,1.0,0.091796875,0.5247356547064821,0.0,1.0,1.0,0.24166588094129648,0.24166588094129648,0.2899990571295557,0.2899990571295557,,1.0
210,0.4000000000000001,0.20000000000000004,0.14999999999999997,0.10000000000000002,0.14999999999999997,1.1999999999999997,0.15625,0.6764227936497889,0.0,0.953125,1.0,0.15625,0.6764227936497889,0.0,0.953125,1.0,0.2930970587299578,0.2930970587299578,0.35171647047594934,0.35171647047594934,,1.0
208,0.4000000000000001,0.20000000000000004,0.14999999999999997,0.10000000000000002,0.14999999999999997,1.1999999999999997,0.15625,0.5900212206570086,0.0,1.0,1.0,0.15625,0.5900212206570086,0.0,1.0,1.0,0.28050424413140174,0.28050424413140174,0.3366050929576821,0.3366050929576821,,1.0
211,0.4000000000000001,0.20000000000000004,0.14999999999999997,0.10000000000000002,0.14999999999999997,1.1999999999999997,0.14453125,0.6044354507765552,0.0,0.96875,1.0,0.14453125,0.6044354507765552,0.0,0.96875,1.0,0.27557459015531105,0.27557459015531105,0.3306895081863732,0.3306895081863732,,1.0
209,0.4000000000000001,0.20000000000000004,0.14999999999999997,0.10000000000000002,0.14999999999999997,1.1999999999999997,0.158203125,0.6231576508720087,0.0,0.9166666666666667,1.0,0.158203125,0.6231576508720087,0.0,0.9166666666666667,1.0,0.2795794468410684,0.2795794468410684,0.33549533620928207,0.33549533620928207,,1.0
212,0.4000000000000001,0.20000000000000004,0.14999999999999997,0.10000000000000002,0.14999999999999997,1.1999999999999997,0.15625,0.5576048658267987,0.0,0.9140625,1.0,0.15625,0.5576048658267987,0.0,0.9140625,1.0,0.2654272231653598,0.2654272231653598,0.31851266779843174,0.31851266779843174,,0.998046875
210,0.4000000000000001,0.20000000000000004,0.14999999999999997,0.10000000000000002,0.14999999999999997,1.1999999999999997,0.15625,0.6636658823006896,0.0,0.96484375,1.0,0.15625,0.6636658823006896,0.0,0.96484375,1.0,0.29171755146013795,0.29171755146013795,0.35006106175216556,0.35006106175216556,,0.998046875
211,0.4000000000000001,0.20000000000000004,0.14999999999999997,0.10000000000000002,0.14999999999999997,1.1999999999999997,0.134765625,0.6106005603684093,0.0,0.96875,1.0,0.134765625,0.6106005603684093,0.0,0.96875,1.0,0.2729013620736819,0.2729013620736819,0.3274816344884182,0.3274816344884182,,0.99609375
213,0.4000000000000001,0.20000000000000004,0.14999999999999997,0.10000000000000002,0.14999999999999997,1.1999999999999997,0.15625,0.6482277307920712,0.0,0.935546875,1.0,0.15625,0.6482277307920712,0.0,0.935546875,1.0,0.28570023365841424,0.28570023365841424,0.34284028039009706,0.34284028039009706,,1.0
212,0.4000000000000001,0.20000000000000004,0.14999999999999997,0.10000000000000002,0.14999999999999997,1.1999999999999997,0.125,0.5761908984741932,0.0,0.93359375,1.0,0.125,0.5761908984741932,0.0,0.93359375,1.0,0.2585975546948387,0.2585975546948387,0.3103170656338064,0.3103170656338064,,1.0
214,0.4000000000000001,0.20000000000000004,0.14999999999999997,0.10000000000000002,0.14999999999999997,1.1999999999999997,0.25,0.579994985138292,0.0,0.951171875,1.0,0.25,0.579994985138292,0.0,0.951171875,1.0,0.31111618452765843,0.31111618452765843,0.3733394214331901,0.3733394214331901,,1.0
215,0.4000000000000001,0.20000000000000004,0.14999999999999997,0.10000000000000002,0.14999999999999997,1.1999999999999997,0.126953125,0.647761360053138,0.0,1.0,1.0,0.126953125,0.647761360053138,0.0,1.0,1.0,0.28033352201062767,0.28033352201062767,0.33640022641275313,0.33640022641275313,,1.0
213,0.4000000000000001,0.20000000000000004,0.14999999999999997,0.10000000000000002,0.14999999999999997,1.1999999999999997,0.15625,0.6528635655080118,0.0,0.9375,1.0,0.15625,0.6528635655080118,0.0,0.9375,1.0,0.28682271310160246,0.28682271310160246,0.3441872557219229,0.3441872557219229,,0.998046875
216,0.4000000000000001,0.20000000000000004,0.14999999999999997,0.10000000000000002,0.14999999999999997,1.1999999999999997,0.09375,0.5874158909306775,0.0,0.953125,1.0,0.09375,0.5874158909306775,0.0,0.953125,1.0,0.2502956781861355,0.2502956781861355,0.3003548138233626,0.3003548138233626,,1.0
214,0.4000000000000001,0.20000000000000004,0.14999999999999997,0.10000000000000002,0.14999999999999997,1.1999999999999997,0.236328125,0.6114351667295361,0.0,0.947265625,1.0,0.236328125,0.6114351667295361,0.0,0.947265625,1.0,0.31154484584590725,0.31154484584590725,0.3738538150150887,0.3738538150150887,,1.0
217,0.4000000000000001,0.20000000000000004,0.14999999999999997,0.10000000000000002,0.14999999999999997,1.1999999999999997,0.25,0.6282675075241805,0.0,0.9375,1.0,0.25,0.6282675075241805,0.0,0.9375,1.0,0.3194035015048361,0.3194035015048361,0.38328420180580336,0.38328420180580336,,0.998046875
215,0.4000000000000001,0.20000000000000004,0.14999999999999997,0.10000000000000002,0.14999999999999997,1.1999999999999997,0.125,0.6793243111650522,0.0,1.0,1.0,0.125,0.6793243111650522,0.0,1.0,1.0,0.28586486223301044,0.28586486223301044,0.34303783467961246,0.34303783467961246,,1.0
216,0.4000000000000001,0.20000000000000004,0.14999999999999997,0.10000000000000002,0.14999999999999997,1.1999999999999997,0.0625,0.5895570851168799,0.0,0.953125,1.0,0.0625,0.5895570851168799,0.0,0.953125,1.0,0.23822391702337598,0.23822391702337598,0.2858687004280511,0.2858687004280511,,1.0
218,0.4000000000000001,0.20000000000000004,0.14999999999999997,0.10000000000000002,0.14999999999999997,1.1999999999999997,0.125,0.6261643881438984,0.0,0.9095052083333334,1.0,0.125,0.6261643881438984,0.0,0.9095052083333334,1.0,0.26618339846211303,0.26618339846211303,0.31942007815453566,0.31942007815453566,,1.0
217,0.4000000000000001,0.20000000000000004,0.14999999999999997,0.10000000000000002,0.14999999999999997,1.1999999999999997,0.25,0.645336054553156,0.0,0.9375,1.0,0.25,0.645336054553156,0.0,0.9375,1.0,0.3228172109106312,0.3228172109106312,0.38738065309275743,0.38738065309275743,,0.998046875
219,0.4000000000000001,0.20000000000000004,0.14999999999999997,0.10000000000000002,0.14999999999999997,1.1999999999999997,0.216796875,0.6200237017734335,0.0,0.9375,1.0,0.216796875,0.6200237017734335,0.0,0.9375,1.0,0.30447349035468674,0.30447349035468674,0.3653681884256241,0.3653681884256241,,1.0
218,0.4000000000000001,0.20000000000000004,0.14999999999999997,0.10000000000000002,0.14999999999999997,1.1999999999999997,0.125,0.6257385921876678,0.0,0.90625,1.0,0.125,0.6257385921876678,0.0,0.90625,1.0,0.2657727184375336,0.2657727184375336,0.31892726212504025,0.31892726212504025,,1.0
220,0.4000000000000001,0.20000000000000004,0.14999999999999997,0.10000000000000002,0.14999999999999997,1.1999999999999997,0.158203125,0.6276392149821561,0.0,0.978515625,1.0,0.158203125,0.6276392149821561,0.0,0.978515625,1.0,0.28666065549643127,0.28666065549643127,0.3439927865957175,0.3439927865957175,,1.0
219,0.4000000000000001,0.20000000000000004,0.14999999999999997,0.10000000000000002,0.14999999999999997,1.1999999999999997,0.220703125,0.6091734211693912,0.0,0.9375,1.0,0.220703125,0.6091734211693912,0.0,0.9375,1.0,0.30386593423387825,0.30386593423387825,0.3646391210806539,0.3646391210806539,,1.0
221,0.4000000000000001,0.20000000000000004,0.14999999999999997,0.10000000000000002,0.14999999999999997,1.1999999999999997,0.298828125,0.6839282213925,0.0,0.9583333333333333,1.0,0.298828125,0.6839282213925,0.0,0.9583333333333333,1.0,0.3521502276118334,0.3521502276118334,0.4225802731342,0.4225802731342,,1.0
220,0.4000000000000001,0.20000000000000004,0.14999999999999997,0.10000000000000002,0.14999999999999997,1.1999999999999997,0.171875,0.6401477210215114,0.0,1.0,1.0,0.171875,0.6401477210215114,0.0,1.0,1.0,0.2967795442043023,0.2967795442043023,0.35613545304516275,0.35613545304516275,,0.998046875
222,0.4000000000000001,0.20000000000000004,0.14999999999999997,0.10000000000000002,0.14999999999999997,1.1999999999999997,0.15625,0.6010133754230449,0.0,0.96875,1.0,0.15625,0.6010133754230449,0.0,0.96875,1.0,0.279577675084609,0.279577675084609,0.33549321010153077,0.33549321010153077,,1.0
223,0.4000000000000001,0.20000000000000004,0.14999999999999997,0.10000000000000002,0.14999999999999997,1.1999999999999997,0.15625,0.5986588738753241,0.0,0.9583333333333333,1.0,0.15625,0.5986588738753241,0.0,0.9583333333333333,1.0,0.2780651081083982,0.2780651081083982,0.3336781297300778,0.3336781297300778,,1.0
221,0.4000000000000001,0.20000000000000004,0.14999999999999997,0.10000000000000002,0.14999999999999997,1.1999999999999997,0.251953125,0.6867704779411884,0.0,0.9583333333333333,1.0,0.251953125,0.6867704779411884,0.0,0.9583333333333333,1.0,0.33396867892157106,0.33396867892157106,0.40076241470588525,0.40076241470588525,,0.9921875
224,0.4000000000000001,0.20000000000000004,0.14999999999999997,0.10000000000000002,0.14999999999999997,1.1999999999999997,0.3125,0.7079514890858225,0.0,1.0,1.0,0.3125,0.7079514890858225,0.0,1.0,1.0,0.36659029781716457,0.36659029781716457,0.43990835738059736,0.43990835738059736,,1.0
222,0.4000000000000001,0.20000000000000004,0.14999999999999997,0.10000000000000002,0.14999999999999997,1.1999999999999997,0.13671875,0.6208614178205285,0.0,0.96875,1.0,0.13671875,0.6208614178205285,0.0,0.96875,1.0,0.27573478356410575,0.27573478356410575,0.33088174027692685,0.33088174027692685,,1.0
225,0.4000000000000001,0.20000000000000004,0.14999999999999997,0.10000000000000002,0.14999999999999997,1.1999999999999997,0.1875,0.6000185553027297,0.0,0.9186197916666667,1.0,0.1875,0.6000185553027297,0.0,0.9186197916666667,1.0,0.28686569022721264,0.28686569022721264,0.3442388282726552,0.3442388282726552,,1.0
223,0.4000000000000001,0.20000000000000004,0.14999999999999997,0.10000000000000002,0.14999999999999997,1.1999999999999997,0.125,0.6052057266582261,0.0,0.9680989583333333,1.0,0.125,0.6052057266582261,0.0,0.9680989583333333,1.0,0.2678510411649786,0.2678510411649786,0.3214212493979743,0.3214212493979743,,1.0
224,0.4000000000000001,0.20000000000000004,0.14999999999999997,0.10000000000000002,0.14999999999999997,1.1999999999999997,0.375,0.7526791821380168,0.0,1.0,1.0,0.375,0.7526791821380168,0.0,1.0,1.0,0.40053583642760343,0.40053583642760343,0.4806430037131241,0.4806430037131241,,1.0
226,0.4000000000000001,0.20000000000000004,0.14999999999999997,0.10000000000000002,0.14999999999999997,1.1999999999999997,0.125,0.573442824748126,0.0,0.90625,1.0,0.125,0.573442824748126,0.0,0.90625,1.0,0.2553135649496253,0.2553135649496253,0.30637627793955025,0.30637627793955025,,1.0
225,0.4000000000000001,0.20000000000000004,0.14999999999999997,0.10000000000000002,0.14999999999999997,1.1999999999999997,0.17578125,0.5828452732243388,0.0,0.8997395833333334,1.0,0.17578125,0.5828452732243388,0.0,0.8997395833333334,1.0,0.2768555129782011,0.2768555129782011,0.3322266155738413,0.3322266155738413,,1.0
227,0.4000000000000001,0.20000000000000004,0.14999999999999997,0.10000000000000002,0.14999999999999997,1.1999999999999997,0.25,0.6284213320375913,0.0,1.0,1.0,0.25,0.6284213320375913,0.0,1.0,1.0,0.32568426640751835,0.32568426640751835,0.3908211196890219,0.3908211196890219,,1.0
226,0.4000000000000001,0.20000000000000004,0.14999999999999997,0.10000000000000002,0.14999999999999997,1.1999999999999997,0.12890625,0.5795913692286253,0.0,0.8759765625,1.0,0.12890625,0.5795913692286253,0.0,0.8759765625,1.0,0.25507843009572506,0.25507843009572506,0.30609411611487014,0.30609411611487014,,1.0
228,0.4000000000000001,0.20000000000000004,0.14999999999999997,0.10000000000000002,0.14999999999999997,1.1999999999999997,0.25,0.6400622691830038,0.0,0.982421875,1.0,0.25,0.6400622691830038,0.0,0.982421875,1.0,0.3262546413366008,0.3262546413366008,0.3915055696039209,0.3915055696039209,,0.998046875
229,0.4000000000000001,0.20000000000000004,0.14999999999999997,0.10000000000000002,0.14999999999999997,1.1999999999999997,0.25,0.7004087572227286,0.0,1.0,1.0,0.25,0.7004087572227286,0.0,1.0,1.0,0.34008175144454567,0.34008175144454567,0.40809810173345484,0.40809810173345484,,1.0
227,0.4000000000000001,0.20000000000000004,0.14999999999999997,0.10000000000000002,0.14999999999999997,1.1999999999999997,0.220703125,0.6299540182556282,0.0,1.0,1.0,0.220703125,0.6299540182556282,0.0,1.0,1.0,0.3142720536511257,0.3142720536511257,0.3771264643813508,0.3771264643813508,,1.0
230,0.4000000000000001,0.20000000000000004,0.14999999999999997,0.10000000000000002,0.14999999999999997,1.1999999999999997,0.123046875,0.5975077008310388,0.0,0.966796875,1.0,0.123046875,0.5975077008310388,0.0,0.966796875,1.0,0.26539997766620776,0.26539997766620776,0.3184799731994493,0.3184799731994493,,1.0
228,0.4000000000000001,0.20000000000000004,0.14999999999999997,0.10000000000000002,0.14999999999999997,1.1999999999999997,0.251953125,0.6250876517084054,0.0,1.0,1.0,0.251953125,0.6250876517084054,0.0,1.0,1.0,0.3257987803416811,0.3257987803416811,0.3909585364100173,0.3909585364100173,,1.0
231,0.4000000000000001,0.20000000000000004,0.14999999999999997,0.10000000000000002,0.14999999999999997,1.1999999999999997,0.25,0.7016497814245803,0.0,0.953125,1.0,0.25,0.7016497814245803,0.0,0.953125,1.0,0.3356424562849161,0.3356424562849161,0.40277094754189924,0.40277094754189924,,1.0
229,0.4000000000000001,0.20000000000000004,0.14999999999999997,0.10000000000000002,0.14999999999999997,1.1999999999999997,0.28125,0.7142718073795111,0.0,1.0,1.0,0.28125,0.7142718073795111,0.0,1.0,1.0,0.35535436147590227,0.35535436147590227,0.42642523377108266,0.42642523377108266,,1.0
232,0.4000000000000001,0.20000000000000004,0.14999999999999997,0.10000000000000002,0.14999999999999997,1.1999999999999997,0.21875,0.7279831233253145,0.0,0.9765625,1.0,0.21875,0.7279831233253145,0.0,0.9765625,1.0,0.330752874665063,0.330752874665063,0.3969034495980755,0.3969034495980755,,1.0
230,0.4000000000000001,0.20000000000000004,0.14999999999999997,0.10000000000000002,0.14999999999999997,1.1999999999999997,0.123046875,0.5996694933360365,0.0,0.96875,1.0,0.123046875,0.5996694933360365,0.0,0.96875,1.0,0.2660276486672073,0.2660276486672073,0.3192331784006487,0.3192331784006487,,0.99609375
233,0.4000000000000001,0.20000000000000004,0.14999999999999997,0.10000000000000002,0.14999999999999997,1.1999999999999997,0.1875,0.5893792845160448,0.0,0.9287109375,1.0,0.1875,0.5893792845160448,0.0,0.9287109375,1.0,0.28574695065320893,0.28574695065320893,0.3428963407838508,0.3428963407838508,,1.0
231,0.4000000000000001,0.20000000000000004,0.14999999999999997,0.10000000000000002,0.14999999999999997,1.1999999999999997,0.25,0.7106042705443911,0.0,0.953125,1.0,0.25,0.7106042705443911,0.0,0.953125,1.0,0.33743335410887826,0.33743335410887826,0.4049200249306539,0.4049200249306539,,1.0
232,0.4000000000000001,0.20000000000000004,0.14999999999999997,0.10000000000000002,0.14999999999999997,1.1999999999999997,0.23828125,0.7274135807320895,0.0,0.970703125,1.0,0.23828125,0.7274135807320895,0.0,0.970703125,1.0,0.33786552864641795,0.33786552864641795,0.4054386343757015,0.4054386343757015,,1.0
234,0.4000000000000001,0.20000000000000004,0.14999999999999997,0.10000000000000002,0.14999999999999997,1.1999999999999997,0.1875,0.6277420088207639,0.0,1.0,1.0,0.1875,0.6277420088207639,0.0,1.0,1.0,0.3005484017641528,0.3005484017641528,0.36065808211698336,0.36065808211698336,,0.998046875
233,0.4000000000000001,0.20000000000000004,0.14999999999999997,0.10000000000000002,0.14999999999999997,1.1999999999999997,0.1875,0.6099762674370086,0.0,0.9091796875,1.0,0.1875,0.6099762674370086,0.0,0.9091796875,1.0,0.2879132222374017,0.2879132222374017,0.3454958666848821,0.3454958666848821,,1.0
235,0.4000000000000001,0.20000000000000004,0.14999999999999997,0.10000000000000002,0.14999999999999997,1.1999999999999997,0.138671875,0.5854650774146624,0.0,1.0,1.0,0.138671875,0.5854650774146624,0.0,1.0,1.0,0.2725617654829325,0.2725617654829325,0.32707411857951896,0.32707411857951896,,0.998046875
234,0.4000000000000001,0.20000000000000004,0.14999999999999997,0.10000000000000002,0.14999999999999997,1.1999999999999997,0.19921875,0.6814237064321864,0.0,0.9990234375,1.0,0.19921875,0.6814237064321864,0.0,0.9990234375,1.0,0.3158745850364373,0.3158745850364373,0.3790495020437248,0.3790495020437248,,1.0
236,0.4000000000000001,0.20000000000000004,0.14999999999999997,0.10000000000000002,0.14999999999999997,1.1999999999999997,0.25,0.6564553575255622,0.0,0.96875,1.0,0.25,0.6564553575255622,0.0,0.96875,1.0,0.3281660715051125,0.3281660715051125,0.39379928580613494,0.39379928580613494,,0.998046875
237,0.4000000000000001,0.20000000000000004,0.14999999999999997,0.10000000000000002,0.14999999999999997,1.1999999999999997,0.185546875,0.6141037664211002,0.0,0.9833984375,1.0,0.185546875,0.6141037664211002,0.0,0.9833984375,1.0,0.29537934703422003,0.29537934703422003,0.35445521644106404,0.35445521644106404,,1.0
235,0.4000000000000001,0.20000000000000004,0.14999999999999997,0.10000000000000002,0.14999999999999997,1.1999999999999997,0.12890625,0.5903216166749579,0.0,1.0,1.0,0.12890625,0.5903216166749579,0.0,1.0,1.0,0.26962682333499166,0.26962682333499166,0.3235521880019899,0.3235521880019899,,0.99609375
238,0.4000000000000001,0.20000000000000004,0.14999999999999997,0.10000000000000002,0.14999999999999997,1.1999999999999997,0.2578125,0.6741479409833343,0.0,0.9518229166666666,1.0,0.2578125,0.6741479409833343,0.0,0.9518229166666666,1.0,0.33313687986333357,0.33313687986333357,0.3997642558360002,0.3997642558360002,,1.0
236,0.4000000000000001,0.20000000000000004,0.14999999999999997,0.10000000000000002,0.14999999999999997,1.1999999999999997,0.216796875,0.6606364545832701,0.0,0.96875,1.0,0.216796875,0.6606364545832701,0.0,0.96875,1.0,0.31572104091665404,0.31572104091665404,0.37886524909998487,0.37886524909998487,,1.0
239,0.4000000000000001,0.20000000000000004,0.14999999999999997,0.10000000000000002,0.14999999999999997,1.1999999999999997,0.142578125,0.5759854711675543,0.0,1.0,1.0,0.142578125,0.5759854711675543,0.0,1.0,1.0,0.2722283442335109,0.2722283442335109,0.326674013080213,0.326674013080213,,1.0
237,0.4000000000000001,0.20000000000000004,0.14999999999999997,0.10000000000000002,0.14999999999999997,1.1999999999999997,0.166015625,0.608624105538988,0.0,0.96875,1.0,0.166015625,0.608624105538988,0.0,0.96875,1.0,0.28500607110779763,0.28500607110779763,0.34200728532935715,0.34200728532935715,,1.0
238,0.4000000000000001,0.20000000000000004,0.14999999999999997,0.10000000000000002,0.14999999999999997,1.1999999999999997,0.265625,0.6643393719586577,0.0,0.9518229166666666,1.0,0.265625,0.6643393719586577,0.0,0.9518229166666666,1.0,0.3343001660583983,0.3343001660583983,0.40116019927007784,0.40116019927007784,,1.0
240,0.4000000000000001,0.20000000000000004,0.14999999999999997,0.10000000000000002,0.14999999999999997,1.1999999999999997,0.21875,0.6635935729271836,0.0,0.96875,1.0,0.21875,0.6635935729271836,0.0,0.96875,1.0,0.3170937145854368,0.3170937145854368,0.38051245750252405,0.38051245750252405,,1.0
239,0.4000000000000001,0.20000000000000004,0.14999999999999997,0.10000000000000002,0.14999999999999997,1.1999999999999997,0.15234375,0.5521197248632277,0.0,1.0,1.0,0.15234375,0.5521197248632277,0.0,1.0,1.0,0.2713614449726456,0.2713614449726456,0.32563373396717465,0.32563373396717465,,1.0
241,0.4000000000000001,0.20000000000000004,0.14999999999999997,0.10000000000000002,0.14999999999999997,1.1999999999999997,0.21875,0.6285899022192192,0.0,0.984375,1.0,0.21875,0.6285899022192192,0.0,0.984375,1.0,0.31165548044384395,0.31165548044384395,0.3739865765326126,0.3739865765326126,,1.0
240,0.4000000000000001,0.20000000000000004,0.14999999999999997,0.10000000000000002,0.14999999999999997,1.1999999999999997,0.26953125,0.6631122029236962,0.0,0.96875,1.0,0.26953125,0.6631122029236962,0.0,0.96875,1.0,0.3373099405847393,0.3373099405847393,0.40477192870168716,0.40477192870168716,,1.0
242,0.4000000000000001,0.20000000000000004,0.14999999999999997,0.10000000000000002,0.14999999999999997,1.1999999999999997,0.212890625,0.7034384351651248,0.0,0.9375,1.0,0.212890625,0.7034384351651248,0.0,0.9375,1.0,0.31959393703302497,0.31959393703302497,0.3835127244396299,0.3835127244396299,,1.0
241,0.4000000000000001,0.20000000000000004,0.14999999999999997,0.10000000000000002,0.14999999999999997,1.1999999999999997,0.181640625,0.5849478678940636,0.0,0.9833984375,1.0,0.181640625,0.5849478678940636,0.0,0.9833984375,1.0,0.2879856673288128,0.2879856673288128,0.34558280079457526,0.34558280079457526,,1.0
243,0.4000000000000001,0.20000000000000004,0.14999999999999997,0.10000000000000002,0.14999999999999997,1.1999999999999997,0.22265625,0.6190775188338773,0.0,0.96875,1.0,0.22265625,0.6190775188338773,0.0,0.96875,1.0,0.3097530037667755,0.3097530037667755,0.3717036045201305,0.3717036045201305,,1.0
242,0.4000000000000001,0.20000000000000004,0.14999999999999997,0.10000000000000002,0.14999999999999997,1.1999999999999997,0.216796875,0.691982860663017,0.0,0.9388020833333333,1.0,0.216796875,0.691982860663017,0.0,0.9388020833333333,1.0,0.31899553046593676,0.31899553046593676,0.38279463655912405,0.38279463655912405,,1.0
244,0.4000000000000001,0.20000000000000004,0.14999999999999997,0.10000000000000002,0.14999999999999997,1.1999999999999997,0.279296875,0.6800658866544045,0.0,0.994140625,1.0,0.279296875,0.6800658866544045,0.0,0.994140625,1.0,0.34714598983088096,0.34714598983088096,0.4165751877970571,0.4165751877970571,,1.0
243,0.4000000000000001,0.20000000000000004,0.14999999999999997,0.10000000000000002,0.14999999999999997,1.1999999999999997,0.2421875,0.6358828138018433,0.0,0.96875,1.0,0.2421875,0.6358828138018433,0.0,0.96875,1.0,0.3209265627603687,0.3209265627603687,0.3851118753124424,0.3851118753124424,,1.0
245,0.4000000000000001,0.20000000000000004,0.14999999999999997,0.10000000000000002,0.14999999999999997,1.1999999999999997,0.28125,0.6955629118921081,0.0,1.0,1.0,0.28125,0.6955629118921081,0.0,1.0,1.0,0.3516125823784217,0.3516125823784217,0.4219350988541059,0.4219350988541059,,1.0
246,0.4000000000000001,0.20000000000000004,0.14999999999999997,0.10000000000000002,0.14999999999999997,1.1999999999999997,0.220703125,0.6513254287912196,0.0,0.9729817708333333,1.0,0.220703125,0.6513254287912196,0.0,0.9729817708333333,1.0,0.3158445128415772,0.3158445128415772,0.3790134154098927,0.3790134154098927,,1.0
244,0.4000000000000001,0.20000000000000004,0.14999999999999997,0.10000000000000002,0.14999999999999997,1.1999999999999997,0.3125,0.7252526329983666,0.0,1.0,1.0,0.3125,0.7252526329983666,0.0,1.0,1.0,0.37005052659967336,0.37005052659967336,0.444060631919608,0.444060631919608,,0.998046875
247,0.4000000000000001,0.20000000000000004,0.14999999999999997,0.10000000000000002,0.14999999999999997,1.1999999999999997,0.1875,0.5964726687281994,0.0,0.9791666666666667,1.0,0.1875,0.5964726687281994,0.0,0.9791666666666667,1.0,0.29221120041230664,0.29221120041230664,0.3506534404947679,0.3506534404947679,,1.0
245,0.4000000000000001,0.20000000000000004,0.14999999999999997,0.10000000000000002,0.14999999999999997,1.1999999999999997,0.251953125,0.7127367130302382,0.0,1.0,1.0,0.251953125,0.7127367130302382,0.0,1.0,1.0,0.3433285926060477,0.3433285926060477,0.41199431112725715,0.41199431112725715,,1.0
248,0.4000000000000001,0.20000000000000004,0.14999999999999997,0.10000000000000002,0.14999999999999997,1.1999999999999997,0.169921875,0.6664370291514731,0.0,0.953125,1.0,0.169921875,0.6664370291514731,0.0,0.953125,1.0,0.2965686558302947,0.2965686558302947,0.35588238699635355,0.35588238699635355,,1.0
246,0.4000000000000001,0.20000000000000004,0.14999999999999997,0.10000000000000002,0.14999999999999997,1.1999999999999997,0.203125,0.6654402958603767,0.0,0.9729817708333333,1.0,0.203125,0.6654402958603767,0.0,0.9729817708333333,1.0,0.31163623625540876,0.31163623625540876,0.37396348350649045,0.37396348350649045,,1.0
249,0.4000000000000001,0.20000000000000004,0.14999999999999997,0.10000000000000002,0.14999999999999997,1.1999999999999997,0.1875,0.5816357584822905,0.0,0.96875,1.0,0.1875,0.5816357584822905,0.0,0.96875,1.0,0.28820215169645813,0.28820215169645813,0.34584258203574975,0.34584258203574975,,1.0
247,0.4000000000000001,0.20000000000000004,0.14999999999999997,0.10000000000000002,0.14999999999999997,1.1999999999999997,0.158203125,0.6048579927284843,0.0,0.9791666666666667,1.0,0.158203125,0.6048579927284843,0.0,0.9791666666666667,1.0,0.28216951521236355,0.28216951521236355,0.33860341825483625,0.33860341825483625,,1.0
250,0.4000000000000001,0.20000000000000004,0.14999999999999997,0.10000000000000002,0.14999999999999997,1.1999999999999997,0.154296875,0.6095721095220554,0.0,0.890625,1.0,0.154296875,0.6095721095220554,0.0,0.890625,1.0,0.27269567190441113,0.27269567190441113,0.32723480628529333,0.32723480628529333,,1.0
251,0.4000000000000001,0.20000000000000004,0.14999999999999997,0.10000000000000002,0.14999999999999997,1.1999999999999997,0.21875,0.6340708708425915,0.0,0.9479166666666667,1.0,0.21875,0.6340708708425915,0.0,0.9479166666666667,1.0,0.30910584083518505,0.30910584083518505,0.370927009002222,0.370927009002222,,1.0
248,0.4000000000000001,0.20000000000000004,0.14999999999999997,0.10000000000000002,0.14999999999999997,1.1999999999999997,0.21875,0.683941353954985,0.0,0.953125,1.0,0.21875,0.683941353954985,0.0,0.953125,1.0,0.319600770790997,0.319600770790997,0.3835209249491963,0.3835209249491963,,0.998046875
249,0.4000000000000001,0.20000000000000004,0.14999999999999997,0.10000000000000002,0.14999999999999997,1.1999999999999997,0.18359375,0.5876586875469922,0.0,0.96875,1.0,0.18359375,0.5876586875469922,0.0,0.96875,1.0,0.28784423750939847,0.28784423750939847,0.3454130850112782,0.3454130850112782,,1.0
252,0.4000000000000001,0.20000000000000004,0.14999999999999997,0.10000000000000002,0.14999999999999997,1.1999999999999997,0.21875,0.6743275342695143,0.0,0.9993489583333334,1.0,0.21875,0.6743275342695143,0.0,0.9993489583333334,1.0,0.32230040268723625,0.32230040268723625,0.3867604832246834,0.3867604832246834,,1.0
253,0.4000000000000001,0.20000000000000004,0.14999999999999997,0.10000000000000002,0.14999999999999997,1.1999999999999997,0.32421875,0.6540643780660289,0.0,0.953125,1.0,0.32421875,0.6540643780660289,0.0,0.953125,1.0,0.35581287561320585,0.35581287561320585,0.426975450735847,0.426975450735847,,1.0
250,0.4000000000000001,0.20000000000000004,0.14999999999999997,0.10000000000000002,0.14999999999999997,1.1999999999999997,0.103515625,0.6032361451665091,0.0,0.890625,1.0,0.103515625,0.6032361451665091,0.0,0.890625,1.0,0.25111597903330185,0.25111597903330185,0.3013391748399622,0.3013391748399622,,1.0
251,0.4000000000000001,0.20000000000000004,0.14999999999999997,0.10000000000000002,0.14999999999999997,1.1999999999999997,0.21875,0.6224861275372345,0.0,0.9459635416666667,1.0,0.21875,0.6224861275372345,0.0,0.9459635416666667,1.0,0.30659357967411366,0.30659357967411366,0.36791229560893635,0.36791229560893635,,1.0
254,0.4000000000000001,0.20000000000000004,0.14999999999999997,0.10000000000000002,0.14999999999999997,1.1999999999999997,0.220703125,0.6063366356608344,0.0,1.0,1.0,0.220703125,0.6063366356608344,0.0,1.0,1.0,0.3095485771321669,0.3095485771321669,0.3714582925586003,0.3714582925586003,,1.0
252,0.4000000000000001,0.20000000000000004,0.14999999999999997,0.10000000000000002,0.14999999999999997,1.1999999999999997,0.21484375,0.6819622314192593,0.0,0.9993489583333334,1.0,0.21484375,0.6819622314192593,0.0,0.9993489583333334,1.0,0.3222648421171852,0.3222648421171852,0.38671781054062226,0.38671781054062226,,1.0
253,0.4000000000000001,0.20000000000000004,0.14999999999999997,0.10000000000000002,0.14999999999999997,1.1999999999999997,0.314453125,0.6504545555179129,0.0,0.95703125,1.0,0.314453125,0.6504545555179129,0.0,0.95703125,1.0,0.3515752861035826,0.3515752861035826,0.4218903433242991,0.4218903433242991,,1.0
255,0.4000000000000001,0.20000000000000004,0.14999999999999997,0.10000000000000002,0.14999999999999997,1.1999999999999997,0.1875,0.6043125321200378,0.0,0.8854166666666667,1.0,0.1875,0.6043125321200378,0.0,0.8854166666666667,1.0,0.28440417309067423,0.28440417309067423,0.34128500770880904,0.34128500770880904,,0.998046875
254,0.4000000000000001,0.20000000000000004,0.14999999999999997,0.10000000000000002,0.14999999999999997,1.1999999999999997,0.275390625,0.6272311942623006,0.0,1.0,1.0,0.275390625,0.6272311942623006,0.0,1.0,1.0,0.33560248885246013,0.33560248885246013,0.40272298662295214,0.40272298662295214,,1.0
256,0.4000000000000001,0.20000000000000004,0.14999999999999997,0.10000000000000002,0.14999999999999997,1.1999999999999997,0.375,0.7476584302717262,0.0,1.0,1.0,0.375,0.7476584302717262,0.0,1.0,1.0,0.3995316860543453,0.3995316860543453,0.47943802326521423,0.47943802326521423,,1.0
257,0.4000000000000001,0.20000000000000004,0.14999999999999997,0.10000000000000002,0.14999999999999997,1.1999999999999997,0.28125,0.6434881733438087,0.0,0.9375,1.0,0.28125,0.6434881733438087,0.0,0.9375,1.0,0.33494763466876176,0.33494763466876176,0.40193716160251414,0.40193716160251414,,1.0
255,0.4000000000000001,0.20000000000000004,0.14999999999999997,0.10000000000000002,0.14999999999999997,1.1999999999999997,0.1875,0.6117201306765547,0.0,0.8880208333333334,1.0,0.1875,0.6117201306765547,0.0,0.8880208333333334,1.0,0.2861461094686443,0.2861461094686443,0.3433753313623731,0.3433753313623731,,1.0
256,0.4000000000000001,0.20000000000000004,0.14999999999999997,0.10000000000000002,0.14999999999999997,1.1999999999999997,0.3984375,0.7649353046604688,0.0,1.0,1.0,0.3984375,0.7649353046604688,0.0,1.0,1.0,0.4123620609320938,0.4123620609320938,0.4948344731185125,0.4948344731185125,,1.0
258,0.4000000000000001,0.20000000000000004,0.14999999999999997,0.10000000000000002,0.14999999999999997,1.1999999999999997,0.158203125,0.5982270438316175,0.0,0.96875,1.0,0.158203125,0.5982270438316175,0.0,0.96875,1.0,0.27980165876632357,0.27980165876632357,0.3357619905195882,0.3357619905195882,,0.998046875
257,0.4000000000000001,0.20000000000000004,0.14999999999999997,0.10000000000000002,0.14999999999999997,1.1999999999999997,0.28125,0.6388559002528069,0.0,0.91015625,1.0,0.28125,0.6388559002528069,0.0,0.91015625,1.0,0.3312868050505614,0.3312868050505614,0.39754416606067366,0.39754416606067366,,1.0
259,0.4000000000000001,0.20000000000000004,0.14999999999999997,0.10000000000000002,0.14999999999999997,1.1999999999999997,0.15625,0.6247087608103827,0.0,0.96875,1.0,0.15625,0.6247087608103827,0.0,0.96875,1.0,0.2843167521620766,0.2843167521620766,0.34118010259449183,0.34118010259449183,,1.0
258,0.4000000000000001,0.20000000000000004,0.14999999999999997,0.10000000000000002,0.14999999999999997,1.1999999999999997,0.15625,0.5978965924786168,0.0,0.96875,1.0,0.15625,0.5978965924786168,0.0,0.96875,1.0,0.2789543184957234,0.2789543184957234,0.33474518219486804,0.33474518219486804,,1.0
259,0.4000000000000001,0.20000000000000004,0.14999999999999997,0.10000000000000002,0.14999999999999997,1.1999999999999997,0.1875,0.6034511293286552,0.0,0.96875,1.0,0.1875,0.6034511293286552,0.0,0.96875,1.0,0.2925652258657311,0.2925652258657311,0.35107827103887723,0.35107827103887723,,1.0
260,0.4000000000000001,0.20000000000000004,0.14999999999999997,0.10000000000000002,0.14999999999999997,1.1999999999999997,0.21875,0.6284039324707427,0.0,0.9375,1.0,0.21875,0.6284039324707427,0.0,0.9375,1.0,0.30693078649414857,0.30693078649414857,0.3683169437929782,0.3683169437929782,,1.0
261,0.4000000000000001,0.20000000000000004,0.14999999999999997,0.10000000000000002,0.14999999999999997,1.1999999999999997,0.15625,0.630410541550715,0.0,0.875,1.0,0.15625,0.630410541550715,0.0,0.875,1.0,0.276082108310143,0.276082108310143,0.3312985299721716,0.3312985299721716,,1.0
260,0.4000000000000001,0.20000000000000004,0.14999999999999997,0.10000000000000002,0.14999999999999997,1.1999999999999997,0.255859375,0.6378912320878732,0.0,0.94140625,1.0,0.255859375,0.6378912320878732,0.0,0.94140625,1.0,0.3240626214175747,0.3240626214175747,0.3888751457010896,0.3888751457010896,,1.0
262,0.4000000000000001,0.20000000000000004,0.14999999999999997,0.10000000000000002,0.14999999999999997,1.1999999999999997,0.193359375,0.6671783419108013,0.0,0.96875,1.0,0.193359375,0.6671783419108013,0.0,0.96875,1.0,0.30765441838216034,0.30765441838216034,0.36918530205859235,0.36918530205859235,,1.0
263,0.4000000000000001,0.20000000000000004,0.14999999999999997,0.10000000000000002,0.14999999999999997,1.1999999999999997,0.125,0.6166250672316658,0.0,0.96875,1.0,0.125,0.6166250672316658,0.0,0.96875,1.0,0.27020001344633315,0.27020001344633315,0.3242400161355998,0.3242400161355998,,1.0
261,0.4000000000000001,0.20000000000000004,0.14999999999999997,0.10000000000000002,0.14999999999999997,1.1999999999999997,0.15625,0.6285760690472728,0.0,0.8798828125,1.0,0.15625,0.6285760690472728,0.0,0.8798828125,1.0,0.2762034950594546,0.2762034950594546,0.33144419407134545,0.33144419407134545,,0.998046875
264,0.4000000000000001,0.20000000000000004,0.14999999999999997,0.10000000000000002,0.14999999999999997,1.1999999999999997,0.0625,0.5464701385978843,0.0,0.96875,1.0,0.0625,0.5464701385978843,0.0,0.96875,1.0,0.2311690277195769,0.2311690277195769,0.27740283326349224,0.27740283326349224,,1.0
262,0.4000000000000001,0.20000000000000004,0.14999999999999997,0.10000000000000002,0.14999999999999997,1.1999999999999997,0.21875,0.6383660799671952,0.0,0.96875,1.0,0.21875,0.6383660799671952,0.0,0.96875,1.0,0.31204821599343907,0.31204821599343907,0.3744578591921269,0.3744578591921269,,1.0
265,0.4000000000000001,0.20000000000000004,0.14999999999999997,0.10000000000000002,0.14999999999999997,1.1999999999999997,0.1875,0.5883276772108512,0.0,0.943359375,1.0,0.1875,0.5883276772108512,0.0,0.943359375,1.0,0.28700147294217027,0.28700147294217027,0.3444017675306043,0.3444017675306043,,1.0
263,0.4000000000000001,0.20000000000000004,0.14999999999999997,0.10000000000000002,0.14999999999999997,1.1999999999999997,0.125,0.5712661062298217,0.0,0.96875,1.0,0.125,0.5712661062298217,0.0,0.96875,1.0,0.26112822124596435,0.26112822124596435,0.3133538654951572,0.3133538654951572,,1.0
266,0.4000000000000001,0.20000000000000004,0.14999999999999997,0.10000000000000002,0.14999999999999997,1.1999999999999997,0.125,0.5940534551980188,0.0,0.9954427083333334,1.0,0.125,0.5940534551980188,0.0,0.9954427083333334,1.0,0.2683549618729371,0.2683549618729371,0.3220259542475245,0.3220259542475245,,1.0
264,0.4000000000000001,0.20000000000000004,0.14999999999999997,0.10000000000000002,0.14999999999999997,1.1999999999999997,0.0625,0.5487733331482993,0.0,0.96875,1.0,0.0625,0.5487733331482993,0.0,0.96875,1.0,0.2316296666296599,0.2316296666296599,0.2779555999555918,0.2779555999555918,,1.0
265,0.4000000000000001,0.20000000000000004,0.14999999999999997,0.10000000000000002,0.14999999999999997,1.1999999999999997,0.228515625,0.6408806258707453,0.0,0.9430338541666667,1.0,0.228515625,0.6408806258707453,0.0,0.9430338541666667,1.0,0.31388576059081585,0.31388576059081585,0.3766629127089789,0.3766629127089789,,1.0
267,0.4000000000000001,0.20000000000000004,0.14999999999999997,0.10000000000000002,0.14999999999999997,1.1999999999999997,0.125,0.6548532241260578,0.0,0.96875,1.0,0.125,0.6548532241260578,0.0,0.96875,1.0,0.2778456448252116,0.2778456448252116,0.3334147737902539,0.3334147737902539,,1.0
268,0.4000000000000001,0.20000000000000004,0.14999999999999997,0.10000000000000002,0.14999999999999997,1.1999999999999997,0.193359375,0.6485449745545909,0.0,1.0,1.0,0.193359375,0.6485449745545909,0.0,1.0,1.0,0.3070527449109182,0.3070527449109182,0.36846329389310184,0.36846329389310184,,1.0
266,0.4000000000000001,0.20000000000000004,0.14999999999999997,0.10000000000000002,0.14999999999999997,1.1999999999999997,0.15625,0.5962838428530388,0.0,0.9990234375,1.0,0.15625,0.5962838428530388,0.0,0.9990234375,1.0,0.2816591123206078,0.2816591123206078,0.3379909347847293,0.3379909347847293,,1.0
267,0.4000000000000001,0.20000000000000004,0.14999999999999997,0.10000000000000002,0.14999999999999997,1.1999999999999997,0.099609375,0.6237981397847443,0.0,0.9680989583333334,1.0,0.099609375,0.6237981397847443,0.0,0.9680989583333334,1.0,0.26141327379028223,0.26141327379028223,0.3136959285483386,0.3136959285483386,,1.0
269,0.4000000000000001,0.20000000000000004,0.14999999999999997,0.10000000000000002,0.14999999999999997,1.1999999999999997,0.2109375,0.6219578677094411,0.0,1.0,1.0,0.2109375,0.6219578677094411,0.0,1.0,1.0,0.3087665735418883,0.3087665735418883,0.3705198882502658,0.3705198882502658,,0.998046875
268,0.4000000000000001,0.20000000000000004,0.14999999999999997,0.10000000000000002,0.14999999999999997,1.1999999999999997,0.1875,0.6245631200911659,0.0,1.0,1.0,0.1875,0.6245631200911659,0.0,1.0,1.0,0.29991262401823326,0.29991262401823326,0.35989514882187984,0.35989514882187984,,1.0
270,0.4000000000000001,0.20000000000000004,0.14999999999999997,0.10000000000000002,0.14999999999999997,1.1999999999999997,0.15625,0.6068964177399288,0.0,1.0,1.0,0.15625,0.6068964177399288,0.0,1.0,1.0,0.28387928354798575,0.28387928354798575,0.3406551402575829,0.3406551402575829,,1.0
271,0.4000000000000001,0.20000000000000004,0.14999999999999997,0.10000000000000002,0.14999999999999997,1.1999999999999997,0.154296875,0.6420181032138608,0.0,0.9375,1.0,0.154296875,0.6420181032138608,0.0,0.9375,1.0,0.28387237064277215,0.28387237064277215,0.34064684477132656,0.34064684477132656,,1.0
269,0.4000000000000001,0.20000000000000004,0.14999999999999997,0.10000000000000002,0.14999999999999997,1.1999999999999997,0.203125,0.6101634134865863,0.0,1.0,1.0,0.203125,0.6101634134865863,0.0,1.0,1.0,0.3032826826973173,0.3032826826973173,0.36393921923678074,0.36393921923678074,,0.998046875
272,0.4000000000000001,0.20000000000000004,0.14999999999999997,0.10000000000000002,0.14999999999999997,1.1999999999999997,0.1875,0.6673337258809732,0.0,0.96875,1.0,0.1875,0.6673337258809732,0.0,0.96875,1.0,0.3053417451761947,0.3053417451761947,0.36641009421143356,0.36641009421143356,,1.0
270,0.4000000000000001,0.20000000000000004,0.14999999999999997,0.10000000000000002,0.14999999999999997,1.1999999999999997,0.111328125,0.6009514824759996,0.0,1.0,1.0,0.111328125,0.6009514824759996,0.0,1.0,1.0,0.26472154649519997,0.26472154649519997,0.3176658557942399,0.3176658557942399,,1.0
273,0.4000000000000001,0.20000000000000004,0.14999999999999997,0.10000000000000002,0.14999999999999997,1.1999999999999997,0.140625,0.6308518127867836,0.0,1.0,1.0,0.140625,0.6308518127867836,0.0,1.0,1.0,0.2824203625573568,0.2824203625573568,0.3389044350688281,0.3389044350688281,,1.0
271,0.4000000000000001,0.20000000000000004,0.14999999999999997,0.10000000000000002,0.14999999999999997,1.1999999999999997,0.15625,0.6184874923064536,0.0,0.9375,1.0,0.15625,0.6184874923064536,0.0,0.9375,1.0,0.27994749846129074,0.27994749846129074,0.3359369981535489,0.3359369981535489,,1.0
274,0.4000000000000001,0.20000000000000004,0.14999999999999997,0.10000000000000002,0.14999999999999997,1.1999999999999997,0.125,0.6324241481996691,0.0,1.0,1.0,0.125,0.6324241481996691,0.0,1.0,1.0,0.27648482963993387,0.27648482963993387,0.33178179556792053,0.33178179556792053,,1.0
275,0.4000000000000001,0.20000000000000004,0.14999999999999997,0.10000000000000002,0.14999999999999997,1.1999999999999997,0.365234375,0.708096411878836,0.0,0.96875,1.0,0.365234375,0.708096411878836,0.0,0.96875,1.0,0.3845880323757673,0.3845880323757673,0.4615056388509206,0.4615056388509206,,1.0
272,0.4000000000000001,0.20000000000000004,0.14999999999999997,0.10000000000000002,0.14999999999999997,1.1999999999999997,0.21875,0.6822775661757089,0.0,0.96875,1.0,0.21875,0.6822775661757089,0.0,0.96875,1.0,0.32083051323514183,0.32083051323514183,0.38499661588217016,0.38499661588217016,,0.998046875
276,0.4000000000000001,0.20000000000000004,0.14999999999999997,0.10000000000000002,0.14999999999999997,1.1999999999999997,0.224609375,0.6563070580789871,0.0,0.9791666666666666,1.0,0.224609375,0.6563070580789871,0.0,0.9791666666666666,1.0,0.31902182828246417,0.31902182828246417,0.38282619393895695,0.38282619393895695,,1.0
273,0.4000000000000001,0.20000000000000004,0.14999999999999997,0.10000000000000002,0.14999999999999997,1.1999999999999997,0.125,0.6373840958465524,0.0,1.0,1.0,0.125,0.6373840958465524,0.0,1.0,1.0,0.27747681916931055,0.27747681916931055,0.3329721830031726,0.3329721830031726,,1.0
277,0.4000000000000001,0.20000000000000004,0.14999999999999997,0.10000000000000002,0.14999999999999997,1.1999999999999997,0.333984375,0.6437937279544257,0.0,1.0,1.0,0.333984375,0.6437937279544257,0.0,1.0,1.0,0.3623524955908852,0.3623524955908852,0.43482299470906216,0.43482299470906216,,1.0
278,0.4000000000000001,0.20000000000000004,0.14999999999999997,0.10000000000000002,0.14999999999999997,1.1999999999999997,0.25,0.672561805681178,0.0,1.0,1.0,0.25,0.672561805681178,0.0,1.0,1.0,0.3345123611362356,0.3345123611362356,0.40141483336348266,0.40141483336348266,,1.0
274,0.4000000000000001,0.20000000000000004,0.14999999999999997,0.10000000000000002,0.14999999999999997,1.1999999999999997,0.125,0.6343840109971408,0.0,1.0,1.0,0.125,0.6343840109971408,0.0,1.0,1.0,0.27687680219942823,0.27687680219942823,0.33225216263931384,0.33225216263931384,,1.0
279,0.4000000000000001,0.20000000000000004,0.14999999999999997,0.10000000000000002,0.14999999999999997,1.1999999999999997,0.24609375,0.6398741716203744,0.0,0.96875,1.0,0.24609375,0.6398741716203744,0.0,0.96875,1.0,0.3232873343240749,0.3232873343240749,0.3879448011888899,0.3879448011888899,,0.998046875
275,0.4000000000000001,0.20000000000000004,0.14999999999999997,0.10000000000000002,0.14999999999999997,1.1999999999999997,0.34375,0.692374365684038,0.0,0.96875,1.0,0.34375,0.692374365684038,0.0,0.96875,1.0,0.3728498731368076,0.3728498731368076,0.4474198477641691,0.4474198477641691,,0.998046875
276,0.4000000000000001,0.20000000000000004,0.14999999999999997,0.10000000000000002,0.14999999999999997,1.1999999999999997,0.248046875,0.6641997294968566,0.0,0.9791666666666666,1.0,0.248046875,0.6641997294968566,0.0,0.9791666666666666,1.0,0.32997536256603804,0.32997536256603804,0.39597043507924556,0.39597043507924556,,1.0
280,0.4000000000000001,0.20000000000000004,0.14999999999999997,0.10000000000000002,0.14999999999999997,1.1999999999999997,0.3046875,0.6392761466003718,0.0,1.0,1.0,0.3046875,0.6392761466003718,0.0,1.0,1.0,0.3497302293200744,0.3497302293200744,0.41967627518408923,0.41967627518408923,,1.0
281,0.4000000000000001,0.20000000000000004,0.14999999999999997,0.10000000000000002,0.14999999999999997,1.1999999999999997,0.28125,0.6411570477070854,0.0,1.0,1.0,0.28125,0.6411570477070854,0.0,1.0,1.0,0.3407314095414171,0.3407314095414171,0.4088776914497005,0.4088776914497005,,1.0
277,0.4000000000000001,0.20000000000000004,0.14999999999999997,0.10000000000000002,0.14999999999999997,1.1999999999999997,0.306640625,0.6555252887201914,0.0,1.0,1.0,0.306640625,0.6555252887201914,0.0,1.0,1.0,0.35376130774403836,0.35376130774403836,0.4245135692928459,0.4245135692928459,,0.998046875
278,0.4000000000000001,0.20000000000000004,0.14999999999999997,0.10000000000000002,0.14999999999999997,1.1999999999999997,0.25,0.6702343932755643,0.0,1.0,1.0,0.25,0.6702343932755643,0.0,1.0,1.0,0.33404687865511296,0.33404687865511296,0.4008562543861355,0.4008562543861355,,1.0
282,0.4000000000000001,0.20000000000000004,0.14999999999999997,0.10000000000000002,0.14999999999999997,1.1999999999999997,0.21875,0.666375350391383,0.0,0.9375,1.0,0.21875,0.666375350391383,0.0,0.9375,1.0,0.3145250700782767,0.3145250700782767,0.3774300840939319,0.3774300840939319,,1.0
283,0.4000000000000001,0.20000000000000004,0.14999999999999997,0.10000000000000002,0.14999999999999997,1.1999999999999997,0.21875,0.6675051216852775,0.0,0.9583333333333333,1.0,0.21875,0.6675051216852775,0.0,0.9583333333333333,1.0,0.31683435767038887,0.31683435767038887,0.38020122920446653,0.38020122920446653,,1.0
279,0.4000000000000001,0.20000000000000004,0.14999999999999997,0.10000000000000002,0.14999999999999997,1.1999999999999997,0.21875,0.63809020934701,0.0,0.96875,1.0,0.21875,0.63809020934701,0.0,0.96875,1.0,0.311993041869402,0.311993041869402,0.37439165024328247,0.37439165024328247,,1.0
284,0.4000000000000001,0.20000000000000004,0.14999999999999997,0.10000000000000002,0.14999999999999997,1.1999999999999997,0.15625,0.5461688219306635,0.0,0.998046875,1.0,0.15625,0.5461688219306635,0.0,0.998046875,1.0,0.27153845188613274,0.27153845188613274,0.32584614226335923,0.32584614226335923,,0.998046875
280,0.4000000000000001,0.20000000000000004,0.14999999999999997,0.10000000000000002,0.14999999999999997,1.1999999999999997,0.333984375,0.6991305284173033,0.0,1.0,1.0,0.333984375,0.6991305284173033,0.0,1.0,1.0,0.3734198556834607,0.3734198556834607,0.4481038268201528,0.4481038268201528,,1.0
285,0.4000000000000001,0.20000000000000004,0.14999999999999997,0.10000000000000002,0.14999999999999997,1.1999999999999997,0.1875,0.6015253815284478,0.0,0.8671875,1.0,0.1875,0.6015253815284478,0.0,0.8671875,1.0,0.2820238263056896,0.2820238263056896,0.3384285915668275,0.3384285915668275,,1.0
281,0.4000000000000001,0.20000000000000004,0.14999999999999997,0.10000000000000002,0.14999999999999997,1.1999999999999997,0.28125,0.6599483801266148,0.0,1.0,1.0,0.28125,0.6599483801266148,0.0,1.0,1.0,0.344489676025323,0.344489676025323,0.4133876112303875,0.4133876112303875,,0.998046875
286,0.4000000000000001,0.20000000000000004,0.14999999999999997,0.10000000000000002,0.14999999999999997,1.1999999999999997,0.125,0.6148371387135766,0.0,1.0,1.0,0.125,0.6148371387135766,0.0,1.0,1.0,0.2729674277427153,0.2729674277427153,0.32756091329125836,0.32756091329125836,,1.0
287,0.4000000000000001,0.20000000000000004,0.14999999999999997,0.10000000000000002,0.14999999999999997,1.1999999999999997,0.2890625,0.6715434918187336,0.0,0.9375,1.0,0.2890625,0.6715434918187336,0.0,0.9375,1.0,0.3436836983637468,0.3436836983637468,0.41242043803649603,0.41242043803649603,,1.0
282,0.4000000000000001,0.20000000000000004,0.14999999999999997,0.10000000000000002,0.14999999999999997,1.1999999999999997,0.251953125,0.6734389488410972,0.0,0.9375,1.0,0.251953125,0.6734389488410972,0.0,0.9375,1.0,0.32921903976821953,0.32921903976821953,0.39506284772186334,0.39506284772186334,,0.998046875
283,0.4000000000000001,0.20000000000000004,0.14999999999999997,0.10000000000000002,0.14999999999999997,1.1999999999999997,0.25,0.6938336033485457,0.0,0.9680989583333333,1.0,0.25,0.6938336033485457,0.0,0.9680989583333333,1.0,0.3355766165030425,0.3355766165030425,0.402691939803651,0.402691939803651,,1.0
288,0.4000000000000001,0.20000000000000004,0.14999999999999997,0.10000000000000002,0.14999999999999997,1.1999999999999997,0.28125,0.6236273216768174,0.0,1.0,1.0,0.28125,0.6236273216768174,0.0,1.0,1.0,0.3372254643353635,0.3372254643353635,0.4046705572024362,0.4046705572024362,,1.0
284,0.4000000000000001,0.20000000000000004,0.14999999999999997,0.10000000000000002,0.14999999999999997,1.1999999999999997,0.166015625,0.5889525539305711,0.0,1.0,1.0,0.166015625,0.5889525539305711,0.0,1.0,1.0,0.2841967607861143,0.2841967607861143,0.3410361129433371,0.3410361129433371,,1.0
289,0.4000000000000001,0.20000000000000004,0.14999999999999997,0.10000000000000002,0.14999999999999997,1.1999999999999997,0.359375,0.6658697242555559,0.0,0.96875,1.0,0.359375,0.6658697242555559,0.0,0.96875,1.0,0.3737989448511112,0.3737989448511112,0.4485587338213334,0.4485587338213334,,1.0
285,0.4000000000000001,0.20000000000000004,0.14999999999999997,0.10000000000000002,0.14999999999999997,1.1999999999999997,0.21875,0.620771122017227,0.0,0.896484375,1.0,0.21875,0.620771122017227,0.0,0.896484375,1.0,0.3013026619034454,0.3013026619034454,0.3615631942841344,0.3615631942841344,,1.0
290,0.4000000000000001,0.20000000000000004,0.14999999999999997,0.10000000000000002,0.14999999999999997,1.1999999999999997,0.126953125,0.5390837090988747,0.0,0.90625,1.0,0.126953125,0.5390837090988747,0.0,0.90625,1.0,0.24922299181977495,0.24922299181977495,0.29906759018372997,0.29906759018372997,,1.0
291,0.4000000000000001,0.20000000000000004,0.14999999999999997,0.10000000000000002,0.14999999999999997,1.1999999999999997,0.09765625,0.5828864592206084,0.0,0.96875,1.0,0.09765625,0.5828864592206084,0.0,0.96875,1.0,0.25251479184412173,0.25251479184412173,0.30301775021294597,0.30301775021294597,,1.0
286,0.4000000000000001,0.20000000000000004,0.14999999999999997,0.10000000000000002,0.14999999999999997,1.1999999999999997,0.125,0.6416885475446081,0.0,1.0,1.0,0.125,0.6416885475446081,0.0,1.0,1.0,0.27833770950892167,0.27833770950892167,0.33400525141070597,0.33400525141070597,,1.0
292,0.4000000000000001,0.20000000000000004,0.14999999999999997,0.10000000000000002,0.14999999999999997,1.1999999999999997,0.1875,0.6793556345788623,0.0,1.0,1.0,0.1875,0.6793556345788623,0.0,1.0,1.0,0.31087112691577246,0.31087112691577246,0.37304535229892694,0.37304535229892694,,1.0
287,0.4000000000000001,0.20000000000000004,0.14999999999999997,0.10000000000000002,0.14999999999999997,1.1999999999999997,0.294921875,0.6655329318503898,0.0,0.9375,1.0,0.294921875,0.6655329318503898,0.0,0.9375,1.0,0.344825336370078,0.344825336370078,0.41379040364409353,0.41379040364409353,,1.0
288,0.4000000000000001,0.20000000000000004,0.14999999999999997,0.10000000000000002,0.14999999999999997,1.1999999999999997,0.255859375,0.6213022611230887,0.0,1.0,1.0,0.255859375,0.6213022611230887,0.0,1.0,1.0,0.32660420222461783,0.32660420222461783,0.3919250426695413,0.3919250426695413,,1.0
293,0.4000000000000001,0.20000000000000004,0.14999999999999997,0.10000000000000002,0.14999999999999997,1.1999999999999997,0.21875,0.5769362691800572,0.0,0.9791666666666666,1.0,0.21875,0.5769362691800572,0.0,0.9791666666666666,1.0,0.3008039205026782,0.3008039205026782,0.3609647046032137,0.3609647046032137,,1.0
294,0.4000000000000001,0.20000000000000004,0.14999999999999997,0.10000000000000002,0.14999999999999997,1.1999999999999997,0.125,0.5404950461929486,0.0,0.9375,1.0,0.125,0.5404950461929486,0.0,0.9375,1.0,0.25184900923858977,0.25184900923858977,0.30221881108630766,0.30221881108630766,,1.0
289,0.4000000000000001,0.20000000000000004,0.14999999999999997,0.10000000000000002,0.14999999999999997,1.1999999999999997,0.375,0.684672405703478,0.0,0.978515625,1.0,0.375,0.684672405703478,0.0,0.978515625,1.0,0.3847860436406957,0.3847860436406957,0.4617432523688347,0.4617432523688347,,0.998046875
290,0.4000000000000001,0.20000000000000004,0.14999999999999997,0.10000000000000002,0.14999999999999997,1.1999999999999997,0.14453125,0.6022296174016694,0.0,0.90625,1.0,0.14453125,0.6022296174016694,0.0,0.90625,1.0,0.2688834234803339,0.2688834234803339,0.3226601081764007,0.3226601081764007,,1.0
295,0.4000000000000001,0.20000000000000004,0.14999999999999997,0.10000000000000002,0.14999999999999997,1.1999999999999997,0.21875,0.6290498836610143,0.0,0.9375,1.0,0.21875,0.6290498836610143,0.0,0.9375,1.0,0.3070599767322029,0.3070599767322029,0.3684719720786434,0.3684719720786434,,0.9765625
291,0.4000000000000001,0.20000000000000004,0.14999999999999997,0.10000000000000002,0.14999999999999997,1.1999999999999997,0.080078125,0.5709494106397989,0.0,0.9710286458333334,1.0,0.080078125,0.5709494106397989,0.0,0.9710286458333334,1.0,0.24332399671129312,0.24332399671129312,0.29198879605355177,0.29198879605355177,,1.0
292,0.4000000000000001,0.20000000000000004,0.14999999999999997,0.10000000000000002,0.14999999999999997,1.1999999999999997,0.21875,0.7039515400752324,0.0,1.0,1.0,0.21875,0.7039515400752324,0.0,1.0,1.0,0.32829030801504655,0.32829030801504655,0.3939483696180558,0.3939483696180558,,1.0
296,0.4000000000000001,0.20000000000000004,0.14999999999999997,0.10000000000000002,0.14999999999999997,1.1999999999999997,0.25,0.6432585573050718,0.0,1.0,1.0,0.25,0.6432585573050718,0.0,1.0,1.0,0.3286517114610144,0.3286517114610144,0.3943820537532172,0.3943820537532172,,1.0
297,0.39999999999999997,0.19999999999999998,0.14999999999999997,0.09999999999999999,0.14999999999999997,1.1999999999999997,0.1,0.6123702028716531,0.0,1.0,1.0,0.1,0.6123702028716531,0.0,1.0,1.0,0.26247404057433066,0.26247404057433066,0.3149688486891967,0.3149688486891967,,1.0
293,0.4000000000000001,0.20000000000000004,0.14999999999999997,0.10000000000000002,0.14999999999999997,1.1999999999999997,0.189453125,0.5661447670222358,0.0,0.9791666666666666,1.0,0.189453125,0.5661447670222358,0.0,0.9791666666666666,1.0,0.2869268700711139,0.2869268700711139,0.34431224408533656,0.34431224408533656,,1.0
294,0.4000000000000001,0.20000000000000004,0.14999999999999997,0.10000000000000002,0.14999999999999997,1.1999999999999997,0.125,0.5388495737639858,0.0,0.9375,1.0,0.125,0.5388495737639858,0.0,0.9375,1.0,0.2515199147527971,0.2515199147527971,0.3018238977033566,0.3018238977033566,,1.0
295,0.4000000000000001,0.20000000000000004,0.14999999999999997,0.10000000000000002,0.14999999999999997,1.1999999999999997,0.21875,0.610765261614557,0.0,0.9443359375,1.0,0.21875,0.610765261614557,0.0,0.9443359375,1.0,0.3040866460729114,0.3040866460729114,0.36490397528749374,0.36490397528749374,,0.97265625
296,0.4000000000000001,0.20000000000000004,0.14999999999999997,0.10000000000000002,0.14999999999999997,1.1999999999999997,0.21875,0.6414621296991364,0.0,1.0,1.0,0.21875,0.6414621296991364,0.0,1.0,1.0,0.31579242593982737,0.31579242593982737,0.3789509111277928,0.3789509111277928,,1.0
297,0.39999999999999997,0.19999999999999998,0.14999999999999997,0.09999999999999999,0.14999999999999997,1.1999999999999997,0.1,0.6206919465481084,0.0,1.0,1.0,0.1,0.6206919465481084,0.0,1.0,1.0,0.2641383893096217,0.2641383893096217,0.316966067171546,0.316966067171546,,1.0
