trainer_probs/std,time/broadcast_weights,sequence_masked_low/min,time/step,perf/mfu,masked_mismatch_kl/mean,loss/median,is_masked_low/median,is_masked/min,inference_probs/mean,time/forward_backward,mismatch_kl/median,mismatch_kl/mean,masked_mismatch_kl/median,is_masked/median,optim/grad_norm,is_masked_high/mean,unmasked_mismatch_kl/mean,optim/lr,entropy/median,inference_probs/median,loss/max,loss/min,time/load_data,_runtime,is_masked/mean,mismatch_kl/std,mismatch_kl/min,trainer_probs/median,inference_probs/min,loss/mean,trainer_probs/max,is_masked_low/std,perf/throughput_per_gpu,sequence_masked_low/median,unmasked_mismatch_kl/min,is_masked/max,sequence_masked_low/mean,is_masked_low/max,sequence_masked_low/std,entropy/max,trainer_probs/mean,unmasked_mismatch_kl/max,perf/peak_memory,_timestamp,loss/std,mismatch_kl/max,time/save_weights,sequence_masked_low/max,inference_probs/std,time/save_ckpt,_step,is_masked_high/max,is_masked_high/min,is_masked_low/mean,time/wait_for_batch,is_masked_low/min,entropy/mean,unmasked_mismatch_kl/std,unmasked_mismatch_kl/median,masked_mismatch_kl/max,trainer_probs/min,is_masked_high/median,entropy/std,perf/throughput,step,inference_probs/max,is_masked_high/std,entropy/min,masked_mismatch_kl/min,masked_mismatch_kl/std,is_masked/std
0.35410454869270325,0.0,0,18.94516634941101,0.0,0.0,3.6423318761080736e-06,0,0,0.6342189311981201,12.73644757270813,0.0010152519680559635,0.0010282046860083938,0.0,0,0.004226722754538059,0.0,0.0010282046860083938,1e-06,0.774810791015625,0.7422266006469727,0.00024968452635221183,-0.0002901616389863193,0.008199691772460938,34.749113208,0.0,0.00023529589816462249,0,0.7428298592567444,2.5945144699335287e-08,9.264922482543625e-06,1,0.0,0.0,0,0.0,0,0,0,0,7.021622657775879,0.6339759826660156,0.00215996615588665,5.4453125,1762700990.4021788,7.761239976389334e-05,0.00215996615588665,0.0,0,0.35397520661354065,0.0,0,0,0,0.0,6.000772953033447,0,0.9309959411621094,0.00023529589816462249,0.0010152519680559635,0.0,2.4871424031402967e-08,0,0.8895789384841919,0.0,0,1,0.0,0,0,0.0,0.0
0.35611599683761597,0.8828177452087402,0,9.115480184555054,5.053505711370328,0.0,4.9180002861248795e-06,0,0,0.6291335225105286,9.08027720451355,0.0010553703177720308,0.0010465733939781785,0.0,0,0.003737866645678878,0.0,0.0010465733939781785,1e-06,0.7835922241210938,0.7362937331199646,0.00026002642698585987,-0.00020452802709769458,0.006453514099121094,43.758409492,0.0,0.0002739242045208812,0,0.7363078594207764,3.9503110116356766e-08,1.1226538845221512e-05,1,0.0,3855.0555357758158,0,0.0,0,0,0,0,7.344631195068359,0.6289715766906738,0.0020235527772456408,6.287109375,1762701000.411128,7.31421823729761e-05,0.0020235527772456408,0.8828177452087402,0,0.3559758961200714,0.0,1,0,0,0.0,0.000102996826171875,0,0.9515867233276367,0.0002739242045208812,0.0010553703177720308,0.0,3.841962481487826e-08,0,0.9222344756126404,15420.222143103263,1,1,0.0,0,0,0.0,0.0
0.3563538193702698,0.7170560359954834,0,8.274520635604858,5.179604802865548,0.0,4.4394969336281065e-06,0,0,0.6346797943115234,8.241981983184814,0.0010151254246011376,0.001024736906401813,0.0,0,0.007751778233796358,0.0,0.001024736906401813,1e-06,0.7680244445800781,0.7454688549041748,0.0009588254615664482,-0.0009612455032765865,0.007161378860473633,55.081859117,0.0,0.00022028815874364227,0,0.746086061000824,3.0426818398154865e-08,1.1356803952367045e-05,1,0.0,3951.249945852603,0,0.0,0,0,0,0,7.484387397766113,0.6344019174575806,0.0017100012628361583,8.8828125,1762701009.432899,0.0001997831859625876,0.0017100012628361583,0.7170560359954834,0,0.3561899960041046,0.0,2,0,0,0.0,0.0001289844512939453,0,0.9403501152992249,0.00022028815874364227,0.0010151254246011376,0.0,3.138506698974197e-08,0,0.9291890859603882,15804.999783410412,2,1,0.0,0,0,0.0,0.0
0.35729318857192993,0.8477017879486084,0,10.4541175365448,4.918640799095876,0.0,3.114756054856116e-06,0,0,0.6208961606025696,9.41968059539795,0.0011209598742425442,0.0011014384217560291,0.0,0,0.009014441631734371,0.0,0.0011014384217560291,1e-06,0.8205204010009766,0.7170204520225525,0.0009256867342628539,-0.00047613828792236745,0.0075473785400390625,64.740721703,0.0,0.0002507276658434421,0,0.7166532874107361,2.102589213848205e-08,2.848107942554634e-05,1,0.0,3752.1741389119015,0,0.0,0,0,0,0,7.45841646194458,0.6206666231155396,0.0017257289728149772,11.49609375,1762701020.753479,0.00018892808293458074,0.0017257289728149772,0.8477017879486084,0,0.35715627670288086,0.0,3,0,0,0.0,1.0002343654632568,0,0.9804284572601318,0.0002507276658434421,0.0011209598742425442,0.0,2.3563156759109916e-08,0,0.9319183230400085,15008.696555647606,3,1,0.0,0,0,0.0,0.0
0.3552360236644745,0.7417147159576416,0,8.898537874221802,4.819343732159892,0.0,6.461435987148434e-06,0,0,0.6239463090896606,8.86799430847168,0.0010678841499611735,0.0010711101349443197,0.0,0,0.00731405196711421,0.0,0.0010711101349443197,1e-06,0.8077564239501953,0.7215569615364075,0.0005788281559944153,-0.0007487916736863554,0.006569623947143555,72.833763497,0.0,0.0002443107368890196,0,0.7218904495239258,3.27907301311825e-08,1.8103517504641786e-05,1,0.0,3676.4255933593395,0,0.0,0,0,0,0,7.458923816680908,0.6237767338752747,0.00175026326905936,11.49609375,1762701030.4128468,0.00018360576359555125,0.00175026326905936,0.7417147159576416,0,0.355040043592453,0.0,4,0,0,0.0,0.00012564659118652344,0,0.9727597832679749,0.0002443107368890196,0.0010678841499611735,0.0,3.1520528409600956e-08,0,0.9378335475921631,14705.702373437358,4,1,0.0,0,0,0.0,0.0
0.3561611771583557,0.6626002788543701,0,7.4213902950286865,4.936636850027557,0.0,2.9872453524149023e-06,0,0,0.6288621425628662,7.389052867889404,0.001197461155243218,0.0012370500480756164,0.0,0,0.0059173512272536755,0.0,0.0012370500480756164,1e-06,0.7913265228271484,0.7340283989906311,0.00045186348143033683,-0.0004267230397090316,0.0064775943756103516,83.96049954,0.0,0.0002849804295692593,0,0.7344917058944702,2.8492884496245097e-08,1.9986697225249372e-05,1,0.0,3765.902386138413,0,0.0,0,0,0,0,7.512292861938477,0.628706157207489,0.002567409770563245,11.49609375,1762701038.5134573,0.00013654923532158136,0.002567409770563245,0.6626002788543701,0,0.3559788167476654,0.0,5,0,0,0.0,0.00015854835510253906,0,0.9595276713371277,0.0002849804295692593,0.001197461155243218,0.0,2.7148304937441026e-08,0,0.9367192387580872,15063.609544553652,5,1,0.0,0,0,0.0,0.0
0.35636797547340393,0.8029870986938477,0,10.304591417312622,4.82804301330658,0.0,6.8173944782756735e-06,0,0,0.6336770057678223,9.27090072631836,0.0011926504084840417,0.0012120811734348536,0.0,0,0.005349102895706892,0.0,0.0012120811734348536,1e-06,0.7637367248535156,0.7464649081230164,0.0007433078717440367,-0.00032077543437480927,0.0070781707763671875,93.042364219,0.0,0.00030492740916088223,0,0.7459715604782104,2.00222185497978e-08,1.1254195669607725e-05,1,0.0,3683.0618205365154,0,0.0,0,0,0,0,7.598064422607422,0.6335572600364685,0.002621145686134696,11.49609375,1762701049.6349993,0.0001221528509631753,0.002621145686134696,0.8029870986938477,0,0.35614386200904846,0.0,6,0,0,0.0,1.0002117156982422,0,0.938726007938385,0.00030492740916088223,0.0011926504084840417,0.0,1.722100151368977e-08,0,0.9205960035324097,14732.247282146061,6,1,0.0,0,0,0.0,0.0
0.3561248481273651,0.7431902885437012,0,8.317074060440063,4.849472530198246,0.004638083279132843,3.5654622934089275e-06,0,0,0.6317077279090881,8.277376651763916,0.0012415918754413724,0.0012862704461440444,0.0,0,0.006981974001973867,0.0,0.001276639522984624,1e-06,0.7760982513427734,0.7415571808815002,0.0009614425944164395,-0.00033170898677781224,0.013065338134765625,104.245383108,9.470414624956902e-06,0.0004154405032750219,0,0.7411017417907715,2.0159749425374685e-08,2.6300924218958244e-05,1,0.0030774041078984737,3699.409279595747,0,0.0,1,0,1,0,7.74334716796875,0.6316573619842529,0.003676434513181448,11.49609375,1762701058.7114325,0.00015295101911760867,0.00396036496385932,0.7431902885437012,0,0.35592082142829895,0.0,7,0,0,9.470414624956902e-06,0.0001544952392578125,0,0.9424854516983032,0.00038078887155279517,0.0012415918754413724,1.2059016227722168,2.221793593548682e-08,0,0.916358232498169,14797.637118382989,7,1,0.0,0,0,0.07478684186935425,0.0030774041078984737
0.35605329275131226,0.7485935688018799,0,10.433074235916138,4.792855114320063,0.0,7.282795195351355e-06,0,0,0.6372522711753845,9.398760557174683,0.0013519999338313937,0.0013492421712726355,0.0,0,0.006663432810455561,0.0,0.0013492421712726355,1e-06,0.7512092590332031,0.752379834651947,0.0005575355025939643,-0.0012078669387847185,0.008294343948364258,115.006141426,0.0,0.00040963408537209034,0,0.7538475394248962,1.967574192462962e-08,1.5296263882191852e-05,1,0.0,3656.218810450452,0,0.0,0,0,0,0,8.200334548950195,0.6372910141944885,0.0031236077193170786,11.49609375,1762701069.9170556,0.00015879372949711978,0.0031236077193170786,0.7485935688018799,0,0.3558237552642822,0.0,8,0,0,0.0,1.0002360343933105,0,0.9304200410842896,0.00040963408537209034,0.0013519999338313937,0.0,1.8481570052131246e-08,0,0.9236353039741516,14624.875241801808,8,1,0.0,0,0,0.0,0.0
0.35513943433761597,0.9757394790649414,0,9.71410083770752,4.7637828060152225,0.0,6.186098289617803e-06,0,0,0.6256430745124817,9.67695665359497,0.0015364271821454167,0.001600239658728242,0.0,0,0.004486377816647291,0.0,0.001600239658728242,1e-06,0.8019065856933594,0.7257297039031982,0.0003160824126098305,-0.00029740590252913535,0.008217811584472656,123.524132223,0.0,0.0005670016980729997,0,0.7267336845397949,3.6583283957725143e-08,1.175239412987139e-05,1,0.0,3634.0410650456756,0,0.0,0,0,0,0,7.292070388793945,0.6256743669509888,0.005353202112019062,11.49609375,1762701080.6260114,9.740217501530424e-05,0.005353202112019062,0.9757394790649414,0,0.3548086881637573,0.0,9,0,0,0.0,0.00014710426330566406,0,0.9558125734329224,0.0005670016980729997,0.0015364271821454167,0.0,3.812471405240103e-08,0,0.8989490270614624,14536.164260182702,9,1,0.0,0,0,0.0,0.0
0.35460132360458374,0.45952463150024414,0,8.041335344314575,4.780495446442135,0.0,5.384196811064612e-06,0,0,0.6334458589553833,8.00948452949524,0.0017320342594757676,0.0018628957914188504,0.0,0,0.005621733143925667,0.0,0.0018628957914188504,1e-06,0.7696590423583984,0.7419619560241699,0.0008723417413420975,-0.00026322377379983664,0.006945610046386719,132.962791757,0.0,0.0009985759388655424,0,0.7429302334785461,1.6082076115253585e-08,1.4403737623069901e-05,1,0.0,3646.790265437443,0,0.0,0,0,0,0,7.4483642578125,0.6335384845733643,0.011557944118976593,11.498046875,1762701089.1982684,0.0001273924281122163,0.011557944118976593,0.45952463150024414,0,0.3542090952396393,0.0,10,0,0,0.0,0.0001895427703857422,0,0.9318459630012512,0.0009985759388655424,0.0017320342594757676,0.0,1.8159916237436846e-08,0,0.9017359614372253,14587.161061749772,10,1,0.0,0,0,0.0,0.0
0.3540472984313965,0.838294506072998,0,8.589163780212402,4.684213550531822,0.0,5.262188551569125e-06,0,0,0.6257884502410889,8.559950828552246,0.002060949569568038,0.00217048148624599,0.0,0,0.005687624681740999,0.0,0.00217048148624599,1e-06,0.7953014373779297,0.7246562838554382,0.0004767049103975296,-0.00032111621112562716,0.006043195724487305,142.191600156,0.0,0.0010081182699650526,0,0.7253545522689819,2.6142352282931824e-08,2.0938572561135516e-05,1,0.0,3573.3418363619767,0,0.0,0,0,0,0,7.247978210449219,0.625946044921875,0.009597319178283215,11.498046875,1762701098.643105,0.00011357441690051928,0.009597319178283215,0.838294506072998,0,0.3535904884338379,0.0,11,0,0,0.0,0.0001552104949951172,0,0.9460785984992981,0.0010081182699650526,0.002060949569568038,0.0,2.4212564397885217e-08,0,0.889134407043457,14293.367345447907,11,1,0.0,0,0,0.0,0.0
0.35620808601379395,0.6593670845031738,0,8.555036306381226,4.8141651242760695,0.0,1.6578910617681686e-06,0,0,0.6407827138900757,8.524468898773193,0.001986205577850342,0.0021372688934206963,0.0,0,0.009584495797753334,0.0,0.0021372688934206963,1e-06,0.7382335662841797,0.7608019709587097,0.0008257873705588281,-0.0011360065545886755,0.006491184234619141,151.608507662,0.0,0.0011775561142712831,0,0.762734591960907,4.487145233156298e-08,1.0868125173146836e-05,1,0.0,3672.4751039109506,0,0.0,0,0,0,0,7.321082592010498,0.6410432457923889,0.013493554666638374,11.498046875,1762701107.8677287,0.00022489530965685844,0.013493554666638374,0.6593670845031738,0,0.3557432293891907,0.0,12,0,0,0.0,8.678436279296875e-05,0,0.9251013994216919,0.0011775561142712831,0.001986205577850342,0.0,4.341564618925986e-08,0,0.931535542011261,14689.900415643802,12,1,0.0,0,0,0.0,0.0
0.35409268736839294,0.7645566463470459,0,8.643881797790527,4.886179427373153,0.005617211572825909,2.549481905589346e-05,0,0,0.6384127140045166,8.610774755477905,0.002442230936139822,0.0027388143353164196,0.0,0,0.01370712835341692,0.0,0.002721825847402215,1e-06,0.750701904296875,0.751647412776947,0.0009117922163568437,-0.0016286151949316263,0.006399869918823242,160.721797281,9.77937725110678e-06,0.0015003141015768051,0,0.7532167434692383,3.3346264416422855e-08,1.8486714907339774e-05,1,0.003127199597656727,3727.4110540543943,0,0.0,1,0,1,0,7.885200500488281,0.6387239098548889,0.010190379805862904,11.498046875,1762701117.2852023,0.0002923117426689714,0.010190379805862904,0.7645566463470459,0,0.35359394550323486,0.0,13,0,0,9.77937725110678e-06,0.00012421607971191406,0,0.9112944602966309,0.001472706557251513,0.002442230936139822,1.4829437732696533,3.5253204799801097e-08,0,0.881391167640686,14909.644216217577,13,1,0.0,0,0,0.0912688747048378,0.003127199597656727
0.3555276095867157,0.6624650955200195,0,8.369579076766968,4.7930573112747865,0.03064906783401966,1.7097434465540573e-05,0,0,0.6343093514442444,8.33663034439087,0.002829120494425297,0.0032787732779979706,0.0,0,0.014525002799928188,1.027886537485756e-05,0.0031586128752678633,1e-06,0.7595291137695312,0.7451165318489075,0.0016421399777755141,-0.0013226548908278346,0.005677223205566406,168.428661801,1.027886537485756e-05,0.002476853784173727,0,0.7480261325836182,3.046165986120286e-08,3.561336052371189e-05,1,0.0,3656.3730559453907,0,0.0,1,0,0,0,7.331974029541016,0.6346184611320496,0.01523519866168499,11.498046875,1762701126.3313413,0.0003312080225441605,0.033357709646224976,0.6624650955200195,0,0.35471224784851074,0.0,14,1,0,0.0,8.869171142578125e-05,0,0.9212446212768555,0.0016224415739998221,0.00282266759313643,7.968757629394531,2.9762542652633783e-08,0,0.8906718492507935,14625.492223781563,14,1,0.003206067020073533,0,0,0.4942013919353485,0.003206067020073533
0.35553449392318726,0.5887677669525146,0,7.111724376678467,4.86962005990358,0.10551103204488754,7.3317974056408275e-06,0,0,0.6380165815353394,7.079981565475464,0.0030643015634268522,0.0037552344147115946,0.0,0,0.010648406110703945,1.0629139069351368e-05,0.0034686473663896322,1e-06,0.7439441680908203,0.7524661421775818,0.0012071551755070686,-0.0005223611369729042,0.0053386688232421875,178.460813483,6.37748307781294e-05,0.0035709484945982695,0,0.7548354864120483,2.0554347557322217e-08,1.0625337381497957e-05,1,0.007289954926818609,3714.7787775955217,0,0.0,1,0,1,0,7.230077743530273,0.6383306980133057,0.01573726162314415,11.498046875,1762701134.1145258,0.0002342652587685734,0.050375573337078094,0.5887677669525146,0,0.354648619890213,0.0,15,1,0,5.314569716574624e-05,9.894371032714844e-05,0,0.9273574948310852,0.001864318153820932,0.0030566900968551636,20.439977645874023,2.0793937238750004e-08,0,0.9320273399353027,14859.115110382087,15,1,0.0032602360006421804,0,0,1.2809276580810547,0.007985702715814114
0.35531511902809143,0.8460121154785156,0,9.163754940032959,4.765520362003251,0.026277927681803703,8.72860437084455e-06,0,0,0.6368851661682129,8.134241342544556,0.0035185660235583782,0.00385165773332119,0.0,0,0.007574110757559538,1.0960826330119744e-05,0.003782722633332014,1e-06,0.7410736083984375,0.7513011693954468,0.00044678253470920026,-0.00038939129444770515,0.006133556365966797,185.586479721,2.1921652660239488e-05,0.0023076063953340054,0,0.7536858916282654,2.6080595461053235e-08,3.0368630177690648e-05,1,0.003310713917016983,3635.3665557471695,0,0.0,1,0,1,0,7.3888044357299805,0.6371749043464661,0.01657184585928917,11.498046875,1762701144.138131,0.00013727645273320377,0.01739545539021492,0.8460121154785156,0,0.3544589579105377,0.0,16,1,0,1.0960826330119744e-05,1.0001683235168457,0,0.9154197573661804,0.002133494010195136,0.003504459746181965,5.68580961227417,2.681058042242057e-08,0,0.89571213722229,14541.466222988678,16,1,0.003310713917016983,0,0,0.35802873969078064,0.0046820309944450855
0.35620734095573425,0.6199862957000732,0,6.483656406402588,4.884805428229715,0.12745222449302673,1.4442934116232209e-05,0,0,0.6405923962593079,6.454605340957642,0.003956055734306574,0.004870470147579908,0.0,0,0.0072697303257882595,2.3571285055368207e-05,0.004328340757638216,1e-06,0.7279033660888672,0.7585541009902954,0.0004567389260046184,-0.0005827881395816803,0.004908561706542969,195.420990646,7.071385334711522e-05,0.006838660687208176,0,0.762121319770813,2.2045538727866187e-08,3.7270809116307646e-05,1,0.006865923758596182,3726.362901879134,0,0.0,1,0,1,0,8.324735641479492,0.6410894393920898,0.014827321283519268,11.498046875,1762701151.256285,0.00016067351680248976,0.1068573147058487,0.6199862957000732,0,0.3551936447620392,0.0,17,1,0,4.7142570110736415e-05,5.793571472167969e-05,0,0.920410692691803,0.002170862862840295,0.0038217685651034117,23.333383560180664,2.0656177213140836e-08,0,0.9417495131492615,14905.451607516536,17,1,0.004854998551309109,0,0,1.4794230461120605,0.008408905938267708
0.35667726397514343,0.7653496265411377,0,9.066651105880737,4.836726559704495,0.16960318386554718,0.0,0,0,0.6479987502098083,7.978414535522461,0.004674076568335295,0.005401840433478355,0.0,0,0.00790717825293541,1.0556540473771747e-05,0.004857403691858053,1e-06,0.7098503112792969,0.7766351699829102,0.0004556439525913447,-0.00027297690394334495,0.006079196929931641,203.58654669,0.0002216873544966802,0.0038421209901571274,0,0.7788455486297607,1.52710804002254e-08,3.797374665737152e-05,1,0.01452888548374176,3689.6860444957624,0,0.0,1,0,1,0,9.10047721862793,0.6483258605003357,0.021730586886405945,11.498046875,1762701161.099091,0.00016446079825982451,0.043374836444854736,0.7653496265411377,0,0.3556321859359741,0.0,18,1,0,0.00021113081311341375,1.000218152999878,0,0.8988113403320312,0.0025970309507101774,0.0045911227352917194,10.787251472473145,1.5379967521766957e-08,0,0.9231393337249756,14758.74417798305,18,1,0.0032490831799805164,0,0,0.8029006123542786,0.014887597411870956
0.3546087443828583,0.7233397960662842,0,7.425273180007935,4.792350970777337,0.23826104402542114,1.2894885003333911e-05,0,0,0.6412619948387146,7.396329879760742,0.00595255009829998,0.0068781496956944466,0.0,0,0.008599163964390755,3.2339434255845845e-05,0.006221216171979904,1e-06,0.7354393005371094,0.7564215064048767,0.0005501294508576393,-0.0007175928330980241,0.0054302215576171875,212.959633226,0.00020481641695369035,0.005034950096160173,0,0.7608131170272827,2.2229210472346494e-08,3.609361010603607e-05,1,0.013131988234817982,3655.8342256757996,0,0.0,1,0,1,0,7.628511905670166,0.6413281559944153,0.020856358110904694,11.498046875,1762701169.2616537,0.00017981696873903275,0.061921559274196625,0.7233397960662842,0,0.3531695306301117,0.0,19,1,0,0.0001724769826978445,7.128715515136719e-05,0,0.9027055501937866,0.003026568563655019,0.00567677803337574,18.69065284729004,2.179181812778097e-08,0,0.8888615369796753,14623.336902703199,19,1,0.005686716176569462,0,0,1.384731650352478,0.014310020953416824
0.3556296229362488,0.8442797660827637,0,8.501827955245972,4.747416810389264,0.23832860589027405,7.799823833920527e-06,0,0,0.6479301452636719,7.472947120666504,0.006927701644599438,0.007492811419069767,0.0,0,0.003600255586206913,0.0,0.006695819087326527,1e-06,0.6992511749267578,0.7732576727867126,0.0005263543571345508,-0.00019782349409069866,0.006203889846801758,220.32969591,0.0004343453038018197,0.004531745333224535,0,0.7769656777381897,2.909666996231408e-08,1.4022271898284089e-05,1,0.020836545154452324,3621.5563018654584,0,0.0,1,0,1,0,8.049630165100098,0.6482688188552856,0.023665180429816246,11.498046875,1762701178.6184175,9.881639562081546e-05,0.026187725365161896,0.8442797660827637,0,0.35406094789505005,0.0,20,0,0,0.0004343453038018197,1.0001907348632812,0,0.8900590538978577,0.003801944199949503,0.006222081370651722,2.81858491897583,2.3145208416508467e-08,0,0.927300751209259,14486.225207461834,20,1,0.0,0,0,0.6276946067810059,0.020836545154452324
0.3523169159889221,0.6285953521728516,0,6.752158880233765,4.696533510805382,0.8432307243347168,9.945404599420726e-06,0,0,0.6560503840446472,6.724968671798706,0.0088970260694623,0.010544964112341404,0.0,0,0.008156510069966316,2.4516713892808184e-05,0.007996243424713612,1e-06,0.6791133880615234,0.7853090167045593,0.0011107338359579444,-0.0005666298675350845,0.005045175552368164,229.699088515,0.0007355014095082879,0.015147567726671696,0,0.7900605797767639,5.6573828288719596e-08,1.467077436245745e-05,1,0.026654979214072227,3582.740090517753,0,0.0,1,0,1,0,7.0338897705078125,0.6562215685844421,0.028015049174427986,11.498046875,1762701186.0096135,0.00021552144607994705,0.23441900312900543,0.6285953521728516,0,0.3504079282283783,0.0,21,1,0,0.0007109846919775009,8.940696716308594e-05,0,0.8505656123161316,0.004046726040542126,0.0077087427489459515,103.9024429321289,5.1300645509400056e-08,0,0.867320716381073,14330.960362071011,21,1,0.004951405338943005,0,0,6.5051984786987305,0.027110321447253227
0.35509994626045227,0.8144981861114502,0,8.524896621704102,4.557315726274433,0.7042533159255981,9.357371709484141e-06,0,0,0.6416444778442383,7.495786666870117,0.009425491094589233,0.011271866969764233,0.0,0,0.0072294664569199085,5.668227458954789e-05,0.008848931640386581,1e-06,0.7295360565185547,0.7602037787437439,0.0007168719312176108,-0.0003342143027111888,0.0060825347900390625,237.514724662,0.0009522621985524893,0.0076355403289198875,0,0.7633876800537109,5.8288346593826645e-08,2.627714457048569e-05,1,0.029913008213043213,3476.5381147829817,0,0.0,1,0,1,0,7.882144927978516,0.6416934132575989,0.03000575676560402,11.498046875,1762701195.3580816,0.0001652190985623747,0.058321889489889145,0.8144981861114502,0,0.3532547652721405,0.0,22,1,0,0.0008955799276009202,1.000206708908081,0,0.9011397361755371,0.004579402040690184,0.00797595176845789,17.152795791625977,4.99756787064598e-08,0,0.8991986513137817,13906.152459131927,22,1,0.007528592832386494,0,0,1.732085108757019,0.030844224616885185
0.35546812415122986,0.722693920135498,0,7.1002278327941895,4.604738188226607,0.6012715697288513,2.7089390641776845e-06,0,0,0.6496190428733826,7.072854280471802,0.011095505207777023,0.012785278260707855,0.0,0,0.015080162324011326,4.651757626561448e-05,0.010381102561950684,1e-06,0.6952190399169922,0.7767666578292847,0.0011060110991820693,-0.000627651228569448,0.005157947540283203,246.208966945,0.0008489457541145384,0.008244285359978676,0,0.7818899154663086,2.035743307260418e-08,3.724527414306067e-05,1,0.028315961360931396,3512.714233879378,0,0.0,1,0,1,0,7.919411659240723,0.6494197845458984,0.031350601464509964,11.498046875,1762701203.1948354,0.0003094300627708435,0.07863599807024002,0.722693920135498,0,0.3530786633491516,0.0,23,1,0,0.0008024281705729663,6.461143493652344e-05,0,0.8832859396934509,0.00492820655927062,0.009891866706311703,9.2608003616333,1.4706629691829676e-08,0,0.9087640047073364,14050.856935517511,23,1,0.006820261012762785,0,0,1.2682760953903198,0.02912447229027748
0.3544626832008362,0.8564786911010742,0,7.829320669174194,4.5009349553831655,0.8206437826156616,2.2176487618708052e-05,0,0,0.6482880711555481,6.804152727127075,0.012510220520198345,0.014324779622256756,0.0,0,0.010011092759668827,6.655573815805838e-05,0.011159410700201988,1e-06,0.6983070373535156,0.7708831429481506,0.0006517648580484092,-0.0005791597650386393,0.006027698516845703,253.353095976,0.0012645591050386429,0.009556752629578114,0,0.775968611240387,1.106972735698264e-08,2.813750325003639e-05,1,0.0345916785299778,3433.5281697369815,0,0.0,1,0,1,0,7.154628753662109,0.6481920480728149,0.032319873571395874,11.498046875,1762701211.8903518,0.00019276652892585844,0.0638604462146759,0.8564786911010742,0,0.3517684042453766,0.0,24,1,0,0.001198003301396966,1.0002033710479736,0,0.8639650940895081,0.005908664781600237,0.010715833865106106,13.949851989746094,1.3291021616623766e-08,0,0.8603507876396179,13734.112678947926,24,1,0.00815795361995697,0,0,1.7583035230636597,0.035538386553525925
0.3536730110645294,0.44382739067077637,0,6.6705238819122314,4.607670160994209,0.9986762404441833,8.227269972849172e-06,0,0,0.6587039232254028,6.645154237747192,0.015431572683155537,0.01812523417174816,0.0,0,0.014325994066894054,2.5434614144614898e-05,0.013679107651114464,1e-06,0.6566505432128906,0.7907657027244568,0.0007222522981464863,-0.000737414404284209,0.005095720291137695,260.994317201,0.0018185749650001526,0.012109448201954365,0,0.7962306141853333,2.3191960352164642e-08,4.193208224023692e-05,1,0.0423077754676342,3514.9508827512796,0,0.0,1,0,1,0,7.616137504577637,0.6583245396614075,0.04899114742875099,11.498046875,1762701219.0153854,0.00029200725839473307,0.10273538529872894,0.44382739067077637,0,0.3505772650241852,0.0,25,1,0,0.0017931403126567602,8.916854858398438e-05,0,0.8351659178733826,0.007655560504645109,0.012575504370033741,18.447011947631836,2.794561915209215e-08,0,0.857219934463501,14059.803531005118,25,1,0.00504324259236455,0,0,1.7023533582687378,0.042606230825185776
0.355398029088974,0.8050649166107178,0,6.8390631675720215,4.53487945611087,0.8250367641448975,3.520990503602661e-05,0,0,0.6549192667007446,6.8155436515808105,0.014474199153482914,0.01787590980529785,0.0,0,0.012590501457452774,5.27071715623606e-05,0.01399218663573265,1e-06,0.6718540191650391,0.7855234146118164,0.0009635990718379617,-0.0006379372207447886,0.005067110061645508,267.079801504,0.001383563270792365,0.013621277175843716,0,0.7916991710662842,3.774816192958497e-08,5.0463448133086786e-05,1,0.03645686060190201,3459.4226562406884,0,0.0,1,0,1,0,7.650885581970215,0.6543956398963928,0.04128977656364441,11.498046875,1762701226.6720943,0.0002892501070164144,0.10468466579914093,0.8050649166107178,0,0.3522500693798065,0.0,26,1,0,0.0013308561174198985,0.00014257431030273438,0,0.8647486567497253,0.006992315407842398,0.012796675786376,18.11038589477539,3.8526980716824255e-08,0,0.9066597819328308,13837.690624962754,26,1,0.007259827572852373,0,0,1.8309087753295898,0.037170786410570145
0.3548582196235657,0.5173604488372803,0,5.560248374938965,4.678351413768202,1.1299598217010498,3.9911096791911405e-06,0,0,0.6519709229469299,5.492724657058716,0.017020676285028458,0.020408228039741516,0.0,0,0.014980078674852848,4.593477206071839e-05,0.01421939767897129,1e-06,0.6722660064697266,0.7773572206497192,0.0010390750830993056,-0.0006520862807519734,0.047628164291381836,276.624154592,0.0022814269177615643,0.014873086474835873,0,0.7875310778617859,3.8060704810050083e-08,3.443910463829525e-05,1,0.04722847789525986,3568.8699184355323,0,0.0,1,0,1,0,7.256826400756836,0.6519460082054138,0.03744138404726982,11.498046875,1762701232.7586448,0.0002925781300291419,0.09237763285636902,0.5173604488372803,0,0.3510271906852722,0.0,27,1,0,0.0022354922257363796,0.00013446807861328125,0,0.8496496081352234,0.007098331116139889,0.01377165224403143,8.234272003173828,1.8876293861325166e-09,0,0.8752599358558655,14275.47967374213,27,1,0.006777415983378887,0,0,1.6285547018051147,0.04771013557910919
0.35353171825408936,0.847346305847168,0,8.68656873703003,4.493501692604504,1.178683876991272,3.4772403978422517e-06,0,0,0.6656070351600647,6.665856838226318,0.01964910514652729,0.022106103599071503,0.0,0,0.009269696660339832,4.3055813875980675e-05,0.016154401004314423,1e-06,0.6326236724853516,0.8043953776359558,0.0006213614251464605,-0.00044114497723057866,0.005311727523803711,282.678492766,0.002267606323584914,0.014125872403383255,0,0.8122933506965637,7.238991184266297e-09,3.374555672053248e-05,1,0.04711298644542694,3427.857721841913,0,0.0,1,0,1,0,6.931424140930176,0.6651452779769897,0.04402414336800575,11.498046875,1762701242.3049927,0.00021219115296844393,0.08735891431570053,0.847346305847168,0,0.3497663736343384,0.0,28,1,0,0.002224550349637866,2.000349283218384,0,0.8303400874137878,0.007695011794567108,0.01616755500435829,13.822254180908203,5.221284737899623e-09,0,0.8888640403747559,13711.430887367653,28,1,0.00656159920617938,0,0,1.7211201190948486,0.04756570979952812
0.35603976249694824,0.519582986831665,0,5.523080587387085,4.660553631542934,2.1116514205932617,3.502841718727723e-05,0,0,0.6548617482185364,5.500296354293823,0.02189548872411251,0.030987495556473732,0.0,0,0.0087366858497262,0.00012179897021269426,0.018520724028348923,1e-06,0.6609230041503906,0.7867622375488281,0.0006589503027498722,-0.0004927832633256912,0.004713535308837891,291.368719107,0.0029384002555161715,0.0734187662601471,0,0.7929026484489441,1.34263951068192e-08,2.6557820092421025e-05,1,0.052997272461652756,3555.2929200485155,0,0.0,1,0,1,0,7.701742172241211,0.6535356640815735,0.0560108907520771,11.498046875,1762701248.3566236,0.00020410168508533388,1.16572904586792,0.519582986831665,0,0.3514545261859894,0.0,29,1,0,0.002816601190716028,9.036064147949219e-05,0,0.8604840040206909,0.009614863432943821,0.01693420112133026,121.83452606201172,8.465450562766819e-09,0,0.9141662120819092,14221.171680194062,29,1,0.011035669595003128,0,0,9.015775680541992,0.054127730429172516
0.3551999032497406,0.7180156707763672,0,7.9624035358428955,4.4698642501472365,1.543939232826233,4.569246812025085e-06,0,0,0.6644462943077087,5.937687873840332,0.021832630038261414,0.027909256517887115,0.0,0,0.013400505296885967,5.72909957554657e-05,0.01891491189599037,1e-06,0.6296501159667969,0.8065686225891113,0.001356548978947103,-0.0009113324922509491,0.005188703536987305,298.885641293,0.002621063031256199,0.036843717098236084,0,0.814733624458313,2.1121314475180952e-08,4.367379005998373e-05,1,0.050569117069244385,3409.8259517003567,0,0.0,1,0,1,0,8.386999130249023,0.6633306741714478,0.05240480601787567,11.498046875,1762701257.046679,0.0003389185876585543,0.5455452799797058,0.7180156707763672,0,0.35076314210891724,0.0,30,1,0,0.0025637720245867968,2.0003275871276855,0,0.8330287337303162,0.00951426662504673,0.017768723890185356,92.19375610351562,2.3409951310782162e-08,0,0.9047815799713135,13639.303806801427,30,1,0.007568919099867344,0,0,5.933206081390381,0.051129549741744995
0.3572559356689453,0.3426666259765625,0,7.163310289382935,4.490485417620426,1.600601315498352,3.290828317403793e-05,0,0,0.6601571440696716,6.1416051387786865,0.031031455844640732,0.03584045544266701,1.5688834190368652,0,0.01646457053720951,7.579891826026142e-05,0.025048501789569855,1e-06,0.6410694122314453,0.7968369722366333,0.0011905772844329476,-0.0008692508563399315,0.0050241947174072266,306.332604455,0.004017342813313007,0.020957058295607567,0,0.8030853867530823,3.120932490219275e-08,5.184145629755221e-05,1,0.06265834718942642,3425.5567632126135,0,0.0,1,0,1,0,7.701786041259766,0.6581367254257202,0.06686075776815414,11.498046875,1762701264.5651042,0.00031841665622778237,0.13062207400798798,0.3426666259765625,0,0.3518418073654175,0.0,31,1,0,0.0039415438659489155,1.000227451324463,0,0.8424502015113831,0.01068517193198204,0.023816382512450218,13.285537719726562,2.8394470774628644e-08,0,0.9053173065185547,13702.227052850454,31,1,0.008705994114279747,0,0,1.8354202508926392,0.06325555592775345
0.3567374348640442,0.6147491931915283,0,6.82131028175354,4.416676509080895,1.397791862487793,0.0,0,0,0.6713442802429199,5.795408725738525,0.025571849197149277,0.028921540826559067,1.2196884155273438,0,0.013583437539637089,4.468741099117324e-05,0.01980297639966011,1e-06,0.5877170562744141,0.8217477798461914,0.0015352488262578845,-0.0009833149379119277,0.0052530765533447266,313.396420183,0.003381347516551614,0.02034621126949787,0,0.8276503682136536,4.6715292967292044e-08,3.520181417115964e-05,1,0.0576678141951561,3369.251802318894,0,0.0,1,0,1,0,7.294610977172852,0.6697173118591309,0.05713691934943199,11.498046875,1762701272.010305,0.00033928253105841577,0.11252457648515701,0.6147491931915283,0,0.35184335708618164,0.0,32,1,0,0.003336660098284483,1.0001802444458008,0,0.8200083374977112,0.010264820419251919,0.01828048750758171,13.157672882080078,1.698832541308093e-08,0,0.9349904656410217,13477.007209275576,32,1,0.0066847652196884155,0,0,1.7946933507919312,0.058051396161317825
0.35602450370788574,0.6688177585601807,0,6.379703998565674,4.511064258578282,4.569308280944824,3.576224116841331e-05,0,0,0.6702304482460022,6.3602588176727295,0.0351075604557991,0.05430375784635544,1.6609835624694824,0,0.01444737147539854,0.0002398656797595322,0.024296505376696587,1e-06,0.5985145568847656,0.815506100654602,0.0017837960040196776,-0.000788991164881736,0.004317045211791992,320.420293444,0.004893259610980749,0.26113036274909973,0,0.8229331374168396,2.4732488057566115e-08,4.85431264678482e-05,1,0.06805743277072906,3441.2552860372602,0,0.0,1,0,1,0,7.71232795715332,0.6670420169830322,0.06837515532970428,11.498046875,1762701279.071018,0.00039111197111196816,4.2695088386535645,0.6688177585601807,0,0.3496945798397064,0.0,33,1,0,0.0046533942222595215,8.988380432128906e-05,0,0.8124668002128601,0.012845724821090698,0.02238626219332218,732.827392578125,3.1239103748248453e-08,0,0.9035702347755432,13765.021144149041,33,1,0.015485864132642746,0,0,44.956119537353516,0.06978104263544083
0.3545770049095154,0.45173144340515137,0,6.567337274551392,4.442023259621277,1.9988611936569214,3.3448282920289785e-05,0,0,0.6760205030441284,5.485986948013306,0.03424068167805672,0.041947901248931885,1.619196891784668,0,0.020978916436433792,0.00025786488549783826,0.025839611887931824,1e-06,0.5728607177734375,0.8246501684188843,0.0009806951275095344,-0.0011640165466815233,0.06306648254394531,327.084275305,0.005350696388632059,0.03386698290705681,0,0.8322916626930237,9.729972560990063e-08,7.705474854446948e-05,1,0.07118269801139832,3388.587514310825,0,0.0,1,0,1,0,7.023944854736328,0.6727921366691589,0.09045340865850449,11.498046875,1762701286.1001,0.00039144340553320944,0.3106383979320526,0.45173144340515137,0,0.3480202853679657,0.0,34,1,0,0.005092831328511238,1.0001964569091797,0,0.78485506772995,0.012744498439133167,0.024285340681672096,41.10365676879883,9.406289080970964e-08,0,0.8561787009239197,13554.3500572433,34,1,0.016056232154369354,0,0,3.1336071491241455,0.07295309007167816
0.3575020432472229,0.8476026058197021,0,5.807245969772339,4.4350362721455046,1.321794867515564,0.0,0,0,0.6710310578346252,5.785854339599609,0.03285487741231918,0.037805136293172836,0.0,0,0.015384829603135586,0.00010550563456490636,0.026222936809062958,1e-06,0.5863113403320312,0.8197786211967468,0.0011209106305614114,-0.0011276797158643603,0.004211902618408203,333.623544429,0.004308146890252829,0.028432520106434822,0,0.82868492603302,2.3595402964815548e-08,4.528689896687865e-05,1,0.06469198316335678,3383.2575065330025,0,0.0,1,0,1,0,7.906566619873047,0.6690505146980286,0.0955686867237091,11.498046875,1762701292.766672,0.00036184675991535187,0.21055273711681366,0.8476026058197021,0,0.3511110246181488,0.0,35,1,0,0.0042026410810649395,8.916854858398438e-05,0,0.8247336745262146,0.013655420392751694,0.025219086557626724,11.773430824279785,2.064684068159295e-08,0,0.9583867192268372,13533.03002613201,35,1,0.010271143168210983,0,0,1.7176131010055542,0.06549551337957382
0.3597095310688019,0.42551445960998535,0,6.104247331619263,4.350090377386892,2.0210635662078857,3.581656710593961e-05,0,0,0.667089581489563,5.079974174499512,0.04696120694279671,0.05552858114242554,1.5875816345214844,0,0.023781094700098038,0.0003536923322826624,0.033483173698186874,1e-06,0.5922412872314453,0.8128082156181335,0.0010757616255432367,-0.0013839227613061666,0.004838228225708008,340.347372265,0.007371692918241024,0.04286608472466469,0,0.8211867213249207,2.9326612249747086e-08,7.428191747749224e-05,1,0.08347981423139572,3318.456720596655,0,0.0,1,0,1,0,8.19040584564209,0.6631559729576111,0.10505382716655731,11.498046875,1762701299.3053286,0.0004464005178306252,0.3841363191604614,0.42551445960998535,0,0.35125797986984253,0.0,36,1,0,0.007018000818789005,1.0001912117004395,0,0.8222537040710449,0.017085576429963112,0.03217751532793045,27.447067260742188,1.9334487788569277e-08,0,0.9286344647407532,13273.82688238662,36,1,0.018803559243679047,0,0,2.859478235244751,0.08554232120513916
0.3552997410297394,0.4836304187774658,0,6.226244211196899,4.5249597584126295,2.2922041416168213,9.994223546527792e-06,0,0,0.6893364787101746,5.201466798782349,0.055157266557216644,0.06217239424586296,1.9850107431411743,0,0.01716335117816925,0.00033949181670323014,0.036527231335639954,1e-06,0.5048027038574219,0.8515320420265198,0.0025567335542291403,-0.0008265223004855216,0.004544258117675781,348.296793204,0.007933388464152813,0.04319146275520325,0,0.8605515360832214,6.463127988354245e-08,4.403918865136802e-05,1,0.08681223541498184,3451.8554370251677,0,0.0,1,0,1,0,8.7462158203125,0.6844359040260315,0.11631152033805847,11.498046875,1762701306.024841,0.0004180902324151248,0.3083036243915558,0.4836304187774658,0,0.3462280035018921,0.0,37,1,0,0.007593896239995956,1.0001730918884277,0,0.7509604692459106,0.018175914883613586,0.033063553273677826,15.274015426635742,9.044123672197202e-09,0,0.8705669641494751,13807.42174810067,37,1,0.018422342836856842,0,0,2.522393226623535,0.08871635049581528
0.3599226474761963,0.8385910987854004,0,7.1030778884887695,4.307633875774602,2.1301331520080566,8.280847396235913e-06,0,0,0.6765698194503784,6.080989599227905,0.059399090707302094,0.06697437167167664,2.023542642593384,0,0.016859859228134155,0.00039471089257858694,0.04000375419855118,1e-06,0.551422119140625,0.8319396376609802,0.001610565115697682,-0.0009137165616266429,0.004624128341674805,353.486473071,0.00915011577308178,0.04293217882514,0,0.8388380408287048,4.5951491500773045e-08,4.716566763818264e-05,1,0.09316063672304153,3286.068873245088,0,0.0,1,0,1,0,7.666877746582031,0.6706998348236084,0.10581482946872711,11.498046875,1762701313.9777129,0.0003320080286357552,0.30116719007492065,0.8385910987854004,0,0.35017308592796326,0.0,38,1,0,0.008755405433475971,1.0001840591430664,0,0.788492739200592,0.018659178167581558,0.0391511470079422,15.451910972595215,4.189009672472821e-08,0,0.9005789756774902,13144.275492980352,38,1,0.019863590598106384,0,0,2.059161424636841,0.09521844983100891
0.35630613565444946,0.6105334758758545,0,4.564483880996704,4.488322461645805,1.8442132472991943,0.0,0,0,0.6903657913208008,4.5410072803497314,0.05079435184597969,0.06602495908737183,1.5082824230194092,0,0.008478820323944092,0.00036153290420770645,0.038901329040527344,1e-06,0.4943428039550781,0.8516216278076172,0.0006010567303746939,-0.00045393218169920146,0.004141330718994141,360.869472508,0.009548721835017204,0.05222995579242706,0,0.863625168800354,6.813142761075142e-08,2.4739916625549085e-05,1,0.09540953487157822,3423.906757082247,0,0.0,1,0,1,0,7.017383575439453,0.6851464509963989,0.09430943429470062,11.498046875,1762701319.1619873,0.0001775828714016825,0.45874154567718506,0.6105334758758545,0,0.345975786447525,0.0,39,1,0,0.009187188930809498,0.00010704994201660156,0,0.7469313144683838,0.017911214381456375,0.03794034570455551,17.140682220458984,4.3981575714724386e-08,0,0.8754777312278748,13695.627028328989,39,1,0.01901078410446644,0,0,2.187934160232544,0.09725093841552734
0.3552900552749634,0.5452954769134521,0,6.824971914291382,4.457517990765183,2.5854413509368896,0.0,0,0,0.6887454986572266,4.804180860519409,0.0806652083992958,0.08722276240587234,2.568096160888672,0,0.030346626415848732,0.0005299299955368042,0.04722775146365166,1e-06,0.5092658996582031,0.8441820740699768,0.0028165895491838455,-0.0009943501790985465,0.0051271915435791016,367.53623038,0.012629998847842216,0.05834421515464783,0,0.8519226908683777,1.5067595171558423e-08,6.582895730389282e-05,1,0.10933398455381393,3400.4076353284527,0,0.0,1,0,1,0,7.564178466796875,0.6809177398681641,0.12687154114246368,11.498046875,1762701326.5422208,0.000610046845395118,0.5986760258674622,0.5452954769134521,0,0.3422200381755829,0.0,40,1,0,0.012100068852305412,2.000309944152832,0,0.7237952947616577,0.020592432469129562,0.044946376234292984,29.209224700927734,8.675397289437115e-09,0,0.8105485439300537,13601.63054131381,40,1,0.023014364764094353,0,0,2.5676982402801514,0.1116725504398346
0.35950419306755066,0.5502393245697021,0,6.115011215209961,4.444489832667399,2.6072487831115723,8.383238309761509e-05,0,0,0.6891939640045166,5.092109441757202,0.08149977028369904,0.09174004942178726,2.572309970855713,0,0.028279727324843407,0.00039628741797059774,0.05028187111020088,1e-06,0.4955425262451172,0.8513815402984619,0.001943256356753409,-0.0013280065031722188,0.005370378494262695,374.71556051,0.013411200605332851,0.05680089071393013,0,0.8598813414573669,2.6949571463319444e-08,0.00010595762432785705,1,0.11333928257226944,3390.4691340455074,0,0.0,1,0,1,0,7.8133544921875,0.6806480288505554,0.14092737436294556,11.498046875,1762701333.2167208,0.000572159537114203,0.3981972634792328,0.5502393245697021,0,0.346228688955307,0.0,41,1,0,0.01301491353660822,1.0001792907714844,0,0.7425193786621094,0.022172516211867332,0.04669073224067688,26.138174057006836,4.631151906409059e-09,0,0.8694149255752563,13561.87653618203,41,1,0.019903233274817467,0,0,2.3651750087738037,0.11502876877784729
0.3597317039966583,0.6647024154663086,0,6.490515232086182,4.33741871981511,2.4780914783477783,0.0,0,0,0.7008031606674194,4.468674659729004,0.07996614277362823,0.09516683220863342,2.131596565246582,0,0.02931353449821472,0.0004029279516544193,0.0521150603890419,1e-06,0.4278125762939453,0.8765852451324463,0.0011605446925386786,-0.001270782551728189,0.0041828155517578125,381.283304707,0.01307277288287878,0.09838243573904037,0,0.8865760564804077,2.580818225794701e-08,3.946097058360465e-05,1,0.11184632778167725,3308.790174943082,0,0.0,1,0,1,0,7.243951797485352,0.6918082237243652,0.12073998898267746,11.498046875,1762701340.3852417,0.00043394762906245887,1.3128376007080078,0.6647024154663086,0,0.3460994064807892,0.0,42,1,0,0.01266984548419714,2.0003018379211426,0,0.7321266531944275,0.024652831256389618,0.0503537580370903,86.85822296142578,1.520000303401048e-08,0,0.942666232585907,13235.160699772328,42,1,0.020069247111678123,0,0,5.612271785736084,0.11358769983053207
0.35601893067359924,0.8463718891143799,0,5.717620611190796,4.292183398799206,2.5748705863952637,0.0,0,0,0.7134347558021545,4.652914762496948,0.10115587711334229,0.12279673665761948,2.496339797973633,0,0.024426234886050224,0.0009585889056324959,0.06167231872677803,1e-06,0.3846015930175781,0.889769434928894,0.0015502134338021278,-0.0011500513646751642,0.00404047966003418,387.712495668,0.018884202465415,0.08154384791851044,0,0.8995584845542908,1.5916860718334647e-08,7.792767428327352e-05,1,0.13268274068832397,3274.2825114209854,0,0.0,1,0,1,0,7.122010231018066,0.7012612819671631,0.15795665979385376,11.498046875,1762701346.958352,0.000514039711561054,0.5178724527359009,0.8463718891143799,0,0.33779218792915344,0.0,43,1,0,0.01792561262845993,1.0002834796905518,0,0.6537521481513977,0.02827819250524044,0.05743849277496338,11.365127563476562,1.3439384716207314e-08,0,0.7791521549224854,13097.130045683942,43,1,0.03094661794602871,0,0,2.018582820892334,0.13611771166324615
0.3576675355434418,0.6246228218078613,0,5.800846099853516,4.209353499879937,2.7002031803131104,3.673084938782267e-05,0,0,0.7081430554389954,4.780794382095337,0.1097632572054863,0.1179191842675209,2.800257682800293,0,0.031233368441462517,0.0007780733867548406,0.06011169031262398,1e-06,0.418792724609375,0.8798108100891113,0.0016126446425914764,-0.0013997111236676574,0.004003763198852539,393.705863984,0.020204808562994003,0.06693405658006668,0,0.8889793753623962,3.554013972006942e-08,9.616559691494331e-05,1,0.1380210667848587,3211.095908180778,0,0.0,1,0,1,0,6.482549667358398,0.6950553059577942,0.15098610520362854,11.498046875,1762701353.393207,0.0005414970801211894,0.35012856125831604,0.6246228218078613,0,0.33874306082725525,0.0,44,1,0,0.019426735118031502,1.0001647472381592,0,0.6731036901473999,0.025756726041436195,0.05889108031988144,10.295598030090332,8.58510595946882e-10,0,0.7887876629829407,12844.383632723113,44,1,0.027883466333150864,0,0,1.8953865766525269,0.14070206880569458
0.3620082139968872,0.6711678504943848,0,5.3080878257751465,4.179274473802466,2.8614909648895264,1.2451409020286519e-05,0,0,0.7097133994102478,4.285440921783447,0.1383911520242691,0.1537989228963852,2.7858023643493652,0,0.028473949059844017,0.0012097868602722883,0.07459907233715057,1e-06,0.38889122009277344,0.888228714466095,0.0014465011190623045,-0.0013718362897634506,0.004334449768066406,400.283739851,0.024121670052409172,0.10294549912214279,0,0.8960134387016296,3.122528369203792e-08,6.262698298087344e-05,1,0.14962448179721832,3188.150190373475,0,0.0,1,0,1,0,7.176380157470703,0.6936457753181458,0.20971013605594635,11.498046875,1762701359.3833597,0.0004668761102948338,1.0096886157989502,0.6711678504943848,0,0.3417939245700836,0.0,45,1,0,0.022911882027983665,1.000257968902588,0,0.6934670805931091,0.03048912063241005,0.0722772479057312,13.117231369018555,2.9607631901740206e-08,0,0.882060706615448,12752.6007614939,45,1,0.034761376678943634,0,0,2.143235921859741,0.1534288078546524
0.36440858244895935,0.8490815162658691,0,5.709752082824707,4.1001442370227466,2.878412961959839,0.0,0,0,0.7035907506942749,4.671124696731567,0.13520018756389618,0.15039348602294922,2.690943479537964,0,0.028969699516892433,0.0011996973771601915,0.07026252895593643,1e-06,0.4234180450439453,0.8755731582641602,0.001855300972238183,-0.001221025362610817,0.0038743019104003906,406.543046401,0.0263933427631855,0.09535373747348785,0,0.8817458152770996,1.901169355278398e-08,7.90361373219639e-05,1,0.15671493113040924,3127.7858661265377,0,0.0,1,0,1,0,7.277683258056641,0.6848008036613464,0.19620949029922485,11.498046875,1762701365.9506583,0.0005500383558683097,0.5057752728462219,0.8490815162658691,0,0.34154459834098816,0.0,46,1,0,0.025193646550178528,1.0001814365386963,0,0.6952832341194153,0.032217804342508316,0.07041779160499573,36.10274124145508,4.225608307706352e-09,0,0.8356571197509766,12511.14346450615,46,1,0.034616321325302124,0,0,2.849895715713501,0.16030409932136536
0.36707717180252075,0.625023365020752,0,5.637296199798584,4.142158753192614,2.8833298683166504,2.5210716557921842e-05,0,0,0.704716682434082,4.615706205368042,0.1617332547903061,0.1780358850955963,2.8020269870758057,0,0.02613881416618824,0.0011643758043646812,0.08087088912725449,1e-06,0.4032020568847656,0.8789100050926208,0.0022287522442638874,-0.001088427845388651,0.005524635314941406,412.454265902,0.03075655922293663,0.10925910621881485,0,0.890045166015625,8.14302723028959e-08,0.00011670459934975952,1,0.16946180164813995,3159.8365458713265,0,0.0,1,0,1,0,7.413015365600586,0.6852928400039673,0.20832405984401703,11.498046875,1762701372.2221675,0.0006229460705071688,0.6057553291320801,0.625023365020752,0,0.34236305952072144,0.0,47,1,0,0.029592184349894524,1.0001537799835205,0,0.6974080204963684,0.03543613478541374,0.07612085342407227,15.419218063354492,1.174333741360556e-09,0,0.891477644443512,12639.346183485306,47,1,0.03410356491804123,0,0,1.9095485210418701,0.17265990376472473
0.37052080035209656,0.6676919460296631,0,5.232266664505005,4.034244102746922,3.5556533336639404,-1.5159277609200217e-05,0,0,0.714378833770752,4.212612867355347,0.21017247438430786,0.2283785194158554,3.111201047897339,0,0.039894990622997284,0.0012468828354030848,0.0818396508693695,1e-06,0.3578987121582031,0.9002005457878113,0.002338934922590852,-0.0006284554256126285,0.004217386245727539,418.842269253,0.03841957822442055,0.3158417344093323,0,0.908841609954834,3.871142340017286e-08,0.00011515173537191004,1,0.18918725848197937,3077.514096001339,0,0.0,1,0,1,0,7.694148540496826,0.691067636013031,0.2135353982448578,11.498046875,1762701378.1320121,0.0005705356015823781,4.983936309814453,0.6676919460296631,0,0.34304380416870117,0.0,48,1,0,0.03717269375920296,1.0001835823059082,0,0.6837460994720459,0.034288931638002396,0.08004266768693924,102.95427703857422,2.644409136109971e-09,0,0.9007430672645569,12310.056384005356,48,1,0.035289667546749115,0,0,6.435287952423096,0.19220945239067078
0.3679136335849762,0.8115003108978271,0,5.565870523452759,3.9998663906407828,3.008392333984375,0.0,0,0,0.7197494506835938,3.546799421310425,0.1770123839378357,0.20145639777183533,2.6768829822540283,0,0.04415588080883026,0.0014879507943987846,0.0826188251376152,1e-06,0.3498954772949219,0.9021266102790833,0.003743284149095416,-0.0013643298298120499,0.003889799118041992,424.851652134,0.038039788603782654,0.12865233421325684,0,0.91192227602005,8.494066605635453e-08,0.00013902445789426565,1,0.1876617670059204,3051.2891351659546,0,0.0,1,0,1,0,7.693166732788086,0.6960716247558594,0.21957527101039886,11.498046875,1762701384.51814,0.0008958179387263954,0.8993892669677734,0.8115003108978271,0,0.33828461170196533,0.0,49,1,0,0.036551836878061295,2.000365734100342,0,0.6550360918045044,0.033913370221853256,0.07918036729097366,18.16010284423828,1.493046380973695e-10,0,0.8565139174461365,12205.156540663818,49,1,0.0385458804666996,0,0,2.1761794090270996,0.19129544496536255
0.37380629777908325,0.7319917678833008,0,5.267821788787842,3.939602913341223,2.928861379623413,0.0,0,0,0.7164176106452942,4.251814365386963,0.17328272759914398,0.21943257749080658,2.746488332748413,0,0.03307850658893585,0.001553116599097848,0.08283601701259613,1e-06,0.35034942626953125,0.9055846333503723,0.002119589364156127,-0.001127632218413055,0.003701448440551758,431.28096556,0.042244769632816315,0.17225410044193268,0,0.9096829295158386,4.611682768995706e-08,0.00013541158114094287,1,0.1975783109664917,3005.317276215433,0,0.0,1,0,1,0,7.21651554107666,0.6895302534103394,0.1994560956954956,11.498046875,1762701390.5278807,0.0006035539554432034,1.405550479888916,0.7319917678833008,0,0.34337636828422546,0.0,50,1,0,0.04069165512919426,1.0002264976501465,0,0.6858299374580383,0.03773609548807144,0.08257653564214706,28.46748161315918,7.737424034814921e-10,0,0.9535785913467407,12021.269104861733,50,1,0.03937966376543045,0,0,2.5503628253936768,0.2011505365371704
0.37112438678741455,0.45450711250305176,0,5.967383146286011,3.8857869734671224,3.322193145751953,0.00013069540727883577,0,0,0.7307813763618469,3.948370933532715,0.23447749018669128,0.2578074336051941,3.0531415939331055,0,0.04321664199233055,0.002043292159214616,0.08808782696723938,1e-06,0.31830406188964844,0.9194038510322571,0.0026168134063482285,-0.0015146852238103747,0.0036776065826416016,437.315146804,0.05133771523833275,0.1512298285961151,0,0.920570433139801,1.5133504405184794e-07,0.00014723444473929703,1,0.21648551523685455,2964.263906777691,0,0.0,1,0,1,0,6.691501617431641,0.6986263394355774,0.2603711783885956,11.498046875,1762701396.9583786,0.0007816517609171569,0.9788281917572021,0.45450711250305176,0,0.336971253156662,0.0,51,1,0,0.049294423311948776,2.0002360343933105,0,0.6424971222877502,0.037511955946683884,0.08484616875648499,23.697778701782227,2.3123913894806947e-10,0,0.868036687374115,11857.055627110763,51,1,0.045157309621572495,0,0,2.1431281566619873,0.22068917751312256
0.37099793553352356,0.4833214282989502,0,5.545779228210449,3.818699373850807,3.137531280517578,0.0,0,0,0.7387373447418213,3.5270285606384277,0.2694179117679596,0.27751079201698303,3.0834438800811768,0,0.038423262536525726,0.0019957865588366985,0.09430144727230072,1e-06,0.2963542938232422,0.9276291728019714,0.0029202771838754416,-0.0010552500607445836,0.0037262439727783203,442.366350315,0.05976272374391556,0.15579108893871307,0,0.9237461090087891,2.8506365268299305e-08,9.88058527582325e-05,1,0.23330651223659515,2913.0862813718495,0,0.0,1,0,1,0,7.382987022399902,0.7004101276397705,0.2481592446565628,11.498046875,1762701402.9970202,0.0006969048990868032,1.0373402833938599,0.4833214282989502,0,0.3308350145816803,0.0,52,1,0,0.05776693671941757,2.0003421306610107,0,0.5848621726036072,0.041015010327100754,0.09435006231069565,13.874134063720703,3.157591410563043e-10,0,0.7435633540153503,11652.345125487398,52,1,0.04463045299053192,0,0,1.7383973598480225,0.2370510846376419
0.37846001982688904,0.7107858657836914,0,4.3289501667022705,3.8048595633785016,3.5542654991149902,0.00017601058061700314,0,0,0.7259544134140015,3.313183069229126,0.2940748631954193,0.3208080232143402,3.0543830394744873,0,0.04268043860793114,0.0023846428375691175,0.100931815803051,1e-06,0.3404674530029297,0.9147096872329712,0.0019613150507211685,-0.0011569549096748233,0.0034995079040527344,449.486381172,0.06673026084899902,0.23278051614761353,0,0.902725100517273,4.0172366766455525e-08,6.4009269408416e-05,1,0.245372474193573,2902.528612889294,0,0.0,1,0,1,0,7.695645332336426,0.6820998787879944,0.25807350873947144,11.498046875,1762701408.047696,0.0006155277951620519,1.9135291576385498,0.7107858657836914,0,0.3384503722190857,0.0,53,1,0,0.06434561312198639,1.0002129077911377,0,0.6525965929031372,0.04251139983534813,0.09888310730457306,83.51612091064453,5.211372999802677e-10,0,0.8667382001876831,11610.114451557176,53,1,0.04877551645040512,0,0,5.400792598724365,0.249559223651886
0.3813873529434204,0.8399696350097656,0,6.26554274559021,3.636529128338566,3.8651106357574463,7.315824768738821e-05,0,0,0.7261916995048523,4.2452733516693115,0.3453545570373535,0.3806239366531372,3.3794338703155518,0,0.0358402356505394,0.0030589543748646975,0.10515545308589935,1e-06,0.3433208465576172,0.9188410043716431,0.001836972776800394,-0.0016221231780946255,0.003772735595703125,454.829520847,0.07242173701524734,0.33224543929100037,0,0.9014360904693604,4.630156524854101e-08,4.527675628196448e-05,1,0.2540750801563263,2774.11811678949,0,0.0,1,0,1,0,7.290256500244141,0.6762661337852478,0.2662512958049774,11.498046875,1762701415.1625211,0.0006240523071028292,3.637058973312378,0.8399696350097656,0,0.33957529067993164,0.0,54,1,0,0.06936278194189072,2.000347137451172,0,0.6739594340324402,0.05139299854636192,0.09832967072725296,44.77335739135742,6.831687993091862e-11,0,0.9091643691062927,11096.47246715796,54,1,0.055224258452653885,0,0,4.183863162994385,0.25919008255004883
0.3771277964115143,0.726318359375,0,4.612844944000244,3.5923251647482597,3.649043083190918,0.0,0,0,0.7428188323974609,3.5971426963806152,0.2823643684387207,0.3368186354637146,3.1971988677978516,0,0.03711877018213272,0.002559055108577013,0.1042044386267662,1e-06,0.26900482177734375,0.9455017447471619,0.00247957487590611,-0.0012943592155352235,0.003650665283203125,459.98235334,0.060511812567710876,0.30402353405952454,0,0.9346800446510315,1.6966176019650447e-08,0.00011846467532450333,1,0.23365870118141174,2740.39722197411,0,0.0,1,0,1,0,7.65498161315918,0.6982960104942322,0.2837706506252289,11.498046875,1762701420.512521,0.00074527517426759,4.050597667694092,0.726318359375,0,0.3375943601131439,0.0,55,1,0,0.05795275792479515,1.0001566410064697,0,0.6693084239959717,0.0428655631840229,0.09838441759347916,34.327972412109375,3.114749083654722e-11,0,0.9951757192611694,10961.58888789644,55,1,0.05052333325147629,0,0,2.9039125442504883,0.23843735456466675
0.3827452063560486,0.843817949295044,0,4.299346923828125,3.593309862658008,3.6332669258117676,-3.6691591958515346e-05,0,0,0.7330463528633118,3.283874750137329,0.38871386647224426,0.42811119556427,3.3220231533050537,0,0.05003201216459274,0.0038086993154138327,0.11546767503023148,1e-06,0.34420013427734375,0.9195629954338074,0.0034357798285782337,-0.0015210676938295364,0.0034704208374023438,466.048633237,0.08798960596323013,0.268056720495224,0,0.8972970247268677,1.0674305883640045e-07,0.00011182516027474776,1,0.2776649594306946,2741.148396573458,0,0.0,1,0,1,0,6.66816520690918,0.6707918047904968,0.33306992053985596,11.498046875,1762701425.6644158,0.0009534556302241981,2.3340165615081787,0.843817949295044,0,0.3321106731891632,0.0,56,1,0,0.08418091386556625,1.000232219696045,0,0.6284406781196594,0.04528087377548218,0.11528926342725754,43.39305114746094,7.911255851811294e-12,0,0.7555176019668579,10964.593586293831,56,1,0.061598360538482666,0,0,2.9688713550567627,0.283285915851593
0.38434022665023804,0.8443796634674072,0,5.213425636291504,3.4845528681577065,3.5689096450805664,0.0,0,0,0.7296314239501953,3.195953845977783,0.38457173109054565,0.4167405366897583,3.3306937217712402,0,0.047162000089883804,0.002477937610819936,0.11790701001882553,1e-06,0.3743743896484375,0.9215343594551086,0.004269571974873543,-0.0009185374365188181,0.003451824188232422,473.116109159,0.08416293561458588,0.2721307873725891,0,0.8861159682273865,3.4828275374820805e-08,0.00013293419033288956,1,0.2738901376724243,2658.183366424311,0,0.0,1,0,1,0,7.311718940734863,0.6651337742805481,0.28189554810523987,11.498046875,1762701431.7316198,0.0008744954247958958,3.068192481994629,0.8443796634674072,0,0.3362060487270355,0.0,57,1,0,0.08168499916791916,2.0002970695495605,0,0.6893041133880615,0.047085754573345184,0.11483468860387802,31.842899322509766,1.0923693893882813e-10,0,0.8970584273338318,10632.733465697243,57,1,0.049718257039785385,0,0,2.2905826568603516,0.2776380479335785
0.3846176266670227,0.4818098545074463,0,6.576125383377075,3.403754753445861,3.230464220046997,4.653449650504626e-05,0,0,0.748211681842804,3.548762321472168,0.32852575182914734,0.3728325664997101,3.008755922317505,0,0.04672358185052872,0.002786208176985383,0.11024753004312515,1e-06,0.25946998596191406,0.9521045088768005,0.0027356394566595554,-0.0022431286051869392,0.004759073257446289,478.283334759,0.07880988717079163,0.24313393235206604,0,0.9324333071708679,4.048257551403367e-08,5.6636556109879166e-05,1,0.26504260301589966,2596.5467052250724,0,0.0,1,0,1,0,7.568761825561523,0.6886790990829468,0.29420652985572815,11.498046875,1762701438.7978475,0.0008221380412578583,1.9571268558502197,0.4818098545074463,0,0.33618372678756714,0.0,58,1,0,0.07602368295192719,3.0005509853363037,0,0.6671590805053711,0.05119454860687256,0.10663016885519028,13.416115760803223,6.466104873759093e-10,0,0.991141140460968,10386.18682090029,58,1,0.05271226912736893,0,0,1.65315842628479,0.26944851875305176
0.3867523968219757,0.6335217952728271,0,4.525089979171753,3.3821118299522506,3.776172399520874,0.0,0,0,0.7455064058303833,3.5101661682128906,0.40478503704071045,0.4555341303348541,3.2798540592193604,0,0.060981448739767075,0.003273657290264964,0.12108534574508667,1e-06,0.3084831237792969,0.9422465562820435,0.0020237863063812256,-0.0017538323299959302,0.0035266876220703125,485.148490115,0.08936061710119247,0.3627646565437317,0,0.9148666262626648,5.66901654508456e-08,0.00012392477947287261,1,0.28049957752227783,2580.0364494165774,0,0.0,1,0,1,0,6.738435745239258,0.6753004193305969,0.3151680827140808,11.498046875,1762701443.9648974,0.0008992783259600401,4.7703423500061035,0.6335217952728271,0,0.33273717761039734,0.0,59,1,0,0.08608695864677429,1.0001864433288574,0,0.65260910987854,0.04871540516614914,0.11753241717815399,32.21648406982422,2.41080939933358e-12,0,0.8811036944389343,10320.14579766631,59,1,0.057123612612485886,0,0,2.7087512016296387,0.2852708399295807
0.3870733976364136,0.6664345264434814,0,6.1898229122161865,3.3175102556359084,3.5946671962738037,0.0,0,0,0.7564694881439209,3.172259569168091,0.41433700919151306,0.45735791325569153,3.3093438148498535,0,0.05036594718694687,0.0029385278467088938,0.11888983845710754,1e-06,0.2508392333984375,0.9563992023468018,0.0017356688622385263,-0.002003489527851343,0.0034134387969970703,489.570259028,0.09080998599529266,0.2835089862346649,0,0.9368717074394226,3.915422297495752e-08,6.395790842361748e-05,1,0.28311458230018616,2530.7552828537882,0,0.0,1,0,1,0,7.394865989685059,0.6851094365119934,0.35961320996284485,11.498046875,1762701450.8292408,0.0007596575887873769,2.17143177986145,0.6664345264434814,0,0.3313238024711609,0.0,60,1,0,0.08787146210670471,3.0003950595855713,0,0.6442831754684448,0.05297826603055,0.11529488116502762,22.576465606689453,4.077929105505973e-09,0,0.9282529354095459,10123.021131415153,60,1,0.05412977188825607,0,0,2.176220178604126,0.2873455286026001
0.3838917315006256,0.4052870273590088,0,4.009461164474487,3.37801471376372,4.540246486663818,0.0,0,0,0.7634811401367188,2.9946796894073486,0.36649301648139954,0.5343025326728821,3.2728960514068604,0,0.04050043225288391,0.003366272198036313,0.11357318609952927,1e-06,0.2632331848144531,0.9546334147453308,0.0029133204370737076,-0.0015354338102042675,0.0031540393829345703,496.88631963,0.09083505719900131,1.3020079135894775,0,0.9284769296646118,4.267404207780601e-08,9.437838161829859e-05,1,0.28252846002578735,2576.9109734904746,0,0.0,1,0,1,0,7.088855743408203,0.6848794221878052,0.34215882420539856,11.498046875,1762701455.253246,0.0007845279760658741,20.76552391052246,0.4052870273590088,0,0.32496294379234314,0.0,61,1,0,0.08746878057718277,1.0001702308654785,0,0.6313204169273376,0.055543504655361176,0.11083333194255829,237.42776489257812,6.3530062287264766e-12,0,0.8892143368721008,10307.643893961898,61,1,0.057923417538404465,0,0,14.47957992553711,0.28738221526145935
0.3874053359031677,0.7618663311004639,0,6.538303852081299,3.2377461755158956,3.623965263366699,2.836255816873745e-06,0,0,0.7571383714675903,3.5229549407958984,0.3917177617549896,0.4378963112831116,3.3934977054595947,0,0.0628032311797142,0.003182300366461277,0.10886716842651367,1e-06,0.26062965393066406,0.9540563225746155,0.001673472230322659,-0.0012063164031133056,0.0035092830657958984,502.239749672,0.09147850424051285,0.28452011942863464,0,0.927200198173523,2.538186016920463e-08,8.516813250025734e-05,1,0.2837323546409607,2469.907432631543,0,0.0,1,0,1,0,7.377368927001953,0.6815668940544128,0.28275710344314575,11.498046875,1762701462.5625603,0.0005665033240802586,2.4939725399017334,0.7618663311004639,0,0.3308844566345215,0.0,62,1,0,0.08829620480537415,3.000453472137451,0,0.6506173610687256,0.05084776505827904,0.10786768049001694,26.919586181640625,9.146208790333787e-10,0,0.9575051665306091,9879.629730526172,62,1,0.05632347613573074,0,0,2.2516567707061768,0.2882956564426422
0.39137357473373413,0.6206371784210205,0,4.721500873565674,3.2905801705825763,3.7824645042419434,0.0,0,0,0.7430068254470825,3.399270534515381,0.43997278809547424,0.5125448703765869,3.390895366668701,0,0.05622134730219841,0.0037273121997714043,0.12630468606948853,1e-06,0.3340740203857422,0.9361947178840637,0.003944823518395424,-0.0013784838374704123,0.003373861312866211,507.08171176,0.10317631810903549,0.37869787216186523,0,0.8954086899757385,2.1582935971764527e-07,0.00014662952162325382,1,0.29927200078964233,2510.2117276678955,0,0.0,1,0,1,0,7.701693534851074,0.6596341133117676,0.29212141036987305,11.498046875,1762701467.9127069,0.0009073891560547054,3.863084554672241,0.6206371784210205,0,0.3318851590156555,0.0,63,1,0,0.09944900870323181,1.0002219676971436,0,0.6876888871192932,0.059214796870946884,0.12652210891246796,27.273550033569336,3.545720661524143e-11,0,0.9235865473747253,10040.846910671582,63,1,0.060939475893974304,0,0,2.494985818862915,0.3041972517967224
0.3916037082672119,0.8472230434417725,0,3.999777317047119,3.285260700060528,3.6657862663269043,1.3136868801666424e-05,0,0,0.7602617740631104,2.985826253890991,0.41688767075538635,0.47841137647628784,3.3583145141601562,0,0.050447460263967514,0.0031283842399716377,0.11598438024520874,1e-06,0.2571544647216797,0.954373300075531,0.0014653835678473115,-0.0018227397231385112,0.003057241439819336,512.847277194,0.10552280396223068,0.3579469323158264,0,0.9256863594055176,3.543576099218626e-08,4.907136099063791e-05,1,0.3031753897666931,2506.1537814708067,0,0.0,1,0,1,0,7.107132911682129,0.6752727031707764,0.28087326884269714,11.498046875,1762701472.7675207,0.0007149014854803681,3.8287854194641113,0.8472230434417725,0,0.32905542850494385,0.0,64,1,0,0.10239441692829132,1.0002145767211914,0,0.6371119618415833,0.05737166479229927,0.11394070088863373,30.686477661132812,3.921247770932723e-10,0,0.8998794555664062,10024.615125883227,64,1,0.05584608018398285,0,0,2.5755393505096436,0.30723509192466736
0.38993439078330994,0.8407957553863525,0,4.911439895629883,3.1939496773170615,3.8670806884765625,0.00014189726789481938,0,0,0.7486926317214966,2.896728992462158,0.4008447825908661,0.4761354923248291,3.311241388320923,0,0.12384752184152603,0.004327918402850628,0.1184764876961708,1e-06,0.28171730041503906,0.9510125517845154,0.003810236230492592,-0.003412677673622966,0.0032083988189697266,519.194016236,0.09628050029277802,0.4296919107437134,0,0.9228593707084656,2.3557775818972004e-07,9.626966493669897e-05,1,0.2889680564403534,2436.4973718792367,0,0.0,1,0,1,0,7.833832740783691,0.6743019819259644,0.29923325777053833,11.498046875,1762701478.5290897,0.0013543731765821576,5.026242256164551,0.8407957553863525,0,0.3387005925178528,0.0,65,1,0,0.09195258468389511,2.0003082752227783,0,0.6697916388511658,0.05994696915149689,0.11639120429754257,48.74289321899414,1.982282782364564e-09,0,0.9588820338249207,9745.989487516947,65,1,0.0656464546918869,0,0,3.8927767276763916,0.2949847877025604
0.3894023001194,0.479306697845459,0,5.860252618789673,3.134956070513421,4.949607849121094,0.000221598194912076,0,0,0.7545262575149536,2.845573663711548,0.45544499158859253,0.5554509162902832,3.4166574478149414,0,0.05568657070398331,0.0038024820387363434,0.12439780682325363,1e-06,0.2971229553222656,0.946489691734314,0.0018386195879429579,-0.0017577422549948096,0.0033440589904785156,525.288183899,0.10472669452428818,0.615644633769989,0,0.9081342220306396,3.463061304387338e-08,0.00012092600081814453,1,0.3012363016605377,2391.494230797976,0,0.0,1,0,1,0,7.030194282531738,0.6706240177154541,0.31606245040893555,11.498046875,1762701484.8768346,0.0007769232615828514,8.662631034851074,0.479306697845459,0,0.32914072275161743,0.0,66,1,0,0.10092420876026154,3.000373363494873,0,0.6564674973487854,0.0471576452255249,0.11865495890378952,301.7845458984375,3.201201239852458e-12,0,0.9112564325332642,9565.976923191904,66,1,0.06154854595661163,0,0,18.593107223510742,0.3062090277671814
0.3860032856464386,0.572838306427002,0,5.516303300857544,3.127926525555736,3.6517393589019775,0.0,0,0,0.7754656672477722,3.4999547004699707,0.4275016784667969,0.48537710309028625,3.3967654705047607,0,0.051611512899398804,0.0034425603225827217,0.11072830855846405,1e-06,0.2279834747314453,0.9609031677246094,0.002525193616747856,-0.0018595329020172358,0.0031816959381103516,530.151106274,0.1098431795835495,0.3082166016101837,0,0.9392998218536377,3.3147024680602044e-08,8.261309631052427e-06,1,0.3083595037460327,2386.131758140206,0,0.0,1,0,1,0,7.318598747253418,0.6906706690788269,0.2651101350784302,11.498046875,1762701490.9740763,0.000758673413656652,2.1102867126464844,0.572838306427002,0,0.3170737326145172,0.0,67,1,0,0.10640061646699905,2.00032901763916,0,0.5671197175979614,0.053891684859991074,0.10543254017829895,36.84650421142578,9.832782588148348e-09,0,0.7673352360725403,9544.527032560823,67,1,0.058574121445417404,0,0,2.772475481033325,0.3127041459083557
0.38748133182525635,0.6141979694366455,0,4.2173545360565186,3.1474383439540183,3.8472847938537598,0.0,0,0,0.7552146911621094,3.2036681175231934,0.3860047459602356,0.4505392014980316,3.2661666870117188,0,0.0588383823633194,0.00322907418012619,0.10961788147687912,1e-06,0.25287628173828125,0.9550913572311401,0.0025504992809146643,-0.0015076420968398452,0.003206491470336914,535.475233422,0.09301000088453293,0.3403543531894684,0,0.9312806129455566,1.351118896764092e-07,0.00011853091564262286,1,0.28587672114372253,2401.016305190407,0,0.0,1,0,1,0,6.930563926696777,0.6839668154716492,0.3267818093299866,11.498046875,1762701495.8142416,0.0007931357831694186,2.9640724658966064,0.6141979694366455,0,0.33544448018074036,0.0,68,1,0,0.08978092670440674,1.0001373291015625,0,0.6689774394035339,0.059560809284448624,0.10496807843446732,49.23147964477539,5.627885310555136e-11,0,0.9749078750610352,9604.065220761628,68,1,0.05673491954803467,0,0,4.435073375701904,0.2904556393623352
0.3875037729740143,0.4601733684539795,0,4.875769853591919,3.1847085765506122,3.8417317867279053,0.0,0,0,0.7653812170028687,2.8605003356933594,0.46465322375297546,0.5243474841117859,3.4448134899139404,0,0.09441258013248444,0.0034376075491309166,0.11760277301073074,1e-06,0.2599372863769531,0.9570411443710327,0.0019392947433516383,-0.002048046560958028,0.003706216812133789,541.593102673,0.10874298214912415,0.38315457105636597,0,0.9286826252937317,9.885931717690255e-08,0.00013366076746024191,1,0.3069553077220917,2429.4478188162598,0,0.0,1,0,1,0,7.269378662109375,0.6831516027450562,0.38027966022491455,11.498046875,1762701501.157783,0.0008463218691758811,3.4139719009399414,0.4601733684539795,0,0.325645387172699,0.0,69,1,0,0.10530537366867065,2.0003867149353027,0,0.5996860265731812,0.061031635850667953,0.11093693971633911,28.677820205688477,1.0481151536956279e-11,0,0.8256661891937256,9717.791275265039,69,1,0.058531928807497025,0,0,2.5859498977661133,0.31132540106773376
0.39287739992141724,0.25606274604797363,0,5.851574897766113,3.0801754914505106,3.845097303390503,-1.3699043392989552e-06,0,0,0.7496709823608398,2.835367202758789,0.43893909454345703,0.5080083608627319,3.4523048400878906,0,0.0698179081082344,0.004302925895899534,0.11375145614147186,1e-06,0.28911590576171875,0.9491055607795715,0.0021645897068083286,-0.0028418595902621746,0.003328084945678711,547.428468793,0.11021637171506882,0.4074273705482483,0,0.9112051725387573,6.137986474641366e-08,7.157642539823428e-05,1,0.30773627758026123,2349.7049885113156,0,0.0,1,0,1,0,7.594751358032227,0.6681922078132629,0.40196943283081055,11.498046875,1762701507.2735376,0.000893668329808861,3.7595813274383545,0.25606274604797363,0,0.33676910400390625,0.0,70,1,0,0.105913445353508,3.0004279613494873,0,0.6809248328208923,0.062349867075681686,0.11128811538219452,37.974002838134766,1.3284632725471535e-12,0,0.9556469321250916,9398.819954045262,70,1,0.06545742601156235,0,0,3.465406656265259,0.31316888332366943
0.3953242897987366,0.6235377788543701,0,5.205305576324463,3.1303985270229817,3.8983190059661865,-2.1074525648145936e-05,0,0,0.7498781681060791,3.1908388137817383,0.5217028260231018,0.5619754791259766,3.4147961139678955,0,0.0833551436662674,0.0035961815156042576,0.1304832398891449,1e-06,0.3152961730957031,0.9397769570350647,0.002345476998016238,-0.0028076055459678173,0.003103017807006836,552.959179605,0.11802013218402863,0.4124397337436676,0,0.8966614603996277,1.4088518796029348e-08,3.262886093580164e-05,1,0.3183358907699585,2388.017518933809,0,0.0,1,0,1,0,7.823276519775391,0.6569046378135681,0.348979115486145,11.498046875,1762701513.1107688,0.0009539083112031221,3.86639404296875,0.6235377788543701,0,0.3318605124950409,0.0,71,1,0,0.1144239529967308,2.000288963317871,0,0.6591618657112122,0.06745807081460953,0.1314261257648468,40.02555465698242,6.955209411879659e-12,0,0.8670916557312012,9552.070075735235,71,1,0.059862200170755386,0,0,3.5961101055145264,0.3226425051689148
0.39678436517715454,0.6127529144287109,0,4.909883737564087,3.0745118620973946,4.0339579582214355,0.00019034970318898559,0,0,0.7553970217704773,2.8956291675567627,0.41689276695251465,0.5332451462745667,3.3381717205047607,0,0.07391948997974396,0.004026276990771294,0.12518279254436493,1e-06,0.2550506591796875,0.9603942632675171,0.0016169266309589148,-0.002955000614747405,0.003068208694458008,558.776893174,0.10524829477071762,0.5083313584327698,0,0.9322899580001831,3.950808036279341e-08,0.00010143016697838902,1,0.3016331195831299,2345.3845015192483,0,0.0,1,0,1,0,7.064996719360352,0.6708597540855408,0.3687814474105835,11.498046875,1762701518.6411705,0.0009999617468565702,5.3274993896484375,0.6127529144287109,0,0.34096628427505493,0.0,72,1,0,0.10122201591730118,2.000331401824951,0,0.7217036485671997,0.0657358169555664,0.11589368432760239,35.18903732299805,3.9190123368726404e-10,0,1.0483789443969727,9381.538006076993,72,1,0.06332731992006302,0,0,3.7463414669036865,0.30688390135765076
0.4052678346633911,0.7071802616119385,0,5.103221416473389,2.9920542651179654,3.672431230545044,8.371334843104705e-05,0,0,0.745019793510437,3.0872180461883545,0.545698881149292,0.6104387044906616,3.265399932861328,0,0.0647914856672287,0.0038442371878772974,0.1346673220396042,1e-06,0.2908763885498047,0.9498693943023682,0.0016086940886452794,-0.0014044231502339244,0.004329681396484375,564.185379604,0.1305616796016693,0.44859790802001953,0,0.9074986577033997,1.5353675664186994e-08,6.601719360332936e-05,1,0.3326680362224579,2282.481907981638,0,0.0,1,0,1,0,7.255067825317383,0.6512876749038696,0.4257170557975769,11.498046875,1762701524.4589589,0.0006508268415927887,3.9586546421051025,0.7071802616119385,0,0.341022253036499,0.0,73,1,0,0.1267174482345581,2.0003812313079834,0,0.7456264495849609,0.06747090816497803,0.1263817399740219,31.252605438232422,1.4415905535275497e-12,0,1.0759342908859253,9129.927631926552,73,1,0.06188482791185379,0,0,2.5284507274627686,0.33693236112594604
0.4080323576927185,0.49159812927246094,0,4.907783269882202,3.0285941091374227,3.6757278442382812,0.00011145142343593761,0,0,0.7403696179389954,2.892091989517212,0.528038501739502,0.6180546879768372,3.1408936977386475,0,0.09060505777597427,0.004059814382344484,0.1270228922367096,1e-06,0.29476356506347656,0.950054407119751,0.001413854188285768,-0.0019269762560725212,0.0031986236572265625,569.500825825,0.13404154777526855,0.8117956519126892,0,0.9031439423561096,9.260494238105821e-08,1.030476141750114e-06,1,0.3362947106361389,2310.356246314066,0,0.0,1,0,1,0,7.240917205810547,0.6441691517829895,0.49072960019111633,11.498046875,1762701529.865919,0.0007870173431001604,12.56335735321045,0.49159812927246094,0,0.3433927297592163,0.0,74,1,0,0.12998172640800476,2.0002992153167725,0,0.7555274963378906,0.07316049188375473,0.12064903974533081,82.25045776367188,2.649807239948898e-12,0,1.10247802734375,9241.424985256264,74,1,0.06358935683965683,0,0,5.220128536224365,0.340708464384079
0.41164451837539673,0.7050604820251465,0,4.606266975402832,3.066624154356041,3.6765031814575195,3.2015712349675596e-05,0,0,0.721732497215271,2.5921928882598877,0.6858994364738464,0.6809571981430054,3.7093682289123535,0,0.06491561233997345,0.004789350088685751,0.14177511632442474,1e-06,0.3672161102294922,0.9175834059715271,0.0014741620980203152,-0.0016895993612706661,0.002953052520751953,576.089598977,0.15228508412837982,0.36361584067344666,0,0.8638326525688171,1.0268806960311849e-07,0.00015688543498981744,1,0.3546138107776642,2339.3673813002147,0,0.0,1,0,1,0,6.707469940185547,0.6254751086235046,0.39281007647514343,11.498046875,1762701535.1867087,0.0006754865171387792,2.82578444480896,0.7050604820251465,0,0.34360113739967346,0.0,75,1,0,0.14749574661254883,2.000319480895996,0,0.7339317798614502,0.07222184538841248,0.13979212939739227,20.463504791259766,3.6972017786705835e-13,0,0.9589769244194031,9357.469525200859,75,1,0.06904201209545135,0,0,1.8677762746810913,0.35931161046028137
0.41258376836776733,0.7044782638549805,0,5.875347852706909,3.001338758122447,4.3267669677734375,0.0005129200872033834,0,0,0.7153047323226929,2.8604822158813477,0.5600161552429199,0.6932868361473083,3.49573016166687,0,0.10581587255001068,0.004783525597304106,0.14090214669704437,1e-06,0.3659553527832031,0.9299683570861816,0.002660823753103614,-0.0030514150857925415,0.0033888816833496094,581.502549173,0.13434410095214844,0.7325747609138489,0,0.8678861856460571,5.444950090804923e-08,0.00024790733004920185,1,0.33583295345306396,2289.564562716403,0,0.0,1,0,1,0,7.135093688964844,0.6255041360855103,0.48404115438461304,11.498046875,1762701541.775361,0.0013925990788266063,9.581368446350098,0.7044782638549805,0,0.3550739288330078,0.0,76,1,0,0.12956057488918304,3.000373363494873,0,0.8026175498962402,0.07643590122461319,0.12689749896526337,151.33692932128906,7.818859492150776e-13,0,1.0504785776138306,9158.258250865612,76,1,0.06900020688772202,0,0,9.505663871765137,0.34103548526763916
0.4197450876235962,0.49321746826171875,0,4.908039331436157,2.930485398104158,4.2778496742248535,0.00019738606351893395,0,0,0.6799930334091187,2.8947367668151855,0.6943268775939941,0.9098830819129944,3.6927058696746826,0,0.12329272925853729,0.004082249943166971,0.15734587609767914,1e-06,0.48031044006347656,0.8893195986747742,0.0022407483775168657,-0.0016870663966983557,0.0028753280639648438,587.019816639,0.1439371109008789,3.0656967163085938,0,0.7825754284858704,6.508664540660902e-08,0.00028179524815641344,1,0.3468494713306427,2235.514235405552,0,0.0,1,0,1,0,7.605280876159668,0.5895974636077881,0.47623106837272644,11.498046875,1762701547.1847181,0.0009149214602075517,49.58121109008789,0.49321746826171875,0,0.3694106340408325,0.0,77,1,0,0.13985486328601837,2.000319719314575,0,0.9032384157180786,0.08008900284767151,0.14500679075717926,118.09988403320312,3.628316451540631e-15,0,1.173405408859253,8942.056941622208,77,1,0.06376434862613678,0,0,7.358814716339111,0.35103920102119446
0.414652556180954,0.46294355392456055,0,5.046766757965088,2.8804342256387843,4.0288310050964355,0.00012644351227208972,0,0,0.7021687626838684,3.032017707824707,0.6747404932975769,0.7210499048233032,3.727085590362549,0,0.11770357936620712,0.004357816185802221,0.14876198768615723,1e-06,0.407806396484375,0.9087185263633728,0.002889609197154641,-0.002165983198210597,0.0029754638671875,593.307369535,0.14444179832935333,0.5204050540924072,0,0.8336095213890076,3.578112028890246e-08,0.00022022478515282273,1,0.34708788990974426,2197.3328103701406,0,0.0,1,0,1,0,7.637807846069336,0.6117339730262756,0.4149826765060425,11.498046875,1762701552.7020268,0.0012163043720647693,5.286014556884766,0.46294355392456055,0,0.3583930730819702,0.0,78,1,0,0.14008398354053497,2.0003092288970947,0,0.8205552101135254,0.07267607003450394,0.1383286565542221,43.127662658691406,2.3875801509476435e-13,0,1.0869098901748657,8789.331241480562,78,1,0.06587237119674683,0,0,3.192134380340576,0.3515510857105255
0.4160529375076294,0.719130277633667,0,5.560814380645752,2.83243273842812,3.856394052505493,0.00016483887156937271,0,0,0.6989127993583679,2.547412157058716,0.5791010856628418,0.6767361164093018,3.3106606006622314,0,0.1042204350233078,0.0038794148713350296,0.1486341655254364,1e-06,0.374237060546875,0.9270946383476257,0.0024490284267812967,-0.0024636234156787395,0.0028018951416015625,597.722417029,0.12737411260604858,0.5507715940475464,0,0.8626986145973206,1.269605149900599e-07,0.00015740146045573056,1,0.3290174901485443,2160.714983149606,0,0.0,1,0,1,0,7.305207252502441,0.6191841959953308,0.4519614279270172,11.498046875,1762701558.990363,0.0009640887146815658,5.5704193115234375,0.719130277633667,0,0.366337388753891,0.0,79,1,0,0.1234946995973587,3.0004124641418457,0,0.8734729290008545,0.0805177390575409,0.13976550102233887,32.7983283996582,9.330662327847183e-13,0,1.1985993385314941,8642.859932598423,79,1,0.06216652691364288,0,0,3.3465704917907715,0.333405077457428
0.4204840362071991,0.720311164855957,0,3.68513560295105,2.8725456347289295,4.1062541007995605,0.0001781167957233265,0,0,0.6882871985435486,2.671137571334839,0.7254570722579956,0.8227300047874451,3.6540212631225586,0,0.10582589358091354,0.004871493671089411,0.14609476923942566,1e-06,0.4244194030761719,0.8912322521209717,0.004297214560210705,-0.003313288791105151,0.0027816295623779297,603.498860657,0.16000336408615112,1.0836645364761353,0,0.8011595010757446,1.8481605579268034e-08,0.00036678597098216414,1,0.362045556306839,2191.31501642799,0,0.0,1,0,1,0,7.024284362792969,0.5959039926528931,0.4594317674636841,11.498046875,1762701563.4031022,0.001408088719472289,16.085845947265625,0.720311164855957,0,0.36459556221961975,0.0,80,1,0,0.15513187646865845,1.000199556350708,0,0.8181807398796082,0.08124061673879623,0.1454704999923706,51.00750732421875,1.7482208443473507e-13,0,1.0297785997390747,8765.26006571196,80,1,0.06962879747152328,0,0,4.002462863922119,0.3666245639324188
0.42437729239463806,0.8351185321807861,0,4.936145782470703,2.8648867904860613,4.335116386413574,0.0001397980231558904,0,0,0.6752908825874329,2.92197847366333,0.5994610786437988,0.8127555251121521,3.375326633453369,0,0.13097496330738068,0.0046887206844985485,0.1550268530845642,1e-06,0.440185546875,0.8817147612571716,0.0021609573159366846,-0.0022646007128059864,0.002680063247680664,608.620285047,0.15403316915035248,1.530236840248108,0,0.7991596460342407,9.849042470477798e-08,0.00018705861293710768,1,0.3564431369304657,2185.472484217196,0,0.0,1,0,1,0,7.451346397399902,0.5902948975563049,0.8245037198066711,11.498046875,1762701569.1821783,0.0009185654344037175,22.557147979736328,0.8351185321807861,0,0.37284529209136963,0.0,81,1,0,0.14934444427490234,2.0002975463867188,0,0.8960191607475281,0.0944778248667717,0.14643427729606628,108.39086151123047,3.581686336406875e-10,0,1.1713122129440308,8741.889936868783,81,1,0.06831648200750351,0,0,8.651453971862793,0.36099621653556824
0.4180523753166199,0.21952033042907715,0,4.851171255111694,2.9080901927474496,4.111651420593262,0.0,0,0,0.6948678493499756,2.8375918865203857,0.5841503143310547,0.7310124635696411,3.507389783859253,0,0.13335548341274261,0.0050276522524654865,0.14466483891010284,1e-06,0.3630256652832031,0.9179235696792603,0.0018024222226813436,-0.0032775436993688345,0.0026092529296875,614.552051482,0.14720965921878815,0.8578026294708252,0,0.8597384691238403,2.2153065160068763e-08,7.442108471877873e-05,1,0.3492542505264282,2218.4301030593742,0,0.0,1,0,1,0,7.222301483154297,0.6157881021499634,0.4885961711406708,11.498046875,1762701574.3061168,0.0011772301513701677,12.026571273803711,0.21952033042907715,0,0.36701831221580505,0.0,82,1,0,0.14218200743198395,2.000276803970337,0,0.8006604909896851,0.08850988000631332,0.13865819573402405,46.836769104003906,9.022261434929826e-16,0,1.0812697410583496,8873.720412237497,82,1,0.070731021463871,0,0,4.142075061798096,0.3543325960636139
0.42543649673461914,0.8526642322540283,0,5.067113637924194,2.835097610593402,4.872446060180664,0.0,0,0,0.6835038661956787,3.0540988445281982,0.8009523749351501,0.92934250831604,3.9475443363189697,0,0.1341812163591385,0.005243978463113308,0.1465579867362976,1e-06,0.38172149658203125,0.8793052434921265,0.002876943675801158,-0.0030464939773082733,0.002941131591796875,619.725193395,0.18211714923381805,0.900851309299469,0,0.806216299533844,8.177845245427307e-08,0.00026515446370467544,1,0.3815782964229584,2162.7478749240804,0,0.0,1,0,1,0,6.757142066955566,0.5914289355278015,0.49820393323898315,11.498046875,1762701580.2354426,0.0012831323547288775,8.010191917419434,0.8526642322540283,0,0.3636961877346039,0.0,83,1,0,0.17687316238880157,2.0003104209899902,0,0.7758274078369141,0.09268680959939957,0.13680215179920197,128.3279571533203,8.257978990292708e-14,0,1.0044463872909546,8650.991499696322,83,1,0.07222840934991837,0,0,8.349063873291016,0.385958194732666
0.43027806282043457,0.8392074108123779,0,4.325932264328003,2.799106305932733,3.9628477096557617,0.00022472470300272107,0,0,0.6728848814964294,2.3133866786956787,0.7930748462677002,0.9422292709350586,3.7089028358459473,0,0.12035851925611496,0.005827262997627258,0.149897038936615,1e-06,0.4070701599121094,0.8628209233283997,0.0023059973027557135,-0.0019044666551053524,0.0028791427612304688,625.147617784,0.2015608698129654,1.057411551475525,0,0.7929207682609558,2.054607683987797e-08,0.00013216165825724602,1,0.39678502082824707,2135.29198861535,0,0.0,1,0,1,0,7.016655921936035,0.5777677893638611,0.44758230447769165,11.498046875,1762701585.4078119,0.0010682708816602826,14.72602367401123,0.8392074108123779,0,0.36911889910697937,0.0,84,1,0,0.19573360681533813,2.00032114982605,0,0.7971327304840088,0.08645852655172348,0.13772942125797272,38.13774490356445,2.3524791056134253e-13,0,1.0287779569625854,8541.1679544614,84,1,0.07611773908138275,0,0,3.0659704208374023,0.4011867642402649
0.43111613392829895,0.8418064117431641,0,4.574532985687256,2.888757228128727,4.597442150115967,0.0,0,0,0.6915262937545776,2.5610082149505615,0.9489993453025818,1.0495015382766724,4.323333740234375,0,0.11879365146160126,0.005691814236342907,0.14088258147239685,1e-06,0.3194122314453125,0.8825835585594177,0.002072419971227646,-0.0029198091942816973,0.00278472900390625,633.51921844,0.2144261598587036,0.7490819096565247,0,0.820455014705658,4.2534193056553704e-08,4.349085793364793e-05,1,0.4064251780509949,2203.6819942151174,0,0.0,1,0,1,0,6.450201034545898,0.587449312210083,0.4388943314552307,11.498046875,1762701590.83085,0.0011664206394925714,6.316714286804199,0.8418064117431641,0,0.358683705329895,0.0,85,1,0,0.20873434841632843,2.0002949237823486,0,0.6871992349624634,0.09076211601495743,0.1342337280511856,52.709442138671875,2.5703111022895705e-15,0,0.902416467666626,8814.72797686047,85,1,0.07523299753665924,0,0,3.775407552719116,0.41044488549232483
0.43361568450927734,0.4690227508544922,0,7.895134925842285,2.716001967879521,4.602267265319824,0.0001886727986857295,0,0,0.6860472559928894,2.8820488452911377,0.9613418579101562,1.0858317613601685,4.297002792358398,0,0.12879876792430878,0.006099452264606953,0.13691578805446625,1e-06,0.3236370086669922,0.8781210780143738,0.002867733361199498,-0.004469999577850103,0.002675771713256836,636.59347536,0.22154450416564941,0.7819624543190002,0,0.8071250915527344,2.322294712087114e-08,8.811014413367957e-05,1,0.4111519753932953,2071.89603009527,0,0.0,1,0,1,0,7.539623260498047,0.5805912613868713,0.413377046585083,11.498046875,1762701599.2019567,0.0012170739937573671,4.272497177124023,0.4690227508544922,0,0.3628641963005066,0.0,86,1,0,0.21544505655765533,5.000606536865234,0,0.7052982449531555,0.08950961381196976,0.13240665197372437,32.90705490112305,3.8080405144027015e-18,0,0.9440956711769104,8287.58412038108,86,1,0.07786446809768677,0,0,3.237246036529541,0.41530755162239075
0.43529659509658813,0.4192235469818115,0,2.6471407413482666,2.861746544399309,5.021299362182617,0.0001347843644907698,0,0,0.6986644864082336,2.634660005569458,1.0834283828735352,1.2108237743377686,4.763121604919434,0,0.14960773289203644,0.006565038580447435,0.13006210327148438,1e-06,0.2704486846923828,0.9044671058654785,0.0018186307279393077,-0.0032281915191560984,0.0023255348205566406,643.223882348,0.22699454426765442,1.497161865234375,0,0.857690691947937,3.035360762737582e-08,2.963098813779652e-05,1,0.41455936431884766,2183.076954509335,0,0.0,1,0,1,0,6.794084548950195,0.5923925042152405,0.4983452558517456,11.498046875,1762701602.2755513,0.0010000342736020684,22.077672958374023,0.4192235469818115,0,0.3651474714279175,0.0,87,1,0,0.22042950987815857,8.440017700195312e-05,0,0.6534368395805359,0.09633538872003555,0.12236977368593216,66.84848022460938,2.384644673565639e-13,0,0.922087550163269,8732.30781803734,87,1,0.08076301217079163,0,0,4.822719097137451,0.4189123511314392
0.4375092387199402,0.6395001411437988,0,5.984556674957275,2.7995207620394558,4.68194055557251,0.00016656273510307074,0,0,0.6765033602714539,2.9723989963531494,1.049688696861267,1.1810243129730225,4.388221740722656,0,0.19556204974651337,0.005487950053066015,0.14818865060806274,1e-06,0.34652137756347656,0.8872507810592651,0.00215783785097301,-0.002816934371367097,0.0025641918182373047,648.253778697,0.23276066780090332,1.105434536933899,0,0.8032163977622986,5.228223542985688e-08,0.0001506272965343669,1,0.4190951883792877,2135.608155529926,0,0.0,1,0,1,0,6.282289505004883,0.5708576440811157,0.6819708943367004,11.498046875,1762701608.9074423,0.0012636820320039988,12.417241096496582,0.6395001411437988,0,0.37568435072898865,0.0,88,1,0,0.22727271914482117,3.0003979206085205,0,0.7792375087738037,0.10385635495185852,0.14086808264255524,48.86227035522461,2.00541098077699e-14,0,1.0708396434783936,8542.432622119704,88,1,0.07388155162334442,0,0,4.130573272705078,0.42261621356010437
0.4390169382095337,0.44657444953918457,0,4.578943252563477,2.7640084366691697,5.143069267272949,-3.5933797335019335e-05,0,0,0.702091634273529,2.5648066997528076,1.477083444595337,1.4318161010742188,5.249724388122559,0,0.10257650911808014,0.005933757871389389,0.128503680229187,1e-06,0.30294036865234375,0.8967832326889038,0.0018979519372805953,-0.0019964820239692926,0.0027468204498291016,654.412667694,0.2707951068878174,0.8813445568084717,0,0.7594709396362305,3.510913870741206e-08,1.7058802768588066e-05,1,0.4412831962108612,2108.5176575021974,0,0.0,1,0,1,0,6.458858489990234,0.5636336207389832,0.44432514905929565,11.498046875,1762701613.9396012,0.0008734664879739285,5.2874369621276855,0.44657444953918457,0,0.354229599237442,0.0,89,1,0,0.2648613750934601,2.000258684158325,0,0.6438201069831848,0.09082721173763275,0.11951570957899094,16.347776412963867,1.777524315499363e-16,0,0.8192541003227234,8434.07063000879,89,1,0.07680615037679672,0,0,2.7898426055908203,0.44439446926116943
0.4308893084526062,0.6083874702453613,0,5.540121078491211,2.743179808160757,5.281734466552734,0.0,0,0,0.7286989092826843,2.5268943309783936,1.232877492904663,1.3323770761489868,4.7487311363220215,0,0.1579383760690689,0.005301150493323803,0.1280486136674881,1e-06,0.24787330627441406,0.9249851703643799,0.0025933359283953905,-0.0040570530109107494,0.0026171207427978516,658.434325484,0.2403564155101776,1.162165641784668,0,0.8488620519638062,2.06898089771812e-08,2.0206942281220108e-05,1,0.424057275056839,2092.6285848029597,0,0.0,1,0,1,0,5.433187484741211,0.5975098609924316,0.49699005484580994,11.498046875,1762701620.0950623,0.001078729867003858,11.400700569152832,0.6083874702453613,0,0.34230077266693115,0.0,90,1,0,0.23505526781082153,3.000370502471924,0,0.5715782046318054,0.08451391011476517,0.11183839291334152,61.991851806640625,5.385240131669381e-16,0,0.7368443012237549,8370.514339211839,90,1,0.07261985540390015,0,0,5.319989204406738,0.4273240268230438
0.4343335032463074,0.33750176429748535,0,3.678468942642212,2.7607918111088012,5.401209831237793,6.834185478510335e-05,0,0,0.7330812215805054,2.6660611629486084,1.250961422920227,1.3304553031921387,5.401552677154541,0,0.10191447287797928,0.0034143675584346056,0.11804308742284775,1e-06,0.197296142578125,0.9371646642684937,0.0016165991546586156,-0.0012452700175344944,0.0024154186248779297,664.600153755,0.24187380075454712,0.9801939129829407,0,0.8864875435829163,5.1286168201158944e-08,3.7677054933737963e-05,1,0.4261705279350281,2106.06386188362,0,0.0,1,0,1,0,6.1452789306640625,0.6074495911598206,0.5326299071311951,11.498046875,1762701624.1183658,0.0007253699586726725,5.495578765869141,0.33750176429748535,0,0.3480517864227295,0.0,91,1,0,0.23845942318439484,1.0002281665802002,0,0.5566297173500061,0.08503491431474686,0.1021256223320961,33.01836395263672,7.297978301772418e-17,0,0.7878476977348328,8424.25544753448,91,1,0.05833673104643822,0,0,3.783008098602295,0.42824748158454895
0.44498634338378906,0.5738692283630371,0,5.585118532180786,2.7504776386908376,5.9779953956604,0.0,0,0,0.7150326371192932,2.570878028869629,1.6831554174423218,1.7646187543869019,5.814229965209961,0,0.12992562353610992,0.004859497305005789,0.14224664866924286,1e-06,0.21791458129882812,0.9289206862449646,0.0022171579767018557,-0.0023739065509289503,0.002684354782104492,670.534378621,0.27804774045944214,1.0764669179916382,0,0.8297293782234192,3.712856866400216e-08,0.0001276575494557619,1,0.44562023878097534,2098.1957185099313,0,0.0,1,0,1,0,5.856828689575195,0.5736101865768433,0.5628606677055359,11.498046875,1762701630.2838905,0.0008854836341924965,8.063172340393066,0.5738692283630371,0,0.35568967461586,0.0,92,1,0,0.2731882631778717,3.0003738403320312,0,0.5826057195663452,0.10857247561216354,0.11149240285158157,23.91642951965332,1.9517146558687396e-16,0,0.7947450280189514,8392.782874039725,92,1,0.06954418122768402,0,0,3.0300486087799072,0.4480607211589813
0.4494709074497223,0.5437135696411133,0,5.381874322891235,2.746127107468479,5.867947101593018,0.0,0,0,0.6984118223190308,3.347078323364258,1.8850648403167725,1.8954193592071533,5.9518961906433105,0,0.13053913414478302,0.004732225555926561,0.14042209088802338,1e-06,0.2793235778808594,0.8943927884101868,0.001646753284148872,-0.002042675856500864,0.016771793365478516,674.264705262,0.3209833800792694,1.5765008926391602,0,0.6652309894561768,7.467389906423705e-08,3.392326470930129e-05,1,0.46503904461860657,2094.8769254917333,0,0.0,1,0,1,0,6.078439712524414,0.52953040599823,0.5927645564079285,11.498046875,1762701636.2169933,0.0008223027107305825,21.0502986907959,0.5437135696411133,0,0.358307421207428,0.0,93,1,0,0.31625115871429443,2.00026273727417,0,0.6232999563217163,0.10274255275726318,0.13667872548103333,66.88351440429688,3.4083187017326395e-15,0,0.8237882256507874,8379.507701966933,93,1,0.06863217055797577,0,0,4.56229305267334,0.4668813943862915
0.44776275753974915,0.38191866874694824,0,3.34165620803833,2.800581178980467,5.800294876098633,8.088108006631956e-05,0,0,0.7081760764122009,2.329064130783081,1.685487151145935,1.7690623998641968,5.784939765930176,0,0.08106596767902374,0.006354786455631256,0.1412724107503891,1e-06,0.2038860321044922,0.8991014957427979,0.0010884414659813046,-0.001485927146859467,0.0026116371154785156,680.702439531,0.30516496300697327,1.676495909690857,0,0.7969176173210144,1.2553912576152015e-08,1.598960443516262e-05,1,0.4577673673629761,2136.417092223018,0,0.0,1,0,1,0,6.78724479675293,0.5583755970001221,0.5741574764251709,11.498046875,1762701639.94807,0.0006418896955437958,22.74763298034668,0.38191866874694824,0,0.35230985283851624,0.0,94,1,0,0.2988101541996002,1.000213384628296,0,0.5758337378501892,0.10350532084703445,0.11980248987674713,45.33734893798828,5.09316379557743e-15,0,0.7956604957580566,8545.668368892071,94,1,0.07946859300136566,0,0,3.702784776687622,0.46050840616226196
0.45421865582466125,0.8460595607757568,0,5.5844337940216064,2.9244815297267777,5.707962512969971,7.436255691573024e-05,0,0,0.6982291340827942,2.5711097717285156,1.9836671352386475,1.9074816703796387,6.099734306335449,0,0.09223852306604385,0.005644756834954023,0.14215050637722015,1e-06,0.2096233367919922,0.8929267525672913,0.0010692961513996124,-0.001329186954535544,0.002665996551513672,685.484014906,0.3349222242832184,1.2230637073516846,0,0.7030738592147827,5.500680799741531e-08,4.055902536492795e-05,1,0.4699803292751312,2230.9341978343637,0,0.0,1,0,1,0,5.860074043273926,0.5351526737213135,0.7331901788711548,11.498046875,1762701646.3853383,0.0005926317535340786,7.882365703582764,0.8460595607757568,0,0.3581354320049286,0.0,95,1,0,0.32927748560905457,3.000328302383423,0,0.5785084366798401,0.11843356490135193,0.12522830069065094,17.044912338256836,2.1202236550933062e-16,0,0.7885176539421082,8923.736791337455,95,1,0.07492394000291824,0,0,2.7254936695098877,0.4719928801059723
0.45744165778160095,0.5035619735717773,0,4.271266937255859,2.7886235737049025,5.707364559173584,0.0,0,0,0.6690773367881775,2.2590527534484863,1.7698049545288086,1.9479888677597046,5.817827224731445,0,0.216232568025589,0.006084891501814127,0.12927401065826416,1e-06,0.23603248596191406,0.8774453997612,0.004828841891139746,-0.0019453921122476459,0.0024878978729248047,691.974858106,0.34208962321281433,1.4085773229599,0,0.6440445780754089,4.399365494123231e-08,9.499568113824353e-05,1,0.4723755419254303,2127.295259767487,0,0.0,1,0,1,0,5.367859840393066,0.5218448042869568,0.5037730932235718,11.498046875,1762701651.1670547,0.0011803153902292252,8.510839462280273,0.5035619735717773,0,0.3823009133338928,0.0,96,1,0,0.33600473403930664,2.0002870559692383,0,0.663183331489563,0.10153606534004211,0.11038266122341156,24.151180267333984,9.21826697650684e-16,0,0.9063488245010376,8509.181039069948,96,1,0.0777738019824028,0,0,3.1032230854034424,0.47444459795951843
0.45312947034835815,0.6267757415771484,0,5.856761932373047,2.82474663004864,6.389337062835693,1.7247033611056395e-05,0,0,0.6922266483306885,2.8438475131988525,1.9043715000152588,2.0667688846588135,5.8380560874938965,0,0.08722788095474243,0.006486629601567984,0.1280316710472107,1e-06,0.2623615264892578,0.899886429309845,0.0013726204633712769,-0.0021975592244416475,0.002553701400756836,696.732799728,0.34021711349487305,2.905137062072754,0,0.6547043919563293,6.731789170544289e-08,-6.612608558498323e-05,1,0.47157594561576843,2154.8516525531413,0,0.0,1,0,1,0,5.997112274169922,0.5254815816879272,0.4950543940067291,11.498046875,1762701657.6573906,0.0008211707463487983,41.865962982177734,0.6267757415771484,0,0.3689883053302765,0.0,97,1,0,0.3337304890155792,3.0003716945648193,0,0.6404232382774353,0.10330084711313248,0.11258866637945175,197.41073608398438,1.0743920910002893e-14,0,0.8601953983306885,8619.406610212565,97,1,0.08028329163789749,0,0,12.341865539550781,0.47381338477134705
0.4553433060646057,0.4621281623840332,0,4.290028810501099,2.7834149707238423,6.211475849151611,5.1070237532258034e-05,0,0,0.7064316272735596,2.277834892272949,2.119259834289551,2.1256988048553467,6.3080244064331055,0,0.09521473944187164,0.0061007956974208355,0.13928622007369995,1e-06,0.19332313537597656,0.9033146500587463,0.0015464604366570711,-0.0025788762141019106,0.002833843231201172,702.335815203,0.34522545337677,1.453172206878662,0,0.7049996852874756,1.1257940002451505e-07,5.912494088988751e-05,1,0.4734436273574829,2123.3218886262184,0,0.0,1,0,1,0,5.38138484954834,0.533437967300415,0.6233904361724854,11.498046875,1762701662.4159315,0.0007705355528742075,11.143704414367676,0.4621281623840332,0,0.3537518382072449,0.0,98,1,0,0.3391246795654297,2.000293493270874,0,0.5656815767288208,0.09918814152479172,0.12247954308986664,38.521026611328125,4.1575053675354384e-15,0,0.7664857506752014,8493.287554504874,98,1,0.07787413150072098,0,0,3.7576186656951904,0.4754732549190521
0.4545343816280365,0.5214240550994873,0,5.074014663696289,2.814858016138163,6.0026092529296875,0.0,0,0,0.6747764348983765,3.060333490371704,2.1578011512756348,2.135402202606201,6.390831470489502,0,0.14721758663654327,0.006016384810209274,0.14361760020256042,1e-06,0.29222869873046875,0.8802818059921265,0.0019881906919181347,-0.004515809938311577,0.0034923553466796875,718.877786738,0.36175113916397095,1.3257020711898804,0,0.49089497327804565,5.83400705522763e-08,-8.022441761568189e-05,1,0.47876599431037903,2147.308145535634,0,0.0,1,0,1,0,6.364744186401367,0.49913862347602844,0.5003660917282104,11.498046875,1762701668.0187943,0.0010656918166205287,9.036645889282227,0.5214240550994873,0,0.37554851174354553,0.0,99,1,0,0.35573476552963257,2.00034761428833,0,0.659473717212677,0.11197344213724136,0.12061834335327148,30.034521102905273,2.5213371395869846e-15,0,0.8619257211685181,8589.232582142537,99,1,0.0773366242647171,0,0,3.2342679500579834,0.4805380403995514
0.45516088604927063,0.6686041355133057,0,2.50736665725708,2.218975575355687,6.964975833892822,0.0,0,0,0.7069438099861145,2.495453357696533,2.2197368144989014,2.4146366119384766,6.422881126403809,0,0.11943655461072922,0.006261911243200302,0.14814458787441254,1e-06,0.2586994171142578,0.9231130480766296,0.001441832515411079,-0.0015525894705206156,0.0019583702087402344,722.531492592,0.3569289445877075,2.399888038635254,0,0.5637685060501099,5.2253820825853836e-08,5.072644853498787e-05,1,0.4772113263607025,1692.740557565662,0,0.0,1,0,1,0,5.89326286315918,0.5134066343307495,0.58684241771698,11.498046875,1762701684.5606897,0.0006744702695868909,34.020713806152344,0.6686041355133057,0,0.361937552690506,13.35781717300415,100,1,0,0.3506670296192169,0.000125885009765625,0,0.6264784336090088,0.10519696772098541,0.1318879872560501,85.6887435913086,2.727523881664723e-13,0,0.8291391730308533,6770.962230262648,100,1,0.07888945937156677,0,0,6.578624248504639,0.4791261851787567
0.45295074582099915,0.7129144668579102,0,2.932711601257324,2.279799406955003,6.1426005363464355,0.0,0,0,0.7092549800872803,2.9176645278930664,2.144364595413208,2.2138631343841553,6.2452921867370605,0,0.1036488264799118,0.005756684113293886,0.15117014944553375,1e-06,0.2906646728515625,0.9164770841598511,0.0024044588208198547,-0.0011544324224814773,0.0022192001342773438,728.639695664,0.3662530183792114,1.3316137790679932,0,0.5619632005691528,4.986503654436092e-08,1.2415505807439331e-05,1,0.4801751673221588,1739.1398815411874,0,0.0,1,0,1,0,5.656363487243652,0.5090929865837097,0.9353877902030945,11.498046875,1762701688.21485,0.0006454360554926097,10.34450626373291,0.7129144668579102,0,0.35854896903038025,0.0,101,1,0,0.3604963421821594,9.512901306152344e-05,0,0.6687985062599182,0.10873109102249146,0.13344325125217438,33.391212463378906,6.020170256401669e-13,0,0.8665748238563538,6956.5595261647495,101,1,0.07565895467996597,0,0,3.0235133171081543,0.481810599565506
0.45696938037872314,0.855797290802002,0,5.245606184005737,2.2441898628750887,7.19719934463501,1.6241936464211904e-05,0,0,0.7052893042564392,2.232262372970581,2.2666499614715576,2.563856840133667,6.445002555847168,0,0.07996796071529388,0.006345926783978939,0.1354917287826538,1e-06,0.2686023712158203,0.9044764637947083,0.0010911532444879413,-0.0010500553762540221,0.003075122833251953,733.651378615,0.3778040111064911,3.8573496341705322,0,0.5260699391365051,3.4316709474069285e-08,1.0852544619410764e-05,1,0.48323023319244385,1711.9752204381323,0,0.0,1,0,1,0,5.128462791442871,0.5027105808258057,0.518997311592102,11.498046875,1762701694.3230882,0.0005312111461535096,60.74399948120117,0.855797290802002,0,0.355357825756073,0.0,102,1,0,0.3714580833911896,3.0004162788391113,0,0.6036940217018127,0.09402791410684586,0.11592967063188553,227.5620574951172,6.053050584636094e-14,0,0.7893469929695129,6847.900881752529,102,1,0.07941402494907379,0,0,13.961480140686035,0.48487403988838196
0.45322445034980774,0.7354373931884766,0,4.269128799438477,2.195982164485695,6.020436763763428,0.0,0,0,0.7237581610679626,2.2565276622772217,1.9689130783081055,2.016288995742798,5.936506748199463,0,0.07671956717967987,0.00510970875620842,0.12310728430747986,1e-06,0.2835674285888672,0.9401966333389282,0.0010864152573049068,-0.0013172102626413107,0.0030324459075927734,738.767499348,0.35873159766197205,1.4442468881607056,0,0.6108117699623108,7.939372892451502e-08,3.295002898084931e-06,1,0.47812947630882263,1675.2000854808498,0,0.0,1,0,1,0,5.5821123123168945,0.518403947353363,0.5650281310081482,11.498046875,1762701699.3348007,0.0005847201100550592,8.396841049194336,0.7354373931884766,0,0.35864147543907166,0.0,103,1,0,0.3536219000816345,2.000324249267578,0,0.6049422025680542,0.0995364710688591,0.10618183016777039,43.6835823059082,4.534453324975263e-13,0,0.7804033160209656,6700.800341923399,103,1,0.07130472362041473,0,0,4.391712665557861,0.47966423630714417
0.45471662282943726,0.5263409614562988,0,4.582638263702393,2.2311403371028065,6.95509147644043,0.0,0,0,0.6707924008369446,2.5693230628967285,2.786398410797119,2.9906647205352783,6.5570478439331055,0,0.13856470584869385,0.006122720893472433,0.15513284504413605,1e-06,0.31109619140625,0.8583061695098877,0.0016519997734576464,-0.0005170481163077056,0.0028138160705566406,743.728666744,0.41940638422966003,7.0204033851623535,0,0.25207632780075073,1.700236218482587e-08,8.978199912235141e-05,1,0.4924556314945221,1702.0204188724597,0,0.0,1,0,1,0,6.020622253417969,0.45485827326774597,0.8641664385795593,11.498046875,1762701704.45047,0.00045659911120310426,113.48523712158203,0.5263409614562988,0,0.3690647780895233,0.0,104,1,0,0.41328367590904236,2.0002896785736084,0,0.6617902517318726,0.13425257802009583,0.12260271608829498,170.14157104492188,6.136457580139046e-14,0,0.8429400324821472,6808.081675489839,104,1,0.0780130922794342,0,0,10.80404281616211,0.49349477887153625
0.4555385112762451,0.6887795925140381,0,4.264713525772095,2.22425993767324,7.672576427459717,0.0,0,0,0.6973364353179932,2.252622365951538,2.468102216720581,2.741976737976074,6.797318458557129,0,0.10900211334228516,0.004371903371065855,0.13953569531440735,1e-06,0.2926979064941406,0.8944981098175049,0.000689951004460454,-0.0016103008529171348,0.0028028488159179688,749.934735115,0.40979307889938354,3.4414429664611816,0,0.3607846200466156,1.0173786080258651e-07,-4.1269300709245726e-05,1,0.4910091757774353,1696.7717215474286,0,0.0,1,0,1,0,5.551447868347168,0.4720354378223419,0.6900044083595276,11.498046875,1762701709.412148,0.0006039061699993908,52.21878433227539,0.6887795925140381,0,0.3573831021785736,0.0,105,1,0,0.4054211676120758,2.0003154277801514,0,0.6194877624511719,0.11763663589954376,0.1178286150097847,208.76283264160156,2.3714794352840433e-15,0,0.7967438697814941,6787.086886189714,105,1,0.06598047912120819,0,0,14.972394943237305,0.4918312430381775
0.4540689289569855,0.40343284606933594,0,5.795783758163452,2.2138117441239338,6.326231479644775,0.0,0,0,0.6972004175186157,2.782203197479248,2.540778398513794,2.49771785736084,6.672122001647949,0,0.0637693777680397,0.004824063740670681,0.137784942984581,1e-06,0.2866859436035156,0.9065953493118286,0.0009845024906098843,-0.0012484457110986114,0.002974987030029297,755.234326941,0.398552805185318,1.4086164236068726,0,0.4260881543159485,1.9547663043795183e-08,-5.938872345723212e-05,1,0.48861056566238403,1688.8013404532735,0,0.0,1,0,1,0,6.155999183654785,0.4813549220561981,0.5255017876625061,11.498046875,1762701715.61803,0.00046764855505898595,6.703428268432617,0.40343284606933594,0,0.3671799302101135,0.0,106,1,0,0.39372873306274414,3.000415802001953,0,0.6213415861129761,0.10288438200950623,0.12023548036813736,15.660150527954102,6.969679581072982e-17,0,0.8023935556411743,6755.205361813094,106,1,0.06929266452789307,0,0,2.4669039249420166,0.48963502049446106
0.45837587118148804,0.6880373954772949,0,4.605326175689697,2.200038963803054,6.097795486450195,0.0,0,0,0.7215924263000488,2.592228412628174,1.9854750633239746,2.2979815006256104,5.85945463180542,0,0.1632280945777893,0.00430677505210042,0.122453473508358,1e-06,0.1897869110107422,0.9275611639022827,0.0011955391382798553,-0.0021760885138064623,0.0031554698944091797,761.004464483,0.3727016746997833,3.1039648056030273,0,0.6082239151000977,6.525159790271573e-08,-7.931088475743309e-05,1,0.48240920901298523,1678.2948057719,0,0.0,1,0,1,0,5.083371162414551,0.51785808801651,0.6379244923591614,11.498046875,1762701720.9186869,0.0007267254986800253,42.8277702331543,0.6880373954772949,0,0.3525144159793854,0.0,107,1,0,0.3683949112892151,2.0002963542938232,0,0.537254273891449,0.11040176451206207,0.10138046741485596,136.85597229003906,3.2338894610144456e-14,0,0.7308197021484375,6713.1792230876,107,1,0.06548997014760971,0,0,8.905919075012207,0.48356372117996216
0.4534800350666046,0.5177693367004395,0,5.245073080062866,2.160362072984878,6.890115737915039,2.802238850563299e-05,0,0,0.6741423606872559,2.2316794395446777,3.430391311645508,3.1084752082824707,7.3073601722717285,0,0.08925501257181168,0.004999999888241291,0.15461614727973938,1e-06,0.266510009765625,0.8651053309440613,0.0012795670190826058,-0.0012439476558938622,0.0025641918182373047,765.704165108,0.45256757736206055,1.8353101015090942,0,0.16072848439216614,6.052388101807082e-08,-2.0820994905079715e-05,1,0.49727684259414673,1648.0273783013358,0,0.0,1,0,1,0,5.61341667175293,0.431373655796051,0.7174124717712402,11.498046875,1762701726.687932,0.0005035802605561912,13.255290985107422,0.5177693367004395,0,0.36955589056015015,0.0,108,1,0,0.44756758213043213,3.000369071960449,0,0.6464734077453613,0.12515178322792053,0.1190723404288292,26.298688888549805,5.96317496792155e-14,0,0.8373748660087585,6592.109513205343,108,1,0.07053844630718231,0,0,3.1837425231933594,0.4977787137031555
0.45843738317489624,0.4524400234222412,0,4.240428686141968,2.702746974406629,7.158725261688232,2.474166285537649e-05,0,0,0.7014768719673157,2.228048324584961,2.951031446456909,2.7977616786956787,7.413825035095215,0,0.06647063046693802,0.005451598670333624,0.12675683200359344,1e-06,0.1986370086669922,0.914054811000824,0.000942002166993916,-0.0008774296729825437,0.002527475357055664,771.627981081,0.4093119204044342,1.8126933574676514,0,0.3888572156429291,5.526435487013259e-08,-1.1240395906497724e-05,1,0.49070626497268677,2061.7844879534705,0,0.0,1,0,1,0,5.265048027038574,0.47975024580955505,0.6173785328865051,11.498046875,1762701731.3877583,0.0004292844096198678,13.57572078704834,0.4524400234222412,0,0.3638090193271637,0.0,109,1,0,0.40386030077934265,2.000277042388916,0,0.542890727519989,0.10336470603942871,0.1066037118434906,25.581745147705078,8.528630750302517e-15,0,0.7610667943954468,8247.137951813882,109,1,0.07363883405923843,0,0,3.4570629596710205,0.4917431175708771
0.4506132900714874,0.32424020767211914,0,5.591958045959473,2.604207820393682,7.008195877075195,0.0,0,0,0.7227697372436523,2.578627586364746,2.5979838371276855,2.6803159713745117,6.833559989929199,0,0.09137675166130066,0.0052112676203250885,0.137785866856575,1e-06,0.30059051513671875,0.9209040403366089,0.0010755847906693816,-0.0015384621219709516,0.0030434131622314453,776.856923455,0.4184507131576538,1.8055423498153687,0,0.27970561385154724,4.6893120497770724e-08,-1.4626923075411469e-05,1,0.4924497604370117,1986.6141145800784,0,0.0,1,0,1,0,5.377659797668457,0.45684537291526794,0.63447105884552,11.498046875,1762701737.3109672,0.0005435653147287667,13.988390922546387,0.32424020767211914,0,0.3488883972167969,0.0,110,1,0,0.413239449262619,3.000427722930908,0,0.6335124969482422,0.11055529862642288,0.11847037822008133,89.51908111572266,2.857373665078266e-17,0,0.8208953142166138,7946.456458320314,110,1,0.07200583815574646,0,0,6.53337287902832,0.4933396279811859
0.45846500992774963,0.7112622261047363,0,4.511052846908569,2.636116829871327,7.280887603759766,0.0,0,0,0.7277464866638184,2.4971396923065186,2.7150378227233887,2.890188694000244,7.616929531097412,0,0.07363346219062805,0.005916262045502663,0.12280553579330444,1e-06,0.23579978942871094,0.9417585134506226,0.0005514953518286347,-0.0006578213651664555,0.0028247833251953125,782.886268025,0.42657768726348877,1.9099041223526,0,0.35594019293785095,2.2086869222448513e-08,1.7882150132209063e-05,1,0.4937027096748352,2010.955831133628,0,0.0,1,0,1,0,5.6822509765625,0.47484293580055237,0.8167948722839355,11.498046875,1762701742.5404432,0.00032804004149511456,12.328984260559082,0.7112622261047363,0,0.35650208592414856,0.0,111,1,0,0.42066141963005066,2.000239610671997,0,0.5392181277275085,0.11704619228839874,0.09759054332971573,32.09687423706055,1.0521038250679848e-13,0,0.7075279951095581,8043.823324534512,111,1,0.07669518887996674,0,0,3.1817080974578857,0.4946173131465912
0.45833656191825867,0.484116792678833,0,5.537924528121948,2.565992121070562,7.071423530578613,0.0,0,0,0.7273233532905579,2.5259389877319336,2.909898281097412,2.9568917751312256,7.672744274139404,0,0.11442210525274277,0.007242628373205662,0.1207936704158783,1e-06,0.2496337890625,0.9321770071983337,0.0008268937817774713,-0.0015502864262089133,0.002959012985229492,788.183205225,0.4331781566143036,1.940483808517456,0,0.3391149640083313,5.786233359117432e-08,-7.168830779846758e-05,1,0.4945266544818878,1957.4613537753048,0,0.0,1,0,1,0,5.0153398513793945,0.47050711512565613,0.5739259123802185,11.498046875,1762701748.5693698,0.000614670105278492,11.081459999084473,0.484116792678833,0,0.3493858277797699,0.0,112,1,0,0.4259355068206787,3.000418186187744,0,0.566959023475647,0.1101279929280281,0.09125538170337677,18.115026473999023,9.471810407399653e-14,0,0.7394260764122009,7829.845415101219,112,1,0.08480220288038254,0,0,3.1623215675354004,0.49555742740631104
0.4516485333442688,0.7193105220794678,0,4.570897817611694,2.53321085925809,7.429958820343018,-1.8337075744057074e-05,0,0,0.6969706416130066,2.5573995113372803,3.3285391330718994,3.3280389308929443,8.011509895324707,0,0.06949418038129807,0.004503804724663496,0.13568617403507233,1e-06,0.2654075622558594,0.9026779532432556,0.0006408636108972132,-0.0016414409037679434,0.002704143524169922,792.938798044,0.4666873514652252,2.269949436187744,0,0.15062442421913147,1.053601081935085e-07,1.8783945279210457e-06,1,0.4986065626144409,1932.4542414778855,0,0.0,1,0,1,0,4.8523712158203125,0.42742303013801575,0.6701698303222656,11.498046875,1762701753.866876,0.0004727962950710207,15.655641555786133,0.7193105220794678,0,0.3621940612792969,0.0,113,1,0,0.46218356490135193,2.0002903938293457,0,0.5585559606552124,0.11072301864624023,0.10950054973363876,67.75774383544922,4.759152022937221e-16,0,0.7188090682029724,7729.816965911542,113,1,0.0669642984867096,0,0,5.436033725738525,0.4989277720451355
0.4533497393131256,0.4854164123535156,0,4.262842178344727,2.541053616593085,7.595174789428711,0.0,0,0,0.7381317019462585,2.249680757522583,2.9794139862060547,3.1540708541870117,7.751267433166504,0,0.07058780640363693,0.0053273756057024,0.12541073560714722,1e-06,0.24774932861328125,0.9507755637168884,0.0009619974298402667,-0.001408129115588963,0.00318145751953125,798.876420775,0.42893967032432556,2.560903549194336,0,0.35802942514419556,1.4855110919143044e-07,-4.446514594746986e-06,1,0.49417293071746826,1938.4370713799062,0,0.0,1,0,1,0,5.916027069091797,0.46745219826698303,0.6304208040237427,11.498046875,1762701758.6216767,0.00038745393976569176,26.832429885864258,0.4854164123535156,0,0.34871017932891846,0.0,114,1,0,0.4236122965812683,2.0003468990325928,0,0.5422192215919495,0.11080294847488403,0.09671874344348907,61.711002349853516,8.25091670486421e-16,0,0.7260916829109192,7753.748285519625,114,1,0.07280045747756958,0,0,4.981858253479004,0.49496719241142273
0.45300716161727905,0.6768796443939209,0,5.254109144210815,2.5356653676472005,8.19261646270752,0.0,0,0,0.7052047252655029,2.2402961254119873,3.887342929840088,3.663682222366333,8.415460586547852,0,0.09332242608070374,0.007308350410312414,0.13659147918224335,1e-06,0.2145557403564453,0.9004252552986145,0.001187827787362039,-0.001618159469217062,0.003161907196044922,803.638876949,0.4660239517688751,2.205091953277588,0,0.19792954623699188,3.6408565051715414e-08,-3.0033861548872665e-05,1,0.4983314275741577,1934.3266577159357,0,0.0,1,0,1,0,4.944460868835449,0.4368877410888672,0.6368824243545532,11.498046875,1762701764.5597398,0.0005663614720106125,13.196537017822266,0.6768796443939209,0,0.35493898391723633,0.0,115,1,0,0.45871561765670776,3.000335693359375,0,0.539343535900116,0.10797537863254547,0.1126929223537445,49.82284164428711,1.1643333421803334e-16,0,0.737040102481842,7737.306630863743,115,1,0.0851825475692749,0,0,4.236939430236816,0.49888309836387634
0.45090168714523315,0.48959803581237793,0,4.265941858291626,2.5727685977692785,7.93733549118042,-6.253174547055096e-07,0,0,0.6832384467124939,2.2525672912597656,3.3995370864868164,3.563685417175293,8.42741870880127,0,0.21419677138328552,0.007171314675360918,0.1513616293668747,1e-06,0.2119121551513672,0.8837056756019592,0.0007009483524598181,-0.0035660117864608765,0.0032248497009277344,809.141196228,0.48031872510910034,2.6900434494018555,0,0.1120111346244812,4.8855625323085405e-08,-8.078957762336358e-05,1,0.4993181824684143,1962.6307738774062,0,0.0,1,0,1,0,5.152763366699219,0.4151752293109894,0.7441835403442383,11.498046875,1762701769.3221996,0.0007551120943389833,27.12984275817871,0.48959803581237793,0,0.36759114265441895,0.0,116,1,0,0.4731474220752716,2.000393867492676,0,0.5595061182975769,0.13200728595256805,0.1191377118229866,38.50469970703125,1.1416351355949639e-15,0,0.7706207633018494,7850.523095509625,116,1,0.08438614755868912,0,0,4.248045921325684,0.49965229630470276
0.45504847168922424,0.6547973155975342,0,4.841249704360962,2.5870154357029183,6.7253546714782715,-3.721252710420231e-07,0,0,0.7512689828872681,2.8282408714294434,2.8187973499298096,2.7592828273773193,7.344768524169922,0,0.12715741991996765,0.005981511436402798,0.16241350769996643,1e-06,0.19503211975097656,0.9514268040657043,0.0011530130868777633,-0.0008121630526147783,0.003270387649536133,814.165220383,0.3967736065387726,2.113593578338623,0,0.38903123140335083,5.507097853296727e-07,-1.9653256458695978e-05,1,0.48797211050987244,1973.4989423490088,0,0.0,1,0,1,0,4.972474098205566,0.485280305147171,0.7437966465950012,11.498046875,1762701774.824811,0.0004699597484432161,11.455205917358398,0.6547973155975342,0,0.3422275185585022,0.0,117,1,0,0.3907921016216278,2.000307559967041,0,0.49132758378982544,0.1178666353225708,0.135414257645607,27.34632682800293,2.2927687716054954e-14,0,0.6722564101219177,7893.995769396035,117,1,0.07711556553840637,0,0,4.120335102081299,0.4892726242542267
0.45469358563423157,0.49537086486816406,0,4.5213117599487305,2.579026514178974,8.012144088745117,-7.189020379883004e-06,1,0,0.6945045590400696,2.509089708328247,4.330703258514404,4.066985130310059,8.540078163146973,1,0.126968652009964,0.004880352411419153,0.16909582912921906,1e-06,0.1943206787109375,0.8931541442871094,0.0008794708410277963,-0.0009925871854647994,0.0026848316192626953,820.212361799,0.5058249235153198,2.2888569831848145,0,0.0752389132976532,5.7046481316547215e-08,-5.287328167469241e-05,1,0.5000384449958801,1967.40461142217,0,0.0,1,0,1,0,5.541053771972656,0.4014301300048828,0.8852227330207825,11.498046875,1762701779.8486392,0.00044401391642168164,16.73212242126465,0.49537086486816406,0,0.360887348651886,0.0,118,1,0,0.5009445548057556,2.0003182888031006,0,0.5233340859413147,0.13787297904491425,0.14611278474330902,40.61687469482422,7.287518768362808e-17,0,0.7433688640594482,7869.61844568868,118,1,0.06969432532787323,0,0,3.738661527633667,0.5000054240226746
0.46075135469436646,0.47675013542175293,0,5.564226150512695,2.5464852925074095,7.468874454498291,-4.7225177695509046e-05,0,0,0.704503059387207,2.551002025604248,3.129054546356201,3.3105742931365967,7.257992744445801,0,0.1282918006181717,0.0058170282281935215,0.1448134332895279,1e-06,0.19301605224609375,0.9049213528633118,0.0009581777849234641,-0.003203663509339094,0.0030472278594970703,825.20548712,0.4785827696323395,2.790208101272583,0,0.12182126939296722,1.5624334537278628e-07,-0.0001462162908865139,1,0.4993017613887787,1942.5806132096786,0,0.0,1,0,1,0,6.1221513748168945,0.43650007247924805,0.6408846974372864,11.498046875,1762701785.896121,0.0007270749774761498,32.056453704833984,0.47675013542175293,0,0.3593873679637909,0.0,119,1,0,0.4727657437324524,3.0003819465637207,0,0.5024744868278503,0.13539603352546692,0.10937109589576721,192.02349853515625,1.4104036660773185e-15,0,0.7024645209312439,7770.3224528387145,119,1,0.07605399191379547,0,0,11.683895111083984,0.4995851218700409
0.461675226688385,0.6992762088775635,0,4.28677773475647,2.574713738944985,9.334681510925293,0.0,0,0,0.7046269774436951,2.2738592624664307,2.933431386947632,4.515808582305908,6.9581756591796875,0,0.15132220089435577,0.004937401041388512,0.14912335574626923,1e-06,0.16790771484375,0.8965935111045837,0.0009932438842952251,-0.0016458936734125018,0.0028057098388671875,829.976663948,0.46252864599227905,25.350704193115234,0,0.19552946090698242,2.274112063105349e-07,-5.9238780522719026e-05,1,0.4982421398162842,1964.1146204753036,0,0.0,1,0,1,0,5.623411178588867,0.45149195194244385,0.6939756870269775,11.498046875,1762701790.8889585,0.0005905685247853398,423.4206237792969,0.6992762088775635,0,0.3546651005744934,0.0,120,1,0,0.4575912654399872,2.000291109085083,0,0.5082857608795166,0.1358872801065445,0.11913825571537018,790.3328857421875,1.3087263604845043e-15,0,0.7438763976097107,7856.458481901214,120,1,0.07009913772344589,0,0,47.21951675415039,0.498637855052948
0.46681252121925354,0.4835226535797119,0,4.280632734298706,2.65285102605485,7.971670627593994,2.0845354811172e-05,0,0,0.7170758247375488,2.2677173614501953,3.4430620670318604,3.503960371017456,8.103353500366211,0,0.19044315814971924,0.006971197668462992,0.14208725094795227,1e-06,0.12076950073242188,0.8901022672653198,0.0015214546583592892,-0.001998374005779624,0.0025653839111328125,835.721344937,0.45129334926605225,2.526437997817993,0,0.2749156355857849,1.9963559338975756e-07,-3.205873508704826e-05,1,0.4969359040260315,2023.721475286141,0,0.0,1,0,1,0,5.64106559753418,0.4695988595485687,0.6956859827041626,11.498046875,1762701795.6598396,0.0007378890295512974,26.20374298095703,0.4835226535797119,0,0.34101995825767517,0.0,121,1,0,0.4443221390247345,2.000305652618408,0,0.4251978397369385,0.12461808323860168,0.10897364467382431,52.33015823364258,1.1161808426179065e-15,0,0.6585662961006165,8094.885901144564,121,1,0.0832097977399826,0,0,4.515420436859131,0.49766767024993896
0.461314857006073,0.4811544418334961,0,5.258716821670532,2.6277735563321256,7.415119647979736,-3.558456592145376e-05,0,0,0.7128521800041199,2.2466235160827637,3.4953908920288086,3.4442062377929688,7.823306560516357,0,0.1862003207206726,0.004643714986741543,0.1559782475233078,1e-06,0.14604568481445312,0.9074862599372864,0.0019071220885962248,-0.0015209232224151492,0.0027985572814941406,841.762777798,0.4815051853656769,2.1224653720855713,0,0.10636640340089798,2.7826530413221917e-08,-7.439150795107707e-05,1,0.49950429797172546,2004.5911835640363,0,0.0,1,0,1,0,6.28754997253418,0.43065309524536133,0.7562274932861328,11.498046875,1762701801.407214,0.0007257522083818913,13.860466003417969,0.4811544418334961,0,0.35430553555488586,0.0,122,1,0,0.47686147689819336,3.0004336833953857,0,0.4881722331047058,0.12989063560962677,0.13247519731521606,23.8924560546875,3.303564358707383e-18,0,0.7152360081672668,8018.364734256145,122,1,0.06799184530973434,0,0,3.022871732711792,0.49969780445098877
0.4642203152179718,0.5149919986724854,0,5.5168137550354,2.561274378527878,7.219980239868164,-0.0001252278743777424,0,0,0.7033693790435791,2.501903533935547,3.061556100845337,3.1547868251800537,7.551295280456543,0,0.2209707796573639,0.006432640831917524,0.1517428755760193,1e-06,0.1211090087890625,0.8940907716751099,0.001270067528821528,-0.00264569534920156,0.0028231143951416016,846.996203787,0.4385223388671875,2.104292154312134,0,0.3025789260864258,1.450469682140465e-07,-0.00017974936054088175,1,0.49541226029396057,1953.8624344222267,0,0.0,1,0,1,0,5.1954345703125,0.47213107347488403,1.0738722085952759,11.498046875,1762701807.4458616,0.0008466201834380627,17.06087303161621,0.5149919986724854,0,0.3545113801956177,0.0,123,1,0,0.4320896863937378,3.000370502471924,0,0.4615206718444824,0.1465422809123993,0.11947977542877197,29.760419845581055,4.4552360932426094e-14,0,0.6858787536621094,7815.449737688907,123,1,0.07995271682739258,0,0,3.3650765419006348,0.4962517321109772
0.46654579043388367,0.6795012950897217,0,4.546936988830566,2.5984041303600987,7.170917510986328,-9.345518628833815e-05,0,0,0.6796959638595581,2.5350229740142822,3.232084274291992,3.372661590576172,7.496238708496094,0,0.23290862143039703,0.0042291427962481976,0.1340477019548416,1e-06,0.09865760803222656,0.860492467880249,0.001803030027076602,-0.0010993623873218894,0.0028328895568847656,852.049902427,0.4696270525455475,3.0963287353515625,0,0.15991409122943878,2.9644867893807714e-08,-3.439245847403072e-05,1,0.49884921312332153,1982.1867826109956,0,0.0,1,0,1,0,5.209918975830078,0.44907906651496887,0.6301843523979187,11.498046875,1762701812.679256,0.0005306335515342653,34.037628173828125,0.6795012950897217,0,0.3624706566333771,0.0,124,1,0,0.4653979241847992,2.0003645420074463,0,0.44019168615341187,0.1223081648349762,0.10574240237474442,49.55778121948242,9.573302854669174e-18,0,0.6800074577331543,7928.747130443982,124,1,0.06490043550729752,0,0,4.607072353363037,0.4991246163845062
0.46710291504859924,0.48902463912963867,0,4.5587592124938965,2.578389067179338,7.486460208892822,0.0,0,0,0.7019776701927185,2.5465643405914307,2.8488547801971436,3.1257548332214355,7.51283073425293,0,0.12637601792812347,0.004238185938447714,0.13854247331619263,1e-06,0.11217689514160156,0.8889297246932983,0.002351709408685565,-0.0028860014863312244,0.002658367156982422,856.810763821,0.44691669940948486,3.2821671962738037,0,0.2665718197822571,7.812428179931885e-07,-1.4805493719904916e-06,1,0.49675601720809937,1966.9183364033884,0,0.0,1,0,1,0,4.898288726806641,0.4676784873008728,0.8173701167106628,11.498046875,1762701817.7335026,0.0008495383663102984,43.09639358520508,0.48902463912963867,0,0.3542913496494293,0.0,125,1,0,0.4426785111427307,2.0003349781036377,0,0.4635373651981354,0.14108774065971375,0.1025465801358223,150.76187133789062,4.1700358435615265e-16,0,0.6909886598587036,7867.6733456135535,125,1,0.06497013568878174,0,0,9.332076072692871,0.49722689390182495
0.4598163366317749,0.4896821975708008,0,4.265275001525879,2.6180903313465222,7.780421733856201,5.7896562793757766e-05,0,0,0.6750339269638062,2.253314733505249,3.811460494995117,3.7078795433044434,7.8456549644470215,0,0.293057918548584,0.006006588228046894,0.1628231704235077,1e-06,0.14308738708496094,0.8316509127616882,0.0012216286268085241,-0.0019331752555444837,0.0029060840606689453,862.775825595,0.4925402104854584,2.402456283569336,0,0.0842466950416565,5.00468360087325e-08,1.3076463801553473e-05,1,0.4998670518398285,1997.204357028761,0,0.0,1,0,1,0,5.964786529541016,0.422771155834198,0.7227018475532532,11.498046875,1762701822.4948902,0.0008252818952314556,22.506736755371094,0.4896821975708008,0,0.35772761702537537,0.0,126,1,0,0.48653364181518555,2.000309467315674,0,0.5166317820549011,0.15233810245990753,0.12001538276672363,66.89246368408203,4.479467249468008e-15,0,0.7309073209762573,7988.817428115044,126,1,0.0772765502333641,0,0,5.050413608551025,0.4999927878379822
0.4648893177509308,0.6814825534820557,0,5.2767417430877686,2.5779670615301113,7.87367057800293,0.0,0,0,0.7071285247802734,2.26361346244812,3.1376800537109375,3.449956178665161,7.595667839050293,0,0.3305481970310211,0.004866180010139942,0.1347576528787613,1e-06,0.1219482421875,0.8913072347640991,0.0011658910661935806,-0.0028543027583509684,0.0029125213623046875,867.551217451,0.46836981177330017,2.5330052375793457,0,0.1749660074710846,5.41145368515572e-07,-5.000448800274171e-05,1,0.4987168312072754,1966.5964103371887,0,0.0,1,0,1,0,5.0720367431640625,0.45014628767967224,0.716349184513092,11.498046875,1762701828.459591,0.0008276539738290012,13.289934158325195,0.6814825534820557,0,0.3461722731590271,0.0,127,1,0,0.4635036289691925,3.0004942417144775,0,0.46277496218681335,0.13790105283260345,0.0928700864315033,63.0296630859375,3.8242174374882173e-16,0,0.690661609172821,7866.385641348755,127,1,0.06959512829780579,0,0,5.726179599761963,0.4990491569042206
0.464702308177948,0.49248313903808594,0,4.275537490844727,2.644747304974912,7.821390151977539,0.0,0,0,0.6754252910614014,2.263746976852417,3.9853861331939697,3.7645857334136963,8.490467071533203,0,0.13126666843891144,0.004147738683968782,0.14431697130203247,1e-06,0.12799453735351562,0.8410500884056091,0.001054361229762435,-0.0015716229099780321,0.002836942672729492,873.5665567,0.49377837777137756,2.4560341835021973,0,0.08413228392601013,4.983299461969182e-08,-5.8755795180331916e-05,1,0.4999418258666992,2017.5395697746253,0,0.0,1,0,1,0,5.993215560913086,0.42896756529808044,0.8188133835792542,11.498046875,1762701833.2352986,0.0006677696947008371,15.165879249572754,0.49248313903808594,0,0.3622860014438629,0.0,128,1,0,0.48963063955307007,2.0002756118774414,0,0.5061516165733337,0.14174742996692657,0.11304185539484024,39.28361892700195,3.7918962484077693e-16,0,0.7492818236351013,8070.158279098501,128,1,0.0642755851149559,0,0,4.117788791656494,0.5000106692314148
0.4644213914871216,0.48410701751708984,0,5.522464036941528,2.588185444283689,7.117649078369141,-7.521233055740595e-05,0,0,0.7006606459617615,2.5101664066314697,3.303241491317749,3.4893815517425537,7.565718173980713,1,0.3191474378108978,0.006375771947205067,0.11495976150035858,1e-06,0.1548442840576172,0.8905677795410156,0.0008788422564975917,-0.0010193403577432036,0.002801179885864258,878.749949983,0.502689778804779,2.4265618324279785,0,0.07536543160676956,2.850952007804608e-08,-2.377773489570245e-05,1,0.5000361800193787,1974.39148077952,0,0.0,1,0,1,0,5.783638000488281,0.42754727602005005,0.9982508420944214,11.498046875,1762701839.2481577,0.0005740302731283009,17.315683364868164,0.48410701751708984,0,0.3587486445903778,0.0,129,1,0,0.49631398916244507,3.0003561973571777,0,0.5440207123756409,0.12235485017299652,0.08707793056964874,25.406198501586914,3.5230344913616575e-16,0,0.7601987719535828,7897.56592311808,129,1,0.07960140705108643,0,0,3.5608463287353516,0.5000425577163696
0.4660574793815613,0.6361210346221924,0,4.542713165283203,2.568608523426214,7.647759437561035,-2.116485484293662e-05,0,0,0.6865330338478088,2.53130841255188,3.6570518016815186,3.7137327194213867,8.29783821105957,0,0.17480036616325378,0.00515668373554945,0.13023968040943146,1e-06,0.11975860595703125,0.8903433680534363,0.0006925930501893163,-0.0010641547851264477,0.0025687217712402344,883.867756666,0.4952399730682373,2.7018020153045654,0,0.08871791511774063,1.5596093305703107e-07,-5.936589514021762e-05,1,0.49995121359825134,1959.4572704638483,0,0.0,1,0,1,0,5.430582046508789,0.4314478039741516,0.6914615035057068,11.498046875,1762701844.4337845,0.0005162683664821088,16.910167694091797,0.6361210346221924,0,0.36823272705078125,0.0,130,1,0,0.4900832772254944,2.000297784805298,0,0.4966476857662201,0.13271069526672363,0.08960498124361038,33.73741149902344,1.703665488306423e-14,0,0.7252960205078125,7837.829081855393,130,1,0.0716317668557167,0,0,3.8442704677581787,0.5000268816947937
0.46785297989845276,0.5363473892211914,0,4.573195457458496,2.587962249774682,7.928844928741455,0.0,0,0,0.6935713291168213,2.5611648559570312,2.869431972503662,3.5962371826171875,7.652530193328857,0,0.3127787411212921,0.006685357075184584,0.1173877939581871,1e-06,0.11585426330566406,0.9010317325592041,0.0013235205551609397,-0.0030293811578303576,0.0025680065155029297,889.627279734,0.46819064021110535,5.004096031188965,0,0.2607175409793854,7.285036218718233e-08,-0.00015553459525108337,1,0.49856969714164734,1974.2212173472324,0,0.0,1,0,1,0,5.580047607421875,0.4644143283367157,0.8067414164543152,11.498046875,1762701849.5503697,0.0009835672099143267,70.40737915039062,0.5363473892211914,0,0.3661433160305023,0.0,131,1,0,0.46150529384613037,2.000258684158325,0,0.49471962451934814,0.13390296697616577,0.07237069308757782,96.97407531738281,4.425236388536525e-15,0,0.716618001461029,7896.8848693889295,131,1,0.08149904757738113,0,0,8.06723690032959,0.49904096126556396
0.4692304730415344,0.5001678466796875,0,5.252561330795288,2.584067104244954,6.942246437072754,0.0,0,0,0.6949896216392517,2.240856409072876,2.72141170501709,2.8980116844177246,7.071814060211182,0,0.16226826608181,0.005217785947024822,0.11688538640737534,1e-06,0.09465217590332031,0.8762948513031006,0.001555102993734181,-0.0009216229082085192,0.00275421142578125,894.378976746,0.4301270544528961,2.065133810043335,0,0.3967474400997162,2.328132211459888e-07,5.1450260798446834e-05,1,0.49438533186912537,1971.2498142867303,0,0.0,1,0,1,0,5.113332748413086,0.48918136954307556,0.6004533171653748,11.498046875,1762701855.3104916,0.0006775299552828074,10.177578926086426,0.5001678466796875,0,0.35752514004707336,0.0,132,1,0,0.4249092638492584,3.000471830368042,0,0.4872753322124481,0.1144954189658165,0.08921109884977341,15.827573776245117,8.588409253522042e-15,0,0.7046877145767212,7884.999257146921,132,1,0.07205371558666229,0,0,3.431081771850586,0.4951498806476593
0.46788454055786133,0.4822847843170166,0,4.264901399612427,2.630532312076741,7.933538913726807,0.0,0,0,0.6917853951454163,2.2530524730682373,3.5199193954467773,3.6762914657592773,7.989753723144531,0,0.18261106312274933,0.0042432816699147224,0.13176512718200684,1e-06,0.13358497619628906,0.8767171502113342,0.001205486012622714,-0.0016773735405877233,0.002673625946044922,900.420772846,0.48353204131126404,2.62412691116333,0,0.10886545479297638,5.1787782950896144e-08,-5.28771779499948e-05,1,0.49962133169174194,2006.6956942171466,0,0.0,1,0,1,0,5.591976165771484,0.4426197111606598,0.9994418025016785,11.498046875,1762701860.0647192,0.0006683949031867087,27.182567596435547,0.4822847843170166,0,0.35866403579711914,0.0,133,1,0,0.4792887568473816,2.000319004058838,0,0.508568525314331,0.14179541170597076,0.10616549849510193,50.14128875732422,6.937213072902521e-17,0,0.7084949612617493,8026.782776868587,133,1,0.06500869244337082,0,0,4.469770908355713,0.49977922439575195
0.471882164478302,0.514836311340332,0,5.519240379333496,2.570065718925063,7.347827911376953,0.0,0,0,0.6788206100463867,3.5055806636810303,3.3483805656433105,3.571765899658203,7.825619697570801,1,0.18023940920829773,0.006404958665370941,0.10799062997102737,1e-06,0.12066268920898438,0.8628070950508118,0.0011710146209225059,-0.0010303474264219403,0.002772092819213867,905.584101965,0.5002065896987915,2.67410945892334,0,0.06697627902030945,6.845786515441432e-08,-6.030442091287114e-05,1,0.5000132322311401,1960.568888792864,0,0.0,1,0,1,0,4.520286560058594,0.4386589527130127,0.7116827368736267,11.498046875,1762701866.1049373,0.0005567630287259817,17.76177215576172,0.514836311340332,0,0.36428800225257874,0.0,134,1,0,0.49380165338516235,2.000255584716797,0,0.470427006483078,0.12723498046398163,0.06477653980255127,39.75914764404297,6.428121787056555e-17,0,0.6609383821487427,7842.275555171456,134,1,0.07978251576423645,0,0,4.196836948394775,0.5000516176223755
0.4708196818828583,0.6225264072418213,0,4.532467842102051,2.5484093853433083,14.64206314086914,-3.7176916521275416e-05,0,0,0.7280197143554688,2.5206491947174072,2.3500099182128906,4.947017192840576,7.115161418914795,0,0.0849670022726059,0.006344890221953392,0.10623644292354584,1e-06,0.0910797119140625,0.9266324639320374,0.0008767079561948776,-0.0006542636547237635,0.0025293827056884766,910.349901279,0.4167233407497406,26.13458251953125,0,0.6298273801803589,3.429838812962771e-08,-3.159782181683113e-06,1,0.4919581115245819,1944.0484031286037,0,0.0,1,0,1,0,4.924053192138672,0.512191891670227,0.6523323655128479,11.498046875,1762701871.2668154,0.00040572675061412156,398.5987548828125,0.6225264072418213,0,0.3496817946434021,0.0,135,1,0,0.41037842631340027,2.000309467315674,0,0.48199424147605896,0.11516206711530685,0.07609942555427551,1594.14013671875,1.4039600746893182e-14,0,0.7263689041137695,7776.193612514415,135,1,0.07941071689128876,0,0,98.53719329833984,0.4930720925331116
0.46979162096977234,0.49897027015686035,0,4.261600494384766,2.6125736329824596,7.010802745819092,-0.00010960850340779871,0,0,0.7184026837348938,2.2497799396514893,2.9535467624664307,3.091813087463379,7.286432266235352,0,0.1379222422838211,0.005434782709926367,0.1256469488143921,1e-06,0.08236503601074219,0.9072381258010864,0.0012663344386965036,-0.001323616481386125,0.0025610923767089844,916.397288318,0.4439799189567566,2.221991777420044,0,0.30582377314567566,7.480900876544183e-07,-7.881071360316128e-05,1,0.49626079201698303,1992.9959560132575,0,0.0,1,0,1,0,4.776309013366699,0.47978857159614563,0.6400464773178101,11.498046875,1762701876.0335531,0.0006372147472575307,9.31566047668457,0.49897027015686035,0,0.3449675440788269,0.0,136,1,0,0.4385451376438141,2.000281572341919,0,0.4531511664390564,0.12239553779363632,0.09355000406503677,41.26228332519531,4.9772066262246514e-17,0,0.6519363522529602,7971.98382405303,136,1,0.07352805882692337,0,0,3.957490921020508,0.49690377712249756
0.4727099537849426,0.4905829429626465,0,5.548446893692017,2.5470992659861653,5.93700647354126,-6.53009265079163e-05,0,0,0.7215301394462585,2.536665916442871,2.288750648498535,2.483370780944824,6.583432674407959,0,0.11161327362060547,0.004540023859590292,0.10684841126203537,1e-06,0.07825088500976562,0.9243387579917908,0.0014719442697241902,-0.0013178461231291294,0.0025925636291503906,921.14137087,0.40143370628356934,2.0623908042907715,0,0.7044771909713745,6.777374323974072e-07,-3.3107913623098284e-05,1,0.489312082529068,1943.0489815055278,0,0.0,1,0,1,0,4.492666244506836,0.523129940032959,0.8429974913597107,11.498046875,1762701882.0788805,0.0006037442362867296,8.640121459960938,0.4905829429626465,0,0.34962987899780273,0.0,137,1,0,0.3968936800956726,3.0004286766052246,0,0.46593526005744934,0.12519744038581848,0.07659962028265,14.88078784942627,1.348093339026803e-14,0,0.7108679413795471,7772.195926022111,137,1,0.06723460555076599,0,0,3.589200973510742,0.49024698138237
0.47087401151657104,0.4792301654815674,0,4.260648488998413,2.615698524334053,7.260218620300293,-7.255871605593711e-05,0,0,0.7167117595672607,2.248645067214966,2.6228880882263184,2.95450758934021,7.346973896026611,0,0.16922207176685333,0.004107220098376274,0.11481284350156784,1e-06,0.07855415344238281,0.8960071802139282,0.001613742089830339,-0.001551007735542953,0.002482175827026367,925.921234906,0.4414180517196655,2.445136070251465,0,0.3177156150341034,4.428184467997198e-07,-1.2473788046918344e-05,1,0.49610814452171326,1995.3797723957252,0,0.0,1,0,1,0,5.32065486907959,0.48173946142196655,0.5460495352745056,11.498046875,1762701886.8252335,0.0006416650139726698,16.464265823364258,0.4792301654815674,0,0.3455183207988739,0.0,138,1,0,0.4373108446598053,2.0002968311309814,0,0.4558904469013214,0.11844748258590698,0.09592138230800629,126.41519165039062,2.690017398285574e-15,0,0.6671010255813599,7981.519089582901,138,1,0.06396276503801346,0,0,8.205177307128906,0.49660995602607727
0.471136212348938,0.493943452835083,0,4.2786829471588135,2.642718968333533,7.201473712921143,0.0,0,0,0.7060964703559875,2.2673168182373047,2.7393901348114014,2.936720132827759,7.47897481918335,0,0.22020134329795837,0.005949757993221283,0.11185607314109802,1e-06,0.06826019287109375,0.9106122851371765,0.002035171026363969,-0.0016325912438333035,0.0028023719787597656,932.978965545,0.409211128950119,2.059518814086914,0,0.6718084812164307,1.2695433326825878e-07,5.451053584693e-05,1,0.490606427192688,2015.9922577017069,0,0.0,1,0,1,0,5.166086196899414,0.5193014144897461,0.6067925691604614,11.498046875,1762701891.6041303,0.0007736875559203327,8.331541061401367,0.493943452835083,0,0.35935738682746887,0.0,139,1,0,0.40326136350631714,2.0002448558807373,0,0.4220500886440277,0.11753998696804047,0.08249547332525253,19.017221450805664,4.046644848365848e-15,0,0.6471545100212097,8063.9690308068275,139,1,0.07691333442926407,0,0,3.4968953132629395,0.4917425215244293
0.4694114029407501,0.5766599178314209,0,6.477747440338135,2.550818496192925,7.092625617980957,0.0,0,0,0.6754010915756226,2.4660818576812744,3.0684661865234375,3.1259686946868896,7.247957229614258,0,0.14473195374011993,0.005524862091988325,0.1279442012310028,1e-06,0.11299896240234375,0.8656634092330933,0.001136902836151421,-0.0012580739567056298,0.0025224685668945312,937.199580249,0.4332766830921173,2.304924488067627,0,0.33228063583374023,1.0750621015631623e-07,9.874308489088435e-06,1,0.494805246591568,1945.8861879551282,0,0.0,1,0,1,0,5.708464622497559,0.4816005527973175,0.8989864587783813,11.498046875,1762701898.6647043,0.0005486414302140474,17.455488204956055,0.5766599178314209,0,0.3745529055595398,0.0,140,1,0,0.4277518093585968,4.000448703765869,0,0.508359968662262,0.13436241447925568,0.09351571649312973,29.51421546936035,1.550042023750755e-15,0,0.7255372405052185,7783.544751820513,140,1,0.07413167506456375,0,0,3.758467197418213,0.49558067321777344
0.4670276939868927,0.614109992980957,0,3.600278854370117,2.646093495621278,6.355889320373535,0.0,0,0,0.7320932149887085,2.588531970977783,2.122218132019043,2.3926000595092773,6.462890625,0,0.23104223608970642,0.00573476729914546,0.11581263691186905,1e-06,0.061138153076171875,0.927014946937561,0.0006982428603805602,-0.0014619170688092709,0.0023653507232666016,943.305022134,0.36654719710350037,2.582491159439087,0,0.8711273074150085,1.5855646040563443e-07,-3.914856642950326e-05,1,0.4802936017513275,2018.5665083000545,0,0.0,1,0,1,0,4.69944953918457,0.5506107211112976,0.7484470009803772,11.498046875,1762701902.8853474,0.0005439487867988646,31.381425857543945,0.614109992980957,0,0.3446977734565735,0.0,141,1,0,0.3608124256134033,1.0002055168151855,0,0.4167425036430359,0.1286984235048294,0.08344688266515732,92.64738464355469,4.0322511116140376e-16,0,0.6396047472953796,8074.266033200218,141,1,0.07551981508731842,0,0,6.304801940917969,0.48191893100738525
0.47328343987464905,0.863271951675415,0,5.2347846031188965,2.573066973933412,6.330779552459717,0.0,0,0,0.7359960079193115,2.2225892543792725,2.1033148765563965,2.5766847133636475,6.631084442138672,0,0.07117608934640884,0.005355063825845718,0.08713164925575256,1e-06,0.0611114501953125,0.9322203993797302,0.0011885452549904585,-0.0008133549708873034,0.002602815628051758,948.430241236,0.4123399257659912,2.1656241416931152,0,0.6935232281684875,4.85829829699469e-08,1.3258873877930455e-05,1,0.4913291931152344,1962.8583894672527,0,0.0,1,0,1,0,4.783576011657715,0.5223255157470703,0.6725539565086365,11.498046875,1762701908.989641,0.00044652255019173026,9.986795425415039,0.863271951675415,0,0.34397536516189575,0.0,142,1,0,0.4069848656654358,3.0003726482391357,0,0.4328719675540924,0.11059443652629852,0.053067050874233246,53.28235626220703,3.3517533121194053e-16,0,0.6562199592590332,7851.433557869011,142,1,0.07299059629440308,0,0,4.576358318328857,0.49231305718421936
0.4724960923194885,0.5838432312011719,0,4.5332558155059814,2.626025185721589,6.34633207321167,-9.115535067394376e-05,0,0,0.7157953381538391,2.521376609802246,1.9070557355880737,2.5904183387756348,6.7970123291015625,0,0.09793715924024582,0.005855855997651815,0.11957722902297974,1e-06,0.06828498840332031,0.9200737476348877,0.000881207175552845,-0.0007779901497997344,0.0024573802947998047,953.27301969,0.4011261463165283,2.3126871585845947,0,0.7562140226364136,6.343042002754373e-08,-5.639791925204918e-05,1,0.4889637231826782,2003.2574429519354,0,0.0,1,0,1,0,4.511850357055664,0.5282735824584961,0.668860137462616,11.498046875,1762701914.1132534,0.0004941418883390725,14.279576301574707,0.5838432312011719,0,0.35713931918144226,0.0,143,1,0,0.39527028799057007,2.0002357959747314,0,0.43500152230262756,0.1319219321012497,0.0780624970793724,22.95024871826172,1.321548612891142e-16,0,0.6390008926391602,8013.029771807742,143,1,0.0763077661395073,0,0,3.8066821098327637,0.49018168449401855
0.47171664237976074,0.6017968654632568,0,4.234748601913452,2.642215306829951,6.313231945037842,8.458921001874842e-06,0,0,0.7506134510040283,2.223050117492676,1.9353388547897339,2.417569875717163,6.284679412841797,0,0.07179632782936096,0.004263857379555702,0.083917997777462,1e-06,0.0492095947265625,0.9437432289123535,0.001045362208969891,-0.001446157111786306,0.0025310516357421875,959.158909654,0.3702031672000885,2.074965238571167,0,0.9573691487312317,8.707745990932381e-08,-4.0722490666667e-05,1,0.48175299167633057,2015.6080406495382,0,0.0,1,0,1,0,4.164867401123047,0.5723541975021362,0.5085627436637878,11.498046875,1762701918.9570658,0.0005901756812818348,9.236167907714844,0.6017968654632568,0,0.3406439423561096,0.0,144,1,0,0.36593931913375854,2.0003063678741455,0,0.35861316323280334,0.10161598026752472,0.05396446958184242,30.501724243164062,9.431864730653834e-17,0,0.592045783996582,8062.432162598153,144,1,0.06516703218221664,0,0,4.017404556274414,0.48291951417922974
0.47396743297576904,0.6392030715942383,0,5.239914894104004,2.5673478566154815,6.960941314697266,-1.7671851310296915e-05,0,0,0.6910765171051025,2.2244837284088135,2.296679973602295,2.683753490447998,7.296276569366455,0,0.223671555519104,0.005244338419288397,0.11025919765233994,1e-06,0.05544090270996094,0.8967939615249634,0.0011015154886990786,-0.0010049825068563223,0.002717256546020508,963.683560017,0.4021454155445099,2.1428658962249756,0,0.7381086349487305,1.3237065843441087e-07,-7.25442441762425e-05,1,0.4893134534358978,1958.4955736052598,0,0.0,1,0,1,0,5.1304426193237305,0.5261567234992981,0.7629352807998657,11.498046875,1762701924.8425183,0.0005741704371757805,11.976597785949707,0.6392030715942383,0,0.3716638684272766,0.0,145,1,0,0.39690107107162476,3.000380754470825,0,0.41537007689476013,0.13352340459823608,0.07297865301370621,27.523468017578125,9.977056825409574e-17,0,0.659339189529419,7833.982294421039,145,1,0.07223627716302872,0,0,4.010984897613525,0.49038946628570557
0.4732937216758728,0.5248897075653076,0,3.9936861991882324,2.6924663143589194,7.454367637634277,0.0,0,0,0.7154479622840881,2.9823765754699707,3.0497567653656006,3.2283897399902344,7.871787071228027,0,0.1817922741174698,0.006216328125447035,0.10015415400266647,1e-06,0.08691024780273438,0.9130746126174927,0.0014721954939886928,-0.002001659944653511,0.0026009082794189453,969.093135293,0.46083712577819824,2.2910146713256836,0,0.2358381599187851,4.799811037514701e-08,-2.1353349438868463e-05,1,0.49798810482025146,2053.9419094165196,0,0.0,1,0,1,0,4.479398727416992,0.4751830995082855,0.7650130987167358,11.498046875,1762701929.3675203,0.0005900580435991287,9.840518951416016,0.5248897075653076,0,0.35050827264785767,0.0,146,1,0,0.4546207785606384,1.0001468658447266,0,0.4510391652584076,0.11340785771608353,0.06728208065032959,54.120609283447266,1.0017759564321781e-14,0,0.6844619512557983,8215.767637666078,146,1,0.07860639691352844,0,0,4.54604434967041,0.49851560592651367
0.4761120676994324,0.8594701290130615,0,4.543534278869629,2.6445176790837652,7.714148998260498,-8.033113408600911e-05,0,0,0.7054793834686279,2.5321528911590576,2.603410243988037,3.015673875808716,7.376834392547607,0,0.2319352775812149,0.006854345556348562,0.10559059679508209,1e-06,0.05818748474121094,0.9149846434593201,0.0025670265313237906,-0.001661676331423223,0.002833843231201172,974.135454864,0.40832313895225525,2.5494184494018555,0,0.7893705368041992,1.9210746415865287e-07,-4.174340210738592e-05,1,0.4902554750442505,2017.3644001768484,0,0.0,1,0,1,0,5.344609260559082,0.5289513468742371,0.6293182373046875,11.498046875,1762701934.7767572,0.0007970994338393211,21.30608367919922,0.8594701290130615,0,0.3643099069595337,0.0,147,1,0,0.40146881341934204,2.0002245903015137,0,0.41232413053512573,0.13232511281967163,0.06293186545372009,127.2647705078125,2.248199422580279e-14,0,0.6541371941566467,8069.457600707394,147,1,0.08251684904098511,0,0,8.667980194091797,0.4915836751461029
0.47713688015937805,0.48420262336730957,0,4.550326347351074,2.630167909551194,13.57689380645752,-5.876595969311893e-05,0,0,0.6996408104896545,2.538323402404785,2.6088595390319824,5.793100357055664,8.18070125579834,0,0.11211773753166199,0.0031531532295048237,0.11769700795412064,1e-06,0.060512542724609375,0.9033553004264832,0.001523860264569521,-0.0011648418148979545,0.003050088882446289,978.750033371,0.4486486613750458,35.42752456665039,0,0.33121657371520996,4.8233879113013245e-08,-5.465848880703561e-05,1,0.4970763623714447,2006.417710565085,0,0.0,1,0,1,0,4.919528961181641,0.4867765009403229,0.7769483327865601,11.498046875,1762701939.817412,0.0006532194674946368,565.35595703125,0.48420262336730957,0,0.3637325167655945,0.0,148,1,0,0.44549551606178284,2.0003442764282227,0,0.43703344464302063,0.12938103079795837,0.08022309839725494,1271.6798095703125,4.300716880757308e-16,0,0.6997796297073364,8025.67084226034,148,1,0.05607065558433533,0,0,79.58316802978516,0.4974120259284973
0.47747886180877686,0.37987804412841797,0,4.229473829269409,2.7696766662048087,7.480069637298584,-3.839553028228693e-05,0,0,0.7374948263168335,2.2177891731262207,2.9016616344451904,3.2716846466064453,7.4346394538879395,0,0.11784255504608154,0.003133285092189908,0.085950568318367,1e-06,0.0717926025390625,0.9379073977470398,0.0007449088152498007,-0.0007631700718775392,0.002485513687133789,984.256623987,0.4307062029838562,3.3711507320404053,0,0.5359681248664856,2.5362950850649213e-07,-7.514867320423946e-05,1,0.4947861433029175,2112.8416537332196,0,0.0,1,0,1,0,4.087202072143555,0.5069765448570251,0.8392115831375122,11.498046875,1762701944.4328978,0.00039184626075439155,42.59600067138672,0.37987804412841797,0,0.344980925321579,0.0,149,1,0,0.42757290601730347,2.000274896621704,0,0.4051439166069031,0.10890659689903259,0.05089177191257477,76.63208770751953,3.3715803417113787e-15,0,0.628157377243042,8451.366614932878,149,1,0.05589472874999046,0,0,5.722720623016357,0.49523475766181946
0.4768591523170471,0.28773927688598633,0,5.208385467529297,2.7008190726063015,7.891282558441162,-2.653822593856603e-05,0,0,0.714166522026062,2.196934700012207,3.439216375350952,3.4560086727142334,8.461777687072754,0,0.19664643704891205,0.005775005556643009,0.09795922785997391,1e-06,0.06872367858886719,0.9088653326034546,0.0007474177982658148,-0.0015986280050128698,0.0024766921997070312,989.909175781,0.45876646041870117,2.3144750595092773,0,0.24122177064418793,1.2856897058100003e-07,-6.459103315137327e-05,1,0.49784278869628906,2060.3137923745458,0,0.0,1,0,1,0,4.878078460693359,0.47783735394477844,0.7712650895118713,11.498046875,1762701949.935846,0.000552434241399169,10.72763729095459,0.28773927688598633,0,0.3548245131969452,0.0,150,1,0,0.45299145579338074,3.000337839126587,0,0.44041135907173157,0.12109548598527908,0.07056743651628494,19.522600173950195,1.7474714541818823e-16,0,0.6661161184310913,8241.255169498183,150,1,0.07578246295452118,0,0,3.59116792678833,0.4983544647693634
0.47907695174217224,0.3215045928955078,0,5.323512077331543,2.7078369169974477,8.808276176452637,-2.2917687601875514e-05,1,0,0.7098644971847534,2.3114538192749023,4.166623592376709,4.158579349517822,9.342183113098145,1,0.08352148532867432,0.004265301860868931,0.08981728553771973,1e-06,0.06936454772949219,0.9022017121315002,0.0007300661527551711,-0.001123689697124064,0.0024902820587158203,994.920799914,0.5084239840507507,2.78363037109375,0,0.04270505905151367,3.5425287592261157e-08,-8.225029887398705e-05,1,0.5000360012054443,2065.667339281286,0,0.0,1,0,1,0,5.282661437988281,0.44547057151794434,0.6797031760215759,11.498046875,1762701955.5930185,0.00042555626714602113,13.618383407592773,0.3215045928955078,0,0.3552933633327484,0.0,151,1,0,0.5041586756706238,3.000417470932007,0,0.39654967188835144,0.10656551271677017,0.06530702114105225,19.74317741394043,3.881196549756626e-16,0,0.6452679634094238,8262.669357125144,151,1,0.06517679989337921,0,0,3.4024298191070557,0.4999823272228241
0.4776657521724701,0.4977092742919922,0,4.48835301399231,2.710707570094786,10.804142951965332,0.0,0,0,0.7343169450759888,2.4769041538238525,3.1584348678588867,4.072408199310303,8.784205436706543,0,0.13730767369270325,0.005219454411417246,0.10038433969020844,1e-06,0.074188232421875,0.9362075924873352,0.0007009035907685757,-0.002333574229851365,0.002460002899169922,999.896909913,0.46097269654273987,6.120738983154297,0,0.26120808720588684,6.967797361312478e-08,-6.924711487954482e-05,1,0.4980974495410919,2067.8572105797957,0,0.0,1,0,1,0,5.007096290588379,0.482465535402298,0.6953740119934082,11.498046875,1762701960.5860333,0.0005946316523477435,78.16397857666016,0.4977092742919922,0,0.344260573387146,0.0,152,1,0,0.45575326681137085,2.0003092288970947,0,0.4448189437389374,0.11966785043478012,0.06138076260685921,625.2913208007812,3.502545293763168e-16,0,0.7095810770988464,8271.428842319183,152,1,0.07206554710865021,0,0,37.70211410522461,0.498533695936203
0.4783802628517151,0.4947080612182617,0,4.474341630935669,2.705203771391151,9.532357215881348,0.0,1,0,0.6948453187942505,2.462604522705078,4.323389530181885,4.59320592880249,9.834813117980957,1,0.15429632365703583,0.005523590371012688,0.10747190564870834,1e-06,0.06730842590332031,0.894259512424469,0.0008892777841538191,-0.001145114190876484,0.0025255680084228516,1004.035495493,0.5077100396156311,3.282569169998169,0,0.040090907365083694,5.358683452527657e-08,-3.702026151586324e-05,1,0.5000527501106262,2063.6586500414146,0,0.0,1,0,1,0,5.520036697387695,0.44474363327026367,0.7100465297698975,11.498046875,1762701965.5616698,0.00044248453923501074,30.016931533813477,0.4947080612182617,0,0.36258724331855774,0.0,153,1,0,0.5021864175796509,2.0002973079681396,0,0.4525717794895172,0.13150696456432343,0.057370755821466446,62.73317337036133,7.892686354437869e-16,0,0.7262498736381531,8254.634600165658,153,1,0.07412384450435638,0,0,5.2466230392456055,0.4999980926513672
0.4809441864490509,0.4987637996673584,0,3.633690118789673,2.806646388212528,10.073145866394043,0.0,1,0,0.708561897277832,2.6222915649414062,3.6624035835266113,4.7790913581848145,8.938492774963379,1,0.0978151187300682,0.005428369157016277,0.08907969295978546,1e-06,0.07267189025878906,0.8978713154792786,0.0007145314593799412,-0.0010959907667711377,0.002537965774536133,1008.746648197,0.5067264437675476,9.328222274780273,0,0.053390081971883774,1.3085008276902954e-07,-5.4655982239637524e-05,1,0.5000572800636292,2141.0439235280833,0,0.0,1,0,1,0,4.97119140625,0.45341700315475464,0.7915266752243042,11.498046875,1762701969.7005503,0.0004236380918882787,150.95571899414062,0.4987637996673584,0,0.3568234443664551,0.0,154,1,0,0.5012980699539185,1.0002095699310303,0,0.43346554040908813,0.12386592477560043,0.03844468295574188,332.03875732421875,2.0469092477393022e-16,0,0.6991682648658752,8564.175694112333,154,1,0.07348588854074478,0,0,20.58191680908203,0.5000137090682983
0.4801977872848511,0.50101637840271,0,4.2148730754852295,2.7398403643847384,8.949536323547363,0.0,1,0,0.7310205698013306,2.202564239501953,4.24564790725708,4.507236480712891,9.363112449645996,1,0.07018507272005081,0.0028116214089095592,0.07629489153623581,1e-06,0.07199668884277344,0.9212196469306946,0.0005491808406077325,-0.0010977084748446941,0.0026721954345703125,1012.952761343,0.5124179720878601,3.0133354663848877,0,0.046070605516433716,7.394930321424908e-07,-4.6596313040936366e-05,1,0.4999662935733795,2090.0810975831105,0,0.0,1,0,1,0,4.6322174072265625,0.44976264238357544,0.8498756289482117,11.498046875,1762701974.42362,0.0003914258268196136,11.863663673400879,0.50101637840271,0,0.3434455692768097,0.0,155,1,0,0.5096063613891602,2.0003702640533447,0,0.40307193994522095,0.1091458722949028,0.04200281202793121,17.516029357910156,1.092447177959188e-16,0,0.6524176001548767,8360.324390332442,155,1,0.05295633152127266,0,0,4.206254482269287,0.4999043047428131
0.4737253189086914,0.8639335632324219,0,3.323408603668213,2.8275092147194147,10.632102012634277,-6.159803160699084e-05,1,0,0.7122408151626587,2.31105637550354,4.880950927734375,5.383859157562256,10.205201148986816,1,0.12603594362735748,0.005817856639623642,0.1153336837887764,1e-06,0.07347488403320312,0.9177769422531128,0.0013311784714460373,-0.0012300354428589344,0.0024611949920654297,1019.363048927,0.5193555951118469,10.925506591796875,0,0.02990127168595791,5.445409669846413e-07,-6.936743739061058e-05,1,0.4998725950717926,2156.959084094013,0,0.0,1,0,1,0,4.223621368408203,0.427834153175354,0.7747284770011902,11.498046875,1762701978.6176424,0.0005121571011841297,177.2141876220703,0.8639335632324219,0,0.35553574562072754,0.0,156,1,0,0.5135377049446106,1.000183343887329,0,0.4532671868801117,0.1337365210056305,0.08194771409034729,231.67239379882812,4.750647388630314e-15,0,0.6995723247528076,8627.836336376053,156,1,0.0760611817240715,0,0,14.198474884033203,0.49968111515045166
0.47895702719688416,0.8796160221099854,0,5.537015914916992,2.7217855818221817,9.69482135772705,0.0,0,0,0.7310670018196106,2.5251777172088623,4.452524185180664,4.574345111846924,9.997013092041016,0,0.15053080022335052,0.0032565712463110685,0.07575007528066635,1e-06,0.076751708984375,0.9361122846603394,0.0008343543740920722,-0.0010508244158700109,0.0025763511657714844,1024.13844032,0.49965107440948486,2.7001171112060547,0,0.07410243898630142,2.3471875110203655e-08,-1.5908079149085097e-05,1,0.500045120716095,2076.3080470632685,0,0.0,1,0,1,0,4.558525085449219,0.4560902714729309,0.5932002067565918,11.498046875,1762701985.0409997,0.00047562282998114824,11.029926300048828,0.8796160221099854,0,0.34892213344573975,0.0,157,1,0,0.4963945150375366,3.000375986099243,0,0.42202943563461304,0.09078173339366913,0.04165978729724884,21.2271671295166,4.665779660325276e-18,0,0.6786693334579468,8305.232188253074,157,1,0.05698000267148018,0,0,3.6676714420318604,0.5000580549240112
0.4823648929595947,0.49799418449401855,0,4.256897449493408,2.6946035947585303,10.005558967590332,0.0,0,0,0.7370530366897583,2.245774745941162,4.9344000816345215,4.748073101043701,10.515812873840332,0,0.12683290243148804,0.004645476583391428,0.09280301630496979,1e-06,0.06365966796875,0.9357783198356628,0.0006244662799872458,-0.001605904777534306,0.002499103546142578,1029.955101305,0.4958435297012329,3.018998146057129,0,0.09482879936695099,5.515806833500392e-07,-4.3174826714675874e-05,1,0.49998363852500916,2055.5723289918824,0,0.0,1,0,1,0,4.204002380371094,0.4633018374443054,0.7965895533561707,11.498046875,1762701989.8027859,0.0004482077492866665,14.057472229003906,0.49799418449401855,0,0.347163587808609,0.0,158,1,0,0.49119803309440613,2.0003161430358887,0,0.39403223991394043,0.13711559772491455,0.053862303495407104,26.97091293334961,3.2451502452405113e-16,0,0.642822802066803,8222.28931596753,158,1,0.06800755113363266,0,0,4.21403169631958,0.5000438690185547
0.48008057475090027,0.35118532180786133,0,5.458996534347534,2.6760891540238116,9.569250106811523,0.0,0,0,0.7335421442985535,2.446298599243164,4.027562141418457,4.412171840667725,9.587862014770508,0,0.12250582873821259,0.0025050099939107895,0.07523734867572784,1e-06,0.07565879821777344,0.9311553835868835,0.0018035568064078689,-0.0009831958450376987,0.0028290748596191406,1034.983138614,0.4804609417915344,2.7485768795013428,0,0.20166297256946564,4.6013434484848403e-07,-3.2334392017219216e-05,1,0.4995763897895813,2041.4486292628844,0,0.0,1,0,1,0,4.590036392211914,0.4749448895454407,0.6344674825668335,11.498046875,1762701995.6196206,0.0005653485422953963,11.75674819946289,0.35118532180786133,0,0.3484219014644623,0.0,159,1,0,0.4779559075832367,3.0004348754882812,0,0.4119904041290283,0.10298222303390503,0.0306241512298584,25.273876190185547,7.379745601631652e-19,0,0.6545397639274597,8165.794517051538,159,1,0.0499936081469059,0,0,4.16013240814209,0.49968069791793823
0.4799342155456543,0.47200679779052734,0,4.5643157958984375,2.719060260626311,10.722052574157715,-8.993314986582845e-05,1,0,0.6972543001174927,2.5522522926330566,5.0408244132995605,5.219688892364502,11.040434837341309,1,0.141866996884346,0.0025785278994590044,0.08845650404691696,1e-06,0.07914161682128906,0.8898882865905762,0.0009245452238246799,-0.002319305669516325,0.0026161670684814453,1039.968987111,0.5227379202842712,2.952521324157715,0,0.014837613329291344,5.8781374434602185e-08,-6.671647861367092e-05,1,0.4996519982814789,2074.2290418809316,0,0.0,1,0,1,0,4.623861312866211,0.4369988441467285,0.9185643792152405,11.498046875,1762702000.6627924,0.000579928164370358,12.302390098571777,0.47200679779052734,0,0.35903093218803406,0.0,160,1,0,0.5201593637466431,2.000335931777954,0,0.42458096146583557,0.12577961385250092,0.04491410776972771,23.536989212036133,3.861243365195071e-17,0,0.671451210975647,8296.916167523726,160,1,0.05071964114904404,0,0,3.9873061180114746,0.4995412826538086
0.477714478969574,0.4111182689666748,0,4.558581352233887,2.7332100599164004,9.764512062072754,-5.643795884680003e-05,0,0,0.7447074055671692,2.200664758682251,4.322113513946533,4.588562488555908,10.55257511138916,0,0.0791132003068924,0.004247876349836588,0.07286382466554642,1e-06,0.08352279663085938,0.9301520586013794,0.001583973877131939,-0.0008551509818062186,0.002446889877319336,1045.492510454,0.490754634141922,2.948821783065796,0,0.14513255655765533,2.5710841100590187e-07,-1.8470567738404498e-05,1,0.4998803734779358,2085.0231846402135,0,0.0,1,0,1,0,5.329553604125977,0.46403127908706665,0.7086392641067505,11.498046875,1762702005.6340013,0.0005560029530897737,11.528843879699707,0.4111182689666748,0,0.334816038608551,0.0,161,1,0,0.48650676012039185,2.3467905521392822,0,0.4103410542011261,0.10415776073932648,0.028388040140271187,33.16845703125,4.785549275342809e-16,0,0.6377859711647034,8340.092738560854,161,1,0.06504527479410172,0,0,4.570812225341797,0.4999769628047943
0.47446203231811523,0.30168986320495605,0,5.21595025062561,2.699923430095779,9.402556419372559,-2.2478392565972172e-05,0,0,0.7747253775596619,2.199852466583252,3.630000591278076,4.161712169647217,9.779674530029297,0,0.1710691601037979,0.00310856057330966,0.08996923267841339,1e-06,0.09582328796386719,0.9593749046325684,0.0014693922130391002,-0.0008876219508238137,0.002518177032470703,1051.396478496,0.47560974955558777,3.125566244125366,0,0.2317243367433548,1.08421126299163e-07,-4.3391031795181334e-05,1,0.4993029534816742,2059.6305534874305,0,0.0,1,0,1,0,4.689228057861328,0.46815359592437744,0.9444676637649536,11.498046875,1762702011.1577878,0.0004183345881756395,23.00603485107422,0.30168986320495605,0,0.3225843012332916,0.0,162,1,0,0.4725011885166168,3.0004498958587646,0,0.46328431367874146,0.12600873410701752,0.04926919937133789,55.55643081665039,3.9776646027238263e-16,0,0.6905973553657532,8238.522213949722,162,1,0.05567439645528793,0,0,5.099752426147461,0.4994644522666931
0.47595471143722534,0.33643102645874023,0,5.560185432434082,2.617599954998182,9.562766075134277,-2.382312777626794e-05,0,0,0.7262735366821289,2.5482325553894043,4.040738105773926,4.287987232208252,9.794950485229492,0,0.1286129206418991,0.0040465351194143295,0.07522939890623093,1e-06,0.09593582153320312,0.9320126175880432,0.0009204766247421503,-0.001056178822182119,0.0024559497833251953,1056.155321733,0.4643399119377136,2.555983304977417,0,0.4093526303768158,5.467113624035846e-07,-3.0371738830581307e-05,1,0.49848389625549316,1996.830274527572,0,0.0,1,0,1,0,4.539216995239258,0.48593011498451233,0.5506307482719421,11.498046875,1762702017.0605934,0.0004305080510675907,10.909953117370605,0.33643102645874023,0,0.35390505194664,0.0,163,1,0,0.46029338240623474,3.0004470348358154,0,0.44519883394241333,0.09824186563491821,0.03391478955745697,22.98186683654785,1.0107653688706223e-15,0,0.657795786857605,7987.321098110288,163,1,0.0634915754199028,0,0,3.708488941192627,0.49878981709480286
0.4733058512210846,0.4912736415863037,0,4.261206150054932,2.624880655236623,8.911996841430664,0.0,0,0,0.7854987382888794,2.2495603561401367,3.4503610134124756,3.7053375244140625,8.995677947998047,0,0.20577242970466614,0.0032581451814621687,0.07686985284090042,1e-06,0.09897804260253906,0.969745397567749,0.0003647364501375705,-0.0009110267856158316,0.0025947093963623047,1062.203552821,0.4433583915233612,2.3237061500549316,0,0.5085138082504272,1.5154343202539167e-07,-7.532446034019813e-05,1,0.49646127223968506,2002.3843404298575,0,0.0,1,0,1,0,4.566883087158203,0.4971460998058319,0.5550881624221802,11.498046875,1762702021.8201008,0.00034953883732669055,9.753626823425293,0.4912736415863037,0,0.32049888372421265,0.0,164,1,0,0.4401002526283264,2.0003063678741455,0,0.45719999074935913,0.09939587861299515,0.03837764263153076,21.891254425048828,7.206432238147704e-18,0,0.6682342886924744,8009.53736171943,164,1,0.0569942370057106,0,0,3.8818109035491943,0.4968436360359192
0.4704420566558838,0.5009245872497559,0,5.540198564529419,2.5115742497955953,8.799575805664062,0.0,0,0,0.7742507457733154,2.529090404510498,3.3229503631591797,3.6012520790100098,8.942535400390625,0,0.06665495783090591,0.0036639622412621975,0.07422902435064316,1e-06,0.12067413330078125,0.9676197171211243,0.00048807801795192063,-0.0013203938724473119,0.002583026885986328,1066.335420897,0.42266422510147095,3.0115153789520264,0,0.6809156537055969,6.111795158858513e-08,-3.911900785169564e-05,1,0.4934599995613098,1915.9488023139133,0,0.0,1,0,1,0,3.8451461791992188,0.517230212688446,0.5403255224227905,11.498046875,1762702027.8677785,0.0003550684778019786,32.247291564941406,0.5009245872497559,0,0.3338203728199005,0.0,165,1,0,0.4190002679824829,3.000429630279541,0,0.4574092626571655,0.10160210728645325,0.042342036962509155,57.016357421875,3.4210810397931486e-17,0,0.6198367476463318,7663.795209255653,165,1,0.06042758747935295,0,0,5.595123767852783,0.4940476417541504
0.4750432074069977,0.5036976337432861,0,3.6217663288116455,2.638775301955353,9.395112037658691,0.0,0,0,0.7421211004257202,2.609592914581299,3.8483991622924805,4.16469669342041,9.163686752319336,0,0.2286667674779892,0.002944785403087735,0.09373979270458221,1e-06,0.11285972595214844,0.9501351714134216,0.0027402436826378107,-0.003184462198987603,0.0025641918182373047,1072.466430114,0.4677300751209259,4.206099987030029,0,0.2500196099281311,4.648739349022435e-08,-1.1697420632117428e-05,1,0.49881958961486816,2012.9838406204221,0,0.0,1,0,1,0,4.887401580810547,0.47525638341903687,0.7386523485183716,11.498046875,1762702032.0001276,0.0010242728749290109,57.255149841308594,0.5036976337432861,0,0.3436526954174042,0.0,166,1,0,0.46478530764579773,1.0001766681671143,0,0.4383334517478943,0.1300732046365738,0.04454706609249115,107.18965911865234,1.2345613732327794e-16,0,0.6316371560096741,8051.935362481689,166,1,0.05419256538152695,0,0,8.839598655700684,0.4990187883377075
0.46920081973075867,0.8685183525085449,0,5.255517482757568,2.5765476309340998,8.51843547821045,0.0,0,0,0.7429085969924927,2.2394862174987793,3.547144889831543,3.7009079456329346,9.136407852172852,0,0.17158545553684235,0.004645161330699921,0.08905283361673355,1e-06,0.15740585327148438,0.9494413137435913,0.0015216193860396743,-0.0008018288062885404,0.0025784969329833984,1077.320681647,0.4399999976158142,2.5641770362854004,0,0.46215662360191345,2.6664588403946254e-07,-1.2965998394065537e-05,1,0.49586737155914307,1965.513600879886,0,0.0,1,0,1,0,5.910224914550781,0.4909416139125824,0.6290322542190552,11.498046875,1762702038.1311722,0.00042549805948510766,21.476722717285156,0.8685183525085449,0,0.34826788306236267,0.0,167,1,0,0.4353548288345337,3.0003693103790283,0,0.4797782301902771,0.09937024116516113,0.06260103732347488,42.94336700439453,1.0641209271302363e-15,0,0.6214386820793152,7862.054403519544,167,1,0.06800571084022522,0,0,4.365693092346191,0.4964509904384613
0.47164732217788696,0.6060817241668701,0,4.240767955780029,2.6289041089043486,8.405974388122559,1.7312971976934932e-05,0,0,0.757170557975769,2.228968381881714,2.901944160461426,3.507666826248169,8.63664436340332,0,0.28255611658096313,0.0043454645201563835,0.0814778134226799,1e-06,0.10695457458496094,0.9544743895530701,0.0008949083858169615,-0.0018212723080068827,0.0027866363525390625,1082.741415938,0.42639869451522827,2.718132257461548,0,0.6266028881072998,1.1068640333178337e-06,-4.610050382325426e-05,1,0.49395400285720825,2005.4536230666229,0,0.0,1,0,1,0,4.031858444213867,0.5115146636962891,0.5994855761528015,11.498046875,1762702042.9854438,0.0005714340950362384,14.947858810424805,0.6060817241668701,0,0.335477739572525,0.0,168,1,0,0.4220532476902008,2.000328779220581,0,0.4143107533454895,0.10246431082487106,0.04057775065302849,74.73429870605469,9.019577399278214e-16,0,0.6060807704925537,8021.8144922664915,168,1,0.06578568369150162,0,0,5.953171730041504,0.49462035298347473
0.4686753749847412,0.8731091022491455,0,4.54110860824585,2.613483611828794,8.02670955657959,0.0,0,0,0.7404025197029114,2.5300843715667725,3.4144363403320312,3.676368236541748,8.09565258026123,0,0.08887113630771637,0.0071264952421188354,0.09483904391527176,1e-06,0.22200775146484375,0.9548738598823547,0.0004602844419423491,-0.0006497808499261737,0.0025005340576171875,1088.459463137,0.4667854309082031,2.266969680786133,0,0.22722069919109344,6.179169531606021e-08,-1.2534392226370983e-05,1,0.498433381319046,1993.6901313421006,0,0.0,1,0,1,0,5.185298919677734,0.466657429933548,0.7389412522315979,11.498046875,1762702048.4063683,0.00027501737349666655,10.598060607910156,0.8731091022491455,0,0.35047653317451477,0.0,169,1,0,0.4596589207649231,2.0003247261047363,0,0.5004462599754333,0.10728408396244049,0.05973075330257416,24.30519676208496,2.189606638431968e-15,0,0.6189825534820557,7974.760525368402,169,1,0.08412793278694153,0,0,3.6916399002075195,0.4989590644836426
0.46937036514282227,0.4925870895385742,0,5.21862530708313,2.5554379005826973,7.761078834533691,5.184830661164597e-05,0,0,0.750205397605896,2.2058005332946777,3.00492525100708,3.3599798679351807,8.110719680786133,0,0.06768502295017242,0.005327244754880667,0.08957812935113907,1e-06,0.18236732482910156,0.9460384249687195,0.000826539471745491,-0.0009994073770940304,0.0028808116912841797,1093.022911287,0.4337899386882782,2.365391731262207,0,0.4806784391403198,4.714018331242187e-08,-1.4048086995899212e-06,1,0.4949187636375427,1949.4100902680732,0,0.0,1,0,1,0,4.641931533813477,0.4962274432182312,0.6795816421508789,11.498046875,1762702054.124584,0.0004478453774936497,9.240498542785645,0.4925870895385742,0,0.34244731068611145,0.0,170,1,0,0.4284626841545105,3.000379800796509,0,0.4616486132144928,0.1123773604631424,0.04439719766378403,23.79479217529297,3.2902992189115337e-16,0,0.596290647983551,7797.640361072293,170,1,0.07280254364013672,0,0,3.905210256576538,0.4956597089767456
0.4714306592941284,0.8710439205169678,0,3.6853277683258057,2.5999405692625013,8.333152770996094,0.0,0,0,0.7623802423477173,2.673685073852539,3.5612940788269043,3.6637887954711914,8.295516014099121,0,0.13021044433116913,0.0029880478978157043,0.10258866101503372,1e-06,0.1504383087158203,0.956457793712616,0.0009020796860568225,-0.0009593562572263181,0.002544879913330078,1097.675917969,0.4534362554550171,2.2873475551605225,0,0.29712069034576416,1.1124361520842285e-07,-5.743385190726258e-05,1,0.4976004958152771,1983.358851593279,0,0.0,1,0,1,0,5.69755744934082,0.4775993227958679,0.6663930416107178,11.498046875,1762702058.6878316,0.00045003206469118595,9.703483581542969,0.8710439205169678,0,0.3330193758010864,0.0,171,1,0,0.450448215007782,1.000187873840332,0,0.4510214924812317,0.11672256886959076,0.07010301947593689,27.404464721679688,9.304262208235069e-15,0,0.5948615074157715,7933.435406373116,171,1,0.054588109254837036,0,0,3.966233253479004,0.49788910150527954
0.4717939496040344,0.4149503707885742,0,4.250186204910278,2.6692629253850733,7.3833723068237305,0.0,0,0,0.7758327722549438,2.239351749420166,2.6867661476135254,3.0665628910064697,7.762874603271484,0,1.056274652481079,0.004483122378587723,0.07947177439928055,1e-06,0.11034584045410156,0.9759844541549683,0.0013343181926757097,-0.0018619420006871223,0.002419710159301758,1103.35916425,0.4111286699771881,2.4185798168182373,0,0.7924862504005432,1.0763546498537835e-07,-1.8322562027606182e-05,1,0.4912724196910858,2036.241256004548,0,0.0,1,0,1,0,6.026041030883789,0.529005229473114,0.6981571912765503,11.498046875,1762702063.3596385,0.0006265943520702422,10.02069091796875,0.4149503707885742,0,0.33397382497787476,0.0,172,1,0,0.4066455364227295,2.0003325939178467,0,0.4432675242424011,0.10423591732978821,0.05317734181880951,18.56119728088379,6.194591230078298e-16,0,0.6717663407325745,8144.965024018192,172,1,0.06681468337774277,0,0,4.115710735321045,0.49210336804389954
0.4705187678337097,0.3883509635925293,0,5.2882513999938965,2.6100745735359205,7.987545967102051,0.0,0,0,0.78171306848526,2.2764317989349365,2.515892744064331,2.969003438949585,8.068224906921387,0,0.07788711041212082,0.004218223039060831,0.09489531069993973,1e-06,0.08535957336425781,0.9671010971069336,0.0016730537172406912,-0.000873733137268573,0.002485036849975586,1108.113176988,0.39510688185691833,2.1355350017547607,0,0.8496959805488586,5.127562872075941e-07,3.228109562769532e-05,1,0.48801809549331665,1991.0895541006334,0,0.0,1,0,1,0,4.974916458129883,0.5390582084655762,0.6957358121871948,11.498046875,1762702069.0423872,0.0005207705544307828,9.64582347869873,0.3883509635925293,0,0.322936087846756,0.0,173,1,0,0.39088866114616394,3.000363826751709,0,0.40186387300491333,0.11943300068378448,0.0479486919939518,20.621305465698242,3.48649874162138e-14,0,0.5907256603240967,7964.358216402534,173,1,0.0648198276758194,0,0,4.020369052886963,0.48894238471984863
0.4725666344165802,0.5015199184417725,0,4.246752738952637,2.698528163326403,9.403589248657227,0.0,1,0,0.7444308400154114,2.234074592590332,4.548913955688477,4.556615829467773,9.321619987487793,1,0.09143218398094177,0.0033816425129771233,0.09902694821357727,1e-06,0.20418739318847656,0.9439424872398376,0.000452119333203882,-0.0007501057698391378,0.0025587081909179688,1114.168294216,0.5123188495635986,2.2907731533050537,0,0.06008647754788399,8.709822196806272e-08,-3.1190388654067647e-06,1,0.49998047947883606,2058.5661773512634,0,0.0,1,0,1,0,4.862001419067383,0.43128839135169983,0.7804102897644043,11.498046875,1762702073.796904,0.00028947973623871803,10.522194862365723,0.5015199184417725,0,0.3425963222980499,0.0,174,1,0,0.5089371800422668,2.0002825260162354,0,0.4661470949649811,0.12228625267744064,0.06542205810546875,18.601022720336914,1.4587482833000945e-15,0,0.6112080216407776,8234.264709405054,174,1,0.05806049704551697,0,0,3.5565993785858154,0.49990859627723694
0.47460880875587463,0.49054479598999023,0,5.5580620765686035,2.5966629002253607,9.284236907958984,0.0,0,0,0.7274437546730042,2.5379116535186768,4.264432430267334,4.346771240234375,9.9635648727417,0,0.06756452471017838,0.005754643119871616,0.07692059874534607,1e-06,0.1381244659423828,0.9392673969268799,0.001172391464933753,-0.0011451463215053082,0.0026373863220214844,1119.211201978,0.4886215329170227,2.779930591583252,0,0.12965132296085358,4.71494452369825e-08,1.1615663424890954e-05,1,0.49977171421051025,1980.8584890948969,0,0.0,1,0,1,0,4.6671905517578125,0.45352211594581604,0.49297019839286804,11.498046875,1762702079.851999,0.0004474865272641182,16.989402770996094,0.49054479598999023,0,0.3508080840110779,0.0,175,1,0,0.48286688327789307,3.0003890991210938,0,0.46375739574432373,0.08240103721618652,0.05712370574474335,46.235652923583984,6.026264184118713e-15,0,0.6388803720474243,7923.4339563795875,175,1,0.0756506696343422,0,0,5.2760443687438965,0.49993589520454407
0.47572797536849976,0.49829769134521484,0,4.538585901260376,2.6643076301477446,10.341047286987305,-3.2166648452403024e-05,0,0,0.7596538066864014,2.5268359184265137,4.355490207672119,4.633912086486816,10.250995635986328,0,0.11127511411905289,0.005333333276212215,0.07238174229860306,1e-06,0.13940048217773438,0.9569894671440125,0.0007149218581616879,-0.0006760791875422001,0.0027010440826416016,1124.278612138,0.4842666685581207,3.739119291305542,0,0.17203104496002197,4.141730514106712e-08,-2.26001393457409e-05,1,0.4996226131916046,2032.4611201093644,0,0.0,1,0,1,0,4.78361701965332,0.46352601051330566,0.7047573328018188,11.498046875,1762702084.895093,0.0003280472883488983,53.55745315551758,0.49829769134521484,0,0.3345654010772705,0.0,176,1,0,0.47893333435058594,2.000340461730957,0,0.41557952761650085,0.09977389872074127,0.03607720881700516,160.6357421875,7.931954272476986e-16,0,0.5895773768424988,8129.844480437458,176,1,0.07284437865018845,0,0,9.878904342651367,0.4998190104961395
0.46830859780311584,0.4979062080383301,0,4.562483549118042,2.6354249091739974,10.12818431854248,1.7192960513057187e-05,1,0,0.7610048651695251,2.5507097244262695,4.734089374542236,4.922699928283691,9.991787910461426,1,0.06658823043107986,0.002620295388624072,0.11084361374378204,1e-06,0.19100570678710938,0.9531158208847046,0.0007007913081906736,-0.0006356248049996793,0.002663135528564453,1129.068700423,0.5295378565788269,2.3889546394348145,0,0.034551624208688736,6.449766942751012e-08,1.11184453999158e-05,1,0.4993343949317932,2010.4280009763258,0,0.0,1,0,1,0,5.462615013122559,0.41333648562431335,0.6494399905204773,11.498046875,1762702089.9624975,0.00030606906511820853,11.849530220031738,0.4979062080383301,0,0.3336659073829651,0.0,177,1,0,0.526917576789856,2.000321865081787,0,0.4756341874599457,0.12128274142742157,0.08588438481092453,23.16223907470703,1.57784106274449e-17,0,0.64534592628479,8041.712003905303,177,1,0.051127802580595016,0,0,3.6884331703186035,0.4991862177848816
0.4736909568309784,0.5395205020904541,0,4.2443578243255615,2.6655631215479016,9.630444526672363,-9.650953143136576e-05,1,0,0.7534331679344177,2.2332019805908203,4.705970287322998,4.725113868713379,9.994528770446777,1,0.16297349333763123,0.002608922775834799,0.08217183500528336,1e-06,0.17461776733398438,0.953026294708252,0.0013205158757045865,-0.0006172392168082297,0.0025768280029296875,1134.816484162,0.5121315121650696,2.4232890605926514,0,0.053112953901290894,2.883067473646861e-08,-2.3520311515312642e-05,1,0.4999745190143585,2033.4188689175635,0,0.0,1,0,1,0,4.272470474243164,0.4366207718849182,0.7179602980613708,11.498046875,1762702094.7524364,0.0004444911319296807,10.859130859375,0.5395205020904541,0,0.3429794907569885,0.0,178,1,0,0.5095226168632507,2.000328302383423,0,0.4354591369628906,0.11464377492666245,0.040591657161712646,17.523887634277344,4.566871441094656e-17,0,0.5710020661354065,8133.675475670254,178,1,0.05101759359240532,0,0,3.6444339752197266,0.49991798400878906
0.47412750124931335,0.49840593338012695,0,5.2434587478637695,2.673345229621593,10.439170837402344,0.0,1,0,0.7613785862922668,2.231478214263916,4.533647060394287,4.880354881286621,9.911402702331543,1,0.1113738939166069,0.0036572623066604137,0.08124302327632904,1e-06,0.2099285125732422,0.9540680646896362,0.0006821419228799641,-0.0009583457722328603,0.002796649932861328,1139.722378758,0.5078369975090027,5.848947525024414,0,0.06059657782316208,1.582763644591978e-07,-2.1794910935568623e-05,1,0.5000478029251099,2039.3554326661686,0,0.0,1,0,1,0,4.78526496887207,0.44158095121383667,0.6039009094238281,11.498046875,1762702100.5004563,0.0004029867995996028,90.2536392211914,0.49840593338012695,0,0.32835349440574646,0.0,179,1,0,0.5041797161102295,3.0003128051757812,0,0.46419501304626465,0.10024135559797287,0.05138375237584114,225.6135711669922,2.2433515406797435e-17,0,0.5934057235717773,8157.421730664674,179,1,0.060372497886419296,0,0,14.039756774902344,0.5000038743019104
0.47279372811317444,0.6323230266571045,0,4.267607688903809,2.6609641925479006,9.222110748291016,0.0,0,0,0.7645620107650757,2.256352186203003,4.176665306091309,4.140932559967041,9.586908340454102,0,0.13539552688598633,0.0025611836463212967,0.08017155528068542,1e-06,0.17148399353027344,0.9675129055976868,0.0008989332709461451,-0.0009172750287689269,0.0024623870849609375,1144.769866226,0.46983492374420166,2.534268617630005,0,0.20178529620170593,1.2141674687882187e-07,-3.394049053895287e-05,1,0.49899885058403015,2029.9105862099368,0,0.0,1,0,1,0,4.794926643371582,0.46839916706085205,0.6347649693489075,11.498046875,1762702105.4070406,0.0004123435355722904,15.508691787719727,0.6323230266571045,0,0.33732903003692627,0.0,180,1,0,0.4672737419605255,2.000265121459961,0,0.4246308207511902,0.09568925946950912,0.05295627564191818,23.715349197387695,5.239162947168273e-16,0,0.5507906675338745,8119.642344839747,180,1,0.05055048316717148,0,0,4.50834846496582,0.4991602599620819
0.4727784991264343,0.5518205165863037,0,4.488054037094116,2.6325773204552503,8.737885475158691,0.0,0,0,0.7580330967903137,2.4766814708709717,3.9110543727874756,3.8837804794311523,9.130043983459473,0,0.14429634809494019,0.003913894295692444,0.0851811021566391,1e-06,0.1815948486328125,0.9606934189796448,0.002133219037204981,-0.0016482785576954484,0.0024826526641845703,1150.990431275,0.4777746796607971,2.3067901134490967,0,0.21847426891326904,2.3753311779728392e-06,-1.0476276656845585e-05,1,0.4993860721588135,2008.2557242874682,0,0.0,1,0,1,0,5.327033042907715,0.46663913130760193,0.732012927532196,11.498046875,1762702110.4536908,0.0006581222405657172,9.937297821044922,0.5518205165863037,0,0.34048065543174744,0.0,181,1,0,0.47386080026626587,2.0003201961517334,0,0.4658808410167694,0.12324173003435135,0.03982847183942795,21.558574676513672,5.062512025717959e-18,0,0.6294571757316589,8033.022897149873,181,1,0.06244730204343796,0,0,4.5409698486328125,0.4995756149291992
0.4748691916465759,0.4932427406311035,0,5.721970558166504,2.6045471684861,9.49998950958252,0.0,0,0,0.7632908821105957,2.7105939388275146,4.404490947723389,4.429688453674316,9.650211334228516,0,0.07749848067760468,0.004521276336163282,0.06585374474525452,1e-06,0.14807891845703125,0.961063027381897,0.000686913903336972,-0.0008784706587903202,0.0025551319122314453,1155.758266227,0.4962765872478485,3.092381477355957,0,0.10269729048013687,4.633829462363792e-07,-4.085802629560931e-06,1,0.4999985098838806,1986.8729855138317,0,0.0,1,0,1,0,4.932109832763672,0.4550764262676239,0.6004166007041931,11.498046875,1762702116.6750288,0.0003293166810180992,36.894126892089844,0.4932427406311035,0,0.3367023468017578,0.0,182,1,0,0.49175530672073364,3.0003013610839844,0,0.45848405361175537,0.09350279718637466,0.028584392741322517,60.12821960449219,4.2868085997633924e-17,0,0.6413562893867493,7947.491942055327,182,1,0.06709717959165573,0,0,4.972184658050537,0.5000526309013367
0.4757230877876282,0.49818897247314453,0,4.262473821640015,2.591169749463768,9.325613021850586,0.0,0,0,0.7603796124458313,2.2508726119995117,3.829516649246216,3.9995882511138916,9.636448860168457,0,0.09313741326332092,0.0043584853410720825,0.06404408812522888,1e-06,0.15995407104492188,0.9595171213150024,0.0007567547145299613,-0.0008383048698306084,0.002537250518798828,1161.183914863,0.46472349762916565,2.3750717639923096,0,0.3770981431007385,3.532690939778149e-08,-5.058318129158579e-05,1,0.4984944760799408,1976.6680513153015,0,0.0,1,0,1,0,5.246295928955078,0.4848668873310089,0.5814146995544434,11.498046875,1762702121.442101,0.0004231031343806535,13.898467063903809,0.49818897247314453,0,0.33446159958839417,0.0,183,1,0,0.46036502718925476,2.000244617462158,0,0.4548753499984741,0.08708395808935165,0.02709522284567356,30.988859176635742,7.841967080347465e-16,0,0.6084905862808228,7906.672205261206,183,1,0.06588377058506012,0,0,4.440436840057373,0.4988219439983368
0.473699688911438,0.49040746688842773,0,4.9262425899505615,2.576979103837412,8.843153953552246,7.909372652648017e-05,0,0,0.7707115411758423,1.9153704643249512,3.2790656089782715,3.504194974899292,9.150747299194336,0,0.2167002111673355,0.004355942830443382,0.09170375764369965,1e-06,0.10430335998535156,0.9742886424064636,0.000848263269290328,-0.002147167455404997,0.0023670196533203125,1166.620333864,0.40074673295021057,2.3648719787597656,0,0.842508852481842,2.258569935520427e-07,-8.367339614778757e-05,1,0.489223450422287,1965.842749019703,0,0.0,1,0,1,0,4.825658798217773,0.5371410846710205,0.961606502532959,11.498046875,1762702126.8653402,0.0006411169306375086,18.272123336791992,0.49040746688842773,0,0.33641359210014343,0.0,184,1,0,0.39639079570770264,3.000441312789917,0,0.3869491517543793,0.11813871562480927,0.05671319365501404,27.407958984375,1.5576995457010687e-16,0,0.5759825706481934,7863.370996078812,184,1,0.0658659115433693,0,0,4.2215256690979,0.49012601375579834
0.473130464553833,0.4902925491333008,0,4.941148996353149,2.5130306555772304,8.50440788269043,2.66155693680048e-05,0,0,0.7567229866981506,1.9223172664642334,3.616175889968872,3.629523992538452,8.620368957519531,0,0.11823609471321106,0.0047130580060184,0.11153507232666016,1e-06,0.15584564208984375,0.9554343819618225,0.0012959478190168738,-0.0017446953570470214,0.0025911331176757812,1171.384939383,0.4491266906261444,2.108994483947754,0,0.3299746811389923,8.46353316319437e-08,-7.146091957110912e-05,1,0.49696943163871765,1917.0598182089177,0,0.0,1,0,1,0,6.024074554443359,0.48422232270240784,0.661010205745697,11.498046875,1762702132.3036242,0.0005789503920823336,9.381052017211914,0.4902925491333008,0,0.33764031529426575,0.0,185,1,0,0.4444136321544647,3.0004310607910156,0,0.4410451352596283,0.1288171261548996,0.06799144297838211,24.509599685668945,3.198693929154961e-15,0,0.6116545796394348,7668.239272835671,185,1,0.06849923729896545,0,0,3.75881028175354,0.49747413396835327
0.4755588173866272,0.4910092353820801,0,4.267615795135498,2.539083914059065,8.337477684020996,-6.793427019147202e-05,0,0,0.7348009347915649,2.25600266456604,3.516874074935913,3.616997480392456,8.504430770874023,0,0.06916012614965439,0.002372166607528925,0.08416508138179779,1e-06,0.15940475463867188,0.942748486995697,0.0010667002061381936,-0.0009062740136869252,0.0026273727416992188,1177.44909788,0.4675804078578949,2.4608469009399414,0,0.22269971668720245,1.1175146852338003e-07,-1.0549349099164829e-05,1,0.49885377287864685,1936.9344882047212,0,0.0,1,0,1,0,5.308837890625,0.4738185703754425,0.7926957607269287,11.498046875,1762702137.0689292,0.0004523226525634527,20.503297805786133,0.4910092353820801,0,0.34524866938591003,0.0,186,1,0,0.4652082324028015,2.0003414154052734,0,0.4601181745529175,0.1080293133854866,0.051652345806360245,56.317039489746094,1.176042116838246e-16,0,0.6429024934768677,7747.737952818885,186,1,0.0486534982919693,0,0,5.133819103240967,0.49901360273361206
0.47147852182388306,0.5013129711151123,0,5.555098056793213,2.4749214097559498,8.103919982910156,0.0,0,0,0.7466158866882324,2.543189525604248,3.3081448078155518,3.4529151916503906,8.096288681030273,0,0.12138478457927704,0.0053022271022200584,0.09156931191682816,1e-06,0.1510467529296875,0.9443690180778503,0.0009217227925546467,-0.0015311343595385551,0.002495288848876953,1182.537137015,0.4430010914802551,2.215052366256714,0,0.405872642993927,1.9491864122755942e-07,1.2186633284727577e-05,1,0.49616914987564087,1887.9882652200656,0,0.0,1,0,1,0,4.230842590332031,0.48878753185272217,0.5639098286628723,11.498046875,1762702143.1320102,0.0005218039732426405,11.753730773925781,0.5013129711151123,0,0.3407292366027832,0.0,187,1,0,0.4376988708972931,3.0004193782806396,0,0.43469253182411194,0.10434094816446304,0.060529813170433044,28.396703720092773,8.066389055292533e-18,0,0.5832934379577637,7551.9530608802625,187,1,0.07263271510601044,0,0,4.164174556732178,0.4968063235282898
0.4718707501888275,0.522590160369873,0,4.5597381591796875,2.5179500666512373,7.605875492095947,0.0,0,0,0.7808259725570679,2.5475213527679443,2.9554238319396973,3.0594265460968018,8.062867164611816,0,0.08988145738840103,0.003003905061632395,0.06509828567504883,1e-06,0.12413787841796875,0.9674022793769836,0.0022078503388911486,-0.003196362406015396,0.0035784244537353516,1187.40144161,0.41003304719924927,2.1646645069122314,0,0.7757952213287354,2.2546155378222466e-06,-1.2302125469432212e-05,1,0.49135419726371765,1920.8125799503237,0,0.0,1,0,1,0,4.772602081298828,0.5287041664123535,0.7214455604553223,11.498046875,1762702148.2209375,0.0008623735047876835,10.614944458007812,0.522590160369873,0,0.32451263070106506,0.0,188,1,0,0.4070291221141815,2.0003130435943604,0,0.41397374868392944,0.09690432250499725,0.019478797912597656,22.73070526123047,3.60220646241817e-17,0,0.579544723033905,7683.250319801295,188,1,0.05473373085260391,0,0,4.386150360107422,0.4919132590293884
0.47351375222206116,0.6064667701721191,0,4.251481056213379,2.520350347335442,8.095669746398926,0.0,0,0,0.7329076528549194,2.2397196292877197,3.525052785873413,3.4629390239715576,8.79667854309082,0,0.2667340040206909,0.005170068237930536,0.10163594782352448,1e-06,0.1333465576171875,0.9378253221511841,0.0019417726434767246,-0.0013654525391757488,0.0024902820587158203,1192.173332718,0.447346955537796,2.1713273525238037,0,0.4232664108276367,7.088994635751078e-08,2.8545860914164223e-05,1,0.4967128038406372,1922.6436287049019,0,0.0,1,0,1,0,5.021705627441406,0.4916954040527344,0.720060408115387,11.498046875,1762702153.0857122,0.0006923553883098066,12.506742477416992,0.6064667701721191,0,0.34887421131134033,0.0,189,1,0,0.442176878452301,2.00028133392334,0,0.41374343633651733,0.13586099445819855,0.057676393538713455,32.510650634765625,3.151382771537174e-17,0,0.5880522131919861,7690.574514819607,189,1,0.07172682881355286,0,0,4.082533836364746,0.4972875714302063
0.4709014892578125,0.49348926544189453,0,4.271292209625244,2.5421472940526644,8.199625015258789,0.0,0,0,0.7710835933685303,2.260133743286133,3.1606662273406982,3.2043075561523438,8.204463958740234,0,0.16174201667308807,0.004508312325924635,0.09139491617679596,1e-06,0.1282062530517578,0.9636223912239075,0.004191657528281212,-0.0036411264445632696,0.002624034881591797,1197.918678611,0.41335588693618774,2.0940208435058594,0,0.7549099922180176,3.6791462321161816e-08,-2.131772589564207e-06,1,0.4916903078556061,1939.27138078524,0,0.0,1,0,1,0,4.559518814086914,0.5271275043487549,0.747272789478302,11.498046875,1762702157.8572083,0.0011498137610033154,16.67157745361328,0.49348926544189453,0,0.32807692885398865,0.0,190,1,0,0.4088475704193115,2.000291585922241,0,0.4070703387260437,0.13091474771499634,0.046403199434280396,30.151966094970703,1.0891849099721769e-16,0,0.5387226343154907,7757.08552314096,190,1,0.06700187921524048,0,0,4.093113899230957,0.49250495433807373
0.4719597101211548,0.4890718460083008,0,5.2501912117004395,2.5731746675012848,9.191412925720215,-6.347370072035119e-05,0,0,0.7433955669403076,2.237173557281494,4.109809398651123,4.181143283843994,9.40211009979248,0,0.19742627441883087,0.002736999187618494,0.09463568776845932,1e-06,0.1891632080078125,0.9346835613250732,0.0007680915296077728,-0.0013349744258448482,0.002736330032348633,1202.673601929,0.48320475220680237,2.909752607345581,0,0.13029104471206665,1.3454614133934228e-07,-6.715199560858309e-05,1,0.4996805191040039,1962.9405432647761,0,0.0,1,0,1,0,5.605947494506836,0.4554815888404846,0.8105700612068176,11.498046875,1762702163.6032321,0.0004807867808267474,40.02951431274414,0.4890718460083008,0,0.33731716871261597,0.0,191,1,0,0.4804677665233612,3.000347137451172,0,0.44363683462142944,0.12425453215837479,0.05158029496669769,70.05099487304688,1.0376363244519625e-15,0,0.5943549275398254,7851.7621730591045,191,1,0.05225119739770889,0,0,5.231375694274902,0.49977999925613403
0.47074341773986816,0.47928571701049805,0,4.268570423126221,2.5871616223767804,9.580310821533203,3.2540290703764185e-05,0,0,0.7482722997665405,2.2555923461914062,3.8865973949432373,4.54612922668457,8.55264949798584,0,0.1568521112203598,0.006007509306073189,0.08511510491371155,1e-06,0.19478225708007812,0.9317929744720459,0.001075046369805932,-0.0011604734463617206,0.0025262832641601562,1208.655445266,0.48560699820518494,7.681479454040527,0,0.14804619550704956,5.309523487539991e-08,-1.1392509804863948e-05,1,0.4996461868286133,1973.6104605263924,0,0.0,1,0,1,0,5.568523406982422,0.4533088803291321,0.7402005195617676,11.498046875,1762702168.3573294,0.0005979978013783693,81.73786163330078,0.47928571701049805,0,0.3340248167514801,0.0,192,1,0,0.4795994758605957,2.0002737045288086,0,0.46876171231269836,0.1232704371213913,0.04292045533657074,136.68331909179688,1.590180612250311e-16,0,0.6179001927375793,7894.44184210557,192,1,0.07728463411331177,0,0,12.987322807312012,0.4998553693294525
0.4734988212585449,0.4888162612915039,0,5.485773801803589,2.6044906722465417,8.1336088180542,5.957425673841499e-05,0,0,0.7354001402854919,2.474296808242798,3.3091208934783936,3.398259162902832,8.464046478271484,0,0.16523590683937073,0.00386313465423882,0.09274611622095108,1e-06,0.13214111328125,0.9383184909820557,0.0015531597891822457,-0.008753935806453228,0.0026540756225585938,1214.02544796,0.44039735198020935,2.382340908050537,0,0.42352354526519775,4.8723293843977444e-08,-0.00022058669128455222,1,0.49602416157722473,1986.8298874837712,0,0.0,1,0,1,0,4.424539566040039,0.4936704635620117,0.6548624634742737,11.498046875,1762702174.3386593,0.0017822476802393794,12.939888000488281,0.4888162612915039,0,0.348344087600708,0.0,193,1,0,0.43653422594070435,3.0004451274871826,0,0.4113602936267853,0.1254999339580536,0.04723856598138809,30.622594833374023,7.969776411154259e-16,0,0.5888515114784241,7947.319549935085,193,1,0.062042511999607086,0,0,4.414587497711182,0.4965033233165741
0.4702533185482025,0.5261883735656738,0,4.837316513061523,2.634457393059736,8.596570014953613,0.0,0,0,0.7325877547264099,2.8247270584106445,4.082360744476318,4.011166095733643,8.70931625366211,0,0.10608810186386108,0.004491018131375313,0.08729696273803711,1e-06,0.19087982177734375,0.9278225898742676,0.0012960359454154968,-0.0015428054612129927,0.00360107421875,1218.896562565,0.49900200963020325,2.3016552925109863,0,0.08601871877908707,1.2075207678208244e-07,-9.191086974169593e-06,1,0.5000322461128235,2009.6899334712582,0,0.0,1,0,1,0,5.531402587890625,0.4422629475593567,0.5908801555633545,11.498046875,1762702179.7089078,0.000539761153049767,11.126973152160645,0.5261883735656738,0,0.3422466814517975,0.0,194,1,0,0.4945109784603119,2.000321865081787,0,0.4503898620605469,0.1084698811173439,0.05355727672576904,23.959976196289062,3.8148635467725696e-16,0,0.5806027054786682,8038.759733885033,194,1,0.0668727457523346,0,0,3.7632832527160645,0.5000613927841187
0.4748176336288452,0.598682165145874,0,4.267293453216553,2.6352562757579285,7.425445556640625,0.0,0,0,0.7510730624198914,2.2557873725891113,3.0818512439727783,3.3155977725982666,7.840743064880371,0,0.24054500460624695,0.004844685085117817,0.07593701034784317,1e-06,0.1571979522705078,0.9526050090789795,0.000873694138135761,-0.0009668052662163973,0.002548694610595703,1223.669857167,0.459675133228302,2.4470889568328857,0,0.3308531939983368,4.689321642104005e-08,1.4925359209883027e-05,1,0.4980264902114868,2010.2993593518254,0,0.0,1,0,1,0,4.638599395751953,0.4826853573322296,0.6836404800415039,11.498046875,1762702184.582101,0.000495906628202647,9.650285720825195,0.598682165145874,0,0.34464138746261597,0.0,195,1,0,0.45483043789863586,2.0002756118774414,0,0.4200323224067688,0.1055268719792366,0.028464654460549355,17.921358108520508,2.8639566727954287e-15,0,0.5643932819366455,8041.197437407302,195,1,0.06944485753774643,0,0,3.9257898330688477,0.49844229221343994
0.4738094210624695,0.497572660446167,0,4.2682623863220215,2.7187531166148675,8.622150421142578,-7.251508213812485e-05,1,0,0.7228296399116516,2.2565054893493652,3.9446864128112793,3.960941791534424,8.98707103729248,1,0.13207976520061493,0.0048705460503697395,0.09100612252950668,1e-06,0.19412803649902344,0.9171019196510315,0.001213590963743627,-0.001367010292597115,0.002747058868408203,1229.375673451,0.5101256370544434,2.3698129653930664,0,0.047215744853019714,4.073575894381065e-07,-4.213337888359092e-05,1,0.5000364780426025,2073.9947377583635,0,0.0,1,0,1,0,7.009284973144531,0.43567538261413574,0.7495960593223572,11.498046875,1762702189.3544316,0.0004930029972456396,9.687560081481934,0.497572660446167,0,0.3475784659385681,0.0,196,1,0,0.5052550435066223,2.000319719314575,0,0.5041572451591492,0.1344064325094223,0.02968062460422516,71.55742645263672,7.49050756719434e-17,0,0.6527753472328186,8295.978951033454,196,1,0.06962805241346359,0,0,5.29884147644043,0.4999615550041199
0.4667525589466095,0.4848294258117676,0,5.213282823562622,2.6792613160927146,8.810477256774902,0.0,0,0,0.7443575859069824,2.201019763946533,3.8885810375213623,3.938924551010132,8.716968536376953,0,0.09682440757751465,0.004464285913854837,0.11697325855493546,1e-06,0.23918914794921875,0.9422441720962524,0.0008779035997577012,-0.0011622566962614655,0.0026314258575439453,1234.756274859,0.47415414452552795,2.1726553440093994,0,0.1537487506866455,2.181020732905381e-07,-5.06283322465606e-05,1,0.49913913011550903,2043.8685060063867,0,0.0,1,0,1,0,5.854622840881348,0.4466635286808014,0.5978751182556152,11.498046875,1762702195.0595243,0.000572557095438242,12.811089515686035,0.4848294258117676,0,0.3389025330543518,0.0,197,1,0,0.46968987584114075,3.0004231929779053,0,0.544382631778717,0.11666461825370789,0.09629961103200912,30.327972412109375,4.256666667637552e-15,0,0.7439093589782715,8175.474024025547,197,1,0.06667383015155792,0,0,3.540788412094116,0.49939021468162537
0.4724299907684326,0.8556883335113525,0,4.522832870483398,2.650496905303436,9.380776405334473,0.0,0,0,0.7585009932518005,2.4982309341430664,3.383448362350464,3.9089460372924805,8.786494255065918,0,0.12545354664325714,0.00395465362817049,0.07901359349489212,1e-06,0.14715957641601562,0.9619728922843933,0.0005878443480469286,-0.002439538948237896,0.00250244140625,1239.290664357,0.44423940777778625,6.934571266174316,0,0.41965118050575256,1.6428290336989448e-06,-0.00013528461568057537,1,0.49648672342300415,2021.9256395331108,0,0.0,1,0,1,0,5.4946794509887695,0.48981428146362305,0.5643614530563354,11.498046875,1762702200.4398794,0.0005964879528619349,112.87174224853516,0.8556883335113525,0,0.33843114972114563,0.0,198,1,0,0.44028475880622864,2.0003459453582764,0,0.48276373744010925,0.09402435272932053,0.050139009952545166,293.45770263671875,3.739279620515516e-16,0,0.71901535987854,8087.702558132443,198,1,0.06276983767747879,0,0,17.54503059387207,0.4969465434551239
0.47695523500442505,0.559135913848877,0,3.967305898666382,2.6437936114291136,8.38581371307373,0.0,0,0,0.7565727829933167,2.956073760986328,3.7601728439331055,3.657604455947876,8.417046546936035,0,0.1800111085176468,0.005071851424872875,0.07588793337345123,1e-06,0.12091064453125,0.9615089297294617,0.0009368809405714273,-0.002638414967805147,0.0025696754455566406,1253.777635301,0.45224007964134216,2.393277168273926,0,0.4242140054702759,2.6589054513692645e-08,-2.5855864805635065e-05,1,0.49727103114128113,2016.812046785012,0,0.0,1,0,1,0,4.324230194091797,0.4910198450088501,0.6950101852416992,11.498046875,1762702204.9735215,0.0006713730399496853,11.755694389343262,0.559135913848877,0,0.3437284827232361,0.0,199,1,0,0.447168231010437,1.0001895427703857,0,0.405190110206604,0.12072420865297318,0.019010266289114952,23.364208221435547,1.4479089879625384e-16,0,0.5758973956108093,8067.248187140048,199,1,0.07104610651731491,0,0,4.404051780700684,0.497783899307251
0.4785989820957184,0.4009215831756592,0,2.2813334465026855,2.2299168381710146,7.839258670806885,0.0,0,0,0.7212513089179993,2.2705602645874023,3.355225086212158,3.4501171112060547,8.265105247497559,0,0.11180555075407028,0.003376477165147662,0.08977238088846207,1e-06,0.12267875671386719,0.9356653690338135,0.0013776972191408277,-0.001279629534110427,0.0020258426666259766,1257.099774,0.4501969516277313,2.5891027450561523,0,0.4330577850341797,2.9784817456857127e-07,-4.2706673411885276e-05,1,0.49723386764526367,1701.0870754472396,0,0.0,1,0,1,0,5.24205207824707,0.49374130368232727,0.8367840051651001,11.498046875,1762702219.4606702,0.0006625255919061601,14.306601524353027,0.4009215831756592,0,0.35766223073005676,11.79810380935669,200,1,0,0.446820467710495,0.00012969970703125,0,0.4225901961326599,0.12168116122484207,0.04753698781132698,37.94038772583008,3.214802907624962e-16,0,0.6258224248886108,6804.348301788958,200,1,0.058017440140247345,0,0,4.480453014373779,0.4975834786891937
0.47637632489204407,0.6601197719573975,0,2.6557629108428955,2.2881983286783933,9.125168800354004,0.0,0,0,0.7220321297645569,2.6451003551483154,3.6732177734375,3.9500985145568848,9.28462028503418,0,0.12374808639287949,0.006199460942298174,0.08919909596443176,1e-06,0.15999794006347656,0.942400336265564,0.0020450951997190714,-0.005238736514002085,0.0021169185638427734,1262.545315541,0.4657681882381439,2.737426280975342,0,0.24508443474769592,9.727782668278451e-08,-5.482180858962238e-05,1,0.4984298050403595,1745.5469802036964,0,0.0,1,0,1,0,5.275783538818359,0.47703295946121216,0.6007277965545654,11.498046875,1762702222.7839696,0.0011886743595823646,22.80558967590332,0.6601197719573975,0,0.35930347442626953,0.0,201,1,0,0.45956873893737793,0.0001270771026611328,0,0.4681372046470642,0.11782340705394745,0.043403759598731995,49.38151931762695,1.0535942398897763e-16,0,0.642216682434082,6982.187920814786,201,1,0.07850278913974762,0,0,5.075206756591797,0.4988940358161926
0.47767436504364014,0.8727054595947266,0,4.566193103790283,2.3092530012185932,8.448465347290039,0.0,0,0,0.7672732472419739,2.5549063682556152,3.664036989212036,3.6292777061462402,8.626736640930176,0,0.09938424080610275,0.002776235342025757,0.06950149685144424,1e-06,0.11138343811035156,0.9569666385650635,0.0016922359354794025,-0.0038569560274481773,0.0027446746826171875,1267.37470614,0.4530816078186035,2.142110824584961,0,0.4532772898674011,1.0161762276084119e-07,-0.00023033030447550118,1,0.49759340286254883,1761.6084900873047,0,0.0,1,0,1,0,5.246076583862305,0.49628910422325134,0.7217811942100525,11.498046875,1762702228.2292008,0.0011317516909912229,9.263106346130371,0.8727054595947266,0,0.3288522958755493,0.0,202,1,0,0.45030537247657776,2.000345230102539,0,0.4256056845188141,0.09891167283058167,0.031111320480704308,23.429954528808594,3.725186104003948e-15,0,0.6250932216644287,7046.433960349219,202,1,0.05262410640716553,0,0,3.8552772998809814,0.49786290526390076
0.4768279194831848,0.5486204624176025,0,4.273725748062134,2.343166326772601,8.56620979309082,0.0,0,0,0.7256301641464233,2.261634349822998,3.841289758682251,3.7663803100585938,8.794526100158691,0,0.139512300491333,0.003679592628031969,0.09292931109666824,1e-06,0.13089752197265625,0.9446624517440796,0.00183954113163054,-0.000732886663172394,0.0027179718017578125,1272.353529244,0.4469289779663086,3.672142744064331,0,0.3748777508735657,6.834511054876202e-07,7.333325629588217e-05,1,0.4968392252922058,1787.4791946794428,0,0.0,1,0,1,0,5.200092315673828,0.4884624481201172,0.6991779804229736,11.498046875,1762702233.0583751,0.0005860236706212163,49.87274169921875,0.5486204624176025,0,0.35881856083869934,0.0,203,1,0,0.443249374628067,2.000325918197632,0,0.5047754049301147,0.12262847274541855,0.042899589985609055,83.11961364746094,1.4986896137081027e-14,0,0.7502303123474121,7149.916778717771,203,1,0.06055650860071182,0,0,6.7019877433776855,0.4972458481788635
0.47777020931243896,0.7112381458282471,0,4.26058030128479,2.3362943894893218,8.605368614196777,-8.936211816035211e-05,0,0,0.7403152585029602,2.249086856842041,4.051900386810303,3.8805534839630127,8.833394050598145,0,0.06802129000425339,0.0024363831616938114,0.07042912393808365,1e-06,0.12525367736816406,0.944801390171051,0.0008421875536441803,-0.0007842534105293453,0.0029861927032470703,1278.190777006,0.4672441780567169,2.4117209911346436,0,0.29421088099479675,6.162870818116062e-07,-5.152276571607217e-05,1,0.4988274872303009,1782.2369526837913,0,0.0,1,0,1,0,6.418923377990723,0.48284128308296204,0.5783154368400574,11.498046875,1762702238.0371292,0.00041822821367532015,9.415938377380371,0.7112381458282471,0,0.34413087368011475,0.0,204,1,0,0.46480777859687805,2.000335216522217,0,0.4547586143016815,0.09791374951601028,0.024391472339630127,24.981847763061523,5.682500521156765e-17,0,0.6912000775337219,7128.947810735165,204,1,0.0493062399327755,0,0,4.273447036743164,0.498993456363678
0.48221099376678467,0.5646839141845703,0,5.265445232391357,2.2523160177650463,9.794715881347656,0.0,0,0,0.7374346852302551,2.2448933124542236,3.940272569656372,4.293140888214111,10.0062837600708,0,0.08224595338106155,0.0026603606529533863,0.0610383078455925,1e-06,0.08308982849121094,0.9544531106948853,0.0012974789133295417,-0.0007955763139761984,0.0023658275604248047,1282.933364711,0.45728641748428345,2.3341026306152344,0,0.5057269930839539,1.356753926984311e-07,2.2181353415362537e-05,1,0.4980105459690094,1718.1742395314757,0,0.0,1,0,1,0,5.33317756652832,0.5005230903625488,0.727020263671875,11.498046875,1762702243.8744621,0.0005259470199234784,10.449566841125488,0.5646839141845703,0,0.3515845239162445,0.0,205,1,0,0.45462605357170105,3.0003821849823,0,0.4252728819847107,0.10358121246099472,0.010849148035049438,20.26931381225586,2.4219230018044767e-18,0,0.6704517602920532,6872.696958125903,205,1,0.05151764303445816,0,0,3.3915297985076904,0.49824586510658264
0.474822074174881,0.4735095500946045,0,4.262966871261597,2.296049532551099,8.948431015014648,-5.307514948071912e-05,0,0,0.7145167589187622,2.2478768825531006,3.9677577018737793,4.022977352142334,8.845019340515137,0,0.08780308812856674,0.004846938420087099,0.08212555199861526,1e-06,0.20931243896484375,0.9145108461380005,0.0008475750219076872,-0.0010791427921503782,0.002608776092529297,1287.828255342,0.47755101323127747,2.4591281414031982,0,0.1677432805299759,2.0724873195376858e-07,-4.621128391590901e-05,1,0.49931806325912476,1751.536253528129,0,0.0,1,0,1,0,5.109220504760742,0.46471700072288513,0.7212962508201599,11.498046875,1762702248.61708,0.00042114470852538943,14.347765922546387,0.4735095500946045,0,0.35440903902053833,0.0,206,1,0,0.47270405292510986,2.0002806186676025,0,0.4847347140312195,0.10515507310628891,0.04478834196925163,49.81267166137695,1.7497393848981557e-16,0,0.6379135847091675,7006.145014112516,206,1,0.06945988535881042,0,0,4.819605350494385,0.4995594918727875
0.4791859984397888,0.36164093017578125,0,4.525911092758179,2.3129149807134133,9.563278198242188,-0.00011568739864742383,0,0,0.7546696066856384,2.514181613922119,4.087740898132324,3.9399828910827637,9.05245590209961,0,0.05477236583828926,0.004003431648015976,0.07300778478384018,1e-06,0.1145782470703125,0.9654029011726379,0.0008306094678118825,-0.0010221274569630623,0.0025844573974609375,1292.989481724,0.45553332567214966,2.4051692485809326,0,0.39641767740249634,3.809819588695973e-07,-7.566427666461095e-05,1,0.4977162480354309,1764.4020229592747,0,0.0,1,0,1,0,5.189809799194336,0.4921467900276184,0.7159537076950073,11.498046875,1762702253.511354,0.0004121887031942606,14.314095497131348,0.36164093017578125,0,0.34143128991127014,0.0,207,1,0,0.4515298902988434,2.0002641677856445,0,0.4465496838092804,0.1003410667181015,0.033190857619047165,127.13662719726562,1.4295229467023017e-17,0,0.6680744886398315,7057.608091837099,207,1,0.0631549209356308,0,0,8.5105619430542,0.4980900287628174
0.4754103124141693,0.5312089920043945,0,4.622326374053955,2.3018197093751263,9.30499267578125,0.0,0,0,0.7444905638694763,2.611445426940918,4.372730731964111,4.173373699188232,9.696619033813477,0,0.19340820610523224,0.005045140627771616,0.08566726744174957,1e-06,0.1766948699951172,0.9455022215843201,0.0010611939942464232,-0.0008541691349819303,0.002443552017211914,1296.829243048,0.4734466075897217,2.3285181522369385,0,0.20106841623783112,1.3068745374766877e-07,-6.0492748161777854e-05,1,0.4990667700767517,1755.9380200202145,0,0.0,1,0,1,0,6.533535003662109,0.468621164560318,1.0148152112960815,11.498046875,1762702258.6723073,0.00046765440492890775,11.334073066711426,0.5312089920043945,0,0.34240904450416565,0.0,208,1,0,0.4684014618396759,2.000262498855591,0,0.44812217354774475,0.11107011139392853,0.05273250490427017,41.50421905517578,3.988478798092875e-18,0,0.6036810278892517,7023.752080080858,208,1,0.0708591565489769,0,0,4.486965179443359,0.49936071038246155
0.47131335735321045,0.4981555938720703,0,3.3362088203430176,2.871197204700617,8.824834823608398,0.0,0,0,0.7465540170669556,2.324367046356201,3.9464316368103027,3.97810959815979,9.327414512634277,0,0.1702173352241516,0.0030690538696944714,0.09391255676746368,1e-06,0.19364166259765625,0.9510992169380188,0.001417791354469955,-0.0017082743579521775,0.002579212188720703,1302.948177665,0.4736573100090027,2.2963476181030273,0,0.1940540075302124,2.6909765082905324e-08,-3.646731056505814e-05,1,0.4991980195045471,2190.2863695950487,0,0.0,1,0,1,0,5.300848007202148,0.46261146664619446,0.6247134804725647,11.498046875,1762702262.5131838,0.0006275744526647031,9.380876541137695,0.4981555938720703,0,0.34350132942199707,0.0,209,1,0,0.47058823704719543,1.00026273727417,0,0.5168517231941223,0.12053431570529938,0.04709601402282715,19.851802825927734,2.345932689984282e-17,0,0.6942026019096375,8761.145478380195,209,1,0.05532103404402733,0,0,3.587602376937866,0.49936944246292114
0.47455644607543945,0.8656625747680664,0,5.246032238006592,2.676160518644783,8.3809232711792,0.0,0,0,0.7609931826591492,2.2336747646331787,3.759777545928955,3.6375796794891357,8.561678886413574,0,0.38699620962142944,0.003859939519315958,0.08789370954036713,1e-06,0.14746856689453125,0.9604731798171997,0.0009808000177145004,-0.0011796135222539306,0.0029206275939941406,1308.08776772,0.4502343535423279,2.4313511848449707,0,0.4071316421031952,1.128033204622625e-06,-5.0124555855290964e-05,1,0.49718451499938965,2041.5030696044703,0,0.0,1,0,1,0,5.838312149047852,0.48986268043518066,0.6092138886451721,11.498046875,1762702268.6314106,0.000568813644349575,11.243624687194824,0.8656625747680664,0,0.3355519473552704,0.0,210,1,0,0.44637441635131836,3.00044584274292,0,0.48787716031074524,0.1045362576842308,0.05823121592402458,17.987768173217773,1.299954275524502e-15,0,0.7305635809898376,8166.012278417881,210,1,0.06201693415641785,0,0,4.047235488891602,0.49758580327033997
0.4777580201625824,0.5356736183166504,0,4.5977678298950195,2.7013425124379262,8.712357521057129,0.0,0,0,0.7452571988105774,2.5857560634613037,3.4654603004455566,3.643998146057129,9.198646545410156,0,0.11871698498725891,0.0019696117378771305,0.07371559739112854,1e-06,0.09976768493652344,0.9623816013336182,0.001423059613443911,-0.001813235110603273,0.0032444000244140625,1314.378239317,0.4501969516277313,2.44647216796875,0,0.3665526211261749,7.321103225876868e-07,-2.3916158170322888e-05,1,0.49738234281539917,2060.713097280051,0,0.0,1,0,1,0,5.209299087524414,0.49127182364463806,0.5885277986526489,11.498046875,1762702273.7716246,0.0006350830662995577,9.67013931274414,0.5356736183166504,0,0.34950563311576843,0.0,211,1,0,0.4482273459434509,2.00028133392334,0,0.4864208698272705,0.09867160022258759,0.03387022018432617,60.67155456542969,5.922295548524458e-16,0,0.7383098006248474,8242.852389120204,211,1,0.04434281587600708,0,0,5.4926934242248535,0.4975834786891937
0.47612521052360535,0.7292883396148682,0,5.554262161254883,2.6218562553463256,8.444038391113281,0.0,0,0,0.75205397605896,2.5412042140960693,2.961611747741699,3.4801292419433594,8.290943145751953,0,0.08666200190782547,0.0033660586923360825,0.07533874362707138,1e-06,0.12224388122558594,0.9595195055007935,0.0007195487851276994,-0.004112813156098127,0.004163026809692383,1318.239295902,0.44908833503723145,3.8988051414489746,0,0.417720764875412,2.346532852470773e-07,-0.00010803806071635336,1,0.4971149265766144,2000.0771837340103,0,0.0,1,0,1,0,4.810174942016602,0.4914901852607727,0.729865312576294,11.498046875,1762702280.0620348,0.0008391204755753279,51.93505859375,0.7292883396148682,0,0.34335586428642273,0.0,212,1,0,0.4457222819328308,3.0003719329833984,0,0.47481781244277954,0.11130622774362564,0.0309445858001709,84.16068267822266,2.853570990070907e-14,0,0.6977959871292114,8000.308734936041,212,1,0.057928141206502914,0,0,7.388437271118164,0.49747100472450256
0.474735289812088,0.5141432285308838,0,3.3402962684631348,2.6881278846970242,8.40705394744873,0.0,0,0,0.7680977582931519,2.3293051719665527,3.136162281036377,3.459310293197632,8.640430450439453,0,0.13702698051929474,0.003244322258979082,0.07310264557600021,1e-06,0.11803817749023438,0.9779260754585266,0.0007722352165728807,-0.008529593236744404,0.002458810806274414,1324.30615012,0.4499625265598297,2.390044689178467,0,0.44883695244789124,1.5181349510839937e-07,-0.0002855073835235089,1,0.49721500277519226,2050.6323480466704,0,0.0,1,0,1,0,5.7108001708984375,0.49310246109962463,0.6827529668807983,11.498046875,1762702283.9233634,0.0016714242519810796,10.375823974609375,0.5141432285308838,0,0.3423851430416107,0.0,213,1,0,0.4467182159423828,1.0001108646392822,0,0.47041213512420654,0.09760043770074844,0.038583021610975266,19.208358764648438,1.9323643205376132e-16,0,0.7234469056129456,8202.529392186681,213,1,0.05687357857823372,0,0,3.9444022178649902,0.4975520372390747
0.4742554724216461,0.804363489151001,0,5.2365171909332275,2.6754185455298733,8.520357131958008,-2.775291022771853e-06,0,0,0.7753002643585205,2.219733953475952,2.722834825515747,3.3587594032287598,8.387085914611816,0,0.1148647665977478,0.004458598792552948,0.06582091748714447,1e-06,0.048797607421875,0.9784965515136719,0.000980530632659793,-0.0013626127038151026,0.0023679733276367188,1329.101320965,0.3761146664619446,5.6622138023376465,0,0.9785661101341248,2.818747901756069e-08,-2.2313774024951272e-05,1,0.4833241105079651,2040.9370570723001,0,0.0,1,0,1,0,6.492897033691406,0.5739048719406128,0.6389907598495483,11.498046875,1762702289.9900312,0.0005740210181102157,86.73883819580078,0.804363489151001,0,0.33836832642555237,0.0,214,1,0,0.37165606021881104,3.0004115104675293,0,0.35633450746536255,0.09697098284959793,0.02847556211054325,158.75953674316406,4.114757017585833e-18,0,0.616188108921051,8163.748228289201,214,1,0.06663431972265244,0,0,10.282279968261719,0.48448649048805237
0.47839394211769104,0.5235741138458252,0,4.265539169311523,2.654479859895343,8.47610855102539,0.0,0,0,0.7265440821647644,2.252890110015869,3.481762647628784,3.458486318588257,9.075799942016602,0,0.304153710603714,0.004092370625585318,0.08160384744405746,1e-06,0.08232307434082031,0.9456287026405334,0.0015961143653839827,-0.003442995250225067,0.0026869773864746094,1333.539365567,0.43349894881248474,2.3331382274627686,0,0.6787307262420654,5.746657052441151e-07,-0.0001059823262039572,1,0.495063841342926,2024.9640275404158,0,0.0,1,0,1,0,5.550935745239258,0.5130839347839355,0.7911999821662903,11.498046875,1762702294.7853734,0.0010466984240338206,9.15611743927002,0.5235741138458252,0,0.3559815287590027,0.0,215,1,0,0.4294065833091736,2.0002706050872803,0,0.45716339349746704,0.1194424033164978,0.04573700949549675,23.8660888671875,1.70087572176717e-15,0,0.6929237246513367,8099.856110161663,215,1,0.06384994089603424,0,0,4.139251232147217,0.49563032388687134
0.4690752327442169,0.5143065452575684,0,3.9166486263275146,2.6417645340320473,8.724703788757324,0.0,0,0,0.7702639102935791,1.9053075313568115,2.8955020904541016,3.0760958194732666,9.044843673706055,0,0.0934906080365181,0.003588906954973936,0.07626008242368698,1e-06,0.04841423034667969,0.9826054573059082,0.0009424742311239243,-0.0009535053977742791,0.0025873184204101562,1339.498048968,0.3559543192386627,2.097618818283081,0,0.9808820486068726,5.918943557503553e-08,-3.281585668446496e-05,1,0.4777849614620209,2015.2641696282733,0,0.0,1,0,1,0,4.696674346923828,0.5942050218582153,0.5733314752578735,11.498046875,1762702299.2229748,0.0004980621160939336,9.284477233886719,0.5143065452575684,0,0.3464934229850769,0.0,216,1,0,0.3523654043674469,2.0002548694610596,0,0.33736008405685425,0.1110164150595665,0.026931622996926308,37.076419830322266,3.8059387311842655e-16,0,0.5809354782104492,8061.056678513093,216,1,0.059809643775224686,0,0,4.150170803070068,0.47887957096099854
0.4786395728588104,0.3721587657928467,0,5.580268621444702,2.59246197023615,9.743114471435547,0.0,0,0,0.7558199763298035,2.568328380584717,3.83297061920166,4.019347667694092,9.525641441345215,0,0.11859309673309326,0.0029459025245159864,0.08716855943202972,1e-06,0.08213233947753906,0.9574229717254639,0.0032092956826090813,-0.004494007211178541,0.0025184154510498047,1344.2941493,0.4467059373855591,3.65263295173645,0,0.5363325476646423,2.2296685386891113e-08,-0.00015626303502358496,1,0.4968935251235962,1977.6538190430012,0,0.0,1,0,1,0,4.710857391357422,0.5016481280326843,0.6795206069946289,11.498046875,1762702305.1820073,0.0012284379918128252,46.07183074951172,0.3721587657928467,0,0.338667094707489,0.0,217,1,0,0.4437600374221802,3.000356912612915,0,0.38074928522109985,0.1345888376235962,0.03194401040673256,138.2137451171875,6.811581675561355e-16,0,0.5700504183769226,7910.615276172005,217,1,0.054203420877456665,0,0,9.225762367248535,0.49721822142601013
0.47604531049728394,0.3067135810852051,0,4.4833714962005615,2.5403136818025955,8.179308891296387,0.0,0,0,0.7555752992630005,2.471652030944824,3.0031819343566895,3.2606656551361084,8.514758110046387,0,0.12671902775764465,0.002959455596283078,0.07830330729484558,1e-06,0.06744575500488281,0.960790753364563,0.0011738822795450687,-0.00287839793600142,0.0027704238891601562,1348.809540543,0.4146197438240051,2.717634916305542,0,0.7659239172935486,7.97636687366321e-07,-0.00011147570330649614,1,0.4922070801258087,1937.8726137789638,0,0.0,1,0,1,0,6.2351789474487305,0.5269045233726501,0.5693371891975403,11.498046875,1762702309.9780602,0.0007527809357270598,26.487415313720703,0.3067135810852051,0,0.3437369763851166,0.0,218,1,0,0.4116602838039398,2.0002834796905518,0,0.4033593535423279,0.10545577108860016,0.03468926250934601,56.99422073364258,1.3713601058901051e-16,0,0.6528548002243042,7751.490455115855,218,1,0.05432835593819618,0,0,5.693933486938477,0.49272918701171875
0.4756016135215759,0.30515313148498535,0,4.20542049407959,2.649599250533776,7.919281005859375,0.0,0,0,0.7676165699958801,2.1934053897857666,3.4465298652648926,3.422556161880493,8.130683898925781,0,0.1035156324505806,0.0025471218395978212,0.07044825702905655,1e-06,0.10019874572753906,0.9688859581947327,0.0010993873002007604,-0.0018849348416551948,0.0024700164794921875,1354.668099182,0.4319918751716614,3.0214107036590576,0,0.648094892501831,9.716915627677736e-08,-3.836457108263858e-05,1,0.4950599670410156,2021.2408655986108,0,0.0,1,0,1,0,5.558574676513672,0.5142728090286255,0.7485277056694031,11.498046875,1762702314.4953642,0.0005618728464469314,38.18550491333008,0.30515313148498535,0,0.3352021276950836,0.0,219,1,0,0.42944473028182983,2.000250816345215,0,0.4623202681541443,0.1000927984714508,0.030890783295035362,70.33624267578125,1.2062309057679372e-14,0,0.7082845568656921,8084.963462394443,219,1,0.05041112005710602,0,0,5.315125465393066,0.49541640281677246
0.47629085183143616,0.29462766647338867,0,5.554921865463257,2.6066943811750085,8.977395057678223,0.0,0,0,0.7661139369010925,2.5435593128204346,3.512894630432129,3.584930181503296,9.260076522827148,0,0.06635814905166626,0.003627882804721594,0.0683077946305275,1e-06,0.07599449157714844,0.9654462933540344,0.0014025619020685554,-0.0019174935296177864,0.002408266067504883,1358.526416602,0.42653536796569824,2.3427178859710693,0,0.7473446130752563,4.519716512163541e-08,-2.462737938913051e-05,1,0.49408501386642456,1988.5109819138836,0,0.0,1,0,1,0,4.932647705078125,0.5205336213111877,0.6308783888816833,11.498046875,1762702320.351741,0.0005986223695799708,14.22966480255127,0.29462766647338867,0,0.33571940660476685,0.0,220,1,0,0.4229074716567993,3.0004498958587646,0,0.42115509510040283,0.09583000838756561,0.03370184451341629,30.829010009765625,1.1430453197206892e-18,0,0.6350652575492859,7954.043927655534,220,1,0.060130342841148376,0,0,4.373342514038086,0.4946376085281372
0.471971333026886,0.5065219402313232,0,3.3448691368103027,2.7500919787664393,10.090848922729492,-3.0749740744795417e-06,0,0,0.7867141366004944,2.3343260288238525,2.9426207542419434,3.70208477973938,8.889535903930664,0,0.15245093405246735,0.005275498144328594,0.07055681198835373,1e-06,0.05122184753417969,0.9756340384483337,0.0009613275760784745,-0.0011304633226245642,0.0023267269134521484,1364.963190983,0.3877491056919098,7.145013809204102,0,0.9284729361534119,4.733317027216799e-08,-1.711381810309831e-05,1,0.48606252670288086,2097.9015186986726,0,0.0,1,0,1,0,4.645576477050781,0.5596341490745544,0.9340085983276367,11.498046875,1762702324.2103167,0.0004838308086618781,113.5632553100586,0.5065219402313232,0,0.3234160244464874,0.0,221,1,0,0.3824736177921295,1.000192403793335,0,0.35692527890205383,0.11172080039978027,0.03436699137091637,397.4703063964844,9.135650559205207e-16,0,0.5694944858551025,8391.60607479469,221,1,0.0724513977766037,0,0,23.7752742767334,0.4873082637786865
0.47662949562072754,0.8672497272491455,0,5.562453508377075,2.5986605714377378,8.720515251159668,0.0,0,0,0.721160352230072,3.5493760108947754,3.295776128768921,3.5097975730895996,8.942669868469238,0,0.10139214247465134,0.004353393334895372,0.09227792918682098,1e-06,0.08530426025390625,0.9401221871376038,0.0009480783483013511,-0.0014877611538395286,0.0027904510498046875,1368.469639156,0.44174137711524963,2.322803020477295,0,0.5522139072418213,5.379892797918728e-08,-6.150642002467066e-05,1,0.49612778425216675,1982.3824081138475,0,0.0,1,0,1,0,4.791319847106934,0.499500036239624,1.034372329711914,11.498046875,1762702330.647084,0.0006553421844728291,15.394848823547363,0.8672497272491455,0,0.3635656535625458,0.0,222,1,0,0.43738797307014465,2.0003416538238525,0,0.4592396020889282,0.1298893392086029,0.04542073234915733,30.643972396850586,4.0703768586633417e-16,0,0.6938678026199341,7929.52963245539,222,1,0.06584490090608597,0,0,4.157881259918213,0.49665793776512146
0.47936320304870605,0.46918630599975586,0,3.0318472385406494,2.740562086037744,9.993144035339355,0.0,0,0,0.7471288442611694,2.0194101333618164,3.6602983474731445,3.941370964050293,9.69970703125,0,0.08010472357273102,0.004220596514642239,0.07730960845947266,1e-06,0.04908943176269531,0.9602972865104675,0.0011119421105831861,-0.0014429206494241953,0.0029022693634033203,1374.181933934,0.4223410189151764,2.185154438018799,0,0.855479896068573,4.754809594942344e-07,-5.058389433543198e-05,1,0.4933196008205414,2090.631661332836,0,0.0,1,0,1,0,4.636928558349609,0.5312727093696594,0.7905499339103699,11.498046875,1762702334.1542091,0.0006252508610486984,13.702695846557617,0.46918630599975586,0,0.34843316674232483,0.0,223,1,0,0.418120414018631,1.0001623630523682,0,0.42761120200157166,0.11125268787145615,0.030904054641723633,61.65727996826172,1.6895781021958106e-15,0,0.7122382521629333,8362.526645331343,223,1,0.0648379996418953,0,0,5.117844104766846,0.4940017759799957
0.47821491956710815,0.5410730838775635,0,5.165440320968628,2.6584206429136135,9.931962966918945,-0.000229522047447972,0,0,0.7528882622718811,2.1537117958068848,3.670409679412842,3.899219036102295,9.776368141174316,0,0.10924138128757477,0.004430006258189678,0.06617315858602524,1e-06,0.052326202392578125,0.9659339785575867,0.000776595959905535,-0.0010809405939653516,0.0023729801177978516,1379.944702279,0.4155345559120178,2.600933313369751,0,0.8760501742362976,2.1577811537554226e-07,-9.341485565528274e-05,1,0.4921068251132965,2027.9702450570385,0,0.0,1,0,1,0,5.855268478393555,0.5389891862869263,0.6096982359886169,11.498046875,1762702339.8674135,0.0005351570434868336,27.59603500366211,0.5410730838775635,0,0.3473421037197113,0.0,224,1,0,0.41110455989837646,3.0004727840423584,0,0.395581990480423,0.09919767081737518,0.030514905229210854,91.81395721435547,3.93276312149208e-16,0,0.6690245866775513,8111.880980228154,224,1,0.06642050296068192,0,0,6.453298568725586,0.4928867220878601
0.4750649929046631,0.5030078887939453,0,5.2498369216918945,2.617954697339369,8.509881019592285,0.0,0,0,0.7762219905853271,2.237506151199341,2.7954955101013184,3.217931032180786,9.476463317871094,0,0.20735439658164978,0.0037790697533637285,0.055783722549676895,1e-06,0.04693412780761719,0.9726058840751648,0.0011241795727983117,-0.00401328643783927,0.002633333206176758,1384.100937709,0.38866278529167175,2.503249168395996,0,0.9501328468322754,5.672999918715504e-07,-0.00020298766321502626,1,0.48663854598999023,1997.1008889295883,0,0.0,1,0,1,0,5.01097297668457,0.5638017654418945,0.5875413417816162,11.498046875,1762702345.627285,0.0010779851581901312,14.622716903686523,0.5030078887939453,0,0.3351028561592102,0.0,225,1,0,0.38488373160362244,3.0003769397735596,0,0.38473987579345703,0.09131477028131485,0.012543082237243652,36.55400466918945,3.0620282402273585e-19,0,0.6419243216514587,7988.403555718353,225,1,0.061366789042949677,0,0,5.439866065979004,0.4875172972679138
0.4798007905483246,0.49692606925964355,0,3.653836250305176,2.7195764057112815,8.835633277893066,0.0,0,0,0.7313580513000488,2.642775535583496,3.4424848556518555,3.582228422164917,9.019598007202148,0,0.21178357303142548,0.002966558560729027,0.07458643615245819,1e-06,0.056461334228515625,0.956078827381134,0.0009666742407716811,-0.0067446609027683735,0.002422809600830078,1389.212460142,0.4336569309234619,2.310842514038086,0,0.7307512760162354,3.792513894040894e-07,-0.0002306010719621554,1,0.49523964524269104,2074.622782005258,0,0.0,1,0,1,0,4.641050338745117,0.5173664093017578,0.5436195135116577,11.498046875,1762702349.784843,0.0013861473416909575,11.361714363098145,0.49692606925964355,0,0.3597784638404846,0.0,226,1,0,0.43069037795066833,1.0002057552337646,0,0.41480374336242676,0.10253727436065674,0.027356011793017387,21.50238800048828,2.379370605978901e-16,0,0.7081187963485718,8298.491128021033,226,1,0.05439260974526405,0,0,4.182211875915527,0.4956458806991577
0.474237859249115,0.8547818660736084,0,4.249561309814453,2.7005332668026165,8.92988395690918,0.0,0,0,0.7714326977729797,2.2365639209747314,3.2495245933532715,3.455207109451294,9.12724494934082,0,0.09574373811483383,0.005655803717672825,0.07789488881826401,1e-06,0.061176300048828125,0.9694154858589172,0.0012313134502619505,-0.001005009631626308,0.0026040077209472656,1393.934322123,0.41287368535995483,2.642944574356079,0,0.784866213798523,1.2374832181194506e-07,-1.4848076716589276e-05,1,0.4913822412490845,2060.0957660560684,0,0.0,1,0,1,0,6.46026611328125,0.5304049849510193,0.8528497815132141,11.498046875,1762702354.8953974,0.00042221363401040435,23.12932586669922,0.8547818660736084,0,0.3375608026981354,0.0,227,1,0,0.4072178900241852,2.0002682209014893,0,0.4395197331905365,0.10900890827178955,0.0405023992061615,43.064430236816406,3.293121203473901e-18,0,0.7063151001930237,8240.383064224274,227,1,0.07500220835208893,0,0,5.228527069091797,0.49241676926612854
0.4785785377025604,0.4836258888244629,0,4.234786748886108,2.6724651240620925,9.596541404724121,0.0,0,0,0.7750009894371033,2.2229669094085693,3.4242746829986572,3.7662153244018555,10.132204055786133,0,0.07546932995319366,0.0028620492666959763,0.06561987847089767,1e-06,0.05286407470703125,0.9698244333267212,0.00093070202274248,-0.001392971258610487,0.002519845962524414,1399.836361627,0.4192902147769928,3.330570936203003,0,0.8462777137756348,1.8370451471128035e-07,-7.295073010027409e-05,1,0.49303683638572693,2038.6840461074112,0,0.0,1,0,1,0,6.1173200607299805,0.532151997089386,0.4892895817756653,11.498046875,1762702359.6200793,0.0005619966541416943,43.21172332763672,0.4836258888244629,0,0.3266216218471527,0.0,228,1,0,0.4164281487464905,2.000290870666504,0,0.418503999710083,0.09407448768615723,0.021891802549362183,86.41881561279297,8.006613344634756e-17,0,0.7046765089035034,8154.736184429645,228,1,0.05342915654182434,0,0,6.304539680480957,0.4935135543346405
0.47378823161125183,0.34980344772338867,0,5.543546676635742,2.656866650984268,8.697710990905762,0.0,0,0,0.7815027832984924,2.5323824882507324,2.9961094856262207,3.3024470806121826,8.877042770385742,0,0.10660716891288757,0.0029282576870173216,0.07101839035749435,1e-06,0.053676605224609375,0.9822477698326111,0.001643806928768754,-0.0030441945418715477,0.002496480941772461,1404.882677659,0.3868228495121002,2.691387891769409,0,0.9484601616859436,3.158463357522123e-07,-9.135829168371856e-05,1,0.4864039719104767,2026.7847857873883,0,0.0,1,0,1,0,5.018363952636719,0.5659821033477783,0.6055532097816467,11.498046875,1762702365.5202692,0.000904858810827136,16.07632064819336,0.34980344772338867,0,0.32985812425613403,0.0,229,1,0,0.38389459252357483,3.0004143714904785,0,0.4147781431674957,0.1096336618065834,0.023003220558166504,32.14107131958008,3.3073596701529296e-18,0,0.7236536741256714,8107.139143149553,229,1,0.05404200404882431,0,0,5.317255973815918,0.48709380626678467
0.4768204391002655,0.5028979778289795,0,4.537251949310303,2.58894858771976,10.412185668945312,0.0,0,0,0.7631605863571167,2.52561354637146,3.640524387359619,4.145923614501953,10.62345027923584,0,0.2232370525598526,0.004478029441088438,0.06441891938447952,1e-06,0.055835723876953125,0.9748470783233643,0.0021363336127251387,-0.002860467182472348,0.0024750232696533203,1409.835786232,0.4111390709877014,3.8179075717926025,0,0.8663731217384338,2.8894518777633493e-07,-9.423376468475908e-05,1,0.49127933382987976,1974.973643043866,0,0.0,1,0,1,0,5.849578857421875,0.5374307632446289,0.6825460195541382,11.498046875,1762702370.5670598,0.0009407277102582157,44.04338073730469,0.5028979778289795,0,0.34241706132888794,0.0,230,1,0,0.4066610634326935,2.0002810955047607,0,0.4834030568599701,0.08691968768835068,0.030791332945227623,112.90421295166016,5.864537827689065e-17,0,0.7931502461433411,7899.894572175464,230,1,0.06677742302417755,0,0,8.565460205078125,0.4921092689037323
0.47433605790138245,0.3584725856781006,0,4.587044715881348,2.674614268767036,9.303789138793945,0.0,0,0,0.7751569747924805,2.575718402862549,3.215100049972534,3.553267240524292,9.547050476074219,0,0.18025538325309753,0.003675505518913269,0.07710312306880951,1e-06,0.05656623840332031,0.9779512882232666,0.003459080820903182,-0.0038027458358556032,0.0023987293243408203,1415.586463859,0.39721712470054626,2.472287178039551,0,0.8873839974403381,1.1528245380532098e-07,-0.00012080525630153716,1,0.4885993003845215,2040.323516341576,0,0.0,1,0,1,0,5.618112564086914,0.5457443594932556,0.6868892312049866,11.498046875,1762702375.5192287,0.0013427498051896691,11.122797012329102,0.3584725856781006,0,0.3344637155532837,0.0,231,1,0,0.3935416340827942,2.000239372253418,0,0.44712725281715393,0.11188510805368423,0.03850916028022766,31.733074188232422,4.566993202080824e-17,0,0.751936137676239,8161.294065366304,231,1,0.06052237004041672,0,0,5.102440357208252,0.4893858730792999
0.4812363386154175,0.4947855472564697,0,5.2475972175598145,2.5955290943808733,9.069758415222168,-3.691689926199615e-05,0,0,0.749768853187561,2.236677885055542,3.7145888805389404,3.941667079925537,10.04562759399414,0,0.15062065422534943,0.0032644178718328476,0.06517057865858078,1e-06,0.05604743957519531,0.9645803570747375,0.00109443801920861,-0.001110652694478631,0.002494335174560547,1420.335404102,0.4406963884830475,2.7754526138305664,0,0.7693131566047668,2.9741505613856134e-07,-4.859092950937338e-05,1,0.49613726139068604,1979.9935678408353,0,0.0,1,0,1,0,5.776044845581055,0.5176454186439514,0.4973841905593872,11.498046875,1762702381.2688034,0.0006029974902048707,14.969867706298828,0.4947855472564697,0,0.34527093172073364,0.0,232,1,0,0.4374319911003113,3.0003557205200195,0,0.5026424527168274,0.0911671444773674,0.02619328163564205,24.323820114135742,3.979496857411468e-18,0,0.8779961466789246,7919.974271363341,232,1,0.05704950913786888,0,0,4.729397296905518,0.4965381622314453
0.47343674302101135,0.49916744232177734,0,4.244457483291626,2.693283681627943,8.831357955932617,-9.757752195582725e-06,0,0,0.805792510509491,2.233187675476074,3.3475911617279053,3.3040242195129395,8.56205940246582,0,0.1920415461063385,0.003082095645368099,0.05607260763645172,1e-06,0.050628662109375,0.9815931916236877,0.0017272132681682706,-0.003122482681646943,0.002818584442138672,1425.100686356,0.3875035047531128,2.5065810680389404,0,0.9505172967910767,1.2127301829423232e-07,-8.468086161883548e-05,1,0.48652634024620056,2054.5654362106266,0,0.0,1,0,1,0,5.715887069702148,0.5662099123001099,0.7463366389274597,11.498046875,1762702386.0192156,0.0010154972551390529,14.843420028686523,0.49916744232177734,0,0.3081342279911041,0.0,233,1,0,0.3844214081764221,2.000351905822754,0,0.4059712588787079,0.10103560239076614,0.012229238636791706,59.57538604736328,2.5449623707935647e-16,0,0.7388186454772949,8218.261744842506,233,1,0.05543877184391022,0,0,6.523428916931152,0.48724842071533203
0.4765969216823578,0.49634218215942383,0,4.261974334716797,2.76078185180521,9.431229591369629,-2.844627260856214e-06,0,0,0.7616389989852905,2.2508039474487305,4.025387763977051,3.9735748767852783,9.914525985717773,0,0.16214926540851593,0.004493787884712219,0.08935801684856415,1e-06,0.07431221008300781,0.9656466245651245,0.0007064693490974605,-0.0012892233207821846,0.002744436264038086,1430.844089645,0.43404704332351685,2.7536230087280273,0,0.6229862570762634,9.69763732427964e-07,-5.466075162985362e-05,1,0.49507781863212585,2106.0562644511374,0,0.0,1,0,1,0,6.63759708404541,0.5112626552581787,0.6040297746658325,11.498046875,1762702390.7838764,0.00044362523476593196,14.45576286315918,0.49634218215942383,0,0.3339621126651764,0.0,234,1,0,0.42955324053764343,2.0003087520599365,0,0.47561144828796387,0.11244912445545197,0.05337005853652954,26.268213272094727,2.1002298817717098e-14,0,0.7866953015327454,8424.22505780455,234,1,0.06689377129077911,0,0,4.969614505767822,0.4956966042518616
0.47463899850845337,0.49515342712402344,0,5.241306304931641,2.6239083823647396,9.833601951599121,2.7037851396016777e-05,0,0,0.7652114629745483,2.2294790744781494,3.1970717906951904,3.3971447944641113,9.966104507446289,0,0.15531308948993683,0.0038314175326377153,0.06351129710674286,1e-06,0.048999786376953125,0.9721553921699524,0.0010699027916416526,-0.0016621361719444394,0.002346038818359375,1435.888230677,0.3798997700214386,2.159703254699707,0,0.9791026711463928,6.90527102165106e-08,-7.706979522481561e-05,1,0.48446890711784363,2001.642644242871,0,0.0,1,0,1,0,6.426026344299316,0.5749143362045288,0.5584320425987244,11.498046875,1762702396.5274518,0.000777327106334269,10.060018539428711,0.49515342712402344,0,0.3442430794239044,0.0,235,1,0,0.3760683536529541,3.000347137451172,0,0.3912907838821411,0.10505888611078262,0.018813882023096085,21.441631317138672,1.2145718340833026e-18,0,0.7240386009216309,8006.570576971484,235,1,0.061788856983184814,0,0,3.791787624359131,0.4854331910610199
0.47708946466445923,0.5337965488433838,0,4.503565549850464,2.6270504907386503,9.712687492370605,0.0,0,0,0.7792518138885498,2.4911770820617676,3.856729507446289,3.993058204650879,10.489298820495605,0,0.1395537108182907,0.004887320101261139,0.0548044815659523,1e-06,0.05647468566894531,0.9768061637878418,0.002151315100491047,-0.001713670208118856,0.002681732177734375,1440.463867953,0.4317132830619812,2.733469247817993,0,0.7616304159164429,1.9736896561539652e-08,-4.8814974434208125e-05,1,0.49468374252319336,2004.0395945923278,0,0.0,1,0,1,0,5.955382347106934,0.5218876600265503,0.6602530479431152,11.498046875,1762702401.5716286,0.0007435621228069067,12.760364532470703,0.5337965488433838,0,0.3299286365509033,0.0,236,1,0,0.42682594060897827,2.000290870666504,0,0.4293484389781952,0.08162436634302139,0.021644199267029762,25.40913200378418,4.433301957959228e-20,0,0.765491247177124,8016.158378369311,236,1,0.06974779069423676,0,0,4.9848833084106445,0.4953822195529938
0.4772285521030426,0.6200244426727295,0,3.936196804046631,2.600460434889494,9.88988208770752,0.0,0,0,0.796071469783783,1.9242241382598877,3.712646484375,3.8383185863494873,10.373211860656738,0,0.15779943764209747,0.0023141452111303806,0.04812390357255936,1e-06,0.05348014831542969,0.9805938005447388,0.000747531361412257,-0.0011593493400141597,0.002321958541870117,1446.877714399,0.3974544405937195,2.7655465602874756,0,0.966867983341217,6.496061359939631e-07,-4.481056748772971e-05,1,0.48895153403282166,1983.7554299247704,0,0.0,1,0,1,0,6.228453636169434,0.5634735822677612,0.5821059346199036,11.498046875,1762702406.134773,0.0005087401368655264,23.365610122680664,0.6200244426727295,0,0.3206017017364502,0.0,237,1,0,0.39514029026031494,2.000307083129883,0,0.3965728282928467,0.08580468595027924,0.013425183482468128,30.66277313232422,1.4925384392693183e-15,0,0.7529070973396301,7935.021719699082,237,1,0.048056818544864655,0,0,4.65508508682251,0.48944219946861267
0.47645753622055054,0.8653900623321533,0,5.554597854614258,2.5887227324180606,11.073471069335938,0.0,0,0,0.76982581615448,2.5417380332946777,3.685537576675415,4.110837459564209,11.376060485839844,0,0.11384724825620651,0.0027534416876733303,0.05944326892495155,1e-06,0.06280899047851562,0.9740959405899048,0.003287520492449403,-0.0018312705215066671,0.002713441848754883,1450.428011944,0.41001248359680176,2.358433723449707,0,0.8804010152816772,5.6170843976133256e-08,-3.6800673115067184e-05,1,0.4913853406906128,1974.8013498318205,0,0.0,1,0,1,0,7.742633819580078,0.5404999852180481,0.6898839473724365,11.498046875,1762702412.5614586,0.0010398725280538201,11.05221939086914,0.8653900623321533,0,0.3347621262073517,0.0,238,1,0,0.4072590470314026,3.0003161430358887,0,0.431840181350708,0.09774171561002731,0.01614878885447979,30.015661239624023,1.2935828936952551e-15,0,0.802700936794281,7899.205399327282,238,1,0.05240751430392265,0,0,4.681206703186035,0.4918971657752991
0.479245126247406,0.5200514793395996,0,3.0231099128723145,2.6295890299430136,9.413558959960938,1.7134796507889405e-05,0,0,0.7514216899871826,2.0124101638793945,3.320744752883911,3.6248066425323486,10.295692443847656,0,0.11693048477172852,0.002713295165449381,0.057577911764383316,1e-06,0.04856681823730469,0.9738175868988037,0.002706054365262389,-0.002857699990272522,0.0021893978118896484,1455.566497535,0.39071449637413025,2.646162986755371,0,0.9727572798728943,2.1632845914609788e-07,-5.950976628810167e-06,1,0.48736831545829773,2005.9761135499589,0,0.0,1,0,1,0,7.321416854858398,0.5643162727355957,0.6103005409240723,11.498046875,1762702416.1114666,0.0010781724704429507,12.97582721710205,0.5200514793395996,0,0.3524133861064911,0.0,239,1,0,0.3880012035369873,1.0002222061157227,0,0.3897995352745056,0.0845227986574173,0.01688787341117859,22.619483947753906,3.3673884815345356e-16,0,0.7322677373886108,8023.9044541998355,239,1,0.052026424556970596,0,0,5.1143598556518555,0.4879840612411499
0.4817189872264862,0.8912780284881592,0,4.241992473602295,2.615409773089323,9.972888946533203,8.391279698116705e-05,0,0,0.7537330389022827,2.229924440383911,3.463233470916748,4.163618564605713,10.253268241882324,0,0.1809394359588623,0.004715745337307453,0.06563011556863785,1e-06,0.05524635314941406,0.9669828414916992,0.0037961099296808243,-0.004308332689106464,0.0025653839111328125,1462.588459251,0.4403981864452362,3.133608102798462,0,0.7577733397483826,2.268996368570697e-08,-6.845608731964603e-05,1,0.4959109425544739,1995.1594991541308,0,0.0,1,0,1,0,6.393342018127441,0.5191622972488403,0.8088063597679138,11.498046875,1762702421.250923,0.0012060042936354876,32.04505920410156,0.8912780284881592,0,0.3437921404838562,0.0,240,1,0,0.4356824457645416,2.000260353088379,0,0.40920203924179077,0.11264503002166748,0.013750731945037842,44.36948776245117,1.230949704155026e-16,0,0.70995032787323,7980.637996616523,240,1,0.06851814687252045,0,0,5.095988750457764,0.4964999556541443
0.47996363043785095,0.4841654300689697,0,6.52955436706543,2.5413604921982635,11.316099166870117,0.0,0,0,0.7473125457763672,2.517122507095337,3.477292537689209,4.339818954467773,11.304798126220703,0,0.18978992104530334,0.003937007859349251,0.06473946571350098,1e-06,0.04946327209472656,0.9658390879631042,0.001526829320937395,-0.0025191151071339846,0.0025293827056884766,1467.552383911,0.4010123908519745,7.392282009124756,0,0.969493567943573,4.1214310186887815e-08,-6.707137072226033e-05,1,0.48936066031455994,1938.671170749355,0,0.0,1,0,1,0,4.598846435546875,0.5558972358703613,0.7630772590637207,11.498046875,1762702428.271331,0.0008434477495029569,118.83918762207031,0.4841654300689697,0,0.3532836437225342,0.0,241,1,0,0.3970753848552704,4.000406265258789,0,0.35790085792541504,0.10458005219697952,0.0182877779006958,261.44586181640625,1.1038835124105501e-16,0,0.6493070721626282,7754.68468299742,241,1,0.06263075023889542,0,0,15.835911750793457,0.49017244577407837
0.4772912859916687,0.41752004623413086,0,4.5407795906066895,2.510780976455659,10.563212394714355,1.1868223737110384e-05,0,0,0.766336977481842,2.5298876762390137,4.04970121383667,4.232913494110107,11.488141059875488,0,0.163167342543602,0.002564760157838464,0.06500651687383652,1e-06,0.06296920776367188,0.9711109399795532,0.001164971967227757,-0.002314652083441615,0.0024237632751464844,1471.794432944,0.42267248034477234,2.3535306453704834,0,0.8088368773460388,7.096218723745551e-08,-9.770654287422076e-05,1,0.4936392605304718,1915.3436555197532,0,0.0,1,0,1,0,5.322345733642578,0.5308282375335693,0.8200820088386536,11.498046875,1762702433.2363133,0.0007542751263827085,10.272196769714355,0.41752004623413086,0,0.33426719903945923,0.0,242,1,0,0.42010772228240967,2.0002498626708984,0,0.3984203636646271,0.10803641378879547,0.020078351721167564,20.032978057861328,8.346356936289476e-17,0,0.6665067076683044,7661.374622079013,242,1,0.05058496072888374,0,0,4.2417683601379395,0.494047611951828
0.47481128573417664,0.21227264404296875,0,4.021914005279541,2.4798293624160115,11.71543025970459,-9.120512549998239e-05,0,0,0.782187819480896,2.0108649730682373,3.828569173812866,4.112477779388428,11.970157623291016,0,0.1003151386976242,0.003896882524713874,0.05490891635417938,1e-06,0.06013298034667969,0.9809198975563049,0.0015862485161051154,-0.0012493669055402279,0.0023190975189208984,1478.469611237,0.37470024824142456,2.442300319671631,0,0.9780395030975342,2.184324330301024e-07,-2.542326365073677e-05,1,0.483092337846756,1891.7322859360065,0,0.0,1,0,1,0,6.435220718383789,0.5782508254051208,0.639901876449585,11.498046875,1762702437.4774165,0.0006194022134877741,18.996265411376953,0.21227264404296875,0,0.33330732583999634,0.0,243,1,0,0.3708033561706543,2.00024151802063,0,0.3685477375984192,0.09392860531806946,0.010082297027111053,51.61470031738281,9.587607434585841e-15,0,0.6579400897026062,7566.929143744026,243,1,0.06231260299682617,0,0,5.286194801330566,0.4841179847717285
0.47198450565338135,0.4913489818572998,0,6.178142786026001,2.4367300597703183,10.71606159210205,-0.00025940118939615786,0,0,0.8028120398521423,2.1670477390289307,3.3650097846984863,3.5778725147247314,10.607877731323242,0,0.3559033274650574,0.00439146813005209,0.06462268531322479,1e-06,0.0649566650390625,0.9860687255859375,0.0025949175469577312,-0.0018178096506744623,0.0023086071014404297,1483.237871013,0.36260977387428284,2.506021022796631,0,0.9779027104377747,7.596928242037393e-08,-0.00011968882608925924,1,0.47955194115638733,1858.8540792529666,0,0.0,1,0,1,0,5.4703521728515625,0.5875595808029175,0.6759368181228638,11.498046875,1762702444.1535895,0.0008999910205602646,15.819802284240723,0.4913489818572998,0,0.3181430697441101,0.0,244,1,0,0.35821831226348877,4.00045371055603,0,0.3396584689617157,0.09918446838855743,0.017543451860547066,50.5700798034668,5.303913851425535e-16,0,0.5982757210731506,7435.416317011866,244,1,0.06613285839557648,0,0,5.337240219116211,0.4808289110660553
0.4732496738433838,0.4987971782684326,0,4.26338529586792,2.445883735857395,11.471369743347168,0.0,0,0,0.811087429523468,2.2522525787353516,3.944237470626831,4.037797451019287,11.435894966125488,0,0.13717252016067505,0.0028985505923628807,0.06338177621364594,1e-06,0.05621337890625,0.9877135753631592,0.0011645379709079862,-0.0015907769557088614,0.002565145492553711,1487.975469711,0.3750724494457245,2.402820110321045,0,0.9714866876602173,6.8011204348294996e-06,-4.5471053454093635e-05,1,0.48345449566841125,1865.8369405947049,0,0.0,1,0,1,0,5.359233856201172,0.579220712184906,0.6481148600578308,11.498046875,1762702448.9220634,0.0006182537181302905,12.18295669555664,0.4987971782684326,0,0.3107672333717346,0.0,245,1,0,0.37217390537261963,2.000325918197632,0,0.3379882574081421,0.10359032452106476,0.011988095007836819,33.470115661621094,7.842445653962664e-16,0,0.628929853439331,7463.347762378819,245,1,0.05376789718866348,0,0,5.416345119476318,0.484211802482605
0.4721754491329193,0.4950857162475586,0,4.234333276748657,2.486743546916584,9.52580451965332,0.0,0,0,0.7566171884536743,2.222799777984619,3.37945556640625,3.5890181064605713,10.361360549926758,0,0.19239050149917603,0.0043668122962117195,0.06510505080223083,1e-06,0.10062217712402344,0.9676726460456848,0.0022881964687258005,-0.0016364057082682848,0.00258636474609375,1493.442802342,0.38673582673072815,2.641679048538208,0,0.9326069951057434,4.537646702829079e-07,-3.706170173245482e-05,1,0.48603230714797974,1897.0067561269348,0,0.0,1,0,1,0,5.360660552978516,0.5574236512184143,0.6191958785057068,11.498046875,1762702453.6591492,0.0007462447974830866,12.376424789428711,0.4950857162475586,0,0.34820568561553955,0.0,246,1,0,0.3823690116405487,2.0003161430358887,0,0.3835105895996094,0.09627768397331238,0.015250523574650288,27.34518051147461,1.29357791737669e-15,0,0.6195236444473267,7588.027024507739,246,1,0.06594641506671906,0,0,5.476179599761963,0.4870687425136566
0.47466593980789185,0.8740234375,0,4.588266134262085,2.5380645629749874,10.909042358398438,-3.4081149351550266e-05,0,0,0.7700638771057129,2.5768351554870605,3.977268934249878,4.1050238609313965,11.33303451538086,0,0.19621723890304565,0.0028727378230541945,0.059316642582416534,1e-06,0.07007598876953125,0.9852345585823059,0.0011035546194761992,-0.0020642681047320366,0.0025603771209716797,1498.286953695,0.3967250883579254,2.8050124645233154,0,0.9273548722267151,4.814112344320165e-07,-5.435042839962989e-05,1,0.4886729419231415,1936.1568785087966,0,0.0,1,0,1,0,5.708133697509766,0.5529723763465881,0.6115524768829346,11.498046875,1762702459.1285665,0.0006906130001880229,29.802406311035156,0.8740234375,0,0.34113189578056335,0.0,247,1,0,0.3938523530960083,2.0003409385681152,0,0.413617342710495,0.09580335021018982,0.01782468892633915,65.56517791748047,4.971200788975626e-21,0,0.7418665289878845,7744.627514035186,247,1,0.053528573364019394,0,0,6.1268510818481445,0.4892883002758026
0.47579458355903625,0.3453998565673828,0,4.490350723266602,2.505266233992861,12.176473617553711,0.0,0,0,0.7617471814155579,2.479078769683838,4.523242950439453,4.647066593170166,11.934507369995117,0,0.15690432488918304,0.0021680216304957867,0.0697207897901535,1e-06,0.11234664916992188,0.9740250706672668,0.002039631363004446,-0.0008315906743519008,0.0024900436401367188,1502.975806451,0.420596182346344,4.7722063064575195,0,0.8165268898010254,2.1298698982263886e-07,5.023688208893873e-05,1,0.493367999792099,1911.136746559157,0,0.0,1,0,1,0,5.879328727722168,0.5246875882148743,0.638856053352356,11.498046875,1762702463.970934,0.0005708845565095544,69.39032745361328,0.3453998565673828,0,0.3439699113368988,0.0,248,1,0,0.4184281826019287,2.0002691745758057,0,0.4433547854423523,0.11575407534837723,0.011317884549498558,208.16709899902344,6.514788684479094e-19,0,0.7834004759788513,7644.546986236628,248,1,0.04651781916618347,0,0,13.450812339782715,0.49372169375419617
0.4709019064903259,0.43128490447998047,0,4.250707149505615,2.532373831941099,11.03591251373291,-0.00013922987272962928,0,0,0.7639806866645813,2.23953914642334,4.131264686584473,4.31787633895874,11.653023719787598,0,0.3611409366130829,0.002782415132969618,0.06501234322786331,1e-06,0.15738296508789062,0.965929388999939,0.0009279281948693097,-0.0016972741577774286,0.002458333969116211,1509.119362712,0.44240403175354004,2.838956594467163,0,0.6066590547561646,5.555986248850786e-08,-6.893293175380677e-05,1,0.4964101016521454,1931.815717060133,0,0.0,1,0,1,0,5.29444694519043,0.5002946257591248,0.5351953506469727,11.498046875,1762702468.6596782,0.0005580727593041956,21.345420837402344,0.43128490447998047,0,0.3351060748100281,0.0,249,1,0,0.43962159752845764,2.0002970695495605,0,0.4385686218738556,0.09911581128835678,0.020539045333862305,48.56979751586914,8.22113290885638e-16,0,0.6869327425956726,7727.262868240532,249,1,0.05268249288201332,0,0,5.320402145385742,0.4967407286167145
0.4690678119659424,0.5987749099731445,0,5.5382678508758545,2.585411752742958,10.686497688293457,0.0,0,0,0.7771613001823425,2.5261807441711426,3.8596508502960205,3.9886648654937744,11.594972610473633,0,0.16845421493053436,0.003617726732045412,0.05060751736164093,1e-06,0.12169647216796875,0.9826335310935974,0.0012768169399350882,-0.002207654295489192,0.0027627944946289062,1513.919748504,0.40277358889579773,2.4831125736236572,0,0.8481553792953491,6.271535113455684e-08,-0.00010848042438738048,1,0.4897986948490143,1972.275576387729,0,0.0,1,0,1,0,5.128801345825195,0.5381003618240356,0.5853964686393738,11.498046875,1762702474.8033478,0.0006944374181330204,12.726475715637207,0.5987749099731445,0,0.33544957637786865,0.0,250,1,0,0.399155855178833,3.000434160232544,0,0.42370468378067017,0.08367718756198883,0.012002944946289062,20.289583206176758,5.806102728650053e-18,0,0.6745338439941406,7889.102305550916,250,1,0.0600476935505867,0,0,4.87236213684082,0.490529865026474
0.4712970554828644,0.5141851902008057,0,4.280365943908691,2.6131494468997,11.436088562011719,0.0,0,0,0.7748880386352539,2.2680232524871826,4.39086389541626,4.550254821777344,11.234416007995605,0,0.1772449016571045,0.004935563541948795,0.06475058943033218,1e-06,0.12271308898925781,0.976710855960846,0.001232335576787591,-0.004299532156437635,0.002708911895751953,1518.93058219,0.42144230008125305,3.3407583236694336,0,0.7675274610519409,1.2521282997113303e-06,-0.00010646276496117935,1,0.49304717779159546,1993.4352143729027,0,0.0,1,0,1,0,5.205905914306641,0.5175818800926208,0.6656147837638855,11.498046875,1762702479.6044893,0.0009839365957304835,26.397544860839844,0.5141851902008057,0,0.3304229974746704,0.0,251,1,0,0.41650673747062683,2.000295639038086,0,0.4297773838043213,0.09069821238517761,0.02293281815946102,63.23442840576172,4.383077864685784e-18,0,0.6947234272956848,7973.740857491611,251,1,0.07008958607912064,0,0,6.531084060668945,0.49385783076286316
0.46860021352767944,0.5054998397827148,0,4.4981794357299805,2.618950144470058,11.430750846862793,-2.1663061488652602e-05,0,0,0.7795510292053223,2.485761880874634,3.7276742458343506,4.249183177947998,11.695743560791016,0,0.14992952346801758,0.0026816187892109156,0.07178481668233871,1e-06,0.1602344512939453,0.9790477156639099,0.0006798453978262842,-0.0019535396713763475,0.002523183822631836,1524.699253502,0.41540712118148804,2.5824012756347656,0,0.7385951280593872,2.6734940661299333e-07,-0.00013518209743779153,1,0.49238425493240356,1997.8602635481031,0,0.0,1,0,1,0,5.560565948486328,0.5166633129119873,0.5735300779342651,11.498046875,1762702484.6143324,0.0005985378520563245,12.8305082321167,0.5054998397827148,0,0.3257679045200348,0.0,252,1,0,0.4127255082130432,2.0002951622009277,0,0.4926510751247406,0.09143433719873428,0.04020585119724274,33.73735046386719,7.329781411091612e-18,0,0.7507293820381165,7991.441054192413,252,1,0.05172117426991463,0,0,5.105320930480957,0.49285218119621277
0.47106343507766724,0.49937963485717773,0,5.262453556060791,2.716961388509105,11.09101390838623,0.0,0,0,0.7621662616729736,2.251060962677002,4.258021831512451,4.334430694580078,11.273981094360352,0,0.12113568186759949,0.003395585808902979,0.07071668654680252,1e-06,0.113494873046875,0.969402015209198,0.001024232362397015,-0.0018934867111966014,0.0024285316467285156,1529.756146901,0.41822299361228943,2.8806865215301514,0,0.7428292036056519,5.2460741528648214e-08,-8.72646996867843e-05,1,0.4927619397640228,2072.627921977947,0,0.0,1,0,1,0,6.782978057861328,0.5193171501159668,0.8221510648727417,11.498046875,1762702490.3828323,0.0006738660158589482,12.898883819580078,0.49937963485717773,0,0.33800411224365234,0.0,253,1,0,0.4148274064064026,3.000379800796509,0,0.4570850729942322,0.11957095563411713,0.013891594484448433,24.975265502929688,1.6544987620808658e-15,0,0.7581901550292969,8290.511687911789,253,1,0.05818086490035057,0,0,5.265012264251709,0.4933370053768158
0.4593052268028259,0.498948335647583,0,4.551497936248779,2.7054482308051178,9.898418426513672,0.0,0,0,0.794935941696167,2.5400290489196777,3.445310115814209,3.6223068237304688,10.391737937927246,0,0.3934777081012726,0.002828490687534213,0.07151708006858826,1e-06,0.08458328247070312,0.993333637714386,0.0012552188709378242,-0.009558825753629208,0.0025148391723632812,1533.600062485,0.34867575764656067,2.5402143001556396,0,0.8854047060012817,2.2857413739529875e-08,-0.0007193473866209388,1,0.4757048487663269,2063.845135358917,0,0.0,1,0,1,0,5.86265754699707,0.5812431573867798,0.7477369904518127,11.498046875,1762702495.43988,0.002255178987979889,11.047041893005371,0.498948335647583,0,0.3317263722419739,0.0,254,1,0,0.3458472788333893,2.000382900238037,0,0.4279194474220276,0.10653478652238846,0.03183528408408165,21.464702606201172,4.224376448199238e-16,0,0.7052139639854431,8255.380541435668,254,1,0.053115114569664,0,0,4.687168598175049,0.476612389087677
0.46760454773902893,0.5058000087738037,0,3.331921339035034,2.7579875457418144,9.852265357971191,-0.00014992873184382915,0,0,0.7751765847206116,2.320805311203003,3.3335013389587402,3.7602219581604004,10.722458839416504,0,0.2530282735824585,0.0038188761100172997,0.05904082581400871,1e-06,0.12494277954101562,0.9849415421485901,0.0022682480048388243,-0.0014160177670419216,0.0025141239166259766,1538.13315328,0.40889254212379456,2.629318952560425,0,0.7404097318649292,1.963652707104302e-08,3.941752584069036e-05,1,0.49097323417663574,2103.9246343168115,0,0.0,1,0,1,0,5.464753150939941,0.5243896245956421,0.5804067254066467,11.498046875,1762702499.2838962,0.0008296456653624773,14.973821640014648,0.5058000087738037,0,0.3336695432662964,0.0,255,1,0,0.4050736427307129,1.0001697540283203,0,0.4555220603942871,0.08882686495780945,0.018827712163329124,22.006568908691406,4.587196923106309e-16,0,0.7093825340270996,8415.698537267246,255,1,0.06168735399842262,0,0,4.876089096069336,0.49169641733169556
0.4652213752269745,0.8745243549346924,0,3.651803970336914,2.8157538243890787,10.974255561828613,0.0,0,0,0.7540469765663147,2.6408188343048096,3.865656852722168,4.490074634552002,10.819252967834473,0,0.28591248393058777,0.0041862898506224155,0.08880610018968582,1e-06,0.15543174743652344,0.9539496898651123,0.0014095392543822527,-0.002012043260037899,0.002451181411743164,1544.281146371,0.44086864590644836,5.127866268157959,0,0.4418056309223175,3.085154887116914e-08,-7.797760190442204e-05,1,0.49603956937789917,2147.991510857438,0,0.0,1,0,1,0,6.188572883605957,0.48044782876968384,0.7311620712280273,11.498046875,1762702503.8173606,0.000899921462405473,73.18669891357422,0.8745243549346924,0,0.3379388153553009,0.0,256,1,0,0.4366823732852936,1.0001792907714844,0,0.5155097246170044,0.12921899557113647,0.04284164682030678,219.3300323486328,2.7544146596699135e-18,0,0.8084765672683716,8591.966043429751,256,1,0.06457442045211792,0,0,13.58781623840332,0.4965561330318451
0.4638872444629669,0.8828864097595215,0,5.256950855255127,2.731148672948188,10.141630172729492,0.0,0,0,0.7271209359169006,2.245445728302002,4.18842887878418,4.341219425201416,10.603471755981445,0,0.23252169787883759,0.004110997077077627,0.09769964218139648,1e-06,0.16837120056152344,0.9543721079826355,0.0024389345198869705,-0.0041951448656618595,0.0026035308837890625,1549.514905459,0.4552929401397705,2.6698546409606934,0,0.25062763690948486,3.251701912176941e-07,-7.614400237798691e-05,1,0.4976750314235687,2083.4506601993476,0,0.0,1,0,1,0,6.628701210021973,0.46134814620018005,0.7344533801078796,11.498046875,1762702509.963336,0.001168759074062109,11.292046546936035,0.8828864097595215,0,0.358137309551239,0.0,257,1,0,0.45118191838264465,3.0003480911254883,0,0.5510473847389221,0.1034686341881752,0.07829475402832031,35.36991500854492,9.543112416672213e-18,0,0.8541756272315979,8333.80264079739,257,1,0.06399334967136383,0,0,4.904275894165039,0.49806126952171326
0.46541425585746765,0.49048733711242676,0,4.59109354019165,2.6991276763168686,11.39019775390625,0.0,0,0,0.746026337146759,2.5792436599731445,4.149774551391602,4.74340295791626,11.75745964050293,0,0.1378495693206787,0.0045007034204900265,0.0788654163479805,1e-06,0.14377212524414062,0.9558618068695068,0.000952067319303751,-0.0024252189323306084,0.0026323795318603516,1554.027663807,0.4402250647544861,3.7602176666259766,0,0.4655706286430359,2.6800600494425453e-07,-0.00012362402048893273,1,0.49592116475105286,2059.023514495944,0,0.0,1,0,1,0,6.371829032897949,0.4855010211467743,0.7947940230369568,11.498046875,1762702515.200832,0.0006751257460564375,40.449256896972656,0.49048733711242676,0,0.3483606278896332,0.0,258,1,0,0.4357243478298187,2.0003435611724854,0,0.4843817949295044,0.11415702849626541,0.03380344808101654,74.1564712524414,6.617609302570966e-19,0,0.7559570670127869,8236.094057983775,258,1,0.06694556027650833,0,0,6.657402038574219,0.4964839220046997
0.4656997323036194,0.8567509651184082,0,3.6409921646118164,2.790716417399244,10.48284912109375,-0.00011287334928056225,0,0,0.7759193181991577,2.332156181335449,3.7852625846862793,4.12549352645874,10.609439849853516,0,0.1467280089855194,0.005175701342523098,0.07360752671957016,1e-06,0.14179420471191406,0.978888213634491,0.0013196466024965048,-0.0027468842454254627,0.0031807422637939453,1559.161328166,0.41950422525405884,2.6857099533081055,0,0.6643150448799133,4.6343728854481014e-07,-0.00012226967373862863,1,0.4926728308200836,2128.8917809015647,0,0.0,1,0,1,0,6.238344192504883,0.5123077034950256,0.6721053719520569,11.498046875,1762702519.7056746,0.0007249031914398074,11.851320266723633,0.8567509651184082,0,0.328115850687027,0.0,259,1,0,0.41432851552963257,1.000199556350708,0,0.5001587271690369,0.10094506293535233,0.031181829050183296,29.214691162109375,5.351448281634263e-17,0,0.7793925404548645,8515.567123606259,259,1,0.07176569849252701,0,0,5.370355606079102,0.4935451149940491
0.46485579013824463,0.8799757957458496,0,4.253342866897583,2.7706411438538767,10.896174430847168,0.0,0,0,0.754911482334137,2.24198055267334,4.014076232910156,4.465407848358154,10.614234924316406,0,0.14950329065322876,0.004686729051172733,0.09491831809282303,1e-06,0.1717510223388672,0.969018816947937,0.0012825726298615336,-0.0012494712136685848,0.002494335174560547,1564.06019694,0.44893932342529297,3.323301315307617,0,0.401795893907547,1.598250491952058e-07,-0.0001136588616645895,1,0.49694380164146423,2113.577403351906,0,0.0,1,0,1,0,6.46734619140625,0.4739987850189209,0.6742786765098572,11.498046875,1762702524.845309,0.0007476573227904737,28.15399742126465,0.8799757957458496,0,0.34262481331825256,0.0,260,1,0,0.4442525804042816,2.0003445148468018,0,0.5025954246520996,0.10998482257127762,0.06922221183776855,130.32296752929688,6.25726743301038e-16,0,0.7324658036231995,8454.309613407624,260,1,0.06830749660730362,0,0,8.861166000366211,0.49744734168052673
0.4671366512775421,0.3531453609466553,0,4.536880731582642,2.777780420353678,12.381281852722168,-0.00015181883645709604,0,0,0.7947164177894592,2.5253655910491943,4.505919456481934,5.046297073364258,11.858717918395996,0,0.10592205822467804,0.0051270099356770515,0.0978235974907875,1e-06,0.09670639038085938,0.9851008653640747,0.0006604040390811861,-0.0009703643154352903,0.0028319358825683594,1569.737302554,0.4092286229133606,7.537766933441162,0,0.6857569813728333,4.272239664260269e-07,-8.936920494306833e-05,1,0.490774542093277,2119.0235844712956,0,0.0,1,0,1,0,6.579250335693359,0.5186589360237122,0.6103740930557251,11.498046875,1762702529.7421825,0.00042133318493142724,120.71556091308594,0.3531453609466553,0,0.3169703185558319,0.0,261,1,0,0.4041016101837158,2.0002574920654297,0,0.4586164951324463,0.11887865513563156,0.04445742070674896,120.71556091308594,9.778998477978194e-19,0,0.7670432329177856,8476.094337885183,261,1,0.07142767310142517,0,0,7.977397918701172,0.4917488694190979
0.4685872793197632,0.4427053928375244,0,5.228167295455933,2.766670267434433,11.309653282165527,0.0,0,0,0.741665244102478,2.215912342071533,4.743229866027832,4.8569254875183105,11.600811004638672,0,0.14875434339046478,0.004379562102258205,0.09355966001749039,1e-06,0.11298561096191406,0.9573504328727722,0.00102965475525707,-0.0018309003207832575,0.002639293670654297,1574.33372903,0.4532846510410309,2.7975687980651855,0,0.38702720403671265,1.1307997027643069e-07,-8.52328012115322e-05,1,0.49744299054145813,2110.548229151466,0,0.0,1,0,1,0,6.674337387084961,0.47594156861305237,0.4998718500137329,11.498046875,1762702535.4199119,0.0007964211399666965,15.053789138793945,0.4427053928375244,0,0.34180209040641785,0.0,262,1,0,0.4489051103591919,3.000375270843506,0,0.4529065191745758,0.10242410749197006,0.050179265439510345,45.07175827026367,1.5473862216346058e-19,0,0.7228184938430786,8442.192916605864,262,1,0.06604122370481491,0,0,5.115752220153809,0.497873455286026
0.46473103761672974,0.3507959842681885,0,4.239835739135742,2.7852859073827747,10.634086608886719,-5.3206826123641804e-05,0,0,0.7760152816772461,2.2280359268188477,3.82779598236084,4.0717549324035645,10.663172721862793,0,0.14808088541030884,0.005652494728565216,0.09525555372238159,1e-06,0.10955810546875,0.9827744364738464,0.0011154210660606623,-0.001261795754544437,0.0025320053100585938,1580.193879995,0.4136151373386383,2.5831260681152344,0,0.5891535878181458,2.806290524404176e-07,-6.347840826492757e-05,1,0.4915165305137634,2124.749128474365,0,0.0,1,0,1,0,5.659391403198242,0.5058277249336243,0.9810601472854614,11.498046875,1762702540.0174875,0.0005812019808217883,19.42247772216797,0.3507959842681885,0,0.3332810401916504,0.0,263,1,0,0.4079626500606537,2.0003061294555664,0,0.45827949047088623,0.12200038135051727,0.04644133150577545,77.67928314208984,3.452685157891296e-20,0,0.7157009243965149,8498.99651389746,263,1,0.0749794989824295,0,0,5.90688419342041,0.492541640996933
0.4661729633808136,0.39237427711486816,0,5.458598613739014,2.6529073731496964,10.147250175476074,0.0,0,0,0.789658784866333,2.446699857711792,3.585268259048462,4.108119487762451,10.206390380859375,0,0.1783851683139801,0.003063569311052561,0.09949345886707306,1e-06,0.09127044677734375,0.9823523163795471,0.0010774604743346572,-0.004210618790239096,0.002454996109008789,1584.981439365,0.4115394651889801,2.820617437362671,0,0.6879507899284363,1.236520120073692e-06,-0.00026989865000359714,1,0.4916147291660309,2023.7644595414915,0,0.0,1,0,1,0,6.616272926330566,0.5194244384765625,0.7461271286010742,11.498046875,1762702545.875252,0.0011349013075232506,11.622173309326172,0.39237427711486816,0,0.31979894638061523,0.0,264,1,0,0.4084759056568146,3.0003747940063477,0,0.4048115909099579,0.12499881535768509,0.06229819357395172,21.002647399902344,2.1427777932857485e-17,0,0.6747903227806091,8095.057838165966,264,1,0.05527172237634659,0,0,4.998570442199707,0.4921753406524658
0.46445173025131226,0.3076059818267822,0,4.472095966339111,2.6383936452808237,11.119406700134277,-0.00010449606634210795,0,0,0.787550687789917,2.452977418899536,3.6802003383636475,4.009072303771973,11.109341621398926,0,0.3277116119861603,0.004048583097755909,0.09367156028747559,1e-06,0.07213973999023438,0.9758116602897644,0.001129671698436141,-0.0013979878276586533,0.00243377685546875,1590.573507601,0.37904858589172363,2.431826114654541,0,0.8202918767929077,9.540140410990716e-08,-7.872092828620225e-05,1,0.4841841757297516,2012.692694679378,0,0.0,1,0,1,0,5.818357467651367,0.5467320680618286,0.7298089861869812,11.498046875,1762702550.6648812,0.0005928542814217508,11.52258586883545,0.3076059818267822,0,0.31565627455711365,0.0,265,1,0,0.375,2.000260353088379,0,0.3507510721683502,0.11651086062192917,0.06930572539567947,28.946828842163086,1.0881134794683492e-16,0,0.5637202262878418,8050.770778717512,265,1,0.0635075718164444,0,0,4.777474880218506,0.4852116107940674
0.4718288779258728,0.33200907707214355,0,5.2513182163238525,2.6811837886961425,10.807726860046387,-0.00011730282858479768,0,0,0.7538217902183533,2.2392055988311768,3.498816967010498,4.034810543060303,10.882749557495117,0,0.11600101739168167,0.003982080612331629,0.07993707805871964,1e-06,0.08709144592285156,0.9593592286109924,0.0009195763850584626,-0.003273461479693651,0.0024733543395996094,1595.57956294,0.4044300615787506,2.7727720737457275,0,0.819947361946106,2.8480441116585098e-08,-0.00016914492880459875,1,0.49005016684532166,2045.3350599345931,0,0.0,1,0,1,0,6.848736763000488,0.533603847026825,0.5201177597045898,11.498046875,1762702556.2550275,0.0008547527249902487,16.922504425048828,0.33200907707214355,0,0.33649879693984985,0.0,266,1,0,0.4004479944705963,3.000384569168091,0,0.38468801975250244,0.10072337836027145,0.04862389340996742,34.75703430175781,9.582646350826449e-20,0,0.6795896291732788,8181.3402397383725,266,1,0.06298580020666122,0,0,5.221247673034668,0.4908424913883209
0.474348783493042,0.47585606575012207,0,4.524960994720459,2.67456770579105,9.754150390625,0.0,0,0,0.7793573141098022,2.4932570457458496,3.409085273742676,3.818294048309326,9.74144172668457,0,0.24125981330871582,0.0034149116836488247,0.06279496848583221,1e-06,0.05460166931152344,0.975333571434021,0.002756686881184578,-0.002875586971640587,0.015073537826538086,1600.341477038,0.39214569330215454,2.770636558532715,0,0.9322699904441833,6.44560955720408e-08,-6.633262819377705e-05,1,0.4875313341617584,2040.2879958794279,0,0.0,1,0,1,0,5.712331771850586,0.5598245859146118,0.6710917353630066,11.498046875,1762702561.2621844,0.0009683300741016865,11.742578506469727,0.47585606575012207,0,0.3304349184036255,0.0,267,1,0,0.3887307941913605,2.000272512435913,0,0.3168499171733856,0.10050685703754425,0.019764645025134087,23.743892669677734,3.341576740653737e-17,0,0.5731110572814941,8161.151983517711,267,1,0.05834567919373512,0,0,5.539709091186523,0.48829835653305054
0.47385480999946594,0.49624085426330566,0,4.2603747844696045,2.654565713584194,10.65560531616211,0.0,0,0,0.777058482170105,2.249389886856079,3.639495849609375,4.074467182159424,11.388310432434082,0,0.1412188708782196,0.004351609852164984,0.07317836582660675,1e-06,0.04463386535644531,0.9783359169960022,0.0009518949082121253,-0.0014579739654436707,0.002515554428100586,1606.089578594,0.40150853991508484,3.040433883666992,0,0.8898805975914001,8.757986051932676e-07,-9.898251300910488e-05,1,0.48938000202178955,2025.029520835046,0,0.0,1,0,1,0,6.95074462890625,0.546904444694519,1.0005850791931152,11.498046875,1762702566.0260098,0.0006307917647063732,16.625106811523438,0.49624085426330566,0,0.3303643465042114,0.0,268,1,0,0.3971569240093231,2.0003411769866943,0,0.3308914303779602,0.11095182597637177,0.03434211015701294,35.32832717895508,3.72754252319343e-17,0,0.6213959455490112,8100.118083340184,268,1,0.06583259999752045,0,0,5.805452823638916,0.490274578332901
0.4642294645309448,0.5012261867523193,0,5.239356994628906,2.6149319789984924,11.879485130310059,0.0,0,0,0.8322703838348389,3.2282066345214844,3.7186057567596436,3.9457828998565674,12.547757148742676,0,0.5004206299781799,0.0030428769532591105,0.050735145807266235,1e-06,0.0294036865234375,0.9934616684913635,0.0012737909564748406,-0.002136813709512353,0.0025246143341064453,1611.133443343,0.341908723115921,2.532656669616699,0,0.9763891696929932,1.161452356512882e-08,-0.00018575908325146884,1,0.4733896553516388,1994.7950149999579,0,0.0,1,0,1,0,6.368144989013672,0.6189512610435486,0.7145742177963257,11.498046875,1762702571.7729626,0.0006848538178019226,13.902322769165039,0.5012261867523193,0,0.2938234508037567,0.0,269,1,0,0.33886584639549255,2.000277042388916,0,0.25744616985321045,0.08941715955734253,0.010208805091679096,41.34446334838867,1.8298911321324386e-21,0,0.5425184369087219,7979.180059999831,269,1,0.05508590489625931,0,0,5.349797248840332,0.47441479563713074
0.46886298060417175,0.4969034194946289,0,4.5420732498168945,2.616833788710278,13.029112815856934,0.0,0,0,0.824907660484314,2.530060291290283,3.9763455390930176,4.664479732513428,11.74610710144043,0,0.2734138071537018,0.003963627852499485,0.07820730656385422,1e-06,0.03298377990722656,0.9948014616966248,0.04490341246128082,-0.0013826685026288033,0.0024487972259521484,1616.222028989,0.3588249087333679,5.215075969696045,0,0.9732964038848877,6.189299028847017e-07,0.0015044689644128084,1,0.4785270392894745,1996.2458062874625,0,0.0,1,0,1,0,6.551867485046387,0.5973019003868103,0.8222328424453735,11.498046875,1762702576.8180628,0.008522666990756989,78.53810119628906,0.4969034194946289,0,0.2978498637676239,0.0,270,1,0,0.3548612892627716,2.000267267227173,0,0.30423593521118164,0.12148050218820572,0.019511310383677483,392.6841735839844,1.845281293364317e-17,0,0.610295295715332,7984.98322514985,270,1,0.06283978372812271,0,0,23.814666748046875,0.4797116219997406
0.4725267291069031,0.4956786632537842,0,4.58579683303833,2.667619648617417,10.457240104675293,2.9192522561061196e-05,0,0,0.7584450840950012,2.573972702026367,3.801837205886841,3.948969841003418,10.966474533081055,0,0.27231475710868835,0.0038887227419763803,0.0853128433227539,1e-06,0.05072593688964844,0.9762911200523376,0.0017105398001149297,-0.0036555721890181303,0.0028705596923828125,1621.064941666,0.40143582224845886,3.710453510284424,0,0.8694090843200684,3.48355833068581e-08,-2.7868900360772386e-05,1,0.48946404457092285,2034.9876859955714,0,0.0,1,0,1,0,6.354024887084961,0.5467657446861267,0.8685653805732727,11.498046875,1762702581.9056935,0.00097703468054533,46.38796615600586,0.4956786632537842,0,0.3438027799129486,0.0,271,1,0,0.3975471258163452,2.0002634525299072,0,0.3660069704055786,0.14280910789966583,0.022164616733789444,86.9769515991211,5.072716125754413e-19,0,0.6776043772697449,8139.9507439822855,271,1,0.062247566878795624,0,0,7.064803600311279,0.49026215076446533
0.4731747508049011,0.5906462669372559,0,4.245561838150024,2.663220629164419,11.74980640411377,-0.00021150111570023,0,0,0.7363720536231995,2.23366641998291,5.29272985458374,5.226035118103027,11.883377075195312,0,0.154926136136055,0.005775991827249527,0.09008212387561798,1e-06,0.1148681640625,0.9427710175514221,0.0012035333784297109,-0.001927712932229042,0.0025124549865722656,1626.264680722,0.4716222882270813,3.360321044921875,0,0.22269970178604126,9.601183137419866e-08,-0.00017500559624750167,1,0.4988948106765747,2031.6319038390166,0,0.0,1,0,1,0,7.019515037536621,0.4692818224430084,0.7428339123725891,11.498046875,1762702586.748849,0.0007646516896784306,29.140953063964844,0.5906462669372559,0,0.3436623811721802,0.0,272,1,0,0.46584630012512207,2.000253200531006,0,0.4146474003791809,0.12178083509206772,0.04944796487689018,80.1091079711914,2.797793235219501e-16,0,0.746419370174408,8126.527615356066,272,1,0.07578965276479721,0,0,6.319859027862549,0.49925675988197327
0.47446903586387634,0.614659309387207,0,4.578768730163574,2.7134204533921906,13.006694793701172,0.0,0,0,0.7501793503761292,2.5670764446258545,5.4578680992126465,5.780025005340576,12.679880142211914,0,0.15856267511844635,0.004953076131641865,0.08525418490171432,1e-06,0.0671844482421875,0.9545246362686157,0.0028725401498377323,-0.0027983728796243668,0.002846240997314453,1632.027141108,0.46298226714134216,8.748926162719727,0,0.34742769598960876,3.020275016751839e-07,2.9234757676022127e-05,1,0.4983002841472626,2069.9267275390907,0,0.0,1,0,1,0,6.352888107299805,0.48199114203453064,0.8065378665924072,11.498046875,1762702591.9483728,0.0011662277393043041,142.09803771972656,0.614659309387207,0,0.34272855520248413,0.0,273,1,0,0.45802921056747437,2.000282049179077,0,0.3786577582359314,0.1270039826631546,0.04077346995472908,284.1905822753906,2.769133842361927e-17,0,0.7154765129089355,8279.706910156363,273,1,0.07021273672580719,0,0,17.10980224609375,0.4986928403377533
0.4754737913608551,0.5063018798828125,0,5.25046181678772,2.6570568431416826,14.225220680236816,0.0,0,0,0.7538248896598816,2.238604784011841,4.689899444580078,6.289871692657471,11.344042778015137,0,0.22256997227668762,0.0038699691649526358,0.08505502343177795,1e-06,0.061351776123046875,0.9590815305709839,0.0010821610921993852,-0.0022364479955285788,0.0025806427001953125,1636.802321254,0.4429824650287628,17.39801788330078,0,0.5912473201751709,5.638444733335746e-08,-0.00010935492173302919,1,0.49634286761283875,2026.929873449534,0,0.0,1,0,1,0,6.738903045654297,0.49999311566352844,0.6621217727661133,11.498046875,1762702597.711881,0.0006755718495696783,209.85231018066406,0.5063018798828125,0,0.33596837520599365,0.0,274,1,0,0.43911251425743103,3.000372886657715,0,0.39219170808792114,0.11036612093448639,0.04188888520002365,629.5366821289062,7.9012937311943e-18,0,0.7507123947143555,8107.719493798136,274,1,0.06209659203886986,0,0,41.03639221191406,0.496802419424057
0.47516006231307983,0.5002140998840332,0,4.267446756362915,2.7035427478569813,12.06745719909668,0.0,0,0,0.7721800208091736,2.2555794715881348,5.320812225341797,5.5617356300354,12.154850006103516,0,0.18462415039539337,0.004244031850248575,0.06801550090312958,1e-06,0.063323974609375,0.9761011004447937,0.00093557353829965,-0.0014811315340921283,0.0024564266204833984,1642.780928776,0.49098142981529236,4.438784599304199,0,0.16084417700767517,8.157530828611925e-08,-6.93920228513889e-05,1,0.49989038705825806,2062.3915419512728,0,0.0,1,0,1,0,6.864733695983887,0.4596114456653595,0.7379276156425476,11.498046875,1762702602.4868906,0.0006246763514354825,58.58852767944336,0.5002140998840332,0,0.32785919308662415,0.0,275,1,0,0.4867374002933502,2.00028133392334,0,0.43458038568496704,0.09769168496131897,0.03572184965014458,175.53265380859375,7.153376253273094e-19,0,0.8427919745445251,8249.566167805091,275,1,0.06501646339893341,0,0,11.215025901794434,0.4999849498271942
0.4761776328086853,0.5009243488311768,0,5.469855546951294,2.666968317813444,12.89535140991211,0.0,0,0,0.7567247152328491,2.458019256591797,5.695163249969482,5.7582879066467285,13.265993118286133,0,0.32695016264915466,0.002458814764395356,0.0643020048737526,1e-06,0.07677078247070312,0.9586549401283264,0.015328703448176384,-0.0019791163504123688,0.0025522708892822266,1645.576698748,0.47504299879074097,3.066826343536377,0,0.23983433842658997,9.496912412032543e-08,0.0004090255533810705,1,0.4993091821670532,2034.4908197476857,0,0.0,1,0,1,0,6.779745101928711,0.4734340012073517,0.6557488441467285,11.498046875,1762702608.4647157,0.0030007753521203995,20.57710838317871,0.5009243488311768,0,0.3340770900249481,0.0,276,1,0,0.47258418798446655,3.0003669261932373,0,0.4186909794807434,0.09879869967699051,0.01808619499206543,46.297969818115234,2.2119840970494237e-19,0,0.7879511713981628,8137.963278990743,276,1,0.04953152686357498,0,0,4.893356800079346,0.4994381368160248
0.47819438576698303,0.49634456634521484,0,2.290698289871216,2.738027290883196,12.81394100189209,-2.0399975255713798e-05,0,0,0.7963710427284241,2.280458450317383,5.181752681732178,5.275692462921143,13.224339485168457,0,0.20734980702400208,0.003049710299819708,0.04560508951544762,1e-06,0.024410247802734375,0.9892540574073792,0.0015286685666069388,-0.001607332844287157,0.002053499221801758,1652.7533073,0.427874356508255,2.801037073135376,0,0.866802453994751,3.993791608536412e-07,-7.905493839643896e-05,1,0.4943917393684387,2088.697998515237,0,0.0,1,0,1,0,6.449972152709961,0.5357432961463928,0.613484263420105,11.498046875,1762702611.2582972,0.0006524804630316794,12.96312141418457,0.49634456634521484,0,0.3232250511646271,0.0,277,1,0,0.42482465505599976,0.0001480579376220703,0,0.2770565450191498,0.07546855509281158,0.010172194801270962,23.135211944580078,3.380978992824333e-17,0,0.68020099401474,8354.791994060948,277,1,0.05514831840991974,0,0,4.551738262176514,0.4948459565639496
0.47468316555023193,0.9203622341156006,0,6.250995635986328,2.6561753772955696,12.970709800720215,-3.064801057917066e-05,0,0,0.8081692457199097,2.238976001739502,5.09080171585083,5.310279846191406,13.302639961242676,0,0.08942980319261551,0.0019464719807729125,0.0677536353468895,1e-06,0.01645660400390625,0.9919654130935669,0.04818464070558548,-0.0025649406015872955,0.0026388168334960938,1657.839399247,0.3822384476661682,3.889793872833252,0,0.9647759795188904,2.184088856438393e-07,0.0015695443144068122,1,0.48551759123802185,2026.2574491991745,0,0.0,1,0,1,0,6.716686248779297,0.5757789611816406,0.5897665023803711,11.498046875,1762702618.4367926,0.009167421609163284,43.549739837646484,0.9203622341156006,0,0.31272900104522705,0.0,278,1,0,0.38029196858406067,4.000413656234741,0,0.27723440527915955,0.09890078753232956,0.011914312839508057,71.49412536621094,1.655260866740268e-17,0,0.6554036140441895,8105.029796796698,278,1,0.04408124461770058,0,0,6.545558452606201,0.48599350452423096
0.4769149720668793,0.5770342350006104,0,4.5023353099823,2.632635717484497,12.439640998840332,7.31552645447664e-05,0,0,0.784722626209259,2.490027666091919,5.184820175170898,5.476145267486572,12.714848518371582,0,0.0816769227385521,0.003576903371140361,0.06695927679538727,1e-06,0.049381256103515625,0.97533118724823,0.0016434546560049057,-0.0013669703621417284,0.002548694610595703,1665.638071506,0.4363822042942047,3.337960958480835,0,0.7444621324539185,2.3205069510368048e-07,2.798926470859442e-05,1,0.49552759528160095,2008.3002723306938,0,0.0,1,0,1,0,6.628749847412109,0.5145395398139954,0.9544193148612976,11.498046875,1762702623.5227816,0.0006106168730184436,14.49327278137207,0.5770342350006104,0,0.3177511990070343,0.0,279,1,0,0.43280529975891113,2.000241279602051,0,0.3445013761520386,0.11585169285535812,0.01627160608768463,23.261594772338867,2.136198481411563e-18,0,0.749302089214325,8033.201089322775,279,1,0.05970778688788414,0,0,5.4938249588012695,0.49599963426589966
0.46802791953086853,0.5348284244537354,0,7.257423162460327,2.4881833338058215,12.244760513305664,0.0,0,0,0.8356579542160034,2.2450828552246094,4.5855278968811035,4.806478500366211,11.58338451385498,0,0.20487183332443237,0.0026822725776582956,0.0531032420694828,1e-06,0.02646636962890625,0.9948374032974243,0.022900016978383064,-0.0022013268899172544,0.0027875900268554688,1669.581632416,0.3596683740615845,2.8332419395446777,0,0.9738659262657166,1.0043273732662783e-06,0.0007142156828194857,1,0.479169100522995,1898.1050943370217,0,0.0,1,0,1,0,5.890630722045898,0.5991984605789185,0.7299913763999939,11.498046875,1762702631.3219595,0.004407986998558044,12.278103828430176,0.5348284244537354,0,0.29148370027542114,0.0,280,1,0,0.3569861054420471,5.000542402267456,0,0.28065940737724304,0.08642324805259705,0.014002510346472263,26.09532928466797,7.615950127473466e-19,0,0.5933123230934143,7592.420377348087,280,1,0.05172746255993843,0,0,5.342809200286865,0.47996169328689575
0.4781751334667206,0.5985338687896729,0,3.3379921913146973,2.534127261129891,12.058514595031738,-1.823495767894201e-05,0,0,0.7943805456161499,2.3273510932922363,4.383354187011719,4.9629034996032715,12.970640182495117,0,0.32427215576171875,0.0036712794099003077,0.06648989021778107,1e-06,0.037532806396484375,0.9889218807220459,0.001521671423688531,-0.0015978539595380425,0.0023741722106933594,1676.095700611,0.43716466426849365,3.734247922897339,0,0.7548165321350098,6.321093906080932e-07,-2.0047616999363527e-05,1,0.49562710523605347,1933.1533165973478,0,0.0,1,0,1,0,6.385564804077148,0.5196262001991272,0.6169288158416748,11.498046875,1762702635.2654204,0.0005959675763733685,21.487075805664062,0.5985338687896729,0,0.3191530406475067,0.0,281,1,0,0.43349337577819824,1.0001864433288574,0,0.3307567834854126,0.11389981955289841,0.012597844004631042,50.13436508178711,6.507411784378769e-19,0,0.673173189163208,7732.613266389391,281,1,0.060488294810056686,0,0,6.636875629425049,0.49610602855682373
0.48010751605033875,0.885857105255127,0,5.6208109855651855,2.464722100605916,12.803267478942871,-4.333652395871468e-05,0,0,0.7767755389213562,2.608356475830078,5.2628560066223145,5.700941562652588,13.610885620117188,0,0.08079905807971954,0.003529731184244156,0.05916552618145943,1e-06,0.04028129577636719,0.981187641620636,0.0017604929162189364,-0.0031559178605675697,0.0028994083404541016,1680.048483996,0.4642954170703888,3.825037956237793,0,0.5470113754272461,6.003478603133772e-08,-0.00010399350867373869,1,0.4985259473323822,1880.2077450335623,0,0.0,1,0,1,0,6.472713470458984,0.49626317620277405,0.3800943195819855,11.498046875,1762702641.7790303,0.0007994472980499268,15.314971923828125,0.885857105255127,0,0.3252817690372467,0.0,282,1,0,0.46076568961143494,3.000386953353882,0,0.36140042543411255,0.07787775993347168,0.022895395755767822,31.263872146606445,1.1983033627834925e-18,0,0.7527249455451965,7520.830980134249,282,1,0.05931464582681656,0,0,6.287195205688477,0.49879127740859985
0.47738200426101685,0.4122920036315918,0,3.5358548164367676,2.544353748788164,13.081531524658203,-0.0001184292123070918,0,0,0.8044750094413757,2.5243093967437744,5.181605815887451,5.46513557434082,13.455818176269531,0,0.18653132021427155,0.0019212295301258564,0.0682053193449974,1e-06,0.0249481201171875,0.992932915687561,0.001070751459337771,-0.02272987924516201,0.002515077590942383,1685.781156295,0.40658020973205566,3.1852691173553467,0,0.9253610372543335,1.5057665336826176e-07,-0.0008948909817263484,1,0.4908849000930786,1940.9545698481095,0,0.0,1,0,1,0,6.713682174682617,0.5499535202980042,0.5968729257583618,11.498046875,1762702645.7344468,0.004316096194088459,12.285654067993164,0.4122920036315918,0,0.32095348834991455,0.0,283,1,0,0.4046589732170105,1.000166416168213,0,0.33304649591445923,0.10412616282701492,0.021177496761083603,25.50318717956543,2.1574676937840778e-17,0,0.7173328995704651,7763.818279392438,283,1,0.043794967234134674,0,0,4.731001377105713,0.49125421047210693
0.4786425530910492,0.4890937805175781,0,5.234604120254517,2.483610899181031,12.255609512329102,-9.277557546738535e-05,0,0,0.790779173374176,2.220566749572754,4.6888933181762695,5.154545307159424,13.299981117248535,0,0.1620895266532898,0.00262850453145802,0.06392985582351685,1e-06,0.026449203491210938,0.9881860613822937,0.0007275526295416057,-0.0016530118882656097,0.0024595260620117188,1690.744261008,0.42961448431015015,3.478895902633667,0,0.8313062191009521,3.331778586357359e-08,-0.00014964118599891663,1,0.4947124719619751,1894.6170228043013,0,0.0,1,0,1,0,6.384101867675781,0.5312653183937073,0.6277786493301392,11.498046875,1762702651.465081,0.0005480014369823039,16.273664474487305,0.4890937805175781,0,0.3218670189380646,0.0,284,1,0,0.4269859790802002,3.0004258155822754,0,0.31802403926849365,0.09914564341306686,0.013485586270689964,25.217458724975586,7.858065375779855e-19,0,0.7374290227890015,7578.468091217205,284,1,0.05120899900794029,0,0,6.240026950836182,0.4950934052467346
0.47937607765197754,0.4245612621307373,0,4.5326151847839355,2.5246559797279255,13.050559997558594,-1.0235470654151868e-05,0,0,0.7991999983787537,2.5210728645324707,6.152125358581543,5.993996620178223,13.50557804107666,0,0.12114153057336807,0.0036157022695988417,0.06892556697130203,1e-06,0.04335212707519531,0.990294873714447,0.0016446656081825495,-0.00900114793330431,0.0024843215942382812,1694.517258441,0.4710743725299835,3.323204278945923,0,0.3771522045135498,1.275279402079832e-07,-0.0003364558215253055,1,0.4990043640136719,1925.9281707510925,0,0.0,1,0,1,0,6.746604919433594,0.48963814973831177,0.7095645070075989,11.498046875,1762702656.4290564,0.001819157274439931,14.333815574645996,0.4245612621307373,0,0.3149077594280243,0.0,285,1,0,0.46745866537094116,2.0002269744873047,0,0.3859207332134247,0.09817129373550415,0.0266862940043211,26.333974838256836,8.201252627599619e-21,0,0.8447691202163696,7703.71268300437,285,1,0.06002965196967125,0,0,5.526856422424316,0.4992270767688751
0.4778931140899658,0.44470691680908203,0,3.320467710494995,2.521311038283641,12.500758171081543,0.0,0,0,0.7863131165504456,2.309126853942871,4.630182266235352,5.501758098602295,13.057138442993164,0,0.1226099357008934,0.004781997296959162,0.058937251567840576,1e-06,0.03378486633300781,0.9809519648551941,0.001000809483230114,-0.0028083694633096457,0.0024805068969726562,1699.647988227,0.45400846004486084,3.9637129306793213,0,0.6414274573326111,2.6422624088695557e-08,-5.034993591834791e-05,1,0.49748533964157104,1923.376489647295,0,0.0,1,0,1,0,6.360687255859375,0.5064415335655212,0.5327441692352295,11.498046875,1762702660.201019,0.000628749723546207,19.469972610473633,0.44470691680908203,0,0.32102441787719727,0.0,286,1,0,0.4492264688014984,1.000208854675293,0,0.3510664105415344,0.08959341049194336,0.011659979820251465,35.03699493408203,3.596545631216648e-19,0,0.7700850367546082,7693.50595858918,286,1,0.06899614632129669,0,0,6.5995707511901855,0.49795031547546387
0.47517263889312744,0.8785600662231445,0,4.2448577880859375,2.622458136665494,12.100149154663086,-1.7470521925133653e-05,0,0,0.8057830929756165,2.2332491874694824,4.619042873382568,4.925703525543213,12.862136840820312,0,0.18669210374355316,0.003631284926086664,0.059484776109457016,1e-06,0.032077789306640625,0.9861180186271667,0.0012841627467423677,-0.002035847632214427,0.0025887489318847656,1703.772917079,0.4201117157936096,3.321186065673828,0,0.841231644153595,1.1051442783127641e-07,-8.796922338660806e-05,1,0.4930439889431,2000.5363275529476,0,0.0,1,0,1,0,6.599634170532227,0.5348250269889832,0.6045483350753784,11.498046875,1762702665.3312132,0.0006708101136609912,15.19103717803955,0.8785600662231445,0,0.30807194113731384,0.0,287,1,0,0.4164804220199585,2.0002574920654297,0,0.3765946328639984,0.09272128343582153,0.020581748336553574,39.827232360839844,2.662475883648337e-21,0,0.8582486510276794,8002.14531021179,287,1,0.06015903502702713,0,0,6.1196675300598145,0.4936455190181732
0.4724545180797577,0.542677640914917,0,3.575939178466797,2.690869566485835,11.7246675491333,0.0,0,0,0.7903121709823608,2.5646584033966064,4.425812244415283,4.587821960449219,12.701746940612793,0,0.09627112001180649,0.002347417874261737,0.06914619356393814,1e-06,0.0283355712890625,0.9875437021255493,0.0007066872785799205,-0.0011223868932574987,0.0023696422576904297,1709.687025305,0.4040493071079254,3.1015255451202393,0,0.8763648867607117,1.8862242257000617e-07,-8.223183976951987e-05,1,0.49031418561935425,2052.7238338707607,0,0.0,1,0,1,0,6.240840911865234,0.5428938269615173,0.5701203942298889,11.498046875,1762702669.456869,0.0004634693032130599,13.892777442932129,0.542677640914917,0,0.3313620984554291,0.0,288,1,0,0.4017018973827362,1.0001614093780518,0,0.35516539216041565,0.09783955663442612,0.0327068567276001,39.245445251464844,1.2888671287512842e-18,0,0.7765504121780396,8210.895335483043,288,1,0.048400361090898514,0,0,5.915322303771973,0.4907791018486023
0.47887542843818665,0.4190366268157959,0,5.488495588302612,2.806017178652963,16.740842819213867,0.0,0,0,0.7820172309875488,2.476616621017456,5.48470401763916,5.728419303894043,14.004585266113281,0,0.2398519665002823,0.0041678245179355145,0.08054294437170029,1e-06,0.037670135498046875,0.9826955795288086,0.0019506514072418213,-0.0015995095018297434,0.002466917037963867,1715.127000656,0.44651293754577637,5.230335235595703,0,0.7235028147697449,8.148041388267302e-07,-6.109274545451626e-05,1,0.49673378467559814,2140.563932422046,0,0.0,1,0,1,0,6.655181884765625,0.5126380324363708,0.6659842729568481,11.498046875,1762702675.3709638,0.000698296760674566,62.43496322631836,0.4190366268157959,0,0.33058401942253113,0.0,289,1,0,0.44234511256217957,3.000406265258789,0,0.37141016125679016,0.12145223468542099,0.025880947709083557,935.7435913085938,1.2290347148625166e-17,0,0.8500152826309204,8562.255729688184,289,1,0.06443296372890472,0,0,56.05451583862305,0.4971999526023865
0.4757618308067322,0.22448348999023438,0,5.208636522293091,2.7142473882961298,12.53321361541748,-5.4042462579673156e-05,0,0,0.782758891582489,2.197150945663452,5.339874744415283,5.525993347167969,13.205889701843262,0,0.1566644161939621,0.0026434045284986496,0.06978736072778702,1e-06,0.0606689453125,0.9809257984161377,0.0018286712002009153,-0.0023905416019260883,0.0024962425231933594,1719.872510352,0.454929918050766,3.183227777481079,0,0.4173223078250885,3.282909233348619e-08,-9.173608123091981e-05,1,0.4977840185165405,2070.5575529821062,0,0.0,1,0,1,0,6.488679885864258,0.49202391505241394,0.7687795758247375,11.498046875,1762702680.8106651,0.0007549974252469838,16.15814971923828,0.22448348999023438,0,0.3216763734817505,0.0,290,1,0,0.4522865116596222,3.0003907680511475,0,0.4217504858970642,0.08798464387655258,0.041487377136945724,27.02667999267578,1.753471808903657e-19,0,0.8453781008720398,8282.230211928425,290,1,0.051352836191654205,0,0,5.348858833312988,0.4980303645133972
0.4757511615753174,0.22524690628051758,0,4.515323877334595,2.814106079950742,11.132843017578125,-3.1320174457505345e-05,0,0,0.7858055830001831,2.5041658878326416,3.922846794128418,4.6412200927734375,10.57702350616455,0,0.10820845514535904,0.002712232293561101,0.05718201771378517,1e-06,0.046634674072265625,0.9842466711997986,0.0012624588562175632,-0.0011019052471965551,0.002498626708984375,1724.330958464,0.42961758375167847,3.295696258544922,0,0.799418032169342,8.524936845333286e-08,-7.368563819909468e-05,1,0.49469539523124695,2146.734532695869,0,0.0,1,0,1,0,6.406411170959473,0.5236835479736328,0.4155120849609375,11.498046875,1762702685.5582473,0.000510821642819792,14.261187553405762,0.22524690628051758,0,0.3243367373943329,0.0,291,1,0,0.4269053637981415,2.000251293182373,0,0.40298929810523987,0.08802036195993423,0.013012422248721123,29.392406463623047,4.813960795258025e-18,0,0.8288049697875977,8586.938130783476,291,1,0.05201547220349312,0,0,5.319962978363037,0.49508869647979736
0.4721945524215698,0.20975947380065918,0,4.238986253738403,2.7889053154272325,12.924456596374512,-1.7504758943687193e-05,0,0,0.8013265132904053,2.227142095565796,5.201876163482666,5.064148902893066,12.2265625,0,0.0957857221364975,0.0051282052882015705,0.07863406836986542,1e-06,0.07101821899414062,0.9831628203392029,0.0009868917986750603,-0.0016054012812674046,0.0026667118072509766,1730.094620284,0.419163316488266,3.19865083694458,0,0.7680759429931641,3.376546544586745e-07,-0.0001292680244660005,1,0.4926210641860962,2127.510185810587,0,0.0,1,0,1,0,6.381382942199707,0.5281098484992981,0.6084728837013245,11.498046875,1762702690.014306,0.0006123433704487979,22.693885803222656,0.20975947380065918,0,0.3120792806148529,0.0,292,1,0,0.4140351116657257,2.0003178119659424,0,0.41654157638549805,0.09952890872955322,0.044138990342617035,159.4881591796875,2.3821122464883714e-17,0,0.8036589622497559,8510.040743242347,292,1,0.0714372768998146,0,0,11.171215057373047,0.49348875880241394
0.4765675663948059,0.21026062965393066,0,5.5272722244262695,2.799637270897236,12.34285831451416,-1.0033587386715226e-05,0,0,0.7707120180130005,2.515815019607544,5.337742805480957,5.252695560455322,13.059707641601562,0,0.10712852329015732,0.004641004838049412,0.07840937376022339,1e-06,0.06121063232421875,0.9791475534439087,0.0008132078219205141,-0.0011487301671877503,0.002507925033569336,1734.841057354,0.4496314525604248,2.9990084171295166,0,0.561873197555542,1.9060775002799346e-07,-0.00012999854516237974,1,0.4970325827598572,2135.6970340516505,0,0.0,1,0,1,0,6.332517623901367,0.49866825342178345,0.6351104378700256,11.498046875,1762702695.75891,0.0004465626261662692,12.576895713806152,0.21026062965393066,0,0.3356982469558716,0.0,293,1,0,0.44499045610427856,3.000305414199829,0,0.39580589532852173,0.1001390591263771,0.048850927501916885,24.920331954956055,2.169838676153176e-18,0,0.8264780640602112,8542.788136206602,293,1,0.06797593086957932,0,0,5.132329940795898,0.4975244402885437
0.47180354595184326,0.24675583839416504,0,4.492107629776001,2.806372886299676,11.65904712677002,0.0,0,0,0.77285236120224,2.4806768894195557,4.411293029785156,5.327620983123779,11.87613582611084,0,0.20480450987815857,0.005671641789376736,0.0856746956706047,1e-06,0.07936668395996094,0.981380820274353,0.0006793427164666355,-0.0009517683065496385,0.0025441646575927734,1740.350239519,0.45522385835647583,5.154524803161621,0,0.5310488939285278,1.846908759262078e-07,-5.284268991090357e-05,1,0.4975228011608124,2140.835283205225,0,0.0,1,0,1,0,6.841946601867676,0.4909493625164032,0.8141433596611023,11.498046875,1762702700.5249472,0.0004016682505607605,65.32598114013672,0.24675583839416504,0,0.33314481377601624,0.0,294,1,0,0.4495522379875183,2.0002763271331787,0,0.46213722229003906,0.12813466787338257,0.021542713046073914,100.64855194091797,5.6279189257193926e-18,0,0.8828809857368469,8563.3411328209,294,1,0.075107641518116,0,0,7.742380142211914,0.49806541204452515
0.46526435017585754,0.26918649673461914,0,5.2329185009002686,2.6892150522580347,11.019417762756348,1.4647020179836545e-05,0,0,0.8095163106918335,2.2215917110443115,3.7222115993499756,4.394016742706299,11.224894523620605,0,0.10509610921144485,0.0038976857904344797,0.07932493090629578,1e-06,0.04496002197265625,0.9838729500770569,0.0009556814329698682,-0.0014839298091828823,0.002509593963623047,1744.910030723,0.3632155954837799,3.3359127044677734,0,0.9269106388092041,1.9424132347012346e-07,-4.9810580094344914e-05,1,0.47985896468162537,2051.461691390433,0,0.0,1,0,1,0,6.46428108215332,0.5705164074897766,0.5656591057777405,11.498046875,1762702706.0336285,0.0005525456508621573,14.353900909423828,0.26918649673461914,0,0.30327385663986206,0.0,295,1,0,0.3593178987503052,3.0003466606140137,0,0.36796286702156067,0.10119495540857315,0.04304339364171028,30.359481811523438,6.155358545797372e-20,0,0.7537791132926941,8205.846765561731,295,1,0.062317248433828354,0,0,5.92410945892334,0.48098480701446533
0.47312453389167786,0.31960296630859375,0,4.23361611366272,2.7356636302275805,10.989307403564453,-1.4772157555853482e-05,0,0,0.796670138835907,2.221684217453003,4.069854736328125,4.611760139465332,11.728972434997559,0,0.22576119005680084,0.003715499071404338,0.06770548969507217,1e-06,0.04810333251953125,0.9842965006828308,0.001956805819645524,-0.0020599656272679567,0.002804279327392578,1750.659943218,0.4031316637992859,3.8518643379211426,0,0.8932767510414124,3.550599103618879e-08,-8.826645353110507e-05,1,0.4898433983325958,2086.894885267611,0,0.0,1,0,1,0,6.785911560058594,0.5463082194328308,0.632754921913147,11.498046875,1762702710.5937166,0.0007522540399804711,36.50932693481445,0.31960296630859375,0,0.31675195693969727,0.0,296,1,0,0.39941614866256714,2.000284433364868,0,0.3890029788017273,0.09903357923030853,0.024568796157836914,65.7161636352539,7.413612195706921e-17,0,0.8045852184295654,8347.579541070443,296,1,0.0608496218919754,0,0,7.065178871154785,0.4905918538570404
0.4736192524433136,0.2198188304901123,0,5.523327589035034,2.645385024633024,10.936419486999512,0.0,0,0,0.7977484464645386,2.5112881660461426,4.247951984405518,4.366429328918457,10.94410514831543,0,0.34759441018104553,0.005832449998706579,0.09703265130519867,1e-06,0.053192138671875,0.9795886278152466,0.001033096807077527,-0.004453760571777821,0.0025177001953125,1755.232218157,0.4077412784099579,2.7537038326263428,0,0.8394230008125305,1.6877781661150948e-07,-0.00021775736240670085,1,0.4903486967086792,2018.0260527903158,0,0.0,1,0,1,0,6.251802444458008,0.5366899371147156,0.686190664768219,11.498046875,1762702716.34371,0.0011598484124988317,13.806767463684082,0.2198188304901123,0,0.30780261754989624,0.0,297,1,0,0.401908814907074,3.0003581047058105,0,0.3991699814796448,0.12522052228450775,0.05425194278359413,25.85404396057129,1.3085203197200847e-17,0,0.8431209325790405,8072.104211161263,297,1,0.07615752518177032,0,0,4.957887172698975,0.491479754447937
0.47865259647369385,0.2682981491088867,0,4.2972307205200195,2.7231149712953755,12.178274154663086,0.0,0,0,0.7743774056434631,2.2858195304870605,4.735827445983887,5.114542484283447,12.031947135925293,0,0.14153549075126648,0.002661147154867649,0.05955788493156433,1e-06,0.04602813720703125,0.9753984212875366,0.001043007941916585,-0.0023403421510010958,0.0024709701538085938,1761.252644715,0.44707271456718445,3.514292001724243,0,0.6369391083717346,8.085751233011251e-07,-0.000115634233225137,1,0.49697378277778625,2077.322168851299,0,0.0,1,0,1,0,6.410394668579102,0.5058892965316772,0.48115506768226624,11.498046875,1762702720.9161665,0.0005464202840812504,22.884204864501953,0.2682981491088867,0,0.33020442724227905,0.0,298,1,0,0.44441157579421997,2.0002739429473877,0,0.40000370144844055,0.08162253350019455,0.019735421985387802,57.134559631347656,1.3105515198753455e-20,0,0.8473910093307495,8309.288675405196,298,1,0.051525238901376724,0,0,7.327589511871338,0.4972642958164215
0.48456037044525146,0.5100753307342529,0,5.5035858154296875,2.680474313481893,11.151239395141602,0.0,0,0,0.7847448587417603,2.491713047027588,4.990484714508057,5.05635404586792,11.828289031982422,0,0.128013476729393,0.002801120514050126,0.061517175287008286,1e-06,0.03520011901855469,0.9786614775657654,0.0009625085513107479,-0.0011954301735386252,0.0024154186248779297,1776.830275105,0.4616246819496155,3.422635793685913,0,0.6468575596809387,2.3769911194904125e-07,-2.0775985831278376e-05,1,0.4983713924884796,2044.7938383532987,0,0.0,1,0,1,0,6.323764801025391,0.5073472857475281,0.7473747134208679,11.498046875,1762702726.936595,0.0005138263804838061,13.372377395629883,0.5100753307342529,0,0.32161617279052734,0.0,299,1,0,0.458823561668396,3.000328302383423,0,0.37786296010017395,0.11499027162790298,0.007503293454647064,24.52033233642578,5.0230960423491945e-18,0,0.8927470445632935,8179.175353413195,299,1,0.052858833223581314,0,0,5.863882064819336,0.4985949993133545
0.48008471727371216,0.5046601295471191,0,2.4699370861053467,2.180379614835524,12.330856323242188,0.0,0,0,0.782828688621521,2.4586896896362305,5.736658573150635,5.7661943435668945,12.859898567199707,0,0.1536123901605606,0.0032976092770695686,0.06448394805192947,1e-06,0.049922943115234375,0.9810552597045898,0.0019949404522776604,-0.0027271767612546682,0.0018801689147949219,1779.665168632,0.4765045642852783,3.408489465713501,0,0.3174550533294678,4.071028456564818e-07,-8.37739025882911e-06,1,0.4993502199649811,1663.297715356725,0,0.0,1,0,1,0,6.757837295532227,0.4820665121078491,0.8070486783981323,11.498046875,1762702742.5160875,0.0009149550460278988,18.701568603515625,0.5046601295471191,0,0.31828925013542175,12.59780240058899,300,1,0,0.47320693731307983,7.581710815429688e-05,0,0.40887656807899475,0.10706601291894913,0.01850559376180172,30.389570236206055,8.680480523275782e-20,0,0.8942886590957642,6653.1908614269,300,1,0.0573379322886467,0,0,6.004240989685059,0.4995163083076477
0.4842720925807953,0.4980640411376953,0,2.3277955055236816,2.2506570039867935,12.947525978088379,-0.00013072913861833513,0,0,0.7563490271568298,2.313960075378418,4.993507385253906,5.831574440002441,13.271858215332031,0,0.10111099481582642,0.005520286969840527,0.06472819298505783,1e-06,0.036205291748046875,0.9623881578445435,0.0010806428035721183,-0.0019782232120633125,0.0020546913146972656,1786.098893891,0.476400762796402,5.355388641357422,0,0.34604474902153015,1.1624425866330057e-07,-0.00018128528608940542,1,0.49922022223472595,1716.9086645791422,0,0.0,1,0,1,0,6.688846588134766,0.4893960952758789,0.8470692038536072,11.498046875,1762702745.348624,0.0008163436432369053,73.44172668457031,0.4980640411376953,0,0.3346671760082245,0.0,301,1,0,0.4708804786205292,8.296966552734375e-05,0,0.3649265468120575,0.11042031645774841,0.015018334612250328,116.2241439819336,7.309697491668218e-20,0,0.8000625371932983,6867.634658316569,301,1,0.07410350441932678,0,0,8.400542259216309,0.4995116889476776
0.4780783951282501,0.9444382190704346,0,5.483052730560303,2.223935755132494,11.849114418029785,4.5943892473587766e-05,0,0,0.7700318694114685,2.471425771713257,5.0891642570495605,5.349700927734375,12.631250381469727,0,0.11542533338069916,0.003533568698912859,0.054845791310071945,1e-06,0.061489105224609375,0.9714378714561462,0.0007096802000887692,-0.0025561372749507427,0.0026183128356933594,1791.87842748,0.4740418493747711,3.1765148639678955,0,0.3087084889411926,1.4301437545327644e-07,-8.619829168310389e-05,1,0.4991973340511322,1696.5244196208682,0,0.0,1,0,1,0,6.788555145263672,0.4795989990234375,0.7499263882637024,11.498046875,1762702751.7827997,0.0006516411085613072,17.091461181640625,0.9444382190704346,0,0.3282584846019745,0.0,302,1,0,0.47050827741622925,3.000396966934204,0,0.43237045407295227,0.09077394753694534,0.018833965063095093,32.99433517456055,1.1233376382290367e-19,0,0.878440797328949,6786.097678483473,302,1,0.05934677645564079,0,0,5.5921711921691895,0.4993935823440552
0.48103952407836914,0.5533528327941895,0,5.219500303268433,2.1987405378087135,11.022642135620117,0.0,0,0,0.7838993072509766,2.2066221237182617,4.715792179107666,5.090416431427002,11.351317405700684,0,0.13004925847053528,0.003723404137417674,0.047691136598587036,1e-06,0.05925941467285156,0.9758619666099548,0.0009982866467908025,-0.0025271945632994175,0.0027010440826416016,1796.452412643,0.4630318880081177,3.3448219299316406,0,0.575635552406311,8.222750125241873e-08,-0.00013740785652771592,1,0.4984077215194702,1677.3043044044998,0,0.0,1,0,1,0,6.760784149169922,0.500635027885437,0.5465088486671448,11.498046875,1762702757.5622857,0.0007447864045388997,30.329185485839844,0.5533528327941895,0,0.3200564980506897,0.0,303,1,0,0.4593085050582886,3.0003650188446045,0,0.36949580907821655,0.0945848599076271,0.007558842655271292,51.99287033081055,6.85639157135568e-17,0,0.7372038960456848,6709.217217617999,303,1,0.06091409549117088,0,0,5.898741722106934,0.49869781732559204
0.4781087040901184,0.8824670314788818,0,3.6814494132995605,2.2495789051357566,11.464115142822266,0.0,0,0,0.7992315888404846,2.669624090194702,4.390535354614258,4.493896484375,11.942359924316406,0,0.18102313578128815,0.005451241508126259,0.05259682238101959,1e-06,0.039791107177734375,0.9849951863288879,0.0015113758854568005,-0.0014697046717628837,0.0023670196533203125,1802.410730843,0.41278010606765747,2.7420690059661865,0,0.9455202221870422,6.211891445673245e-08,-2.508771103748586e-06,1,0.491411417722702,1716.0862392805125,0,0.0,1,0,1,0,6.802846908569336,0.5528688430786133,0.9382419586181641,11.498046875,1762702762.1328347,0.0006153221474960446,11.687345504760742,0.8824670314788818,0,0.31234976649284363,0.0,304,1,0,0.40732887387275696,1.0001652240753174,0,0.3523521423339844,0.10870139300823212,0.007855236530303955,29.454566955566406,7.602775001471875e-18,0,0.7998445630073547,6864.34495712205,304,1,0.07364215701818466,0,0,5.661384105682373,0.49240848422050476
0.47662806510925293,0.3859262466430664,0,5.566039562225342,2.182900311682264,10.609246253967285,0.0,0,0,0.8118517398834229,2.5534138679504395,3.981163740158081,4.32092809677124,11.182706832885742,0,0.16985641419887543,0.0033898307010531425,0.062069121748209,1e-06,0.030620574951171875,0.988883376121521,0.0017743550706654787,-0.0015300374943763018,0.0028557777404785156,1805.302446713,0.39491525292396545,4.049106597900391,0,0.9673758745193481,1.3232565834186971e-06,1.2988042499273433e-06,1,0.4881603717803955,1665.2206233117258,0,0.0,1,0,1,0,6.713850975036621,0.5650311708450317,0.6298581957817078,11.498046875,1762702768.095375,0.0007597447838634253,51.43221664428711,0.3859262466430664,0,0.3020459711551666,0.0,305,1,0,0.3915254473686218,3.0003607273101807,0,0.3228878676891327,0.10193177312612534,0.019529512152075768,84.14336395263672,6.579678315196888e-18,0,0.7727764844894409,6660.882493246903,305,1,0.05813169479370117,0,0,6.934183120727539,0.4889015257358551
0.48094865679740906,0.5580804347991943,0,2.3263721466064453,2.2890760370210077,11.433207511901855,0.0,0,0,0.787196695804596,2.310615301132202,5.0806097984313965,5.227908134460449,11.48154354095459,0,0.4266465902328491,0.0022038568276911974,0.05810706689953804,1e-06,0.04878807067871094,0.9789674282073975,0.0015888122143223882,-0.0018289111321792006,0.0020651817321777344,1811.482065057,0.4393939673900604,6.228446960449219,0,0.7573033571243286,3.814724323092378e-07,-4.065570828970522e-05,1,0.4961075782775879,1746.216538050911,0,0.0,1,0,1,0,6.637443542480469,0.5180221199989319,1.0206903219223022,11.498046875,1762702770.9858606,0.0006831127102486789,94.51980590820312,0.5580804347991943,0,0.31622856855392456,0.0,306,1,0,0.43719008564949036,6.556510925292969e-05,0,0.3540918231010437,0.11351045966148376,0.013831070624291897,141.7786407470703,5.748974016631961e-19,0,0.7679792046546936,6984.866152203644,306,1,0.0468999519944191,0,0,9.594045639038086,0.4963816702365875
0.4795055687427521,0.9254801273345947,0,5.248641729354858,2.2237883401878022,12.016180038452148,-0.00017449988808948547,0,0,0.7847080826759338,2.2366652488708496,4.580311298370361,4.981296062469482,12.399871826171875,0,0.23115237057209015,0.0029348984826356173,0.06128901243209839,1e-06,0.05447959899902344,0.9757342338562012,0.001546215731650591,-0.0012856775429099798,0.0024683475494384766,1816.579077241,0.4271611273288727,4.929702281951904,0,0.8354821801185608,3.021751382448201e-08,-9.204737580148503e-05,1,0.49429091811180115,1696.411964459828,0,0.0,1,0,1,0,6.929715156555176,0.5281922817230225,0.6428113579750061,11.498046875,1762702777.166631,0.0006366785382851958,69.12120819091797,0.9254801273345947,0,0.3162674903869629,0.0,307,1,0,0.4242262542247772,3.000368356704712,0,0.3720373511314392,0.10351106524467468,0.016406536102294922,190.0255889892578,1.3656312473550068e-19,0,0.7751328945159912,6785.647857839312,307,1,0.05410236120223999,0,0,12.089895248413086,0.4947320222854614
0.47599634528160095,0.5512428283691406,0,4.538092136383057,2.261428770335546,10.442753791809082,7.4476731242612e-05,0,0,0.7902777194976807,2.52640438079834,4.0940775871276855,4.347409725189209,10.364729881286621,0,0.2032686173915863,0.003922529984265566,0.06797292828559875,1e-06,0.07270050048828125,0.9793989658355713,0.0009876786498352885,-0.00244830921292305,0.0024585723876953125,1822.371570512,0.4265751242637634,2.6738009452819824,0,0.705650269985199,7.431445396832714e-07,-0.00010392723197583109,1,0.49404171109199524,1725.12588246007,0,0.0,1,0,1,0,6.432062149047852,0.5188903212547302,0.4886154234409332,11.498046875,1762702782.2629714,0.0008140632417052984,20.740140914916992,0.5512428283691406,0,0.31199243664741516,0.0,308,1,0,0.42265260219573975,2.0002920627593994,0,0.4280036985874176,0.08621281385421753,0.03970271348953247,41.47948455810547,4.719387219572094e-20,0,0.8099088668823242,6900.50352984028,308,1,0.06251481175422668,0,0,4.404951572418213,0.494640052318573
0.47500506043434143,0.5375421047210693,0,5.248281955718994,2.7474227120994312,12.225028038024902,-5.104409501655027e-05,0,0,0.7886732220649719,2.2353103160858154,4.336671352386475,5.353572845458984,10.552118301391602,0,0.1517278403043747,0.0032043945975601673,0.07248082756996155,1e-06,0.08724403381347656,0.9699841141700745,0.0015207582619041204,-0.0017995185917243361,0.002570629119873047,1830.52147974,0.42069122195243835,12.070476531982422,0,0.7670280933380127,4.2024123558803694e-07,-6.441905134124681e-05,1,0.49320101737976074,2095.865274588379,0,0.0,1,0,1,0,6.314180374145508,0.5238473415374756,0.668310821056366,11.498046875,1762702788.055684,0.0006850319332443178,196.54615783691406,0.5375421047210693,0,0.3106164336204529,0.0,309,1,0,0.41748684644699097,3.0003604888916016,0,0.3916815221309662,0.09910254180431366,0.04136131331324577,314.4737854003906,2.930854434997067e-16,0,0.7059309482574463,8383.461098353517,309,1,0.056523069739341736,0,0,20.62977409362793,0.49372655153274536
0.4803175628185272,0.5890452861785889,0,7.552202939987183,2.4598882861089195,10.485801696777344,0.0,0,0,0.7867717146873474,2.533221483230591,4.712153434753418,4.800448894500732,10.841984748840332,0,0.4983181357383728,0.0030331311281770468,0.0595356710255146,1e-06,0.047779083251953125,0.9886245727539062,0.043090589344501495,-0.0012482969323173165,0.0024759769439697266,1834.571248075,0.41297248005867004,3.1667983531951904,0,0.9380308389663696,3.9316542910228236e-08,0.0014010588638484478,1,0.4918796122074127,1876.5202804495939,0,0.0,1,0,1,0,6.410340309143066,0.5494396686553955,0.7689574956893921,11.498046875,1762702796.2036958,0.008184592239558697,14.715718269348145,0.5890452861785889,0,0.32813555002212524,0.0,310,1,0,0.40993934869766235,5.000583648681641,0,0.3454678952693939,0.10904340445995331,0.013873900286853313,33.04132080078125,8.545706305861898e-20,0,0.6772659420967102,7506.0811217983755,310,1,0.05499669909477234,0,0,5.186070442199707,0.49242544174194336
0.47907066345214844,0.4832580089569092,0,3.561391592025757,2.5802831910733977,10.636488914489746,-4.901899956166744e-05,0,0,0.7914988398551941,2.550403118133545,4.408652305603027,4.599532604217529,10.914571762084961,0,0.16518084704875946,0.004638472106307745,0.06881184130907059,1e-06,0.05109596252441406,0.9857882261276245,0.0010523081291466951,-0.0012471406953409314,0.002627134323120117,1840.351223272,0.435743510723114,2.932886838912964,0,0.7521925568580627,4.040688281747862e-07,-0.00014972378266975284,1,0.49529829621315,1968.3632645820212,0,0.0,1,0,1,0,6.786655426025391,0.520362377166748,0.9500338435173035,11.498046875,1762702800.2551038,0.0005070588085800409,15.75643539428711,0.4832580089569092,0,0.3205212950706482,0.0,311,1,0,0.4311050474643707,1.0002107620239258,0,0.37500956654548645,0.11789871007204056,0.012337473221123219,26.227195739746094,6.047306361882862e-17,0,0.740220844745636,7873.453058328085,311,1,0.06795746088027954,0,0,5.395018100738525,0.4959215819835663
0.4765813946723938,0.551924467086792,0,5.220785617828369,2.5800406469447665,10.434231758117676,0.0,0,0,0.8026318550109863,2.2097225189208984,3.7933175563812256,4.274794101715088,10.856492042541504,0,0.12579035758972168,0.003968254197388887,0.05996520817279816,1e-06,0.04625511169433594,0.9937831163406372,0.0011405020486563444,-0.0026530735194683075,0.002622842788696289,1844.085007864,0.4065934121608734,3.2275726795196533,0,0.9465281963348389,4.2293862634323887e-07,-0.00015707033162470907,1,0.490501344203949,1968.1782403356556,0,0.0,1,0,1,0,5.580635070800781,0.5540463924407959,0.6493552327156067,11.498046875,1762702806.0349727,0.000824982242193073,12.833242416381836,0.551924467086792,0,0.3176630735397339,0.0,312,1,0,0.402625173330307,3.000378131866455,0,0.3107313811779022,0.09467735141515732,0.02190050110220909,25.203094482421875,1.0511729333443233e-17,0,0.6024188995361328,7872.712961342622,312,1,0.0628785640001297,0,0,5.972565650939941,0.4912726879119873
0.4757293462753296,0.4036257266998291,0,3.323665142059326,2.6184227138519094,10.39199447631836,0.0,0,0,0.8202707767486572,2.3123042583465576,3.9263787269592285,4.068439483642578,10.890843391418457,0,0.12744998931884766,0.003663003910332918,0.07113157957792282,1e-06,0.059024810791015625,0.9940335154533386,0.0008161522564478219,-0.0044385879300534725,0.002515077590942383,1849.505840771,0.4035409092903137,2.852233648300171,0,0.9380347728729248,9.806491618746804e-08,-0.0001551253953948617,1,0.48994776606559753,1997.4579142800187,0,0.0,1,0,1,0,6.396964073181152,0.5489967465400696,0.6761786341667175,11.498046875,1762702809.7689815,0.0009862472070381045,12.455876350402832,0.4036257266998291,0,0.3042289912700653,0.0,313,1,0,0.3998779058456421,1.0001821517944336,0,0.3130680024623871,0.10273903608322144,0.025034427642822266,33.91535949707031,9.751921754602037e-18,0,0.6140627861022949,7989.831657120075,313,1,0.06042102724313736,0,0,5.975784778594971,0.49068230390548706
0.4752015471458435,0.8938579559326172,0,4.519479513168335,2.663001324543361,11.347774505615234,0.0,0,0,0.7984811067581177,2.5080456733703613,4.261180877685547,4.469879150390625,11.61340045928955,0,0.5145977139472961,0.002891008974984288,0.07414034754037857,1e-06,0.06900405883789062,0.9932095408439636,0.0031636198982596397,-0.00474263820797205,0.0025985240936279297,1854.274261362,0.40416303277015686,3.3645520210266113,0,0.9032543301582336,1.790285040215167e-07,-0.0001542567479191348,1,0.49022671580314636,2031.4646077990558,0,0.0,1,0,1,0,6.426605224609375,0.5460020899772644,0.7447053790092468,11.498046875,1762702815.1890013,0.0013453993014991283,28.764759063720703,0.8938579559326172,0,0.32139644026756287,0.0,314,1,0,0.4012720286846161,2.000298261642456,0,0.3566928207874298,0.11233053356409073,0.03161909058690071,80.53582763671875,5.5843136861383534e-18,0,0.6328473091125488,8125.858431196223,314,1,0.053698088973760605,0,0,7.212744235992432,0.49080029129981995
0.4777631461620331,0.4984781742095947,0,4.2636823654174805,2.5572905722340065,10.145259857177734,0.0,0,0,0.7823653221130371,2.252406120300293,3.8625495433807373,4.055813789367676,10.601768493652344,0,0.11256381124258041,0.0027124774642288685,0.06604679673910141,1e-06,0.09675788879394531,0.9905790686607361,0.0007849273970350623,-0.0017116859089583158,0.002536773681640625,1860.891803742,0.4258589446544647,2.663358688354492,0,0.8177799582481384,5.123600743672796e-08,-7.033497968222946e-05,1,0.4941326975822449,1950.8233966959822,0,0.0,1,0,1,0,6.18901252746582,0.5292349457740784,0.6564799547195435,11.498046875,1762702819.9580019,0.0005674200365319848,11.51910400390625,0.4984781742095947,0,0.32989442348480225,0.0,315,1,0,0.42314645648002625,2.0002598762512207,0,0.3695993721485138,0.10907638072967529,0.01235488522797823,36.70352554321289,1.6210184348818799e-16,0,0.6168916821479797,7803.293586783929,315,1,0.052018605172634125,0,0,5.230726718902588,0.4945470690727234
0.4677676856517792,0.3464081287384033,0,6.26450252532959,2.4939343490572266,10.01253604888916,-0.00013994712207932025,0,0,0.7889097332954407,2.2530903816223145,3.2385036945343018,3.5941543579101562,9.786093711853027,0,0.22669625282287598,0.005223636981099844,0.07149994373321533,1e-06,0.04743766784667969,0.9939608573913574,0.0018828994361683726,-0.0017577307298779488,0.002395153045654297,1864.957256796,0.36238980293273926,2.6522114276885986,0,0.9665307998657227,4.986170765164388e-08,-0.00010308733180863783,1,0.47924259305000305,1902.4922434662647,0,0.0,1,0,1,0,5.12396240234375,0.5915711522102356,0.8288136124610901,11.498046875,1762702826.5755398,0.0007029627449810505,11.72569465637207,0.3464081287384033,0,0.33240723609924316,0.0,316,1,0,0.3571661710739136,4.000438690185547,0,0.32426491379737854,0.11665421724319458,0.021163582801818848,58.521209716796875,1.7164510562455107e-18,0,0.6431615948677063,7609.968973865059,316,1,0.07209748774766922,0,0,5.867033004760742,0.4807690680027008
0.4627135396003723,0.42926836013793945,0,3.6303420066833496,2.554418210088871,9.15721607208252,0.0,0,0,0.830357015132904,2.619373321533203,2.975109338760376,3.2755682468414307,9.099508285522461,0,0.11045593023300171,0.002966558560729027,0.05530395731329918,1e-06,0.06072235107421875,0.9963303208351135,0.0016433137934654951,-0.002301950706169009,0.0025038719177246094,1870.410075218,0.33252426981925964,2.727245330810547,0,0.9866935014724731,6.355572850225144e-07,-8.44984533614479e-05,1,0.47011598944664,1948.6322216541803,0,0.0,1,0,1,0,5.343334197998047,0.6217077374458313,0.5639368891716003,11.498046875,1762702830.6420588,0.0007685712771490216,11.363066673278809,0.42926836013793945,0,0.2950505018234253,0.0,317,1,0,0.3295576870441437,1.0001447200775146,0,0.30115407705307007,0.0865069180727005,0.023047950118780136,24.50560760498047,8.426881314560288e-17,0,0.5312108993530273,7794.528886616721,317,1,0.05439260974526405,0,0,5.902281761169434,0.4711812138557434
0.4674208164215088,0.2349987030029297,0,5.209946870803833,2.5641302090293854,9.634445190429688,0.0,0,0,0.8253912925720215,2.198481321334839,3.031440019607544,3.3405168056488037,10.041069984436035,0,0.0955309271812439,0.0028272545896470547,0.07124193757772446,1e-06,0.0295562744140625,0.9947105646133423,0.0011321947677060962,-0.0052337911911308765,0.002473592758178711,1875.420124423,0.34775233268737793,2.4076268672943115,0,0.9873306155204773,2.1670633998382982e-07,-0.0002693760034162551,1,0.4754110276699066,1956.0409983366403,0,0.0,1,0,1,0,6.694910049438477,0.6049085259437561,0.7159847021102905,11.498046875,1762702836.0940454,0.0013660998083651066,11.101533889770508,0.2349987030029297,0,0.3008863031864166,0.0,318,1,0,0.34492507576942444,3.0004358291625977,0,0.2705381512641907,0.10982390493154526,0.02126338519155979,21.43979263305664,1.2535778452337897e-15,0,0.545988917350769,7824.163993346561,318,1,0.0531042218208313,0,0,5.032588958740234,0.4763242304325104
0.46432146430015564,0.7530138492584229,0,4.250180721282959,2.7247418012582476,9.352507591247559,0.0,0,0,0.8193380236625671,2.238208532333374,2.820481538772583,3.479229688644409,8.656408309936523,0,0.09002315998077393,0.004830917809158564,0.059300318360328674,1e-06,0.04530906677246094,0.9949406981468201,0.0008974454249255359,-0.0010223471326753497,0.0026128292083740234,1881.371965537,0.3404376208782196,4.655855655670166,0,0.9858217835426331,4.470634280551167e-07,-3.9857124647824094e-05,1,0.472269207239151,2078.56319245201,0,0.0,1,0,1,0,6.014863967895508,0.6107590794563293,0.6233073472976685,11.498046875,1762702841.103989,0.00047629946493543684,65.43594360351562,0.7530138492584229,0,0.3115851879119873,0.0,319,1,0,0.3356066942214966,2.0002968311309814,0,0.3130837380886078,0.10332546383142471,0.013746827840805054,143.9590301513672,1.999141751121182e-16,0,0.5919061899185181,8314.25276980804,319,1,0.06934656202793121,0,0,9.876626968383789,0.4739236831665039
0.4729398787021637,0.5030272006988525,0,5.4418299198150635,2.601909891384222,9.4505615234375,-1.4626481970481109e-05,0,0,0.7895370125770569,2.430405378341675,3.902214765548706,3.7505955696105957,9.897713661193848,0,0.11910056322813034,0.0027254708111286163,0.07668616622686386,1e-06,0.06272506713867188,0.9866460561752319,0.0011036715004593134,-0.0009088506340049207,0.002491474151611328,1885.841420929,0.38974234461784363,2.536167860031128,0,0.8960484266281128,2.2414626599243093e-08,-1.5119259842322208e-05,1,0.4871279001235962,1984.8611445717916,0,0.0,1,0,1,0,6.437265396118164,0.5486403703689575,0.639891505241394,11.498046875,1762702847.0558095,0.0005025972495786846,11.7817964553833,0.5030272006988525,0,0.3215826451778412,0.0,320,1,0,0.3870168626308441,3.000403642654419,0,0.3740632236003876,0.10318851470947266,0.03165639936923981,23.86381721496582,6.502459119043266e-16,0,0.6612327098846436,7939.444578287166,320,1,0.05214130878448486,0,0,5.029675006866455,0.48775219917297363
0.46899503469467163,0.871891975402832,0,3.59065842628479,2.6765063916308294,10.136795043945312,3.372267747181468e-05,0,0,0.8244464993476868,2.5791499614715576,3.2791976928710938,3.826364755630493,9.542248725891113,0,0.18613101541996002,0.0026809650007635355,0.06045984476804733,1e-06,0.039470672607421875,0.995865523815155,0.0010267685865983367,-0.002766746561974287,0.0024225711822509766,1891.381595768,0.36044085025787354,4.716311454772949,0,0.984097421169281,2.843939057584066e-07,-0.0001236995158251375,1,0.47941234707832336,2041.7669180387431,0,0.0,1,0,1,0,6.575204849243164,0.5928076505661011,0.5993376970291138,11.498046875,1762702851.5250204,0.0007754375692456961,64.02284240722656,0.871891975402832,0,0.29978957772254944,0.0,321,1,0,0.35775989294052124,1.000185489654541,0,0.3066681921482086,0.10475132614374161,0.011624585837125778,153.654052734375,1.5826040348860192e-16,0,0.6500481367111206,8167.067672154973,321,1,0.051716286689043045,0,0,10.918485641479492,0.4801998734474182
0.4703550636768341,0.3043210506439209,0,5.2298712730407715,2.5785485731836446,9.229351997375488,-0.00010373271652497351,0,0,0.7905780673027039,2.2179787158966064,3.130803346633911,3.66357684135437,8.700191497802734,0,0.25983333587646484,0.003704510862007737,0.07557238638401031,1e-06,0.05978202819824219,0.9874366521835327,0.0008724331273697317,-0.0019535236060619354,0.0024406909942626953,1897.294479092,0.37720635533332825,3.2359750270843506,0,0.907362163066864,1.6841154604207986e-07,-0.0001892617146950215,1,0.48378634452819824,1967.0400152022285,0,0.0,1,0,1,0,6.397491455078125,0.5590317845344543,0.5570350885391235,11.498046875,1762702857.0653136,0.0006033176323398948,35.08141326904297,0.3043210506439209,0,0.32037895917892456,0.0,322,1,0,0.37350183725357056,3.000352144241333,0,0.37227100133895874,0.09381703287363052,0.050940874963998795,140.32542419433594,5.073896926078832e-19,0,0.6299418807029724,7868.160060808914,322,1,0.06075847148895264,0,0,9.34775447845459,0.4847400486469269
0.47830188274383545,0.20915865898132324,0,5.696365594863892,2.551808865975476,10.370686531066895,-4.182096745353192e-05,0,0,0.7781923413276672,2.6823017597198486,4.012873649597168,4.167946815490723,10.575678825378418,0,0.11013028025627136,0.004007012117654085,0.07124835252761841,1e-06,0.05260467529296875,0.9866334199905396,0.001890202984213829,-0.002221491653472185,0.002524137496948242,1902.087264781,0.41121962666511536,2.480410575866699,0,0.8930670022964478,8.183599220501492e-07,-0.00013896566815674305,1,0.4913766086101532,1946.6416893299654,0,0.0,1,0,1,0,5.820808410644531,0.5381041169166565,0.6997475028038025,11.498046875,1762702862.9775379,0.0007858399767428637,11.433156967163086,0.20915865898132324,0,0.3272036015987396,0.0,323,1,0,0.40721261501312256,3.0003626346588135,0,0.329205185174942,0.10022587329149246,0.030942032113671303,27.166763305664062,1.1245146939068231e-15,0,0.5631930828094482,7786.566757319862,323,1,0.06318192929029465,0,0,5.121950626373291,0.4921165704727173
0.46281149983406067,0.5101346969604492,0,4.277673959732056,2.5573653768084785,8.396865844726562,-3.763781569432467e-05,0,0,0.8065938949584961,2.2664377689361572,2.389086961746216,2.932237148284912,8.906424522399902,0,0.391079843044281,0.004337767604738474,0.06258987635374069,1e-06,0.02399444580078125,0.9932690262794495,0.001232995418831706,-0.0021180249750614166,0.002488374710083008,1906.887462973,0.3331405520439148,2.6031227111816406,0,0.9911236763000488,1.2060229437338421e-06,-0.00011704192729666829,1,0.46984609961509705,1950.880461198407,0,0.0,1,0,1,0,6.761470794677734,0.619857132434845,0.6859211921691895,11.498046875,1762702867.7718203,0.0007027034880593419,11.438176155090332,0.5101346969604492,0,0.3155636191368103,0.0,324,1,0,0.32880279421806335,2.000300407409668,0,0.2768227159976959,0.10557673126459122,0.019297918304800987,24.65094757080078,2.6968914941690163e-15,0,0.5855349898338318,7803.521844793628,324,1,0.06572823226451874,0,0,5.904331207275391,0.47140446305274963
0.4793291985988617,0.5128500461578369,0,4.2819225788116455,2.702109871157429,10.130186080932617,9.405532068740285e-07,0,0,0.7835497260093689,2.2706477642059326,3.678295135498047,4.0422139167785645,10.334792137145996,0,0.11714218556880951,0.0030530113726854324,0.06827541440725327,1e-06,0.028766632080078125,0.9901566505432129,0.000665621308144182,-0.0014182394370436668,0.002469301223754883,1912.955638014,0.399666965007782,3.008711814880371,0,0.9655793905258179,1.0446709666211973e-06,-0.00011818759958259761,1,0.4892624616622925,2061.2984751639406,0,0.0,1,0,1,0,5.907564163208008,0.5573316216468811,0.6322881579399109,11.498046875,1762702872.5733442,0.0005963916191831231,18.8780574798584,0.5128500461578369,0,0.32662233710289,0.0,325,1,0,0.3966139554977417,2.0003488063812256,0,0.308650404214859,0.10997112095355988,0.01621362566947937,53.986289978027344,7.13053341415762e-15,0,0.6473596096038818,8245.193900655762,325,1,0.05517730489373207,0,0,6.622097969055176,0.48989781737327576
0.4765098989009857,0.5040018558502197,0,5.554744005203247,2.579625296219375,9.93042278289795,-0.00013959383068140596,0,0,0.7845112681388855,2.5435354709625244,3.737076997756958,3.916273832321167,10.035313606262207,0,0.20991544425487518,0.0035499725490808487,0.07093119621276855,1e-06,0.026784896850585938,0.9877524375915527,0.004473915323615074,-0.004188104532659054,0.0025289058685302734,1918.055157963,0.40223920345306396,2.875235080718994,0,0.9148858189582825,5.822337811878242e-07,-0.0001524448161944747,1,0.4896954298019409,1967.8613909632277,0,0.0,1,0,1,0,6.521150588989258,0.5495702624320984,0.6576905250549316,11.498046875,1762702878.6390326,0.0014232349349185824,12.494927406311035,0.5040018558502197,0,0.3231300115585327,0.0,326,1,0,0.3986892104148865,3.0004613399505615,0,0.3582371473312378,0.11284864693880081,0.01593850366771221,26.561100006103516,5.5090556359554214e-17,0,0.7364220023155212,7871.445563852911,326,1,0.05948391556739807,0,0,4.694498538970947,0.49041667580604553
0.467158704996109,0.5089037418365479,0,4.58442234992981,2.59519136862783,13.306020736694336,0.0,0,0,0.8043586611747742,2.572815179824829,3.014890670776367,4.640366554260254,8.92359447479248,0,0.25745490193367004,0.005147058982402086,0.07532329857349396,1e-06,0.03834724426269531,0.9859045743942261,0.0018457630649209023,-0.0037444233894348145,0.002782583236694336,1921.952306051,0.35318630933761597,16.12989044189453,0,0.9644377827644348,3.854418295645701e-08,-0.00020906393183395267,1,0.47640690207481384,1979.7359345050472,0,0.0,1,0,1,0,6.877440452575684,0.583275318145752,0.7132178544998169,11.498046875,1762702883.7394607,0.001303118304349482,260.79595947265625,0.5089037418365479,0,0.31137874722480774,0.0,327,1,0,0.3480392396450043,2.000317096710205,0,0.35590821504592896,0.10994736105203629,0.036970242857933044,782.37548828125,4.21626266665793e-16,0,0.6433966159820557,7918.943738020189,327,1,0.07156690210103989,0,0,48.2900505065918,0.47801855206489563
0.46894127130508423,0.5514912605285645,0,3.3385496139526367,2.6726453003156108,9.260457992553711,-4.976256605004892e-05,0,0,0.8162411451339722,2.3273468017578125,2.700953245162964,3.3455255031585693,9.715784072875977,0,0.19789347052574158,0.004916136618703604,0.054528482258319855,1e-06,0.0257568359375,0.9945619702339172,0.003133992897346616,-0.002523096976801753,0.0025489330291748047,1926.444115372,0.3568536937236786,2.8721044063568115,0,0.9856563806533813,1.0668857157725142e-06,-4.0552945392846595e-06,1,0.4776436984539032,2038.821493159658,0,0.0,1,0,1,0,6.1302642822265625,0.5984802842140198,0.6614943146705627,11.498046875,1762702887.63623,0.001030806335620582,11.720440864562988,0.5514912605285645,0,0.30762404203414917,0.0,328,1,0,0.35193753242492676,1.000190019607544,0,0.28809854388237,0.08433781564235687,0.01188342273235321,54.55292892456055,2.32890438298149e-15,0,0.5638976097106934,8155.285972638632,328,1,0.06995271891355515,0,0,6.6645894050598145,0.47914037108421326
0.4715600311756134,0.8645775318145752,0,3.6201634407043457,2.7722797041672314,9.788291931152344,0.0,0,0,0.7981009483337402,2.608987808227539,3.3707189559936523,3.61305570602417,9.801839828491211,0,0.1895582526922226,0.004035512916743755,0.056766945868730545,1e-06,0.027116775512695312,0.989692747592926,0.0014651375822722912,-0.0029186978936195374,0.0023887157440185547,1933.56760006,0.3661555051803589,3.430511474609375,0,0.9800803661346436,2.4858904268398874e-08,-0.00010000702604884282,1,0.48067793250083923,2114.827375424261,0,0.0,1,0,1,0,5.133594512939453,0.5837236046791077,0.5460859537124634,11.498046875,1762702892.1275535,0.0009447717457078397,41.063392639160156,0.8645775318145752,0,0.3196946978569031,0.0,329,1,0,0.36212000250816345,1.0001776218414307,0,0.3245472311973572,0.07708951085805893,0.028409821912646294,76.26053619384766,5.6912838557730984e-18,0,0.6213933229446411,8459.309501697044,329,1,0.06340590119361877,0,0,6.654134750366211,0.4818175137042999
0.46827688813209534,0.8784675598144531,0,6.23867654800415,2.618854542871385,10.561924934387207,0.0,0,0,0.7871370911598206,2.2273547649383545,3.2121145725250244,3.770404577255249,10.878384590148926,0,0.18040819466114044,0.00523012550547719,0.08588980883359909,1e-06,0.026378631591796875,0.9905028343200684,0.001523539307527244,-0.002376140560954809,0.002478361129760742,1938.549466751,0.36767780780792236,2.537823438644409,0,0.9339883327484131,7.260815948484378e-08,-0.00014473966439254582,1,0.4807700216770172,1997.7873340822546,0,0.0,1,0,1,0,5.911862373352051,0.5688393712043762,0.8272560238838196,11.498046875,1762702899.2515779,0.000849152565933764,12.209125518798828,0.8784675598144531,0,0.3280801773071289,0.0,330,1,0,0.36244767904281616,4.000535011291504,0,0.33722472190856934,0.1231524646282196,0.03564371168613434,20.90439796447754,5.378934500772665e-17,0,0.6006854772567749,7991.149336329018,330,1,0.0721396654844284,0,0,5.084812641143799,0.4822360873222351
0.46234408020973206,0.4979851245880127,0,4.4751811027526855,2.654219894992868,9.034398078918457,0.0,0,0,0.7875248193740845,2.463198184967041,2.9711410999298096,3.0892105102539062,8.646763801574707,0,0.09284526109695435,0.004978662822395563,0.08920316398143768,1e-06,0.036930084228515625,0.9848198294639587,0.0014272825792431831,-0.0017605401808395982,0.002773284912109375,1942.76750875,0.3413940370082855,2.262460947036743,0,0.9626024961471558,1.0115255122400413e-07,-0.0001315385743509978,1,0.47253891825675964,2024.7657138956645,0,0.0,1,0,1,0,5.320953369140625,0.5876336693763733,0.5785174369812012,11.498046875,1762702904.231784,0.0007953182212077081,12.337224006652832,0.4979851245880127,0,0.32243990898132324,0.0,331,1,0,0.3364153802394867,2.0002706050872803,0,0.3353029787540436,0.10528168082237244,0.049066729843616486,45.27665710449219,7.110886590825174e-17,0,0.5860092639923096,8099.062855582658,331,1,0.07039211690425873,0,0,5.92823600769043,0.47423356771469116
0.46859946846961975,0.8771307468414307,0,3.3347959518432617,2.753269149797493,10.927692413330078,0.0,0,0,0.8133590817451477,2.3236284255981445,3.607546091079712,3.86584210395813,11.41328239440918,0,0.16058780252933502,0.002584721427410841,0.07990167289972305,1e-06,0.026163101196289062,0.9928403496742249,0.0025868345983326435,-0.0018411243800073862,0.002411365509033203,1950.249524336,0.3744974136352539,2.7636845111846924,0,0.9454624652862549,2.677173256415699e-07,6.50274014333263e-05,1,0.4833846688270569,2100.3252165177555,0,0.0,1,0,1,0,6.151811599731445,0.5736820101737976,0.7041032910346985,11.498046875,1762702908.450383,0.000950282032135874,20.09295082092285,0.8771307468414307,0,0.3084343671798706,0.0,332,1,0,0.3719126880168915,1.0001652240753174,0,0.2646702527999878,0.1123213991522789,0.037619736045598984,59.338783264160156,4.2724586704968225e-17,0,0.5104296803474426,8401.300866071022,332,1,0.050781700760126114,0,0,6.495346546173096,0.4840623736381531
0.46174752712249756,0.8753302097320557,0,6.600240707397461,2.6083548740916638,8.559832572937012,-6.809277692809701e-05,0,0,0.7920121550559998,2.5881829261779785,2.7301104068756104,3.3714396953582764,8.639450073242188,0,0.14971716701984406,0.003761894069612026,0.09705948084592819,1e-06,0.026575088500976562,0.989265501499176,0.006434954237192869,-0.000670156383421272,0.0024902820587158203,1953.595760701,0.32706350088119507,2.5754082202911377,0,0.986964225769043,1.256497341728391e-07,0.00015523139154538512,1,0.4677885174751282,1989.7776852236407,0,0.0,1,0,1,0,6.552602767944336,0.6017691493034363,0.6089104413986206,11.498046875,1762702915.932959,0.0012673161691054702,11.693338394165039,0.8753302097320557,0,0.31918731331825256,0.0,333,1,0,0.32330161333084106,4.000529766082764,0,0.3162764310836792,0.1079673320055008,0.06582529842853546,20.649932861328125,2.1537766153675191e-16,0,0.5701540112495422,7959.110740894563,333,1,0.06122558191418648,0,0,4.4435811042785645,0.46919259428977966
0.4624902009963989,0.5465505123138428,0,2.792863607406616,2.68904485975564,9.70889663696289,2.9445563995977864e-06,0,0,0.8092268109321594,2.6189916133880615,2.7683756351470947,3.3556318283081055,9.508284568786621,0,0.19502319395542145,0.006595218554139137,0.0784238800406456,1e-06,0.03497123718261719,0.9877797961235046,0.0019583869725465775,-0.0036694915033876896,0.16449308395385742,1958.426542703,0.34240177273750305,2.923502206802368,0,0.9722647666931152,1.4249549167288933e-06,-0.000144945050124079,1,0.4723365604877472,2051.3318604204137,0,0.0,1,0,1,0,4.342683792114258,0.5991091728210449,0.7156090140342712,11.498046875,1762702919.279026,0.001163554610684514,30.481666564941406,0.5465505123138428,0,0.3089465796947479,0.0,334,1,0,0.33580654859542847,6.222724914550781e-05,0,0.2932908535003662,0.10339587926864624,0.04752218723297119,66.0236587524414,3.7648854265110137e-16,0,0.5243757963180542,8205.327441681655,334,1,0.08095382899045944,0,0,6.073606491088867,0.4745784103870392
0.4676378667354584,0.8760435581207275,0,3.94673752784729,2.715197480103793,10.40112590789795,-5.97671460127458e-05,0,0,0.8047296404838562,1.9356236457824707,3.2297401428222656,3.754302740097046,10.5254545211792,0,0.22829432785511017,0.003050640458241105,0.07608126848936081,1e-06,0.03610992431640625,0.9885784387588501,0.0013574889162555337,-0.0015017244732007384,0.0024008750915527344,1964.247915082,0.35265403985977173,2.9311044216156006,0,0.9770216345787048,2.957939670977794e-07,-5.372862142394297e-05,1,0.47691744565963745,2071.2823283938337,0,0.0,1,0,1,0,5.122936248779297,0.5974593162536621,0.622580349445343,11.498046875,1762702924.108798,0.0007027083192951977,14.67040729522705,0.8760435581207275,0,0.31499847769737244,0.0,335,1,0,0.34960341453552246,2.000288486480713,0,0.24949148297309875,0.09754966199398041,0.056265104562044144,53.7913932800293,1.2407272436931987e-16,0,0.4622368812561035,8285.129313575335,335,1,0.05515670403838158,0,0,5.967979431152344,0.47786903381347656
0.47181373834609985,0.5593531131744385,0,5.258439302444458,2.6672544410625796,9.43667221069336,-9.453317034058273e-05,0,0,0.7500305771827698,2.246480941772461,3.3674662113189697,3.87105655670166,9.27364730834961,0,0.18086721003055573,0.0065435850992798805,0.09022427350282669,1e-06,0.07207679748535156,0.9521512389183044,0.0006284390110522509,-0.001491716830059886,0.002462148666381836,1971.320444358,0.4150502383708954,2.588146686553955,0,0.6751214265823364,1.5755153981444892e-07,-0.00014783881488256156,1,0.4916151165962219,2034.7090882287155,0,0.0,1,0,1,0,5.522670745849609,0.5202026963233948,0.695006251335144,11.498046875,1762702929.9336917,0.0004928971757180989,11.201676368713379,0.5593531131744385,0,0.3373991549015045,0.0,336,1,0,0.4085066616535187,3.000352382659912,0,0.37006378173828125,0.11413361877202988,0.0520516112446785,83.1686019897461,1.8213446650530577e-15,0,0.5750830769538879,8138.836352914862,336,1,0.08063675463199615,0,0,6.470564842224121,0.49278828501701355
0.4540770947933197,0.5191242694854736,0,6.544619560241699,2.4971178150096227,9.832629203796387,0.0,0,0,0.8208606243133545,2.5289855003356934,2.916398048400879,3.2653257846832275,9.500528335571289,0,0.13451409339904785,0.0037914691492915154,0.0762212872505188,1e-06,0.03267478942871094,0.992917001247406,0.01375817321240902,-0.006685866974294186,0.0026695728302001953,1975.065608381,0.3052132725715637,2.2897727489471436,0,0.9934716820716858,1.4923794822152558e-07,0.00029083999106660485,1,0.4589298665523529,1904.920743352022,0,0.0,1,0,1,0,6.152100563049316,0.641244113445282,0.5990973711013794,11.498046875,1762702937.0038188,0.0029683366883546114,11.335269927978516,0.5191242694854736,0,0.3012591302394867,0.0,337,1,0,0.30142179131507874,4.00037693977356,0,0.28206607699394226,0.10543811321258545,0.03527483344078064,22.240177154541016,3.219124363842735e-15,0,0.5214726328849792,7619.682973408088,337,1,0.06146534904837608,0,0,5.2323079109191895,0.46055227518081665
0.4725853204727173,0.4222073554992676,0,3.3171303272247314,2.5246231114640363,8.94502067565918,-3.2718631700845435e-05,0,0,0.7988656163215637,2.3061678409576416,3.345432758331299,3.4176137447357178,9.283872604370117,0,0.11761125177145004,0.003885651007294655,0.06083507090806961,1e-06,0.06458473205566406,0.9884687066078186,0.0015160185284912586,-0.0011497661471366882,0.002400636672973633,1981.512840333,0.3935609459877014,2.2075681686401367,0,0.8885400295257568,8.17580172451926e-08,-3.2377010938944295e-05,1,0.4877443015575409,1925.9030972694554,0,0.0,1,0,1,0,3.8939132690429688,0.5482044816017151,0.6048882603645325,11.498046875,1762702940.750217,0.0005162263987585902,10.042874336242676,0.4222073554992676,0,0.31731000542640686,0.0,338,1,0,0.3896752893924713,1.0001811981201172,0,0.32408562302589417,0.07643882185220718,0.03269262984395027,19.89366912841797,5.972984117670523e-15,0,0.5160945057868958,7703.612389077822,338,1,0.062222398817539215,0,0,4.571131706237793,0.4886071979999542
0.47209495306015015,0.8655376434326172,0,5.573808431625366,2.5449825810726168,9.35581111907959,-9.179320477414876e-05,0,0,0.7826336622238159,2.5610220432281494,3.626453161239624,3.7117629051208496,9.339556694030762,0,0.220433309674263,0.005500000435858965,0.08031906187534332,1e-06,0.05620384216308594,0.9781969785690308,0.0028743911534547806,-0.00474668201059103,0.002812623977661133,1986.415499829,0.38475000858306885,3.0810201168060303,0,0.9175843000411987,1.0736277289424834e-07,-0.00023021835659164935,1,0.48526105284690857,1941.4342731506702,0,0.0,1,0,1,0,5.598674774169922,0.5561228394508362,0.6619464159011841,11.498046875,1762702947.196324,0.0011723878560587764,30.574657440185547,0.8655376434326172,0,0.32431066036224365,0.0,339,1,0,0.37925001978874207,3.000308036804199,0,0.32362061738967896,0.10168743133544922,0.04170089215040207,83.9622573852539,1.4364816863234653e-17,0,0.5307512879371643,7765.737092602681,339,1,0.07396700233221054,0,0,6.6732964515686035,0.4865970015525818
0.4760786294937134,0.3018522262573242,0,4.594434022903442,2.534723192672605,10.15330982208252,-3.8060716178733855e-06,0,0,0.7783469557762146,2.5835533142089844,3.76369309425354,4.1699957847595215,10.475863456726074,0,0.13860589265823364,0.004505698103457689,0.07671744376420975,1e-06,0.05580902099609375,0.9793760180473328,0.0024126539938151836,-0.0038584598805755377,0.002466917037963867,1990.372300342,0.4124039113521576,2.795535087585449,0,0.8526558876037598,3.5550307586618146e-08,-9.572829003445804e-05,1,0.49150919914245605,1933.607921642617,0,0.0,1,0,1,0,5.9388580322265625,0.5378590226173401,0.7813555598258972,11.498046875,1762702952.0992937,0.0010232748463749886,19.955049514770508,0.3018522262573242,0,0.32797184586524963,0.0,340,1,0,0.4078982174396515,2.000215768814087,0,0.319427490234375,0.11215484142303467,0.03513426333665848,39.12874221801758,4.6528476939909115e-15,0,0.5597939491271973,7734.431686570468,340,1,0.0669819787144661,0,0,4.8462934494018555,0.4923323690891266
0.4712386429309845,0.6213185787200928,0,3.3281607627868652,2.548692406800276,9.048248291015625,-3.1915988074615598e-06,0,0,0.7734894752502441,2.316587209701538,3.2578823566436768,3.7034449577331543,8.83402156829834,0,0.12869757413864136,0.005175252910703421,0.09779097884893417,1e-06,0.07201004028320312,0.9701194167137146,0.0018217021133750677,-0.002981041558086872,0.002446413040161133,1996.206175566,0.39496588706970215,2.7735037803649902,0,0.8440649509429932,2.3816459915337873e-08,-0.0002238074957858771,1,0.4877600371837616,1944.264305414411,0,0.0,1,0,1,0,6.423480987548828,0.5376509428024292,0.7382700443267822,11.498046875,1762702956.05559,0.0010406277142465115,17.231454849243164,0.6213185787200928,0,0.32489174604415894,0.0,341,1,0,0.3897906243801117,1.0001463890075684,0,0.3748483955860138,0.11682876199483871,0.06808622181415558,24.400358200073242,7.818101397662983e-16,0,0.598069429397583,7777.057221657644,341,1,0.07176128029823303,0,0,5.026885986328125,0.4889008700847626
0.468951016664505,0.8889760971069336,0,4.937674522399902,2.5835549264988904,11.546960830688477,0.0,0,0,0.8147356510162354,1.926347017288208,4.122095584869385,4.044788360595703,12.063159942626953,0,0.40262898802757263,0.002551743760704994,0.06617600470781326,1e-06,0.0381011962890625,0.9901644587516785,0.002219351939857006,-0.002545860828831792,0.0023603439331054688,2003.336430421,0.3549758791923523,2.4423344135284424,0,0.9835739135742188,6.469652191753994e-08,-1.8997277948074043e-05,1,0.4777929186820984,1970.859100638021,0,0.0,1,0,1,0,4.808820724487305,0.5974760055541992,0.572568953037262,11.498046875,1762702961.889053,0.0009570501279085875,13.61487865447998,0.8889760971069336,0,0.3098435401916504,0.0,342,1,0,0.35242414474487305,3.0002965927124023,0,0.2781566381454468,0.09941495954990387,0.021021544933319092,31.01280403137207,3.7647274019267916e-16,0,0.5052642822265625,7883.436402552084,342,1,0.05045744776725769,0,0,5.014825344085693,0.47857382893562317
0.46361327171325684,0.6068496704101562,0,6.516875982284546,2.3832902648036973,10.126805305480957,-1.9589690054999664e-05,0,0,0.821391761302948,2.5040698051452637,3.4406423568725586,3.7954652309417725,10.331993103027344,0,0.14066056907176971,0.0029761907644569874,0.07543832808732986,1e-06,0.038768768310546875,0.9931703805923462,0.02912243828177452,-0.0014880899107083678,0.0025396347045898438,2007.326858536,0.3286210596561432,2.751262903213501,0,0.9922008514404297,3.105495238742151e-07,0.0008717934833839536,1,0.4686734080314636,1818.0876511170945,0,0.0,1,0,1,0,4.551063537597656,0.6310945153236389,0.6534996628761292,11.498046875,1762702969.0196862,0.005576164927333593,11.224481582641602,0.6068496704101562,0,0.30346348881721497,0.0,343,1,0,0.325644850730896,4.0004191398620605,0,0.2603766918182373,0.11794381588697433,0.02840482071042061,34.869476318359375,1.0846814409324177e-17,0,0.4866204857826233,7272.350604468378,343,1,0.05447998270392418,0,0,5.741304874420166,0.4697701334953308
0.4682973325252533,0.669447660446167,0,3.3142576217651367,2.4588263191793516,9.593060493469238,-2.5055585865629837e-05,0,0,0.7874470353126526,2.303407907485962,3.384979724884033,3.5341074466705322,9.7239990234375,0,0.14348949491977692,0.004810262005776167,0.060042429715394974,1e-06,0.0705718994140625,0.9814460277557373,0.0011411219602450728,-0.0022812383249402046,0.0024254322052001953,2014.751728315,0.36477822065353394,2.4056875705718994,0,0.9570165276527405,6.663038476517613e-08,-0.00014514282520394772,1,0.4800547957420349,1875.7101613511963,0,0.0,1,0,1,0,4.274883270263672,0.5822609066963196,0.8254281878471375,11.498046875,1762702973.010192,0.0006292089819908142,11.087742805480957,0.669447660446167,0,0.3257234990596771,0.0,344,1,0,0.3599679470062256,1.000147819519043,0,0.3318496346473694,0.10046793520450592,0.021886413916945457,36.85083770751953,4.023659616725368e-17,0,0.5290946960449219,7502.840645404785,344,1,0.06919828802347183,0,0,5.5375657081604,0.4814322590827942
0.4624560475349426,0.886138916015625,0,6.534650564193726,2.3973521490966725,9.882963180541992,-4.273534068488516e-05,0,0,0.7995924949645996,2.522430419921875,3.4812839031219482,3.918147325515747,10.392219543457031,0,0.20015767216682434,0.0036324786487966776,0.09261750429868698,1e-06,0.05323028564453125,0.9879645109176636,0.0013264453737065196,-0.0030410694889724255,0.002496957778930664,2018.3815145,0.33269232511520386,2.711554765701294,0,0.976886510848999,1.3082450323054218e-07,-0.00024660956114530563,1,0.46992194652557373,1828.8147281173449,0,0.0,1,0,1,0,7.042224884033203,0.5968995690345764,0.9662265777587891,11.498046875,1762702980.4374835,0.0009076404967345297,12.115011215209961,0.886138916015625,0,0.31082087755203247,0.0,345,1,0,0.3290598392486572,4.000464916229248,0,0.33945488929748535,0.11127457767724991,0.05952807515859604,42.47701644897461,1.026744751299693e-16,0,0.5845513939857483,7315.2589124693795,345,1,0.06016691029071808,0,0,5.462276458740234,0.4712277352809906
0.4693920314311981,0.23407673835754395,0,3.3094308376312256,2.578507989269188,10.114428520202637,-4.263478786015185e-06,0,0,0.7937816381454468,2.2985851764678955,3.9996957778930664,3.8335952758789062,10.771148681640625,0,0.17254336178302765,0.004190675914287567,0.07481416314840317,1e-06,0.06085395812988281,0.9840608239173889,0.0017129024490714073,-0.0017642611637711525,0.002574920654296875,2024.778244234,0.36642223596572876,2.5990231037139893,0,0.9627370834350586,5.949912207370289e-08,-8.603189780842513e-05,1,0.48070818185806274,1967.009055853803,0,0.0,1,0,1,0,5.825438499450684,0.5759782195091248,0.6430020332336426,11.498046875,1762702984.0674064,0.0006566751981154084,11.2531156539917,0.23407673835754395,0,0.31819024682044983,0.0,346,1,0,0.3622315526008606,1.000180959701538,0,0.33959564566612244,0.10643020272254944,0.031272538006305695,22.82582664489746,9.478202520029412e-19,0,0.5869303345680237,7868.036223415212,346,1,0.06460810452699661,0,0,5.967878341674805,0.4818898141384125
0.47345271706581116,0.8800287246704102,0,5.506912708282471,2.430197632311176,9.33543586730957,-0.00010683157597668469,0,0,0.777533233165741,2.4957356452941895,3.6142754554748535,3.5379772186279297,10.836653709411621,0,0.13457316160202026,0.0036952814552932978,0.05011890456080437,1e-06,0.07239341735839844,0.9891335368156433,0.0013285750756040215,-0.0013735111569985747,0.0025663375854492188,2029.061260451,0.38686755299568176,2.5948474407196045,0,0.9564655423164368,7.390769951598486e-07,-4.741821612697095e-05,1,0.4862288236618042,1853.8708315677488,0,0.0,1,0,1,0,6.192385673522949,0.5668466687202454,0.5115150213241577,11.498046875,1762702990.4619386,0.0005467684241011739,12.804286003112793,0.8800287246704102,0,0.33863571286201477,0.0,347,1,0,0.38317227363586426,3.0004045963287354,0,0.39771661162376404,0.0813869759440422,0.009603053331375122,28.640464782714844,3.234742063203328e-17,0,0.6752804517745972,7415.483326270995,347,1,0.06068503111600876,0,0,5.2358784675598145,0.48710212111473083
0.46558642387390137,0.34679269790649414,0,3.9301884174346924,2.5035886325129653,10.334850311279297,0.0,0,0,0.8056358695030212,1.9172537326812744,3.6055870056152344,3.8072078227996826,10.956341743469238,0,0.11067300289869308,0.002599653322249651,0.0663858950138092,1e-06,0.04978370666503906,0.9932532906532288,0.0010340901790186763,-0.001238407101482153,0.0025746822357177734,2033.903441486,0.3425765335559845,2.365271806716919,0,0.9825777411460876,1.0062324236059794e-06,-7.093626481946558e-05,1,0.4737693965435028,1909.856992020175,0,0.0,1,0,1,0,5.619346618652344,0.6016350984573364,0.645948052406311,11.498046875,1762702994.7448952,0.0005925238947384059,11.83062744140625,0.34679269790649414,0,0.32059168815612793,0.0,348,1,0,0.33997687697410583,2.0002992153167725,0,0.35243433713912964,0.09467178583145142,0.020823419094085693,23.51185417175293,4.370639136224518e-18,0,0.6348176598548889,7639.4279680807,348,1,0.05092783272266388,0,0,4.778772830963135,0.47463980317115784
0.47218215465545654,0.3426945209503174,0,4.493798017501831,2.5210681754323674,9.0379638671875,-9.389060323883314e-06,0,0,0.804904580116272,2.4827067852020264,3.300865650177002,3.4454689025878906,9.681259155273438,0,0.1295560747385025,0.004701733589172363,0.060259539633989334,1e-06,0.052734375,0.9922749400138855,0.0007521664374507964,-0.0014924986753612757,0.0026922225952148438,2038.488584738,0.37084925174713135,2.6620967388153076,0,0.9770190715789795,3.455893704540358e-07,-6.912484968779609e-05,1,0.4818212389945984,1923.1912222640744,0,0.0,1,0,1,0,6.473480224609375,0.5788618326187134,0.564343273639679,11.498046875,1762702999.5876336,0.00048126926412805915,14.730338096618652,0.3426945209503174,0,0.3181121349334717,0.0,349,1,0,0.366147518157959,2.0003135204315186,0,0.37306010723114014,0.10099349915981293,0.008360438980162144,30.3305721282959,1.4453209052619825e-16,0,0.6813607811927795,7692.764889056298,349,1,0.06841785460710526,0,0,5.666476249694824,0.4831031262874603
0.47388628125190735,0.3466908931732178,0,4.231704473495483,2.4881417897977616,10.028736114501953,0.0,0,0,0.7902117371559143,2.220041275024414,3.884150743484497,4.015565872192383,11.291801452636719,0,0.1368054896593094,0.005712653510272503,0.07243021577596664,1e-06,0.07119178771972656,0.9905312657356262,0.0007108908612281084,-0.002465596655383706,0.0028700828552246094,2046.556057881,0.39617252349853516,2.9252312183380127,0,0.9207075834274292,1.0320650289941113e-06,-5.783986853202805e-05,1,0.48792311549186707,1898.073402583337,0,0.0,1,0,1,0,6.650897979736328,0.5584120750427246,0.7220245599746704,11.498046875,1762703004.1722574,0.0005820370279252529,12.168598175048828,0.3466908931732178,0,0.32760846614837646,0.0,350,1,0,0.3904598653316498,2.0002448558807373,0,0.40128427743911743,0.10976050049066544,0.016313353553414345,25.847185134887695,1.0283793925389958e-16,0,0.7471417784690857,7592.293610333348,350,1,0.07537666708230972,0,0,5.847046852111816,0.4891709089279175
0.4598599672317505,0.5176177024841309,0,7.531949996948242,2.4303335950010623,9.819108009338379,-4.737866038340144e-05,0,0,0.8193926811218262,2.520003080368042,3.4064390659332275,3.6751835346221924,9.55088996887207,0,0.06661179661750793,0.0028315242379903793,0.059421245008707047,1e-06,0.03352165222167969,0.9966121912002563,0.0017322334460914135,-0.002731166547164321,0.0025336742401123047,2050.206014015,0.31642282009124756,2.610836982727051,0,0.9924639463424683,5.101564966025762e-07,-3.984740760643035e-05,1,0.46400710940361023,1853.97455040181,0,0.0,1,0,1,0,6.218158721923828,0.6345297694206238,0.6707668304443359,11.498046875,1762703012.2401936,0.0008119759149849415,11.777735710144043,0.5176177024841309,0,0.30623167753219604,0.0,351,1,0,0.3135913014411926,5.000544548034668,0,0.3272857666015625,0.10229245573282242,0.019422685727477074,24.923141479492188,8.166848699583375e-21,0,0.6412675976753235,7415.89820160724,351,1,0.05314294621348381,0,0,5.0916361808776855,0.4651349186897278
0.47335901856422424,0.329608678817749,0,3.312649726867676,2.614712797623176,9.637161254882812,-3.361568815307692e-05,0,0,0.793912947177887,2.3012967109680176,3.6076126098632812,3.810656785964966,9.765081405639648,0,0.23863589763641357,0.0036486105527728796,0.06099408119916916,1e-06,0.06931877136230469,0.9880906343460083,0.0016512098954990506,-0.0016435048310086131,0.002520322799682617,2056.796635518,0.3814201354980469,3.0916614532470703,0,0.9386071562767029,2.3282609618036076e-07,1.3080093452799701e-08,1,0.4848981201648712,1994.6278129777356,0,0.0,1,0,1,0,6.4334306716918945,0.5680590271949768,0.6301761269569397,11.498046875,1762703015.88958,0.0006100711761973798,12.88737678527832,0.329608678817749,0,0.321018785238266,0.0,352,1,0,0.3777715265750885,1.000199794769287,0,0.42719051241874695,0.09764591604471207,0.01729169674217701,24.70132064819336,2.7697042661123436e-17,0,0.8206425905227661,7978.5112519109425,352,1,0.060301896184682846,0,0,6.225513935089111,0.485803484916687
0.4771360456943512,0.40413928031921387,0,6.179380416870117,2.4551428606975936,16.374975204467773,0.0,0,0,0.7776290774345398,2.1678049564361572,4.434257507324219,6.794625282287598,10.824196815490723,0,0.12657161056995392,0.004364271182566881,0.06269845366477966,1e-06,0.04550933837890625,0.9875167608261108,0.0012114745331928134,-0.0021969748195260763,0.0022521018981933594,2060.508423067,0.40151292085647583,41.06587600708008,0,0.9350630640983582,5.444355224426545e-07,-7.163074042182416e-05,1,0.4893784523010254,1872.9002432820525,0,0.0,1,0,1,0,6.415452003479004,0.5512178540229797,0.56169193983078,11.498046875,1762703022.480059,0.0007840601028874516,669.8734130859375,0.40413928031921387,0,0.3347068130970001,0.0,353,1,0,0.39714866876602173,4.000455379486084,0,0.4068181812763214,0.09788993746042252,0.012513978406786919,1607.618896484375,5.0711932035286416e-17,0,0.7762815952301025,7491.60097312821,353,1,0.0659279003739357,0,0,98.48823547363281,0.49027565121650696
0.4598344564437866,0.38720154762268066,0,3.3183388710021973,2.6544774109596596,9.937820434570312,-0.00010623047273838893,0,0,0.8133215308189392,2.3066041469573975,3.5157485008239746,3.885319948196411,10.693069458007812,0,0.13967585563659668,0.0038330492097884417,0.06616868823766708,1e-06,0.04818153381347656,0.9886141419410706,0.0016371754463762045,-0.002135950606316328,0.0024077892303466797,2066.963650385,0.3221890926361084,2.906294345855713,0,0.9771488904953003,6.570732580257754e-08,-0.00010342116729589179,1,0.46588805317878723,2024.9621593753036,0,0.0,1,0,1,0,6.162204742431641,0.6039912700653076,0.6095207929611206,11.498046875,1762703026.192303,0.0008364378591068089,13.020872116088867,0.38720154762268066,0,0.30395644903182983,0.0,354,1,0,0.3183560371398926,1.0001435279846191,0,0.38374942541122437,0.09600687026977539,0.023587720468640327,21.73915672302246,9.608839162441717e-16,0,0.7241293787956238,8099.848637501214,354,1,0.061799436807632446,0,0,5.030081272125244,0.46736475825309753
0.4618939757347107,0.87778639793396,0,5.570957899093628,2.4959981339282944,9.65655517578125,-8.012514626898337e-06,0,0,0.80757075548172,2.559276580810547,3.0443735122680664,3.5347044467926025,9.513154983520508,0,0.29539740085601807,0.004180820658802986,0.06216059997677803,1e-06,0.05111885070800781,0.9920402765274048,0.0009168623946607113,-0.003955115098506212,0.00247955322265625,2070.482890692,0.33760127425193787,2.968384265899658,0,0.9811370968818665,1.0614657242058456e-07,-0.00016674163634888828,1,0.4714968800544739,1904.066597141963,0,0.0,1,0,1,0,6.095172882080078,0.6052730679512024,0.7717530131340027,11.498046875,1762703032.6477122,0.0009115496068261564,14.840989112854004,0.87778639793396,0,0.3125305771827698,0.0,355,1,0,0.33342045545578003,3.000319242477417,0,0.356716513633728,0.10078304260969162,0.014924115501344204,97.45703125,1.8829319078697707e-18,0,0.6624054312705994,7616.266388567852,355,1,0.06453239172697067,0,0,7.495118618011475,0.47295358777046204
0.471030592918396,0.49814915657043457,0,3.0141162872314453,2.632414934404453,11.307199478149414,0.0,0,0,0.7899489402770996,2.0016329288482666,3.545907497406006,3.849147081375122,10.863410949707031,0,0.18804846704006195,0.0021645021624863148,0.07326077669858932,1e-06,0.04930877685546875,0.9941973686218262,0.0008372567826882005,-0.002659489866346121,0.0021681785583496094,2076.883369912,0.3620903193950653,2.6301751136779785,0,0.9801763296127319,3.8633462651205264e-08,-0.0001537045609438792,1,0.48005253076553345,2008.1318484516003,0,0.0,1,0,1,0,6.542087554931641,0.5850366950035095,0.6412143111228943,11.498046875,1762703036.1662576,0.0008241107570938766,16.93720054626465,0.49814915657043457,0,0.3371427655220032,0.0,356,1,0,0.3599258065223694,1.0001285076141357,0,0.4091940224170685,0.10367177426815033,0.03131416440010071,135.46202087402344,6.2115308302322e-17,0,0.7963130474090576,8032.527393806401,356,1,0.046481020748615265,0,0,9.484989166259766,0.48067906498908997
0.47517019510269165,0.8732013702392578,0,5.5199384689331055,2.5682007477191773,10.040502548217773,-3.830947389360517e-05,0,0,0.8116665482521057,2.508471727371216,3.5688719749450684,4.155737400054932,11.215980529785156,0,0.1074705645442009,0.003594967070966959,0.05773304030299187,1e-06,0.042819976806640625,0.9953925609588623,0.002115845214575529,-0.0009266092092730105,0.0024721622467041016,2081.474345642,0.37777113914489746,7.09910774230957,0,0.9870557188987732,4.52873436529444e-08,1.207782406709157e-05,1,0.4839819371700287,1959.1461996772396,0,0.0,1,0,1,0,6.8564252853393555,0.5794700384140015,0.46205124258995056,11.498046875,1762703042.5662246,0.0006456233095377684,112.7926025390625,0.8732013702392578,0,0.3176187574863434,0.0,357,1,0,0.37417617440223694,3.0003371238708496,0,0.3825509548187256,0.08535982668399811,0.011672437191009521,187.92626953125,1.3192166253082324e-16,0,0.770736038684845,7836.584798708958,357,1,0.05985913798213005,0,0,12.177911758422852,0.48490259051322937
0.45021718740463257,0.31263113021850586,0,4.272275924682617,2.5813967743377106,8.235716819763184,-0.00015707308193668723,0,0,0.8241409659385681,2.2607970237731934,2.2180254459381104,3.1659560203552246,8.246712684631348,0,0.09817121922969818,0.0028496794402599335,0.05123620107769966,1e-06,0.04464912414550781,0.9908983111381531,0.0008982928120531142,-0.0014730639522895217,0.0025076866149902344,2087.548000583,0.28544288873672485,3.0420470237731934,0,0.9909906983375549,1.5474250858460437e-07,-0.00014883516996633261,1,0.4503137171268463,1969.2127590860005,0,0.0,1,0,1,0,6.162117004394531,0.6518685817718506,0.5953420996665955,11.498046875,1762703047.1573017,0.0006031197845004499,14.3304443359375,0.31263113021850586,0,0.29596826434135437,0.0,358,1,0,0.2825932204723358,2.000279426574707,0,0.31152456998825073,0.0858745202422142,0.0065046376548707485,22.60914421081543,2.0521554257074606e-16,0,0.5727373361587524,7876.851036344002,358,1,0.053312599658966064,0,0,6.069533348083496,0.4516787528991699
0.47923967242240906,0.39823198318481445,0,5.669398307800293,2.483936865901466,11.093046188354492,8.135181815305259e-06,0,0,0.7766306400299072,2.656710624694824,4.622379779815674,4.680111885070801,12.484143257141113,0,0.15514442324638367,0.0038709675427526236,0.07536401599645615,1e-06,0.057941436767578125,0.9877480864524841,0.002423618920147419,-0.005470098461955786,0.0025548934936523438,2091.392374989,0.42451611161231995,2.949064016342163,0,0.7363983988761902,1.5263722730196605e-07,-0.00014182434824761003,1,0.49372634291648865,1894.865685788349,0,0.0,1,0,1,0,6.617837905883789,0.5232970714569092,0.6115483045578003,11.498046875,1762703053.2316658,0.001321054412983358,11.99071979522705,0.39823198318481445,0,0.3301278054714203,0.0,359,1,0,0.420645147562027,3.0003914833068848,0,0.421151727437973,0.09667869657278061,0.03957724571228027,23.357254028320312,4.90921646617733e-22,0,0.811718225479126,7579.462743153396,359,1,0.06210457533597946,0,0,5.391781330108643,0.4943331182003021
0.45478200912475586,0.5090866088867188,0,3.3271522521972656,2.7165980552700844,8.607097625732422,0.0,0,0,0.8037183284759521,2.31585431098938,3.0027761459350586,3.3628344535827637,8.608070373535156,0,0.15916268527507782,0.0027408814057707787,0.07742807269096375,1e-06,0.05911064147949219,0.9887621998786926,0.0012633521109819412,-0.00211708783172071,0.0024666786193847656,2097.794062038,0.306978702545166,2.7913618087768555,0,0.9738870859146118,5.651925505389954e-08,-8.299769251607358e-05,1,0.4601323902606964,2072.350754028722,0,0.0,1,0,1,0,6.690483093261719,0.6153173446655273,0.5204952955245972,11.498046875,1762703057.0760665,0.0005820147343911231,13.280142784118652,0.5090866088867188,0,0.31428593397140503,0.0,360,1,0,0.30423781275749207,1.0001859664916992,0,0.35195520520210266,0.10782664269208908,0.03207829222083092,20.849611282348633,9.12575827317246e-16,0,0.6103971600532532,8289.403016114888,360,1,0.05228714272379875,0,0,5.083410739898682,0.46128907799720764
0.4679976999759674,0.8891181945800781,0,5.505763292312622,2.5601837402764955,9.825968742370605,-2.676930853340309e-05,0,0,0.7865703105926514,2.493168354034424,3.74855375289917,3.6076455116271973,9.524386405944824,0,0.11531119048595428,0.00546590331941843,0.06535740196704865,1e-06,0.03940582275390625,0.9904043674468994,0.0010545559925958514,-0.0016467190580442548,0.0038709640502929688,2102.314777729,0.35268092155456543,3.1292507648468018,0,0.9842855930328369,7.035830549284583e-07,-9.662003139965236e-05,1,0.47614675760269165,1953.0304434700724,0,0.0,1,0,1,0,6.6650848388671875,0.5889389514923096,0.6414309740066528,11.498046875,1762703063.4773288,0.0005290635162964463,33.64421081542969,0.8891181945800781,0,0.3283625841140747,0.0,361,1,0,0.3472149968147278,3.0005059242248535,0,0.36864638328552246,0.09807537496089935,0.017729604616761208,218.1197967529297,1.237612147680773e-16,0,0.6793651580810547,7812.12177388029,361,1,0.07373900711536407,0,0,13.651264190673828,0.47786661982536316
0.4472532272338867,0.5471534729003906,0,3.967649459838867,2.672250502544356,9.179830551147461,-0.0001767946087056771,0,0,0.8403359651565552,1.9559404850006104,2.587080478668213,2.7879421710968018,9.303816795349121,0,0.12982143461704254,0.00405616220086813,0.08193431049585342,1e-06,0.02399444580078125,0.9969667792320251,0.0007493140292353928,-0.0019023092463612556,0.003086090087890625,2108.461394279,0.28018718957901,2.1289610862731934,0,0.9956530332565308,6.820840070531631e-08,-0.00023062771651893854,1,0.44715219736099243,2038.5203225623509,0,0.0,1,0,1,0,6.388919830322266,0.6635681390762329,0.6920064091682434,11.498046875,1762703067.9983888,0.0007431291160173714,11.372820854187012,0.5471534729003906,0,0.29240480065345764,0.0,362,1,0,0.2761310338973999,2.0003459453582764,0,0.3072749972343445,0.11831444501876831,0.028172289952635765,48.20384216308594,3.107285359491666e-18,0,0.707012414932251,8154.0812902494035,362,1,0.06356862932443619,0,0,5.432321071624756,0.4491606056690216
0.4645887017250061,0.5263059139251709,0,5.616174697875977,2.529404502998851,8.747025489807129,-6.024845060892403e-05,0,0,0.7703682780265808,2.6043100357055664,2.5795390605926514,3.1227729320526123,9.302743911743164,0,0.11876565217971802,0.0014391940785571933,0.07673037052154541,1e-06,0.04027557373046875,0.9830381870269775,0.0012798476964235306,-0.002366486471146345,0.0026433467864990234,2113.316666361,0.32669705152511597,2.463562488555908,0,0.9786825776100159,1.1435826507977254e-07,-0.00014302502677310258,1,0.46852731704711914,1929.5505711139047,0,0.0,1,0,1,0,6.640810966491699,0.5937119722366333,0.4897350072860718,11.498046875,1762703074.147293,0.0007607497973367572,10.723472595214844,0.5263059139251709,0,0.3349239230155945,0.0,363,1,0,0.3252578675746918,3.000408172607422,0,0.43974483013153076,0.09691084921360016,0.037155747413635254,22.855941772460938,2.1451916717493008e-16,0,0.8430213928222656,7718.202284455619,363,1,0.03791394829750061,0,0,4.966872215270996,0.4690616726875305
0.45885351300239563,0.5713331699371338,0,4.274190902709961,2.608775406299085,9.106254577636719,0.0,0,0,0.7987675070762634,2.2621846199035645,2.6677846908569336,3.0491039752960205,9.787384033203125,0,0.34138020873069763,0.0041036163456737995,0.05573955923318863,1e-06,0.03775787353515625,0.9912143349647522,0.0013739411951974034,-0.004622688051313162,0.003296375274658203,2118.413002225,0.3157219886779785,2.6941747665405273,0,0.9889997839927673,4.1899946268131316e-07,-0.00019928853726014495,1,0.4632141590118408,1990.0984872780527,0,0.0,1,0,1,0,6.901165962219238,0.6206849813461304,0.8567653298377991,11.498046875,1762703078.9993072,0.001129009062424302,29.506887435913086,0.5713331699371338,0,0.3182474970817566,0.0,364,1,0,0.3116183578968048,2.0002946853637695,0,0.3743639290332794,0.09549526125192642,0.022156357765197754,88.51642608642578,7.519939315133467e-17,0,0.7583309412002563,7960.393949112211,364,1,0.06393609941005707,0,0,7.025155544281006,0.4648623466491699
0.45984727144241333,0.57338547706604,0,4.517709255218506,2.5648576430576675,7.924259662628174,-0.00011988307232968509,0,0,0.8071426749229431,2.5054235458374023,2.704318046569824,2.993987560272217,8.314401626586914,0,0.13250720500946045,0.0032825320959091187,0.07049402594566345,1e-06,0.03571128845214844,0.9893903136253357,0.0013079162454232574,-0.0017863349057734013,0.003373384475708008,2123.17611037,0.32168814539909363,2.8902676105499268,0,0.9892994165420532,2.650903354606271e-07,-0.00011260776227572933,1,0.465912401676178,1956.5959197590762,0,0.0,1,0,1,0,6.548739433288574,0.6155463457107544,0.5694000720977783,11.498046875,1762703084.09665,0.0008106663008220494,33.485443115234375,0.57338547706604,0,0.30770325660705566,0.0,365,1,0,0.3184056282043457,2.0004310607910156,0,0.3597484827041626,0.09906627982854843,0.02777365781366825,58.56742477416992,9.384405408444727e-20,0,0.7228540182113647,7826.383679036305,365,1,0.05720598250627518,0,0,5.488509178161621,0.4671788513660431
0.4219241738319397,0.5118541717529297,0,4.2437660694122314,2.6458889692664767,6.857691287994385,0.0,0,0,0.8347948789596558,2.2323925495147705,1.2911431789398193,1.932169795036316,6.417335510253906,0,0.16944648325443268,0.0037558686453849077,0.07998722791671753,1e-06,0.030294418334960938,0.9948862791061401,0.0015960357850417495,-0.0032130104955285788,0.002778768539428711,2129.387612618,0.215023472905159,2.043686628341675,0,0.9953783750534058,3.7213521864032373e-07,-0.00010198986274190247,1,0.4082556962966919,2018.4104858274738,0,0.0,1,0,1,0,5.845619201660156,0.703874409198761,0.52531898021698,11.498046875,1762703088.8586442,0.0010938456980511546,13.88090705871582,0.5118541717529297,0,0.2904263436794281,0.0,366,1,0,0.2112676054239273,2.0002472400665283,0,0.32828474044799805,0.0978657677769661,0.03867894411087036,72.08216857910156,1.5474570489745556e-19,0,0.6589365601539612,8073.641943309895,366,1,0.061177123337984085,0,0,6.360476970672607,0.41088688373565674
0.44099679589271545,0.6504929065704346,0,5.553735971450806,2.5570340995001604,7.796462059020996,-5.652255276800133e-05,0,0,0.8009563088417053,2.5424234867095947,2.400569438934326,2.7100746631622314,7.951153755187988,0,0.12573744356632233,0.005493344739079475,0.0738033801317215,1e-06,0.055690765380859375,0.9810323715209961,0.0011034623021259904,-0.0016429213574156165,0.0025005340576171875,2134.2058008,0.26790618896484375,2.196272373199463,0,0.9846997857093811,2.1842284070316964e-07,-0.0001627076999284327,1,0.4399923086166382,1950.6277470442633,0,0.0,1,0,1,0,5.689502716064453,0.651260256767273,0.6730832457542419,11.498046875,1762703095.0690753,0.0006511436658911407,10.137189865112305,0.6504929065704346,0,0.30744895339012146,0.0,367,1,0,0.2624128460884094,3.0003976821899414,0,0.34915709495544434,0.0945059210062027,0.040918122977018356,21.216102600097656,1.1858724900565038e-15,0,0.6155247092247009,7802.510988177053,367,1,0.07392105460166931,0,0,5.0561652183532715,0.4429152309894562
0.46623969078063965,0.5532248020172119,0,4.26094651222229,2.6410906581232,7.6016011238098145,-2.229177152912598e-05,0,0,0.825108528137207,2.250136137008667,2.611575126647949,2.8021152019500732,7.977365493774414,0,0.13268890976905823,0.0031436653807759285,0.06266606599092484,1e-06,0.02199554443359375,0.9966001510620117,0.001132608624175191,-0.0007521910010837018,0.002447366714477539,2139.271027911,0.33857277035713196,2.199647903442383,0,0.9942457675933838,8.392854056182841e-07,-1.0682481843105052e-05,1,0.4722144603729248,2014.7501048975296,0,0.0,1,0,1,0,5.944061279296875,0.6202139258384705,0.6041171550750732,11.498046875,1762703099.8895822,0.0004249233170412481,9.545988082885742,0.5532248020172119,0,0.3090445101261139,0.0,368,1,0,0.3354291021823883,2.000291109085083,0,0.3245491683483124,0.09417973458766937,0.02067764848470688,19.548662185668945,8.285133659559731e-17,0,0.6962432861328125,8059.000419590118,368,1,0.05598899722099304,0,0,4.867071628570557,0.47329869866371155
0.4664958417415619,0.5087323188781738,0,4.5553669929504395,2.5740790765089994,9.064459800720215,0.0,0,0,0.7992136478424072,2.5441176891326904,3.276082754135132,3.4383673667907715,9.625446319580078,0,0.1159714013338089,0.004886831156909466,0.05881408974528313,1e-06,0.02848052978515625,0.9900999069213867,0.0020871441811323166,-0.0012579774484038353,0.0027878284454345703,2144.324212608,0.3469650149345398,2.51875638961792,0,0.9868427515029907,5.419596149636163e-08,-5.1320654165465385e-05,1,0.4744666516780853,1963.630469654678,0,0.0,1,0,1,0,6.18464469909668,0.6024109125137329,0.6896638870239258,11.498046875,1762703104.9552455,0.0006255342159420252,14.471227645874023,0.5087323188781738,0,0.31557998061180115,0.0,369,1,0,0.34207817912101746,2.0003280639648438,0,0.31547173857688904,0.09410613030195236,0.02043822780251503,42.59001541137695,5.124337159061397e-18,0,0.6525509357452393,7854.521878618712,369,1,0.06974382698535919,0,0,5.898370742797852,0.4760657548904419
0.4621599018573761,0.513934850692749,0,4.5324625968933105,2.646110971774695,8.402735710144043,0.0,0,0,0.7976847887039185,2.5214779376983643,2.8714046478271484,3.1476407051086426,8.51209545135498,0,0.19163084030151367,0.004862630739808083,0.07417784631252289,1e-06,0.05019378662109375,0.9890674352645874,0.001006545266136527,-0.0015121211763471365,0.0025141239166259766,2149.104007869,0.32968637347221375,1.956764578819275,0,0.9837738275527954,1.8983837435371242e-07,-5.650493039865978e-05,1,0.468365877866745,2018.5798399446242,0,0.0,1,0,1,0,4.709953308105469,0.6127457618713379,0.6364844441413879,11.498046875,1762703110.008414,0.0005971480859443545,7.745504856109619,0.513934850692749,0,0.3173086941242218,0.0,370,1,0,0.3248237371444702,2.000274181365967,0,0.3373647630214691,0.1171722561120987,0.018211618065834045,20.712125778198242,2.7229521568571894e-15,0,0.6045451164245605,8074.319359778497,370,1,0.06957127898931503,0,0,3.893059730529785,0.47015637159347534
0.4519262909889221,0.5164415836334229,0,4.256025552749634,2.678734685402693,6.785128593444824,0.0,0,0,0.8178821206092834,2.2452552318573,1.8482705354690552,2.3692376613616943,6.80703592300415,0,0.3505707085132599,0.004368004389107227,0.06394992023706436,1e-06,0.036457061767578125,0.9914209246635437,0.0007747909403406084,-0.0029170687776058912,0.0024003982543945312,2154.873913966,0.28992629051208496,2.042032480239868,0,0.9922014474868774,1.0612086498440476e-07,-0.00014032509352546185,1,0.4517415761947632,2043.4667669616858,0,0.0,1,0,1,0,6.705380439758301,0.6501056551933289,0.5434182286262512,11.498046875,1762703114.7879379,0.0007375336135737598,9.675419807434082,0.5164415836334229,0,0.30336353182792664,0.0,371,1,0,0.28555828332901,2.000295877456665,0,0.31702983379364014,0.09189611673355103,0.03061877191066742,35.944820404052734,5.490174080421041e-17,0,0.6380013227462769,8173.867067846743,371,1,0.06595537811517715,0,0,4.840428829193115,0.4537898898124695
0.4603787362575531,0.499082088470459,0,5.263290643692017,2.7079340916514925,12.40584659576416,0.0,0,0,0.8167016506195068,2.2518436908721924,2.5417277812957764,4.603748321533203,8.155508041381836,0,0.1996641755104065,0.0027831895276904106,0.06342978030443192,1e-06,0.027446746826171875,0.9949662089347839,0.0010799914598464966,-0.0020587218459695578,0.0024929046630859375,2159.909689439,0.32006677985191345,32.668209075927734,0,0.9925792813301086,1.3113684644849855e-06,-6.891656084917486e-05,1,0.4654836356639862,2065.7414687489086,0,0.0,1,0,1,0,6.363103866577148,0.6247310042381287,0.9406824111938477,11.498046875,1762703120.557476,0.0007007477106526494,551.966064453125,0.499082088470459,0,0.31252020597457886,0.0,372,1,0,0.31728360056877136,3.000389337539673,0,0.34882625937461853,0.10929325222969055,0.01294478215277195,1310.65771484375,2.265756753274702e-16,0,0.6638689041137695,8262.965874995634,372,1,0.0526898056268692,0,0,77.57901763916016,0.46656686067581177
0.4452434182167053,0.5116722583770752,0,4.517133951187134,2.684692824913033,8.003984451293945,0.0,0,0,0.8112110495567322,2.5060954093933105,2.0935800075531006,2.477264165878296,8.107751846313477,0,0.11715178191661835,0.005707491189241409,0.07144305855035782,1e-06,0.029104232788085938,0.9933221936225891,0.0009575200383551419,-0.00145606545265764,0.0024518966674804688,2165.673421495,0.27015456557273865,2.0728251934051514,0,0.992754340171814,4.388246566122689e-07,-9.918071737047285e-05,1,0.44109082221984863,2048.0119203688705,0,0.0,1,0,1,0,6.467723846435547,0.6579980850219727,0.5789249539375305,11.498046875,1762703125.5926514,0.0006552055710926652,14.439964294433594,0.5116722583770752,0,0.30512288212776184,0.0,373,1,0,0.26444709300994873,2.000275135040283,0,0.31955695152282715,0.09157536178827286,0.04018774628639221,24.75422477722168,1.021837677678012e-15,0,0.6391718983650208,8192.047681475482,373,1,0.07534099370241165,0,0,5.115882873535156,0.4440923035144806
0.43850746750831604,0.5021629333496094,0,5.255347967147827,2.6466419104474106,7.834039211273193,0.0,0,0,0.8120743036270142,2.243985891342163,2.2084386348724365,2.5598738193511963,7.988757133483887,0,0.17555193603038788,0.005171475000679493,0.05773979425430298,1e-06,0.032787322998046875,0.9928422570228577,0.002675422467291355,-0.004272347781807184,0.0025713443756103516,2170.731592678,0.262384295463562,2.304417848587036,0,0.9913374185562134,1.6079998488294223e-07,-0.00022662192350253463,1,0.43715718388557434,2018.9848653242934,0,0.0,1,0,1,0,6.790532112121582,0.6757155060768127,0.7065975069999695,11.498046875,1762703131.3567064,0.0013660264667123556,15.62231159210205,0.5021629333496094,0,0.30817368626594543,0.0,374,1,0,0.2572128474712372,3.0004212856292725,0,0.28084617853164673,0.10032040625810623,0.014295840635895729,37.46631622314453,7.397901388896579e-18,0,0.5491700768470764,8075.939461297174,374,1,0.07173654437065125,0,0,5.387352466583252,0.4399903416633606
0.4615013301372528,0.5162222385406494,0,4.535782337188721,2.627035305589482,8.620962142944336,-0.0002218571025878191,0,0,0.7861145734786987,2.5244240760803223,2.9146761894226074,3.1614465713500977,9.59253215789795,0,0.13103900849819183,0.0030620056204497814,0.07051177322864532,1e-06,0.029415130615234375,0.9877142906188965,0.002357457298785448,-0.0014036387437954545,0.0025501251220703125,2176.156148248,0.3276346027851105,2.4079253673553467,0,0.9889410734176636,6.414045969904691e-07,-0.00011945326696150005,1,0.46827471256256104,2004.0280106352284,0,0.0,1,0,1,0,6.426828384399414,0.6120169758796692,0.636131763458252,11.498046875,1762703136.4154255,0.0007941912626847625,9.325236320495605,0.5162222385406494,0,0.32325997948646545,0.0,375,1,0,0.3245725929737091,2.000279664993286,0,0.3328436017036438,0.09406173229217529,0.03129071742296219,18.336734771728516,9.965270626646327e-16,0,0.6713285446166992,8016.1120425409135,375,1,0.055257659405469894,0,0,4.77360200881958,0.4694106876850128
0.44782906770706177,0.5085761547088623,0,4.909799575805664,2.628082363199142,8.928850173950195,-9.227092959918082e-05,0,0,0.8075791597366333,1.8985555171966553,3.0439445972442627,2.997779607772827,9.245016098022461,0,0.16017532348632812,0.003705815179273486,0.0610935352742672,1e-06,0.029413223266601562,0.9923262000083923,0.0013454469153657556,-0.0018701980588957667,0.0025911331176757812,2181.55407556,0.2819270193576813,2.1293296813964844,0,0.991601288318634,3.219172484136834e-08,-9.776857768883929e-05,1,0.44818681478500366,2004.826756192261,0,0.0,1,0,1,0,6.277183532714844,0.6579063534736633,0.4881928861141205,11.498046875,1762703141.840793,0.0007806738722138107,10.753680229187012,0.5085761547088623,0,0.3115427792072296,0.0,376,1,0,0.2782211899757385,3.000450611114502,0,0.3160446286201477,0.0890105739235878,0.017633497714996338,21.362302780151367,1.341627925952499e-16,0,0.6360445022583008,8019.307024769044,376,1,0.060771163552999496,0,0,4.567573547363281,0.45000210404396057
0.45728135108947754,0.8752167224884033,0,4.515012264251709,2.600718021753681,8.031610488891602,0.0,0,0,0.8123608231544495,2.5025854110717773,2.5486512184143066,2.7665019035339355,8.147027015686035,0,0.09542485326528549,0.004976361989974976,0.06670811772346497,1e-06,0.028720855712890625,0.9922176003456116,0.0008781410870142281,-0.0024475438985973597,0.0024955272674560547,2186.651742395,0.312515527009964,2.2109591960906982,0,0.9908019304275513,8.22201329242489e-08,-0.00010080464562634006,1,0.4615320563316345,1983.9519294883294,0,0.0,1,0,1,0,5.824398040771484,0.6317614316940308,1.083855152130127,11.498046875,1762703147.2379582,0.0006570788100361824,13.702157974243164,0.8752167224884033,0,0.3062494695186615,0.0,377,1,0,0.307539165019989,2.000278949737549,0,0.31835100054740906,0.1101183220744133,0.02403840608894825,22.275592803955078,9.08331265809216e-17,0,0.6306785345077515,7935.8077179533175,377,1,0.07037634402513504,0,0,4.757615566253662,0.46357640624046326
0.4563941955566406,0.5525264739990234,0,4.538275480270386,2.5910288629493525,8.168553352355957,0.0,0,0,0.8119399547576904,2.5269899368286133,2.7584025859832764,2.8531415462493896,8.426544189453125,0,0.2628691494464874,0.004623683635145426,0.05901399999856949,1e-06,0.022930145263671875,0.9922822117805481,0.00093692890368402,-0.0012527124490588903,0.0028150081634521484,2191.682953351,0.3061906099319458,2.1920602321624756,0,0.9928389191627502,1.0838845554417276e-07,-6.286887219175696e-05,1,0.4589971899986267,1976.5605763527042,0,0.0,1,0,1,0,6.187495231628418,0.6378195881843567,0.578092634677887,11.498046875,1762703152.3355641,0.0005312805296853185,10.063200950622559,0.5525264739990234,0,0.3099186420440674,0.0,378,1,0,0.3015669286251068,2.000227689743042,0,0.29218465089797974,0.0971948429942131,0.013729202561080456,18.675575256347656,4.7493382198009936e-17,0,0.5932050347328186,7906.242305410817,378,1,0.06784900277853012,0,0,4.955052375793457,0.46096906065940857
0.45427918434143066,0.5164957046508789,0,4.507738351821899,2.5945590720968403,9.37353515625,0.0,0,0,0.8112976551055908,2.496556043624878,2.7882556915283203,3.1181390285491943,9.44753360748291,0,0.14212962985038757,0.00407088128849864,0.06683515012264252,1e-06,0.0294036865234375,0.9936395287513733,0.001284296391531825,-0.0018642406212165952,0.0025496482849121094,2196.495476203,0.30052682757377625,2.34397554397583,0,0.9921081066131592,7.085385078653417e-08,-6.137790478533134e-05,1,0.4567491412162781,1979.2535885097593,0,0.0,1,0,1,0,6.318464279174805,0.6410446763038635,0.9513468742370605,11.498046875,1762703157.3666642,0.000755311397369951,11.941742897033691,0.5164957046508789,0,0.30975478887557983,0.0,379,1,0,0.29645591974258423,2.000242233276367,0,0.31028419733047485,0.09610038250684738,0.03487718850374222,38.471466064453125,5.806147396403131e-18,0,0.6415136456489563,7917.014354039037,379,1,0.06368108093738556,0,0,6.264785289764404,0.45854201912879944
0.4454379379749298,0.5625653266906738,0,4.243302822113037,2.592743189834341,8.601385116577148,0.0,0,0,0.7892006635665894,2.2322750091552734,2.0686709880828857,2.739894390106201,7.57333517074585,0,0.11720770597457886,0.003047232050448656,0.07150958478450775,1e-06,0.0416717529296875,0.9845038652420044,0.001533794915303588,-0.0016584827098995447,0.002513885498046875,2201.434651662,0.2712036669254303,6.804325580596924,0,0.9909307360649109,4.9355588060961963e-08,-8.708373934496194e-05,1,0.4430557191371918,1977.868346784869,0,0.0,1,0,1,0,6.9620513916015625,0.6546869874000549,0.7936117649078369,11.498046875,1762703162.1793783,0.0006849478231742978,111.04991912841797,0.5625653266906738,0,0.3201982378959656,0.0,380,1,0,0.2681564390659332,2.0003180503845215,0,0.3364953398704529,0.10915268957614899,0.02916536293923855,444.0578918457031,9.063030189472359e-17,0,0.6745048761367798,7911.473387139476,380,1,0.055124565958976746,0,0,26.40186309814453,0.4446374177932739
0.4653565287590027,0.4046609401702881,0,4.527557611465454,2.6334755905361282,9.341588020324707,-0.00011315717711113393,0,0,0.7777729034423828,2.5165326595306396,2.8767402172088623,3.4515955448150635,9.605396270751953,0,0.16981680691242218,0.004649961367249489,0.07236244529485703,1e-06,0.030849456787109375,0.984127938747406,0.001270391745492816,-0.0017575712408870459,0.0025146007537841797,2205.521689946,0.3366055488586426,2.9271881580352783,0,0.9842697381973267,3.888310473598722e-08,-6.322282570181414e-05,1,0.47097596526145935,2008.9409676107553,0,0.0,1,0,1,0,6.7886552810668945,0.6026605367660522,0.6893959045410156,11.498046875,1762703167.1182675,0.000732159533072263,13.256153106689453,0.4046609401702881,0,0.32289743423461914,0.0,381,1,0,0.33195558190345764,2.0002670288085938,0,0.3592265546321869,0.10392820835113525,0.028856847435235977,32.39706802368164,1.9115916481432017e-18,0,0.7360016107559204,8035.763870443021,381,1,0.06804068386554718,0,0,5.813100337982178,0.4726097285747528
0.4608286917209625,0.4797334671020508,0,3.600402355194092,2.704716390171794,8.57839298248291,-8.732949936529621e-05,0,0,0.7886641025543213,2.5892252922058105,2.681644916534424,3.088559865951538,8.514988899230957,0,0.10624378174543381,0.002616431098431349,0.07013765722513199,1e-06,0.03044891357421875,0.9832807183265686,0.0007973219617269933,-0.0012899525463581085,0.002570629119873047,2211.388204983,0.3184196650981903,2.816275119781494,0,0.9871810078620911,1.1129284871458367e-07,-0.000115649112558458,1,0.4648957848548889,2063.2868523676752,0,0.0,1,0,1,0,7.077411651611328,0.6211037039756775,0.6605559587478638,11.498046875,1762703171.2053392,0.0005912904744036496,17.1964168548584,0.4797334671020508,0,0.3162137269973755,0.0,382,1,0,0.3158032298088074,1.0001308917999268,0,0.3382907509803772,0.10623309761285782,0.02498607710003853,38.4373664855957,3.4751012277487817e-17,0,0.7271738052368164,8253.147409470701,382,1,0.0510907843708992,0,0,5.6834716796875,0.4659242331981659
0.4575600028038025,0.6112182140350342,0,5.248208284378052,2.698651471930189,9.33689022064209,-0.00016364995099138469,0,0,0.7903969883918762,2.236173629760742,2.9333255290985107,3.7386717796325684,9.334425926208496,0,0.23429244756698608,0.0033602151088416576,0.06776133179664612,1e-06,0.038421630859375,0.9838817119598389,0.0010534969624131918,-0.002545509021729231,0.0025298595428466797,2216.718087947,0.30913978815078735,3.678330421447754,0,0.9825819730758667,1.9763821512697177e-07,-0.00022403635375667363,1,0.46078842878341675,2058.660243044029,0,0.0,1,0,1,0,7.028005599975586,0.6242546439170837,0.5827397704124451,11.498046875,1762703177.0715117,0.0008031284669414163,37.85451126098633,0.6112182140350342,0,0.3166135251522064,0.0,383,1,0,0.3057795763015747,3.0003974437713623,0,0.3590666353702545,0.09937592595815659,0.024644652381539345,63.90239715576172,6.145912908344083e-17,0,0.7727967500686646,8234.640972176116,383,1,0.05787637084722519,0,0,6.374946594238281,0.4621906876564026
0.46206989884376526,0.52071213722229,0,4.803184747695923,2.695514755292161,11.333562850952148,-1.848258762038313e-05,0,0,0.7897260785102844,2.7921199798583984,3.4881317615509033,4.313758373260498,9.853994369506836,0,0.1179286390542984,0.004011030308902264,0.06919754296541214,1e-06,0.021160125732421875,0.992324709892273,0.00105376192368567,-0.002015478443354368,0.0024900436401367188,2221.494039975,0.31687140464782715,8.47302532196045,0,0.9948775172233582,6.0433556825501e-08,-0.00015725372941233218,1,0.46371614933013916,2056.267405768238,0,0.0,1,0,1,0,7.026254653930664,0.6328369379043579,0.6570133566856384,11.498046875,1762703182.401573,0.000686315877828747,134.17666625976562,0.52071213722229,0,0.325797438621521,0.0,384,1,0,0.312860369682312,2.000230312347412,0,0.3372929096221924,0.10894852876663208,0.018801897764205933,348.8548278808594,3.2865701398176343e-18,0,0.802288830280304,8225.069623072952,384,1,0.06321347504854202,0,0,21.33123779296875,0.4653151333332062
0.45950257778167725,0.5197269916534424,0,4.250293493270874,2.7588871894993736,7.840085983276367,0.0,0,0,0.8048619627952576,2.2387118339538574,2.7339062690734863,2.89143443107605,8.455405235290527,0,0.10855823755264282,0.003979400731623173,0.06608588993549347,1e-06,0.03672027587890625,0.9896779656410217,0.0010143835097551346,-0.001989820273593068,0.0024907588958740234,2227.222340697,0.31015917658805847,2.3036487102508545,0,0.9905909299850464,3.970396392105613e-06,-6.251076410990208e-05,1,0.460959255695343,2104.6109255462843,0,0.0,1,0,1,0,6.877019882202148,0.6298298835754395,0.43922409415245056,11.498046875,1762703187.177848,0.0005802236264571548,10.90965747833252,0.5197269916534424,0,0.31130772829055786,0.0,385,1,0,0.30617979168891907,2.000256299972534,0,0.35319188237190247,0.08953050523996353,0.022909224033355713,18.20463752746582,6.73956984606155e-17,0,0.773188054561615,8418.443702185137,385,1,0.06296422332525253,0,0,4.69804048538208,0.46261274814605713
0.45708563923835754,0.5239677429199219,0,5.199861288070679,2.681087343797821,8.585474967956543,-7.245971210068092e-05,0,0,0.8158382177352905,2.1882169246673584,2.9781954288482666,3.38973069190979,9.33382511138916,0,0.227439746260643,0.002073613228276372,0.05673924833536148,1e-06,0.028947830200195312,0.9930752515792847,0.0013484375085681677,-0.00198285817168653,0.002294778823852539,2232.321801554,0.3050803542137146,2.8018460273742676,0,0.9926837086677551,2.082266377101405e-07,-9.73050991888158e-05,1,0.4596176743507385,2045.2614871594928,0,0.0,1,0,1,0,7.058078765869141,0.6356804370880127,0.6914189457893372,11.498046875,1762703192.9081168,0.0007964545511640608,10.687894821166992,0.5239677429199219,0,0.3029938042163849,0.0,386,1,0,0.30300673842430115,3.0003504753112793,0,0.3627290427684784,0.09788559377193451,0.010015076957643032,21.649860382080078,3.928605810995062e-18,0,0.8584737181663513,8181.045948637971,386,1,0.04549560323357582,0,0,4.900875091552734,0.46050113439559937
0.4316823482513428,0.5172386169433594,0,4.5740742683410645,2.732229106436201,8.698875427246094,0.0,0,0,0.8033496141433716,2.561882734298706,2.3965189456939697,3.0082755088806152,8.307662010192871,0,0.16727474331855774,0.005588484462350607,0.07278501987457275,1e-06,0.03334617614746094,0.990118682384491,0.0008002559188753366,-0.0029490573797374964,0.0027277469635009766,2237.322392469,0.2369178682565689,2.9972193241119385,0,0.9937410950660706,2.6191612434445233e-08,-0.0001330082886852324,1,0.42171815037727356,2084.2748664705764,0,0.0,1,0,1,0,6.963068008422852,0.6834387183189392,0.6718435287475586,11.498046875,1762703198.0056028,0.000696009024977684,25.327016830444336,0.5172386169433594,0,0.31067582964897156,0.0,387,1,0,0.23132939636707306,2.0002388954162598,0,0.35490527749061584,0.09031694382429123,0.041973669081926346,59.984249114990234,6.209066493751282e-17,0,0.7520614862442017,8337.099465882306,387,1,0.07455330342054367,0,0,6.072842121124268,0.42522746324539185
0.43327224254608154,0.5043001174926758,0,4.490195989608765,2.7294297301713497,6.874329566955566,0.0,0,0,0.8183658719062805,2.478200912475586,1.9854604005813599,2.722407579421997,6.629101753234863,0,0.14568673074245453,0.0015844273148104548,0.05845349654555321,1e-06,0.029266357421875,0.9879086017608643,0.0014562687138095498,-0.0013005051296204329,0.0029659271240234375,2243.05859162,0.2390221804380417,2.882431983947754,0,0.9918081164360046,9.487045815603778e-08,-0.00012298532237764448,1,0.425560861825943,2082.1393685444036,0,0.0,1,0,1,0,6.9666242599487305,0.6790445446968079,0.743070125579834,11.498046875,1762703203.006404,0.000586037349421531,10.146728515625,0.5043001174926758,0,0.29748690128326416,0.0,388,1,0,0.23743775486946106,2.000478506088257,0,0.3636506199836731,0.10461628437042236,0.012480523437261581,22.307861328125,6.354156884868839e-16,0,0.7863879799842834,8328.557474177614,388,1,0.03977781906723976,0,0,5.599659442901611,0.42653459310531616
0.43316012620925903,0.5074989795684814,0,5.221776962280273,2.674902876337364,8.188177108764648,0.0,0,0,0.8139532208442688,2.2091331481933594,2.2301955223083496,2.7645583152770996,7.960913181304932,0,0.3055248260498047,0.0036551279481500387,0.06327042728662491,1e-06,0.029293060302734375,0.988845705986023,0.0036347638815641403,-0.001511188456788659,0.0024344921112060547,2247.726795806,0.24295851588249207,2.564568519592285,0,0.9921947717666626,1.32456776213985e-07,3.877090057358146e-05,1,0.42670413851737976,2040.543679981474,0,0.0,1,0,1,0,7.119381904602051,0.675922691822052,0.5151821374893188,11.498046875,1762703208.742429,0.0009841840947046876,10.706565856933594,0.5074989795684814,0,0.30603766441345215,0.0,389,1,0,0.2393033802509308,3.0004160404205322,0,0.3849681615829468,0.08502461016178131,0.03137201815843582,21.418697357177734,7.631866116434752e-17,0,0.8877873420715332,8162.174719925896,389,1,0.06035355105996132,0,0,4.897221088409424,0.428916335105896
0.4495043456554413,0.8821799755096436,0,3.7793009281158447,2.6947194113387742,7.952670574188232,-4.764512777910568e-05,0,0,0.8197157979011536,2.7685611248016357,2.5212244987487793,3.0135626792907715,8.130986213684082,0,0.11758541315793991,0.0026947574224323034,0.061955228447914124,1e-06,0.019237518310546875,0.993583619594574,0.0016035530716180801,-0.0019135460024699569,0.002365589141845703,2252.835261538,0.27902987599372864,2.6729657649993896,0,0.9951911568641663,2.149747899693466e-07,-9.994114225264639e-05,1,0.44723936915397644,2055.6606794112354,0,0.0,1,0,1,0,6.941086769104004,0.6498982906341553,0.7854515910148621,11.498046875,1762703213.4105685,0.0006779917166568339,10.518994331359863,0.8821799755096436,0,0.2999287247657776,0.0,390,1,0,0.27633512020111084,1.0001463890075684,0,0.36999958753585815,0.09992305934429169,0.029387399554252625,19.501480102539062,1.9450085041194252e-18,0,0.8700835704803467,8222.642717644942,390,1,0.05184740945696831,0,0,4.863289833068848,0.4485771954059601
0.4680338501930237,0.8820350170135498,0,4.219123840332031,2.641002262882572,8.824005126953125,-0.0001384445931762457,0,0,0.7519603371620178,2.2071573734283447,2.838799238204956,3.483741283416748,8.72166919708252,0,0.1979743242263794,0.005514706019312143,0.0826953873038292,1e-06,0.04027557373046875,0.9706616997718811,0.0015693539753556252,-0.0022050635889172554,0.002559661865234375,2258.382131739,0.34949448704719543,2.8978638648986816,0,0.9678344130516052,6.792071616246176e-08,-3.196208490408026e-05,1,0.47508901357650757,2014.6826727858072,0,0.0,1,0,1,0,7.060986518859863,0.5828665494918823,0.7454161643981934,11.498046875,1762703218.5190065,0.0008943363791331649,18.23680305480957,0.8820350170135498,0,0.3430785536766052,0.0,391,1,0,0.34397977590560913,2.000281810760498,0,0.4495936930179596,0.10690800845623016,0.043724313378334045,59.619300842285156,3.8584775379244896e-16,0,0.9177408218383789,8058.730691143229,391,1,0.07406452298164368,0,0,6.17992639541626,0.47686511278152466
0.43572288751602173,0.8822476863861084,0,4.657999277114868,2.6446836362307455,7.742123126983643,-2.8968426704523154e-05,0,0,0.8197115659713745,2.6459195613861084,2.0462961196899414,2.640712261199951,7.2878923416137695,0,0.24401064217090607,0.0021271565929055214,0.06060749292373657,1e-06,0.015583038330078125,0.9939934611320496,0.0011294193100184202,-0.0035648439079523087,0.0028123855590820312,2263.964894378,0.24320490658283234,2.56380033493042,0,0.9977789521217346,6.043494238383573e-08,-0.000244572147494182,1,0.4277879297733307,2017.4910002154572,0,0.0,1,0,1,0,7.050077438354492,0.6855500340461731,0.512680172920227,11.498046875,1762703224.0660312,0.0009892258094623685,11.365264892578125,0.8822476863861084,0,0.3038603365421295,0.0,392,1,0,0.2410777509212494,2.00026535987854,0,0.38933998346328735,0.08101204037666321,0.02404329553246498,26.244937896728516,1.628461207510285e-17,0,0.9833285808563232,8069.964000861829,392,1,0.04607747122645378,0,0,5.648111343383789,0.42906853556632996
0.4535047709941864,0.35082125663757324,0,5.225724935531616,2.6305392311313134,8.206033706665039,0.0,0,0,0.8089929819107056,2.2139391899108887,2.5261411666870117,2.963102102279663,8.679422378540039,0,0.2384580373764038,0.005045408383011818,0.06852712482213974,1e-06,0.018894195556640625,0.9929426908493042,0.0013820268213748932,-0.0012920150766149163,0.0024404525756835938,2268.91105299,0.29566094279289246,2.619267225265503,0,0.9939515590667725,1.0118844784301473e-07,-7.315684342756867e-05,1,0.4541037082672119,2006.7009724024606,0,0.0,1,0,1,0,7.012304306030273,0.6384032368659973,0.6887006163597107,11.498046875,1762703229.6487732,0.0006208133418112993,11.176759719848633,0.35082125663757324,0,0.31008273363113403,0.0,393,1,0,0.2906155288219452,3.00032639503479,0,0.40419507026672363,0.0945064127445221,0.03646775335073471,26.56230354309082,2.526390644029422e-16,0,0.9350999593734741,8026.803889609842,393,1,0.07086055725812912,0,0,5.5022783279418945,0.4563968777656555
0.4328017234802246,0.30265188217163086,0,4.637521028518677,2.63774030422918,10.642144203186035,0.0,0,0,0.8259404301643372,2.625839948654175,1.6079316139221191,2.750617504119873,6.862247467041016,0,0.1505693793296814,0.005011275410652161,0.04921974986791611,1e-06,0.013427734375,0.9951174259185791,0.0029297529254108667,-0.0028094612061977386,0.0024628639221191406,2274.367150124,0.24480082094669342,11.647195816040039,0,0.9981111884117126,5.400516300824165e-08,-0.00017055646458175033,1,0.42700842022895813,2012.1942949185502,0,0.0,1,0,1,0,7.215671539306641,0.7013452649116516,0.6493403315544128,11.498046875,1762703234.5952394,0.0010585410054773092,192.959716796875,0.30265188217163086,0,0.30295687913894653,0.0,394,1,0,0.23978954553604126,2.000309944152832,0,0.3599998354911804,0.07368090748786926,0.019904086366295815,1157.3953857421875,1.759678522440797e-17,0,0.9960917830467224,8048.777179674201,394,1,0.07062160968780518,0,0,68.99105834960938,0.4300229251384735
0.455424964427948,0.5196919441223145,0,4.929041862487793,2.658941091022251,6.944947242736816,-1.5825286027393304e-05,0,0,0.8010783791542053,2.9175660610198975,2.0541536808013916,2.4585893154144287,7.070648193359375,0,0.15860722959041595,0.004129793494939804,0.07076214253902435,1e-06,0.012477874755859375,0.9932617545127869,0.0015485236654058099,-0.0034284312278032303,0.002538442611694336,2279.720911199,0.29498523473739624,2.0920064449310303,0,0.9982852935791016,9.937106426605169e-08,-0.00012517126742750406,1,0.4542239308357239,2028.3672677333507,0,0.0,1,0,1,0,7.1592559814453125,0.6552830338478088,0.4357028007507324,11.498046875,1762703240.05079,0.0009008258348330855,9.157617568969727,0.5196919441223145,0,0.31947192549705505,0.0,395,1,0,0.2908554673194885,2.0002617835998535,0,0.36758676171302795,0.09204834699630737,0.01957818865776062,24.1883544921875,1.0175904850738896e-14,0,1.0038237571716309,8113.469070933403,395,1,0.06414009630680084,0,0,4.788017272949219,0.4561034142971039
0.45257511734962463,0.512610912322998,0,4.833897829055786,2.6034472111639926,7.582348346710205,0.0,0,0,0.7804374694824219,2.8225364685058594,1.6989777088165283,2.6815168857574463,6.407495975494385,0,0.2737225294113159,0.0030379747040569782,0.06146664917469025,1e-06,0.018512725830078125,0.9837732911109924,0.0017203671159222722,-0.004435112699866295,0.002469778060913086,2283.568845958,0.29240506887435913,2.7069942951202393,0,0.9943061470985413,2.060620118982115e-08,-0.00020961965492460877,1,0.45352602005004883,1986.0338855294062,0,0.0,1,0,1,0,7.019952774047852,0.6394187211990356,0.48043936491012573,11.498046875,1762703245.4041095,0.0011319173499941826,12.147943496704102,0.512610912322998,0,0.32584333419799805,0.0,396,1,0,0.28936707973480225,2.0002989768981934,0,0.38115933537483215,0.08661298453807831,0.02799256332218647,102.48798370361328,1.6443354652096676e-17,0,0.8860490322113037,7944.135542117625,396,1,0.055041003972291946,0,0,7.653397083282471,0.454925000667572
0.4446927011013031,0.5100119113922119,0,3.3320627212524414,2.6714309025038396,6.923189163208008,-2.87653056147974e-05,0,0,0.8030754923820496,2.320795774459839,1.4768223762512207,2.1477982997894287,7.3842315673828125,0,0.28975847363471985,0.004518497735261917,0.0727401077747345,1e-06,0.014636993408203125,0.9933016896247864,0.0032580778934061527,-0.0031974681187421083,0.0023736953735351562,2288.97622927,0.261508047580719,2.0924489498138428,0,0.9975219964981079,2.967489649563504e-07,-0.0001265797473024577,1,0.43703529238700867,2037.895092503502,0,0.0,1,0,1,0,7.123052597045898,0.6645236611366272,0.5810640454292297,11.498046875,1762703249.2534902,0.0011684591881930828,8.973480224609375,0.5100119113922119,0,0.3190038204193115,0.0,397,1,0,0.25698956847190857,1.00014066696167,0,0.37484508752822876,0.10084977000951767,0.03023236244916916,20.53919219970703,8.043156343620486e-19,0,0.9407207369804382,8151.580370014008,397,1,0.06707719713449478,0,0,4.926148414611816,0.4395180940628052
0.44538718461990356,0.8760409355163574,0,4.523476600646973,2.669844544273343,10.237029075622559,0.0,0,0,0.8012898564338684,2.511826276779175,2.636683940887451,3.630077600479126,10.301060676574707,0,0.12508422136306763,0.005232993047684431,0.07344996184110641,1e-06,0.01250457763671875,0.9921460747718811,0.001492297276854515,-0.0031336741521954536,0.0024445056915283203,2293.726054158,0.2741091549396515,6.03486967086792,0,0.9973989129066467,5.916260192861955e-07,-0.0001467830006731674,1,0.44343066215515137,2036.6849426733675,0,0.0,1,0,1,0,7.116920471191406,0.6673274636268616,0.5992732644081116,11.498046875,1762703254.660056,0.0007832198753021657,88.83029174804688,0.8760409355163574,0,0.3177572190761566,0.0,398,1,0,0.26887616515159607,2.000260353088379,0,0.3046572208404541,0.10289981216192245,0.04036179557442665,190.05252075195312,2.208918195535978e-16,0,0.7718347311019897,8146.73977069347,398,1,0.07215889543294907,0,0,13.335798263549805,0.44611984491348267
0.4673554599285126,0.48643970489501953,0,4.256098985671997,2.6565420733152667,8.82956600189209,0.0,0,0,0.8176345825195312,2.2451863288879395,2.555316686630249,3.2505722045898438,8.380416870117188,0,0.1911194920539856,0.0032976092770695686,0.05770820006728172,1e-06,0.012228012084960938,0.9959638118743896,0.0013581484090536833,-0.003844412975013256,0.002488374710083008,2309.417670009,0.3374553620815277,3.308786153793335,0,0.9971227049827576,1.408633636401646e-07,-0.00017739606846589595,1,0.47176000475883484,2026.5371824381218,0,0.0,1,0,1,0,6.975496292114258,0.6220170855522156,0.5523642897605896,11.498046875,1762703259.409194,0.0008786841644905508,33.85281753540039,0.48643970489501953,0,0.3092469871044159,0.0,399,1,0,0.3341577649116516,2.0002970695495605,0,0.288031667470932,0.08788081258535385,0.01892193779349327,93.09525299072266,6.097898713380075e-17,0,0.7541952729225159,8106.148729752487,399,1,0.0573379285633564,0,0,7.592485427856445,0.47290661931037903
0.44977694749832153,0.34909796714782715,0,2.2498221397399902,2.1596368775543646,7.615536689758301,1.409546075592516e-05,0,0,0.8021789193153381,2.2386698722839355,2.3777589797973633,2.623694658279419,7.39972448348999,0,0.247965469956398,0.005458515137434006,0.05713104084134102,1e-06,0.013162612915039062,0.9914202690124512,0.002276555635035038,-0.00687628285959363,0.002185344696044922,2312.257367911,0.2854803502559662,2.4234817028045654,0,0.9974678158760071,2.6976754270435777e-06,-0.00018437900871504098,1,0.44907084107398987,1647.474164588204,0,0.0,1,0,1,0,7.016813278198242,0.6595394611358643,0.5929702520370483,11.498046875,1762703275.1013632,0.0015459421556442976,11.255929946899414,0.34909796714782715,0,0.31458771228790283,12.023423194885254,400,1,0,0.2800218462944031,9.202957153320312e-05,0,0.3067686855792999,0.08851171284914017,0.022205449640750885,22.538951873779297,6.441082714638525e-17,0,0.7734895348548889,6589.896658352816,400,1,0.07368990778923035,0,0,5.5176005363464355,0.4517045319080353
0.4621361196041107,0.5243101119995117,0,2.3089704513549805,2.2748139697866017,8.793451309204102,-5.777624210168142e-06,0,0,0.8288744688034058,2.2983779907226562,2.6926445960998535,3.3423168659210205,8.957509994506836,0,0.1566961109638214,0.003170942422002554,0.05372437834739685,1e-06,0.007678985595703125,0.9958632588386536,0.0015411337371915579,-0.0032872629817575216,0.002030611038208008,2317.718494748,0.32170653343200684,2.9461426734924316,0,0.9978074431419373,6.07893696269457e-07,-0.00022886118676979095,1,0.4659755825996399,1735.3367519412611,0,0.0,1,0,1,0,7.081655502319336,0.6479766964912415,0.49333733320236206,11.498046875,1762703277.940877,0.0009727312135510147,11.251254081726074,0.5243101119995117,0,0.2987126111984253,0.0,401,1,0,0.31853559613227844,8.344650268554688e-05,0,0.27151307463645935,0.10076090693473816,0.005680769681930542,33.826515197753906,2.5361115630546657e-18,0,0.7514261603355408,6941.3470077650445,401,1,0.05622987449169159,0,0,6.367842674255371,0.4671984314918518
0.47225984930992126,0.8904383182525635,0,4.552769422531128,2.2797750215221346,9.749289512634277,0.0,0,0,0.8134506344795227,2.5402157306671143,2.9146528244018555,3.9320337772369385,9.731059074401855,0,0.1066218912601471,0.002352326177060604,0.05396966263651848,1e-06,0.014446258544921875,0.9921822547912598,0.0008022739784792066,-0.0023053435143083334,0.002790212631225586,2323.510312503,0.3622582256793976,3.540407657623291,0,0.9891146421432495,3.878387531131011e-07,-6.542259507114068e-05,1,0.48003527522087097,1739.1212791682326,0,0.0,1,0,1,0,6.76347541809082,0.5937872529029846,0.5699005126953125,11.498046875,1762703283.390325,0.0006143831415101886,20.140562057495117,0.8904383182525635,0,0.3065648078918457,0.0,402,1,0,0.3599058985710144,2.000296115875244,0,0.28626781702041626,0.08968834578990936,0.014780561439692974,36.24345016479492,4.487139253696486e-18,0,0.6145966649055481,6956.48511667293,402,1,0.0484500378370285,0,0,6.480558395385742,0.48071572184562683
0.46424534916877747,0.5767865180969238,0,5.201087713241577,2.2006440112766557,10.181560516357422,2.5892670237226412e-05,0,0,0.82609623670578,2.189976930618286,3.343743324279785,3.5446410179138184,10.440288543701172,0,0.2279534786939621,0.004926108289510012,0.06856618076562881,1e-06,0.0093841552734375,0.995263934135437,0.0017307439120486379,-0.002223037416115403,0.0023102760314941406,2327.743909831,0.32943350076675415,2.6490869522094727,0,0.9976949095726013,7.031922422129355e-08,-8.450980385532603e-05,1,0.46826255321502686,1678.7563648846692,0,0.0,1,0,1,0,6.447689056396484,0.6303452849388123,0.5716012120246887,11.498046875,1762703289.1749463,0.0009236225159838796,12.433977127075195,0.5767865180969238,0,0.3011734187602997,0.0,403,1,0,0.32450738549232483,3.000366449356079,0,0.26835447549819946,0.10013895481824875,0.017357919365167618,26.599145889282227,1.0635384899255909e-19,0,0.6617264151573181,6715.025459538677,403,1,0.07002393156290054,0,0,5.801578044891357,0.47007986903190613
0.465142160654068,0.6545417308807373,0,3.5918936729431152,2.281012612137109,10.666424751281738,-1.8201400962425396e-05,0,0,0.806982159614563,2.5805342197418213,3.263490676879883,3.909864664077759,11.030067443847656,0,0.22642017900943756,0.00210147094912827,0.05353173613548279,1e-06,0.015932083129882812,0.9933840036392212,0.0009363172575831413,-0.0026682240422815084,0.002518892288208008,2332.915272668,0.3338336944580078,3.220329761505127,0,0.9942401051521301,2.7896450660591654e-07,-0.00013230614422354847,1,0.4709060490131378,1740.0653724024692,0,0.0,1,0,1,0,6.400293350219727,0.6204635500907898,0.5341302752494812,11.498046875,1762703293.4281108,0.0007732825470156968,12.924613952636719,0.6545417308807373,0,0.3132138252258301,0.0,404,1,0,0.33173221349716187,1.0001914501190186,0,0.3063291907310486,0.0794517770409584,0.010745386593043804,27.797760009765625,1.2287910274540585e-17,0,0.6865144371986389,6960.261489609877,404,1,0.04580048844218254,0,0,5.9930195808410645,0.47165191173553467
0.4607517123222351,0.6195118427276611,0,4.5440709590911865,2.275054712763693,12.127901077270508,-2.7597747248364612e-05,0,0,0.8489964008331299,2.531808614730835,4.010140419006348,4.44526481628418,13.418484687805176,0,0.1331113576889038,0.0035059330984950066,0.053709592670202255,1e-06,0.007167816162109375,0.9974347949028015,0.002382351318374276,-0.007305958773940802,0.002527952194213867,2337.761671606,0.3185005187988281,3.3299331665039062,0,0.9981068968772888,2.4169471544155385e-06,-0.0002718906325753778,1,0.4645763635635376,1735.5204021832003,0,0.0,1,0,1,0,5.942167282104492,0.6515159606933594,0.7005440592765808,11.498046875,1762703298.5984879,0.0015770657919347286,15.19501781463623,0.6195118427276611,0,0.28806596994400024,0.0,405,1,0,0.31499460339546204,2.000286102294922,0,0.2486620545387268,0.09493644535541534,0.016602778807282448,30.14496612548828,9.737646271590597e-18,0,0.5977199673652649,6942.081608732801,405,1,0.059115007519721985,0,0,6.8833746910095215,0.4659576117992401
0.46398258209228516,0.5550742149353027,0,4.267156362533569,2.2273355487260074,11.920283317565918,-5.0180293328594416e-05,0,0,0.7853010892868042,2.2557764053344727,3.8829123973846436,4.611924171447754,10.128589630126953,0,0.11919363588094711,0.004485422745347023,0.07193794846534729,1e-06,0.022674560546875,0.9883246421813965,0.0008077226812019944,-0.0015591868432238698,0.0025551319122314453,2342.586828408,0.32893097400665283,6.668436050415039,0,0.9879814982414246,1.3668839926594956e-07,-4.9787122406996787e-05,1,0.4682256579399109,1699.117944564093,0,0.0,1,0,1,0,6.031044006347656,0.6132317185401917,0.6260740160942078,11.498046875,1762703303.4268897,0.0004372194816824049,100.76618194580078,0.5550742149353027,0,0.3324781060218811,0.0,406,1,0,0.32444557547569275,2.000326156616211,0,0.33544227480888367,0.11196845024824142,0.017689982429146767,335.8872375488281,8.363081370222441e-19,0,0.6619198322296143,6796.471778256372,406,1,0.06683125346899033,0,0,20.503448486328125,0.46988341212272644
0.4705774486064911,0.5705811977386475,0,4.266297101974487,2.2688473073276887,11.047758102416992,0.0,0,0,0.8228808045387268,2.2547502517700195,3.453808307647705,4.344850063323975,11.506172180175781,0,0.16431660950183868,0.003986332565546036,0.056432221084833145,1e-06,0.01091766357421875,0.9964710474014282,0.0010168440639972687,-0.007241999730467796,0.0024962425231933594,2348.604527591,0.36361050605773926,3.718027114868164,0,0.9903880953788757,5.972661369924026e-07,-0.00022922531934455037,1,0.47995856404304504,1730.7850968218092,0,0.0,1,0,1,0,5.757279396057129,0.5942476987838745,0.5261431932449341,11.498046875,1762703308.2706795,0.0014595045940950513,16.61936378479004,0.5705811977386475,0,0.3057764768600464,0.0,407,1,0,0.35962414741516113,2.000272512435913,0,0.2723551392555237,0.08820153772830963,0.015735354274511337,27.35464096069336,5.401282191227826e-18,0,0.5677053928375244,6923.140387287237,407,1,0.06302040815353394,0,0,6.263557434082031,0.48110684752464294
0.458790123462677,0.5249142646789551,0,5.485901355743408,2.211254765921882,10.795964241027832,0.0,0,0,0.8506293892860413,2.473390817642212,3.180508852005005,3.535731792449951,10.883599281311035,0,0.13704976439476013,0.0028026907239109278,0.06264002621173859,1e-06,0.007656097412109375,0.99738609790802,0.000814685772638768,-0.011227929964661598,0.002527952194213867,2353.681007334,0.30633410811424255,2.931535005569458,0,0.9983778595924377,5.776512807642575e-06,-0.0004912503063678741,1,0.459847092628479,1686.8507553474728,0,0.0,1,0,1,0,5.921065330505371,0.6510987281799316,0.722528338432312,11.498046875,1762703314.287694,0.002235749503597617,12.275711059570312,0.5249142646789551,0,0.28373560309410095,0.0,408,1,0,0.3035314083099365,3.000342607498169,0,0.293577641248703,0.10071529448032379,0.02474251762032509,24.388891220092773,5.918840183495252e-16,0,0.7193400263786316,6747.403021389891,408,1,0.052873607724905014,0,0,6.675530433654785,0.46103477478027344
0.4594281017780304,0.5456876754760742,0,4.524514675140381,2.7324348612993914,11.948941230773926,0.0,0,0,0.8131301403045654,2.512359857559204,4.073850154876709,4.583891868591309,12.59190845489502,0,0.09293908625841141,0.003518471959978342,0.06630691885948181,1e-06,0.018672943115234375,0.9900385737419128,0.0015131189720705152,-0.002002707216888666,0.002493619918823242,2359.655199732,0.3206835985183716,3.7946441173553467,0,0.9855295419692993,5.976501711302262e-07,-7.251113129314035e-05,1,0.4654307961463928,2084.4318261080357,0,0.0,1,0,1,0,6.5043792724609375,0.6250045299530029,0.6795743703842163,11.498046875,1762703319.3647318,0.0007190745673142374,13.738107681274414,0.5456876754760742,0,0.3023883104324341,0.0,409,1,0,0.3171651363372803,2.000274181365967,0,0.2868328094482422,0.09981773793697357,0.023436754941940308,28.60820960998535,2.5513253790734707e-19,0,0.616243839263916,8337.727304432143,409,1,0.05921970307826996,0,0,7.84807825088501,0.46679800748825073
0.4472281336784363,0.48047518730163574,0,5.486542224884033,2.546496123854719,11.580987930297852,0.0,0,0,0.85331130027771,3.4750137329101562,3.2053325176239014,3.9469504356384277,10.961871147155762,0,0.14235158264636993,0.003198294434696436,0.05321197956800461,1e-06,0.011075973510742188,0.9956539273262024,0.0013970782747492194,-0.002661211183294654,0.002498149871826172,2363.793570873,0.2843816578388214,3.9070019721984863,0,0.9966228008270264,4.5047525532027066e-07,-0.00015877597616054118,1,0.44963669776916504,1942.588875878762,0,0.0,1,0,1,0,6.705397605895996,0.6734573245048523,0.6153082847595215,11.498046875,1762703325.3389745,0.000795761588960886,42.45950698852539,0.48047518730163574,0,0.2754228711128235,0.0,410,1,0,0.2811833620071411,2.0002682209014893,0,0.2312050759792328,0.10002228617668152,0.006228473503142595,126.91345977783203,6.387142550591043e-21,0,0.4844847619533539,7770.355503515048,410,1,0.05647047981619835,0,0,9.80036735534668,0.451179563999176
0.47052451968193054,0.5863993167877197,0,3.5456812381744385,2.6198978677602818,12.569682121276855,0.0,0,0,0.846968948841095,2.534102201461792,4.154821395874023,4.874423503875732,12.565790176391602,0,0.3226131200790405,0.0026970331091433764,0.05786912888288498,1e-06,0.017353057861328125,0.997142493724823,0.0015649916604161263,-0.0020290601532906294,0.002458810806274414,2369.914436943,0.3548097014427185,5.388272285461426,0,0.9923862218856812,1.6410203897976317e-06,-8.953247015597299e-05,1,0.47770044207572937,1998.5832321415967,0,0.0,1,0,1,0,4.7390899658203125,0.6058458089828491,0.5387828946113586,11.498046875,1762703329.478288,0.0007017281022854149,72.02145385742188,0.5863993167877197,0,0.2803094983100891,0.0,411,1,0,0.35211268067359924,1.0001976490020752,0,0.2727275788784027,0.09550979733467102,0.010545304976403713,240.07151794433594,3.0168654227840563e-21,0,0.5510246157646179,7994.332928566387,411,1,0.05187065899372101,0,0,15.315863609313965,0.47852733731269836
0.45791518688201904,0.882695198059082,0,5.228592395782471,2.6548502022892855,10.981565475463867,-2.931190283561591e-05,0,0,0.8481246829032898,2.2163820266723633,2.7550148963928223,3.9051172733306885,10.023065567016602,0,0.09177716821432114,0.0025366402696818113,0.06306108832359314,1e-06,0.0099334716796875,0.9949390888214111,0.0019125347025692463,-0.0029235773254185915,0.002777099609375,2373.816675575,0.31003379821777344,5.739599227905273,0,0.9963959455490112,3.828657781923539e-07,-7.223632565001026e-05,1,0.4615221321582794,2025.2465424078052,0,0.0,1,0,1,0,5.411439895629883,0.6457421779632568,0.6141455769538879,11.498046875,1762703335.5975144,0.0008130070636980236,79.28069305419922,0.882695198059082,0,0.2733263075351715,0.0,412,1,0,0.30749717354774475,3.000450372695923,0,0.26729100942611694,0.1028689295053482,0.02423032745718956,263.7044372558594,7.78062821650085e-20,0,0.5882724523544312,8100.986169631221,412,1,0.050308238714933395,0,0,16.64411735534668,0.462572306394577
0.4689057469367981,0.8774642944335938,0,3.018637180328369,2.646858826160804,12.439435005187988,5.948511534370482e-05,0,0,0.8427400588989258,2.0080089569091797,4.304246425628662,4.5253777503967285,12.852444648742676,0,0.22883062064647675,0.002513352083042264,0.05494304373860359,1e-06,0.0079345703125,0.9970836043357849,0.0006746146827936172,-0.002268817974254489,0.002246379852294922,2380.673567987,0.3427583873271942,3.504662036895752,0,0.9968429803848267,1.6126816717587644e-06,-0.00015821181295905262,1,0.47386589646339417,2019.1503389913823,0,0.0,1,0,1,0,5.027891159057617,0.6242059469223022,0.747913658618927,11.498046875,1762703339.5004454,0.0007091888110153377,13.393241882324219,0.8774642944335938,0,0.28593745827674866,0.0,413,1,0,0.3402450382709503,1.0001649856567383,0,0.21513351798057556,0.09860540926456451,0.02041413076221943,39.980491638183594,4.223552774832482e-17,0,0.5182237029075623,8076.601355965529,413,1,0.050078168511390686,0,0,6.819974422454834,0.47470608353614807
0.4598011374473572,0.8953049182891846,0,5.954339265823364,2.5687812878419325,11.532170295715332,-6.015398685121909e-05,0,0,0.7970138788223267,2.941465139389038,3.3895843029022217,4.0321245193481445,11.346097946166992,0,0.19835428893566132,0.0025925051886588335,0.07534247636795044,1e-06,0.017465591430664062,0.9878298044204712,0.0016113773453980684,-0.0031548719853162766,0.0025250911712646484,2385.61232181,0.3103935718536377,3.166666269302368,0,0.9922908544540405,2.0915746290484094e-07,-0.00017737792222760618,1,0.4616381824016571,1959.5890634121972,0,0.0,1,0,1,0,5.524930953979492,0.6349221467971802,0.6891216039657593,11.498046875,1762703346.3570714,0.0009274323238059878,13.870837211608887,0.8953049182891846,0,0.3197239339351654,0.0,414,1,0,0.3078010678291321,3.000385284423828,0,0.27201229333877563,0.12104643136262894,0.01844548061490059,30.43834686279297,3.012442484817561e-18,0,0.5689160823822021,7838.356253648789,414,1,0.05085660144686699,0,0,6.5655035972595215,0.4627092480659485
0.44823893904685974,0.32298779487609863,0,4.609562158584595,2.571838312088982,10.331769943237305,-7.126895798137411e-05,0,0,0.8431273102760315,2.597391128540039,2.8573689460754395,3.2639119625091553,9.377799034118652,0,0.06709076464176178,0.0034895315766334534,0.05125783011317253,1e-06,0.013803482055664062,0.9947242140769958,0.0006820415146648884,-0.0015569531824439764,0.0028412342071533203,2390.583265892,0.2878863513469696,2.833220958709717,0,0.9959418177604675,2.4268589982057165e-07,-8.027749572647735e-05,1,0.45118290185928345,1961.9211075256674,0,0.0,1,0,1,0,5.61572265625,0.6640939116477966,0.5861363410949707,11.498046875,1762703351.2963505,0.0004753734974656254,14.188004493713379,0.32298779487609863,0,0.28578123450279236,0.0,415,1,0,0.28439682722091675,2.0002734661102295,0,0.25342342257499695,0.07992532104253769,0.015752196311950684,24.29783821105957,1.9450012662890654e-18,0,0.585797131061554,7847.6844301026695,415,1,0.058976445347070694,0,0,6.507510185241699,0.4528343081474304
0.44519007205963135,0.44655537605285645,0,4.514070749282837,2.5550620809375144,9.941767692565918,-7.321187877096236e-05,0,0,0.8527690172195435,2.2249412536621094,2.4137558937072754,3.4029290676116943,10.169095039367676,0,0.30654391646385193,0.003375527448952198,0.05338383838534355,1e-06,0.01006317138671875,0.9973393678665161,0.001186960842460394,-0.00355645758099854,0.002485036849975586,2395.712779053,0.2751055061817169,3.256114959716797,0,0.9973495006561279,4.0712400561915274e-08,-0.0001747631176840514,1,0.44491395354270935,1949.1233970918183,0,0.0,1,0,1,0,4.844810485839844,0.6816511154174805,0.8725332021713257,11.498046875,1762703356.2640595,0.0008692896226420999,13.203397750854492,0.44655537605285645,0,0.2861824035644531,0.0,416,1,0,0.271729975938797,2.0002810955047607,0,0.2231052964925766,0.09761613607406616,0.010152161121368408,27.28461265563965,1.4635173195026944e-18,0,0.5255306959152222,7796.493588367273,416,1,0.0580093078315258,0,0,6.733935832977295,0.44663020968437195
0.46130117774009705,0.8594653606414795,0,4.266397476196289,2.599719003761372,14.099980354309082,-1.997031631617574e-06,0,0,0.8253956437110901,2.2548258304595947,3.6651864051818848,5.654860973358154,11.139934539794922,0,0.08778449892997742,0.002808271674439311,0.048749133944511414,1e-06,0.01136016845703125,0.9923831224441528,0.0010385068599134684,-0.0019182900432497263,0.0024597644805908203,2401.481383696,0.32244065403938293,18.218393325805664,0,0.9939630627632141,5.914274652241147e-07,-7.209691102616489e-05,1,0.46639367938041687,1983.18983084601,0,0.0,1,0,1,0,5.481677055358887,0.6368931531906128,0.4293038845062256,11.498046875,1762703361.3966486,0.0005707848467864096,296.8686218261719,0.8594653606414795,0,0.2943510115146637,0.0,417,1,0,0.3196323812007904,2.0002806186676025,0,0.21428148448467255,0.07142942398786545,0.010535665787756443,593.5642700195312,1.3264009660337606e-18,0,0.4730278551578522,7932.75932338404,417,1,0.05292542278766632,0,0,35.97529983520508,0.46747028827667236
0.47559407353401184,0.5515966415405273,0,5.209829807281494,2.570558730477919,12.33376407623291,-4.5679917093366385e-06,0,0,0.8052858710289001,2.1980795860290527,4.122465133666992,4.789895534515381,11.906280517578125,0,0.16358523070812225,0.003033366985619068,0.04863100126385689,1e-06,0.019954681396484375,0.9924052357673645,0.0011091162450611591,-0.0017970982007682323,0.0025815963745117188,2406.870646716,0.3758847415447235,3.4013288021087646,0,0.9827782511711121,2.6952105258715164e-07,-8.433729090029374e-05,1,0.4836241900920868,1960.9449815539272,0,0.0,1,0,1,0,5.348437309265137,0.5813827514648438,0.6034038066864014,11.498046875,1762703367.1651878,0.0005913256900385022,16.106639862060547,0.5515966415405273,0,0.31658560037612915,0.0,418,1,0,0.3728513717651367,3.0003609657287598,0,0.2903304696083069,0.08686655014753342,0.006739956792443991,53.71306610107422,4.739872295743182e-17,0,0.6049985289573669,7843.779926215709,418,1,0.05499936640262604,0,0,6.673696041107178,0.48441171646118164
0.46200495958328247,0.8826470375061035,0,4.499002933502197,2.613911950088627,28.055252075195312,-9.376979141961783e-05,0,0,0.8423433303833008,2.4870874881744385,3.2147703170776367,7.5498504638671875,10.92978572845459,0,0.13045728206634521,0.003132341429591179,0.04083634167909622,1e-06,0.0131683349609375,0.9960243701934814,0.0020413536112755537,-0.0029644763562828302,0.002482175827026367,2411.984986589,0.32341423630714417,58.645294189453125,0,0.9963828921318054,9.9070163628312e-08,-0.0002322307846043259,1,0.4666457176208496,1994.016888226146,0,0.0,1,0,1,0,4.904392242431641,0.6361961960792542,0.409174382686615,11.498046875,1762703372.5536854,0.0010805263882502913,978.2369384765625,0.8826470375061035,0,0.2895313799381256,0.0,419,1,0,0.32028189301490784,2.000232458114624,0,0.26644644141197205,0.06859360635280609,0.005753047298640013,4646.61328125,4.473105824411794e-19,0,0.5508760213851929,7976.067552904584,419,1,0.0558868944644928,0,0,278.59344482421875,0.46784037351608276
0.4678443372249603,0.5858025550842285,0,4.522125005722046,2.560966447018614,10.49318790435791,0.0,0,0,0.8231697678565979,2.511056423187256,2.8084473609924316,3.987980842590332,10.434152603149414,0,0.07811889052391052,0.003021148033440113,0.04956219717860222,1e-06,0.013490676879882812,0.9939830303192139,0.0008033874328248203,-0.002146892948076129,0.0025119781494140625,2417.983895845,0.33585095405578613,3.8873367309570312,0,0.9964693784713745,4.74562931174205e-08,-0.00010300707799615338,1,0.47128552198410034,1953.627529558707,0,0.0,1,0,1,0,5.516801834106445,0.6254560947418213,0.7135279774665833,11.498046875,1762703377.6687808,0.0005547870532609522,17.669824600219727,0.5858025550842285,0,0.30676203966140747,0.0,420,1,0,0.3328298032283783,2.000291585922241,0,0.262997031211853,0.0884670540690422,0.006458091549575329,27.233081817626953,5.627768792438214e-18,0,0.5884853601455688,7814.510118234828,420,1,0.05488878861069679,0,0,7.058098316192627,0.47234654426574707
0.4668131470680237,0.4659881591796875,0,5.526062488555908,2.558989951789614,10.892172813415527,-2.640269030962372e-06,0,0,0.8205580115318298,2.5143120288848877,3.5568785667419434,4.226558685302734,10.339308738708496,0,0.183767169713974,0.0031923381611704826,0.062358856201171875,1e-06,0.011548995971679688,0.9939398765563965,0.001108501455746591,-0.00248888460919261,0.0024743080139160156,2422.016726315,0.3383878469467163,3.457111358642578,0,0.9968266487121582,1.194615464328308e-07,-9.20567981665954e-05,1,0.47212156653404236,1952.1197645913403,0,0.0,1,0,1,0,5.273571014404297,0.6194335222244263,0.6338939070701599,11.498046875,1762703383.6676917,0.0006800362607464194,15.377147674560547,0.4659881591796875,0,0.30232658982276917,0.0,421,1,0,0.33519551157951355,3.0004096031188965,0,0.2591927647590637,0.10381574928760529,0.010805348865687847,27.52716636657715,5.1832723689138197e-20,0,0.5753428339958191,7808.479058365361,421,1,0.05641802400350571,0,0,6.635439872741699,0.47322413325309753
0.45016172528266907,0.37778472900390625,0,3.6476266384124756,2.580573198787874,11.901890754699707,-0.00010186390863964334,0,0,0.8245987892150879,2.5633411407470703,3.913801908493042,4.4492316246032715,11.774088859558105,0,0.11666484922170639,0.0034538337495177984,0.05100622400641441,1e-06,0.014316558837890625,0.9927780032157898,0.002815450308844447,-0.0026439831126481295,0.07528829574584961,2428.025827691,0.290582537651062,3.5898709297180176,0,0.9962559342384338,5.792518891212239e-07,-0.0001178347592940554,1,0.4524742662906647,1968.5844963187526,0,0.0,1,0,1,0,5.352863311767578,0.661026656627655,0.5931914448738098,11.498046875,1762703387.7003617,0.0008965766173787415,22.801815032958984,0.37778472900390625,0,0.2965714931488037,0.0,422,1,0,0.2871287167072296,1.0002083778381348,0,0.23640550673007965,0.08241550624370575,0.010310156270861626,102.37537384033203,3.467286769783932e-18,0,0.4865618348121643,7874.33798527501,422,1,0.05867450311779976,0,0,8.762862205505371,0.4540834426879883
0.44781380891799927,0.7639966011047363,0,5.238524675369263,2.6259642275282173,10.783082008361816,0.0,0,0,0.8359682559967041,3.2264528274536133,2.730537176132202,3.7895729541778564,10.025222778320312,0,0.08508767187595367,0.0032088011503219604,0.057200223207473755,1e-06,0.013036727905273438,0.994686484336853,0.001283125369809568,-0.0016071127029135823,0.0028345584869384766,2433.827628601,0.2782489061355591,3.8627960681915283,0,0.9974051117897034,1.5744174675091926e-07,-6.708819273626432e-05,1,0.44658565521240234,2003.2109411303825,0,0.0,1,0,1,0,4.727924346923828,0.6686065196990967,0.606827437877655,11.498046875,1762703393.7095826,0.0006060880841687322,25.83810806274414,0.7639966011047363,0,0.2919389307498932,0.0,423,1,0,0.2750400900840759,2.000359058380127,0,0.2466147094964981,0.09552345424890518,0.008567671291530132,61.34502410888672,3.4331965887890903e-19,0,0.5256620645523071,8012.84376452153,423,1,0.05656180903315544,0,0,8.55123519897461,0.44818803668022156
0.46730858087539673,0.5440962314605713,0,5.2515387535095215,2.56048611811062,10.629764556884766,-2.2972079023020342e-05,0,0,0.8274138569831848,2.2390084266662598,3.700988292694092,4.366731643676758,11.264793395996094,0,0.241644024848938,0.0017949292669072747,0.0662081316113472,1e-06,0.015003204345703125,0.9954698085784912,0.005341758020222187,-0.0011050151661038399,0.002772092819213867,2437.997973487,0.33767107129096985,3.7183427810668945,0,0.9940393567085266,4.1807504658208927e-07,0.00014097505481913686,1,0.4723488390445709,1953.2611117249269,0,0.0,1,0,1,0,5.211780548095703,0.6120367050170898,0.7169771194458008,11.498046875,1762703399.5121057,0.0011077974922955036,13.891804695129395,0.5440962314605713,0,0.29957929253578186,0.0,424,1,0,0.33587613701820374,3.0003983974456787,0,0.2806665599346161,0.10443241149187088,0.017039917409420013,23.864215850830078,1.7085725745012494e-18,0,0.6278529167175293,7813.0444468997075,424,1,0.042333316057920456,0,0,6.7453742027282715,0.47296884655952454
0.47224798798561096,0.5688381195068359,0,3.594698429107666,2.6058573715671978,11.903837203979492,0.0,0,0,0.788979709148407,2.5831220149993896,4.04058837890625,4.832182884216309,12.48261547088623,0,0.2213653177022934,0.003814973868429661,0.06949865818023682,1e-06,0.0201568603515625,0.9888540506362915,0.0008423204999417067,-0.0015883916057646275,0.002469301223754883,2443.475144397,0.36146876215934753,3.628596544265747,0,0.9756779074668884,1.5454504875833663e-07,-0.0001096899650292471,1,0.47936663031578064,1987.8724710055396,0,0.0,1,0,1,0,5.122770309448242,0.5838274359703064,0.6329156160354614,11.498046875,1762703403.682525,0.0005145611357875168,14.062275886535645,0.5688381195068359,0,0.32486408948898315,0.0,425,1,0,0.35765379667282104,1.0001611709594727,0,0.2924943268299103,0.10996846854686737,0.01554037630558014,111.95471954345703,5.234979493627995e-19,0,0.5483977794647217,7951.489884022159,425,1,0.061654895544052124,0,0,8.56020450592041,0.4804832339286804
0.4634742736816406,0.8751776218414307,0,4.594447135925293,2.5936338978557365,12.38841724395752,0.0,0,0,0.8278391361236572,2.5824313163757324,3.690007209777832,4.28476095199585,12.242175102233887,0,0.08764007687568665,0.0024779734667390585,0.058114781975746155,1e-06,0.008756637573242188,0.995707094669342,0.0011910515604540706,-0.002926845336332917,0.002534151077270508,2448.26133083,0.3196585774421692,3.6539816856384277,0,0.9978391528129578,3.093795442055125e-07,-0.00014605553587898612,1,0.4654425084590912,1978.547821407983,0,0.0,1,0,1,0,5.706914901733398,0.6392378211021423,0.5630789399147034,11.498046875,1762703409.1589768,0.000768633559346199,15.607702255249023,0.8751776218414307,0,0.29927122592926025,0.0,426,1,0,0.3171806037425995,2.000298500061035,0,0.2561994194984436,0.09201908856630325,0.016417473554611206,33.924171447753906,8.954935819346609e-20,0,0.573300302028656,7914.191285631932,426,1,0.049724381417036057,0,0,8.604260444641113,0.46640846133232117
0.4702048599720001,0.3155219554901123,0,4.46400785446167,2.640243849478143,11.459748268127441,-5.308844993123785e-05,0,0,0.8202099204063416,2.4524388313293457,3.849123001098633,4.777218341827393,11.682146072387695,0,0.11750297993421555,0.005066344980150461,0.044563744217157364,1e-06,0.018451690673828125,0.9934822916984558,0.00045965262688696384,-0.0010815429268404841,0.0025031566619873047,2453.740141518,0.34933656454086304,3.686800956726074,0,0.993468165397644,2.371983327975613e-06,-6.168803520267829e-05,1,0.4751870334148407,2014.1041188155261,0,0.0,1,0,1,0,5.107170104980469,0.603348970413208,0.5017486810684204,11.498046875,1762703413.945263,0.00034272854099981487,15.352890968322754,0.3155219554901123,0,0.30755284428596497,0.0,427,1,0,0.3442701995372772,2.0002944469451904,0,0.3014691472053528,0.07751926779747009,0.004366702400147915,31.180400848388672,1.0454909139114108e-16,0,0.6093552112579346,8056.4164752621045,427,1,0.07100629061460495,0,0,6.094959735870361,0.4768179655075073
0.44688475131988525,0.3303821086883545,0,5.142402410507202,2.59260843108821,9.219539642333984,0.0,0,0,0.8365173935890198,2.1313295364379883,1.9043521881103516,3.379704713821411,7.920557498931885,0,0.11721967905759811,0.002494456712156534,0.04351571574807167,1e-06,0.007236480712890625,0.9955364465713501,0.0010291230864822865,-0.004503391683101654,0.002309083938598633,2458.283835803,0.2754988968372345,3.5620291233062744,0,0.9985507726669312,4.275361789041199e-07,-0.0002475524670444429,1,0.4455648362636566,1977.7655463766098,0,0.0,1,0,1,0,5.180032730102539,0.6885115504264832,0.6041284203529358,11.498046875,1762703419.424308,0.0010986089473590255,15.813092231750488,0.3303821086883545,0,0.29788896441459656,0.0,428,1,0,0.2730044424533844,3.000434160232544,0,0.22043927013874054,0.09364020079374313,0.0013648271560668945,28.111909866333008,1.1482469953718921e-16,0,0.5428319573402405,7911.062185506439,428,1,0.04988911747932434,0,0,6.730956077575684,0.446827232837677
0.4646190106868744,0.22339892387390137,0,4.310407638549805,2.6241721675378926,11.92223072052002,-2.0909315935568884e-05,0,0,0.827380895614624,2.298680305480957,4.868241310119629,4.772030830383301,13.093108177185059,0,0.12242460250854492,0.001932367100380361,0.0517926961183548,1e-06,0.014806747436523438,0.9937447905540466,0.0006710573798045516,-0.0013145434204488993,0.002409696578979492,2463.975911261,0.3333333134651184,3.6413304805755615,0,0.9930363297462463,6.612662417637694e-08,-0.00010425761865917593,1,0.47077369689941406,2001.8438721725695,0,0.0,1,0,1,0,6.4597063064575195,0.6193035840988159,0.5356894731521606,11.498046875,1762703423.9651504,0.00040570489363744855,14.120133399963379,0.22339892387390137,0,0.3001709282398224,0.0,429,1,0,0.33140096068382263,2.0002758502960205,0,0.2578710615634918,0.09181221574544907,0.010545055381953716,28.564102172851562,1.1736303228698374e-17,0,0.5422413349151611,8007.375488690278,429,1,0.04392151162028313,0,0,6.425752639770508,0.4714614748954773
0.47008177638053894,0.44664621353149414,0,5.241360664367676,2.6501316469422624,10.791834831237793,0.0,0,0,0.7885814309120178,2.2296700477600098,3.1803953647613525,4.426394462585449,9.379039764404297,0,0.10512372106313705,0.0051915948279201984,0.07270997762680054,1e-06,0.01763153076171875,0.9895513653755188,0.0014033005572855473,-0.0014149070484563708,0.0026254653930664062,2469.016811611,0.35228678584098816,3.847956657409668,0,0.9886201620101929,1.5285945664800238e-06,-0.0001000844276859425,1,0.4761051833629608,2021.6470030087544,0,0.0,1,0,1,0,6.409337997436523,0.5937032103538513,0.7152058482170105,11.498046875,1762703429.6595318,0.0005722142523154616,24.741371154785156,0.44664621353149414,0,0.3240835964679718,0.0,430,1,0,0.34709519147872925,3.000413179397583,0,0.32342374324798584,0.11117370426654816,0.025204909965395927,73.65418243408203,1.4446305113714243e-18,0,0.6931448578834534,8086.5880120350175,430,1,0.07187432795763016,0,0,7.248191833496094,0.4777418076992035
0.4539221525192261,0.5115389823913574,0,4.523138523101807,2.6057455767453686,9.264610290527344,-1.914934182423167e-05,0,0,0.8363088369369507,2.5116164684295654,2.8134267330169678,3.1878490447998047,9.361042976379395,0,0.15641310811042786,0.0039457459934055805,0.06099327653646469,1e-06,0.015167236328125,0.994740903377533,0.0013643794227391481,-0.0017953827045857906,0.002489805221557617,2474.080760449,0.3008631467819214,2.6042404174804688,0,0.9952104091644287,8.568694056521053e-07,-0.0001503990060882643,1,0.4569561779499054,1987.787188575603,0,0.0,1,0,1,0,5.802371025085449,0.646536648273468,0.5248966813087463,11.498046875,1762703434.7006574,0.0007217258680611849,14.212113380432129,0.5115389823913574,0,0.28592848777770996,0.0,431,1,0,0.2969173789024353,2.000312089920044,0,0.309684157371521,0.08710217475891113,0.030243055894970894,36.91072082519531,1.9515572930290076e-17,0,0.6474708318710327,7951.148754302412,431,1,0.0626988559961319,0,0,6.049892902374268,0.4586898684501648
0.45260125398635864,0.5163307189941406,0,4.540306568145752,2.6558385160969245,11.212695121765137,0.0,0,0,0.823797345161438,2.5281081199645996,3.6686863899230957,3.893622636795044,11.481283187866211,0,0.09320578724145889,0.0045385779812932014,0.04581008478999138,1e-06,0.0110626220703125,0.992627739906311,0.001275916351005435,-0.0010155780473724008,0.002561807632446289,2479.14795684,0.291225403547287,3.257086992263794,0,0.996971845626831,8.214461786337779e-07,-6.571201811311767e-05,1,0.4522710144519806,2026.0004753867765,0,0.0,1,0,1,0,5.79698371887207,0.6597571969032288,0.5552957057952881,11.498046875,1762703439.764849,0.0004497176851145923,25.78866958618164,0.5163307189941406,0,0.30326125025749207,0.0,432,1,0,0.28668683767318726,2.000330686569214,0,0.28324997425079346,0.07577111572027206,0.010663132183253765,128.9427032470703,1.0437056596261743e-16,0,0.6503515839576721,8104.001901547106,432,1,0.06722439080476761,0,0,9.465596199035645,0.454384446144104
0.46256282925605774,0.513338565826416,0,4.545715570449829,2.715039071298009,13.963812828063965,0.0,0,0,0.8138689994812012,2.534047842025757,2.7694051265716553,4.4929375648498535,8.96760082244873,0,0.134994238615036,0.002902374602854252,0.054052822291851044,1e-06,0.015960693359375,0.9946661591529846,0.0010388144291937351,-0.0013036378659307957,0.0024983882904052734,2485.230638781,0.32005277276039124,16.812129974365234,0,0.9963667392730713,4.2966533442267973e-07,-5.385461918194778e-05,1,0.4654279351234436,2071.161486590434,0,0.0,1,0,1,0,5.788188934326172,0.6257946491241455,0.42692965269088745,11.498046875,1762703444.8301275,0.00047588712186552584,279.59490966796875,0.513338565826416,0,0.3093370199203491,0.0,433,1,0,0.31715038418769836,2.0003294944763184,0,0.3264913856983185,0.08098761737346649,0.0077193123288452625,1397.5201416015625,2.0226673633122312e-17,0,0.6649777889251709,8284.645946361736,433,1,0.053802549839019775,0,0,83.28856658935547,0.4665580689907074
0.45494747161865234,0.5024075508117676,0,5.533789396286011,2.6143362410812445,9.001568794250488,0.0,0,0,0.8149608373641968,2.5219526290893555,2.5691065788269043,3.2172515392303467,8.321337699890137,0,0.10024649649858475,0.0021441972348839045,0.059360571205616,1e-06,0.010677337646484375,0.9944596290588379,0.0007841949700377882,-0.0028278641402721405,0.002761363983154297,2488.431964743,0.29241490364074707,3.048344612121582,0,0.997729480266571,6.286844609348918e-07,-0.0001276545663131401,1,0.45394811034202576,1994.340557661443,0,0.0,1,0,1,0,5.520576477050781,0.6514081358909607,0.4805370271205902,11.498046875,1762703450.91644,0.0007545111584477127,11.69266414642334,0.5024075508117676,0,0.30379223823547363,0.0,434,1,0,0.29027068614959717,3.000410795211792,0,0.3051295578479767,0.08305736631155014,0.01686207391321659,24.696523666381836,1.8056786670300878e-19,0,0.6533171534538269,7977.362230645772,434,1,0.04626200720667839,0,0,6.138209342956543,0.45493283867836
0.4555663764476776,0.863985538482666,0,2.32889986038208,2.757039216800625,8.24605655670166,-2.167334059777204e-05,0,0,0.826748788356781,2.3177144527435303,1.7225743532180786,2.853806495666504,7.334316253662109,0,0.08878825604915619,0.0036185060162097216,0.05620800331234932,1e-06,0.013051986694335938,0.9952461123466492,0.0009301394456997514,-0.0020890524610877037,0.0020711421966552734,2495.609482212,0.3044714331626892,2.782970905303955,0,0.9977651834487915,1.0951399644909543e-06,-0.00014317850582301617,1,0.4586881399154663,2103.2012037038326,0,0.0,1,0,1,0,6.4067792892456055,0.6416075825691223,0.5947985053062439,11.498046875,1762703454.1161904,0.0005689255776815116,11.656787872314453,0.863985538482666,0,0.29165399074554443,0.0,435,1,0,0.3008529245853424,9.34600830078125e-05,0,0.31714189052581787,0.08787963539361954,0.016064872965216637,91.69266510009766,1.9640219122434466e-17,0,0.7055267095565796,8412.80481481533,435,1,0.06005284562706947,0,0,7.3318281173706055,0.4602426588535309
0.4348854124546051,0.90553879737854,0,6.265471935272217,2.6255678811729846,12.990640640258789,-1.0041912901215255e-05,0,0,0.8543892502784729,2.253659248352051,2.2218947410583496,5.015238285064697,10.073365211486816,0,0.06722775846719742,0.0019408054649829865,0.04740224406123161,1e-06,0.0134124755859375,0.9970067143440247,0.0008119198027998209,-0.001247428823262453,0.002901315689086914,2499.067068206,0.24623969197273254,34.437442779541016,0,0.9975863099098206,1.355465713004378e-07,-9.240443614544347e-05,1,0.4297228753566742,2002.908589199249,0,0.0,1,0,1,0,6.650640487670898,0.70037442445755,0.48346900939941406,11.498046875,1762703461.2934108,0.0004620653635356575,571.0960083007812,0.90553879737854,0,0.2788962721824646,0.0,436,1,0,0.24429889023303986,4.000491619110107,0,0.2664485275745392,0.07720796763896942,0.005532777402549982,897.4365844726562,3.378319875988674e-19,0,0.6110416054725647,8011.634356796996,436,1,0.044017139822244644,0,0,54.26814651489258,0.4308720529079437
0.4663374423980713,0.546668529510498,0,2.848186492919922,2.7785707866159846,10.013583183288574,-1.3904033266953775e-06,0,0,0.8359996676445007,2.837176561355591,2.760550022125244,3.834791660308838,10.37166976928711,0,0.17527319490909576,0.001576872542500496,0.051426153630018234,1e-06,0.015567779541015625,0.9962180256843567,0.0014131267089396715,-0.002576561411842704,0.0020515918731689453,2504.992391487,0.3342970013618469,3.4655556678771973,0,0.9968083500862122,3.9459831668864354e-07,-8.30768549349159e-05,1,0.47124916315078735,2119.626513607784,0,0.0,1,0,1,0,6.016218185424805,0.6158502101898193,0.6265877485275269,11.498046875,1762703464.7528555,0.0007069709827192128,14.048462867736816,0.546668529510498,0,0.2950305640697479,0.0,437,1,0,0.3327201306819916,6.437301635742188e-05,0,0.3235032260417938,0.08046703040599823,0.015377377159893513,29.13408851623535,8.670627121969656e-18,0,0.6789198517799377,8478.506054431136,437,1,0.039683748036623,0,0,6.423990726470947,0.4718061089515686
0.46763554215431213,0.6692750453948975,0,5.248615264892578,2.6925856800698167,9.185866355895996,0.0,0,0,0.8065173029899597,2.2371139526367188,2.9597699642181396,3.8094730377197266,9.531508445739746,0,0.2831161916255951,0.0018329404992982745,0.052422959357500076,1e-06,0.015289306640625,0.9916884303092957,0.001061377115547657,-0.003856060793623328,0.002465486526489258,2510.994873861,0.3406651020050049,3.356287717819214,0,0.9935343265533447,5.855120477349374e-08,-0.00020638045680243522,1,0.47337469458580017,2054.0329672822586,0,0.0,1,0,1,0,6.503121376037598,0.6077813506126404,0.4869948923587799,11.498046875,1762703470.678162,0.0010024920338764787,13.337130546569824,0.6692750453948975,0,0.3140481114387512,0.0,438,1,0,0.33883213996887207,3.000397205352783,0,0.32396557927131653,0.0839226171374321,0.011071494780480862,23.957828521728516,8.766707252044988e-19,0,0.7147940397262573,8216.131869129034,438,1,0.04277919977903366,0,0,6.012892723083496,0.4739949405193329
0.44822126626968384,0.4953477382659912,0,5.498871803283691,2.6564751983985997,9.455309867858887,-5.893540219403803e-06,0,0,0.8445844054222107,2.4872782230377197,2.501722812652588,3.256990909576416,10.316207885742188,0,0.23498040437698364,0.0030832476913928986,0.04526274651288986,1e-06,0.0055789947509765625,0.9955917000770569,0.0010834342101588845,-0.003411228070035577,0.0025141239166259766,2516.005662156,0.27877700328826904,3.0422070026397705,0,0.9984099268913269,5.300770226313034e-06,-0.0002305106754647568,1,0.44692057371139526,2026.4861670574285,0,0.0,1,0,1,0,5.834262847900391,0.6799567341804504,0.6560168862342834,11.498046875,1762703476.6787145,0.0008600759319961071,12.935137748718262,0.4953477382659912,0,0.2889394462108612,0.0,439,1,0,0.27569374442100525,3.00036358833313,0,0.2430218905210495,0.07965602725744247,0.009099900722503662,28.795391082763672,5.339844922873614e-17,0,0.6244065761566162,8105.944668229714,439,1,0.05544845014810562,0,0,5.927937030792236,0.44845518469810486
0.44578585028648376,0.4973025321960449,0,4.506436109542847,2.6593854610402694,7.85048246383667,0.0,0,0,0.8478136658668518,2.4951353073120117,1.32240891456604,2.890418291091919,8.622891426086426,0,0.17681969702243805,0.002482073847204447,0.05315781757235527,1e-06,0.0077667236328125,0.9967569708824158,0.0013597969664260745,-0.0019667972810566425,0.0025887489318847656,2520.785157944,0.27551019191741943,3.255542516708374,0,0.9980483055114746,1.1170271818627953e-06,-0.00018163573986385018,1,0.44557657837867737,2028.706254408292,0,0.0,1,0,1,0,5.365753173828125,0.6814730167388916,0.6484100818634033,11.498046875,1762703481.6891215,0.0007859534816816449,12.2809419631958,0.4973025321960449,0,0.28471872210502625,0.0,440,1,0,0.27302810549736023,2.0002031326293945,0,0.27630653977394104,0.09438938647508621,0.010106970556080341,20.43433952331543,2.356014201853956e-16,0,0.6540494561195374,8114.825017633168,440,1,0.04976540803909302,0,0,6.177247047424316,0.4468325674533844
0.4436213970184326,0.5170834064483643,0,4.257654666900635,2.679067983960092,10.697212219238281,-0.00010679702245397493,0,0,0.8119297027587891,2.2463796138763428,3.313424587249756,3.840780258178711,9.835966110229492,0,0.2845816910266876,0.0027460921555757523,0.06848179548978806,1e-06,0.016185760498046875,0.9932135343551636,0.00385599909350276,-0.0013075830647721887,0.0025169849395751953,2527.857004814,0.25897762179374695,3.644690752029419,0,0.9963292479515076,1.0287769782735268e-06,1.448535931558581e-05,1,0.4365972578525543,2043.7210230211726,0,-1.4901161193847656e-08,1,0,1,0,6.9415483474731445,0.6701136231422424,0.6103492379188538,11.498046875,1762703486.4697473,0.0009769832249730825,35.34139633178711,0.5170834064483643,0,0.3140290677547455,0.0,441,1,0,0.25623151659965515,2.00030779838562,0,0.3177943229675293,0.09792190045118332,0.036639172583818436,110.27546691894531,6.626886670808147e-17,0,0.6682679057121277,8174.884092084691,441,1,0.05233669653534889,0,0,9.284387588500977,0.4381195604801178
0.45458585023880005,0.5066204071044922,0,6.558288335800171,2.6134805505603778,9.158907890319824,-1.0864118848985527e-05,0,0,0.7808111906051636,2.5459060668945312,2.773805856704712,3.7812511920928955,10.042255401611328,0,0.13005422055721283,0.0033771772868931293,0.07906106859445572,1e-06,0.03655815124511719,0.9817255735397339,0.00129533966537565,-0.002038728678599,0.0026993751525878906,2532.294667109,0.29416990280151367,3.418198585510254,0,0.9676122665405273,2.2409112787613594e-08,-7.682954310439527e-05,1,0.454168438911438,1993.687796060332,0,0.0,1,0,1,0,6.154294967651367,0.611636757850647,0.6935667395591736,11.498046875,1762703493.5408998,0.0006244737887755036,15.3759126663208,0.5066204071044922,0,0.3184371590614319,0.0,442,1,0,0.2907927334308624,4.000509023666382,0,0.3908078968524933,0.09707336872816086,0.053806740790605545,27.96438217163086,5.294024162739913e-18,0,0.6980078220367432,7974.751184241328,442,1,0.05802042782306671,0,0,5.670882701873779,0.45570921897888184
0.4782695174217224,0.5031931400299072,0,3.926964282989502,2.686185934016489,10.812166213989258,-9.499665611656383e-05,0,0,0.8095623254776001,2.915041208267212,4.297032833099365,4.891097068786621,11.830378532409668,0,0.4101136326789856,0.0015396459493786097,0.060307394713163376,1e-06,0.01850128173828125,0.9925643801689148,0.0009344259742647409,-0.0037069772370159626,0.0024237632751464844,2537.664848497,0.40954580903053284,3.5047049522399902,0,0.9041493535041809,5.799450377708126e-07,-0.00019131570297759026,1,0.49152734875679016,2049.1509353108827,0,0.0,1,0,1,0,6.959759712219238,0.5457479953765869,0.6911380887031555,11.498046875,1762703497.9779387,0.0008506396552547812,13.64258098602295,0.5031931400299072,0,0.31410303711891174,0.0,443,1,0,0.4080061912536621,1.0001330375671387,0,0.3698115348815918,0.09873153269290924,0.013815768994390965,25.718984603881836,3.3721316013413636e-16,0,0.7328282594680786,8196.60374124353,443,1,0.03921313211321831,0,0,5.62138557434082,0.491813063621521
0.4603198170661926,0.45404601097106934,0,4.909157037734985,2.5294617686768026,8.557354927062988,0.0,0,0,0.8160950541496277,1.8971939086914062,2.918807029724121,3.391268491744995,9.452659606933594,0,0.14638526737689972,0.002239014720544219,0.05315815284848213,1e-06,0.01354217529296875,0.9949653148651123,0.0012880117865279317,-0.001202387036755681,0.002355337142944336,2542.411353854,0.3143016993999481,2.8433706760406494,0,0.9968907833099365,6.980245075283165e-07,-6.016364204697311e-05,1,0.46340009570121765,1929.5942561083234,0,0.0,1,0,1,0,5.750740051269531,0.6355840563774109,0.6554902195930481,11.498046875,1762703503.3482056,0.000633307674434036,12.027342796325684,0.45404601097106934,0,0.3105758726596832,0.0,444,1,0,0.31206268072128296,3.000448226928711,0,0.344073086977005,0.08967528492212296,0.01560064684599638,25.091737747192383,5.1244542051180735e-18,0,0.7101271152496338,7718.377024433294,444,1,0.047271840274333954,0,0,5.264893531799316,0.46430209279060364
0.4508792757987976,0.22588753700256348,0,4.514622688293457,2.6607941341820975,8.24346923828125,0.0,0,0,0.8038102984428406,2.502593994140625,2.4610862731933594,3.166118860244751,8.3356294631958,0,0.12157139927148819,0.0024673081934452057,0.049948323518037796,1e-06,0.019916534423828125,0.9928041696548462,0.0010874675353989005,-0.0012633169535547495,0.0024509429931640625,2547.426340913,0.2839871644973755,3.0765106678009033,0,0.9938886165618896,5.51805385384796e-07,-2.505086195014883e-05,1,0.4497959017753601,2029.780857565717,0,0.0,1,0,1,0,6.302669525146484,0.649802029132843,0.4688761234283447,11.498046875,1762703508.0951252,0.0004931579460389912,24.344648361206055,0.22588753700256348,0,0.31267356872558594,0.0,445,1,0,0.2815198600292206,2.000331401824951,0,0.3397349417209625,0.07944747805595398,0.01400404330343008,72.6189193725586,1.0333026391960134e-16,0,0.6493807435035706,8119.123430262868,445,1,0.04961681365966797,0,0,6.429266452789307,0.4509862959384918
0.46930551528930664,0.5067651271820068,0,4.500725269317627,2.5823669448460067,9.335420608520508,-6.681851664325222e-05,0,0,0.8426739573478699,2.489145040512085,3.6224191188812256,3.8762598037719727,10.319725036621094,0,0.10847040265798569,0.0012929919175803661,0.05070987716317177,1e-06,0.016361236572265625,0.9963730573654175,0.0009983652271330357,-0.0011985530145466328,0.0024635791778564453,2552.186515375,0.3550556004047394,2.9965903759002686,0,0.9888219237327576,8.017011055017065e-08,-9.598355245543644e-05,1,0.47819846868515015,1969.952851489624,0,0.0,1,0,1,0,5.285026550292969,0.6024990081787109,0.47653627395629883,11.498046875,1762703513.1095948,0.0005087331519462168,11.774672508239746,0.5067651271820068,0,0.29058709740638733,0.0,446,1,0,0.35376259684562683,2.0003108978271484,0,0.34773874282836914,0.07857352495193481,0.016512326896190643,18.831998825073242,1.565878707597993e-17,0,0.7403944730758667,7879.811405958496,446,1,0.03593958914279938,0,0,5.032016754150391,0.47859203815460205
0.44480982422828674,0.4864358901977539,0,4.267397165298462,2.649830786309692,8.99399471282959,-3.882661258103326e-05,0,0,0.8104043006896973,2.2550954818725586,3.0483360290527344,3.5122017860412598,9.220962524414062,0,0.17714355885982513,0.00302972923964262,0.07828344404697418,1e-06,0.02349853515625,0.9903573393821716,0.0011140560964122415,-0.0014783606166020036,0.0028312206268310547,2557.689011653,0.2656693756580353,3.0374810695648193,0,0.9891130328178406,1.0141547335251744e-07,-2.3486738427891396e-05,1,0.44010990858078003,2021.4174921477145,0,-1.4901161193847656e-08,1,0,1,0,6.405184745788574,0.6472177505493164,0.5913004875183105,11.498046875,1762703517.8702195,0.0006037717685103416,16.10190773010254,0.4864358901977539,0,0.304622620344162,0.0,447,1,0,0.2626396417617798,2.000267744064331,0,0.36617720127105713,0.09702132642269135,0.0508512444794178,24.14251136779785,2.8910412188186393e-19,0,0.6927446722984314,8085.669968590858,447,1,0.054964736104011536,0,0,5.330142498016357,0.4417308270931244
0.44157615303993225,0.54290771484375,0,4.952105522155762,2.638948131157643,7.693695068359375,-5.433972546597943e-05,0,0,0.8109219074249268,1.9405755996704102,1.8743029832839966,2.694491386413574,7.579322338104248,0,0.2138095200061798,0.002245298819616437,0.06165198236703873,1e-06,0.01139068603515625,0.9954252243041992,0.0016887387027963996,-0.0008671081159263849,0.0026159286499023438,2563.131492604,0.2598933279514313,2.6716396808624268,0,0.9974963665008545,9.972712859962485e-07,-6.310013850452378e-05,1,0.4374005198478699,2013.1156829910626,0,0.0,1,0,1,0,5.359655380249023,0.6811822056770325,0.4806334674358368,11.498046875,1762703523.3720458,0.0006528707453981042,11.853550910949707,0.54290771484375,0,0.3183393180370331,0.0,448,1,0,0.2576480507850647,3.0003576278686523,0,0.3262915313243866,0.09278685599565506,0.016269763931632042,27.768089294433594,1.1192282256253886e-17,0,0.6958428621292114,8052.46273196425,448,1,0.04733800143003464,0,0,5.608334064483643,0.4386374354362488
0.45012304186820984,0.6462202072143555,0,4.790750980377197,2.6045818896962154,7.546447277069092,-2.725586818996817e-05,0,0,0.8247219324111938,2.7785966396331787,1.8726177215576172,2.9010870456695557,7.485642910003662,0,0.23668451607227325,0.0030078666750341654,0.05955391004681587,1e-06,0.020206451416015625,0.9932215809822083,0.002607108559459448,-0.0010400658939033747,0.002520322799682617,2567.952735608,0.28320223093032837,2.7216625213623047,0,0.9938713312149048,1.935142179831928e-08,7.855308649595827e-05,1,0.449146032333374,1986.899472511356,0,0.0,1,0,1,0,5.827388763427734,0.6491909027099609,0.5648877620697021,11.498046875,1762703528.8153095,0.0007205234142020345,10.32550048828125,0.6462202072143555,0,0.30084630846977234,0.0,449,1,0,0.28019434213638306,2.000281572341919,0,0.3729614317417145,0.0754280760884285,0.02935708686709404,24.23260498046875,1.0639707905403355e-15,0,0.7494089007377625,7947.597890045424,449,1,0.05476781725883484,0,0,5.107097148895264,0.45060592889785767
0.44336065649986267,0.5438089370727539,0,4.2590625286102295,2.598729464630222,7.908444881439209,0.0,0,0,0.8167766332626343,2.2482717037200928,2.654271125793457,2.9168641567230225,8.85155200958252,0,0.15867839753627777,0.0058823530562222,0.06053668633103371,1e-06,0.014469146728515625,0.9938672780990601,0.002037558238953352,-0.0039574564434587955,0.0025434494018554688,2573.270637017,0.26265984773635864,2.8157424926757812,0,0.9970081448554993,2.5934275527106365e-07,-0.00016528621199540794,1,0.4369114637374878,1982.4349631317368,0,0.0,1,0,1,0,6.835180282592773,0.6735087037086487,0.7315075993537903,11.498046875,1762703533.6244118,0.001181842410005629,17.487184524536133,0.5438089370727539,0,0.3054039776325226,0.0,450,1,0,0.25677749514579773,2.0002522468566895,0,0.34459564089775085,0.08319921791553497,0.02032785676419735,63.67265319824219,5.379183316700921e-16,0,0.7528154253959656,7929.739852526947,450,1,0.07648036628961563,0,0,6.431045055389404,0.4401354193687439
0.441871702671051,0.5127651691436768,0,4.81127405166626,2.6539965642837298,8.022075653076172,0.0,0,0,0.8179779648780823,2.5007731914520264,2.1422507762908936,3.047441005706787,8.430737495422363,0,0.146870419383049,0.003197807352989912,0.0684373676776886,1e-06,0.020135879516601562,0.992531955242157,0.0014116044621914625,-0.0009511777898296714,0.0025374889373779297,2577.476863113,0.25696665048599243,2.8973307609558105,0,0.994196891784668,3.353845201559125e-08,-5.076455636299215e-05,1,0.43521660566329956,2024.5953465634109,0,0.0,1,0,1,0,6.23277473449707,0.6586548686027527,0.4966498017311096,11.498046875,1762703538.9550242,0.0005801631486974657,10.294581413269043,0.5127651691436768,0,0.29945439100265503,0.0,451,1,0,0.2537688612937927,2.000251293182373,0,0.38455554842948914,0.08663962036371231,0.03621884062886238,22.12310218811035,1.0608617164027692e-16,0,0.7746859192848206,8098.3813862536435,451,1,0.056465115398168564,0,0,5.6702680587768555,0.4370107650756836
0.45028623938560486,0.8823792934417725,0,3.3173716068267822,2.669394474915196,9.038568496704102,0.0,0,0,0.8103987574577332,2.3057749271392822,2.1704206466674805,3.2797091007232666,9.440987586975098,0,0.1383044719696045,0.002013422781601548,0.06958930194377899,1e-06,0.021930694580078125,0.9899446368217468,0.0018721504602581263,-0.002202118281275034,0.0024139881134033203,2583.625309469,0.2796420753002167,3.3148438930511475,0,0.9895294904708862,3.5259677133581135e-07,3.609794021031121e-06,1,0.44787928462028503,2036.3416082695485,0,0.0,1,0,1,0,5.2819061279296875,0.644043505191803,0.6719357967376709,11.498046875,1762703543.1609552,0.0007574263727292418,21.699390411376953,0.8823792934417725,0,0.30482810735702515,0.0,452,1,0,0.277628630399704,1.0001399517059326,0,0.3449811637401581,0.09519100189208984,0.03155852481722832,36.888893127441406,2.1484395654052173e-19,0,0.6465737819671631,8145.366433078194,452,1,0.04483099654316902,0,0,5.754776477813721,0.44887351989746094
0.4597827196121216,0.9198908805847168,0,5.220666170120239,2.668016324156936,8.69213581085205,0.0,0,0,0.8202429413795471,2.2088685035705566,2.7052087783813477,3.305356025695801,9.0980806350708,0,0.09121815115213394,0.0012738852528855205,0.05477580055594444,1e-06,0.016826629638671875,0.9951485991477966,0.0006060315645299852,-0.0010499560739845037,0.0025229454040527344,2588.779760076,0.3105732202529907,3.1556825637817383,0,0.9957171678543091,6.41053219396781e-08,-6.71825764584355e-05,1,0.46226367354393005,2035.2902890442017,0,0.0,1,0,1,0,6.833648681640625,0.6326779723167419,0.6079198122024536,11.498046875,1762703549.3088386,0.0004044958914164454,12.285700798034668,0.9198908805847168,0,0.30945277214050293,0.0,453,1,0,0.3092993497848511,3.0004489421844482,0,0.3406642973423004,0.07493169605731964,0.02300339937210083,26.1948184967041,1.5818435581180625e-16,0,0.7030695676803589,8141.161156176807,453,1,0.03567333146929741,0,0,6.567510604858398,0.4627872705459595
0.4503644108772278,0.8946406841278076,0,4.254241943359375,2.6445338638391402,9.240020751953125,-3.7418129068100825e-05,0,0,0.7931767106056213,2.2425801753997803,2.621236562728882,3.4136133193969727,9.104512214660645,0,0.12754736840724945,0.003426728304475546,0.09196246415376663,1e-06,0.026239395141601562,0.9908814430236816,0.000861984328366816,-0.0019737654365599155,0.0027163028717041016,2594.24218651,0.27675870060920715,2.644803047180176,0,0.9859912991523743,9.427124325611658e-08,-5.8937064750352874e-05,1,0.4457147419452667,2017.3767466813085,0,0.0,1,0,1,0,5.409687042236328,0.6333293318748474,0.6184113025665283,11.498046875,1762703554.4644477,0.000565715366974473,10.687509536743164,0.8946406841278076,0,0.321275532245636,0.0,454,1,0,0.27333196997642517,2.000371217727661,0,0.37011080980300903,0.09787102043628693,0.06802534312009811,23.902082443237305,2.248150114674837e-16,0,0.682907223701477,8069.506986725234,454,1,0.05844376981258392,0,0,5.0978169441223145,0.4474412798881531
0.44632241129875183,0.49599719047546387,0,4.958298206329346,2.6204666833985115,9.261637687683105,0.0,0,0,0.816068172454834,2.9466915130615234,2.7657337188720703,3.5808398723602295,9.101374626159668,0,0.13134145736694336,0.0025706940796226263,0.053418051451444626,1e-06,0.0156707763671875,0.9916404485702515,0.0015896388795226812,-0.002644605003297329,0.0027277469635009766,2598.746462341,0.27296099066734314,3.4427642822265625,0,0.9952216744422913,2.5714052753755823e-07,-0.0001333511754637584,1,0.444213330745697,1999.0171518797422,0,-1.4901161193847656e-08,1,0,1,0,5.5680084228515625,0.6579694151878357,0.6152427196502686,11.498046875,1762703559.9254396,0.0008824290125630796,16.831361770629883,0.49599719047546387,0,0.30351123213768005,0.0,455,1,0,0.27039027214050293,2.000307083129883,0,0.3123074769973755,0.08940453827381134,0.02209063433110714,27.683738708496094,8.448797134017636e-18,0,0.6337196826934814,7996.068607518969,455,1,0.0506427176296711,0,0,6.187927722930908,0.44553303718566895
0.4256151020526886,0.2658963203430176,0,4.231687784194946,2.6351199294404433,12.348532676696777,0.0,0,0,0.8280741572380066,2.2187557220458984,1.1998412609100342,4.765253067016602,7.810898780822754,0,0.2085694819688797,0.0043648057617247105,0.060889191925525665,1e-06,0.0136566162109375,0.9930353164672852,0.0015983844641596079,-0.0027703542727977037,0.002810955047607422,2603.859917262,0.21640247106552124,36.20580291748047,0,0.9975622296333313,1.4445724616507505e-07,-8.61140142660588e-05,1,0.40879833698272705,2010.1953478683076,0,0.0,1,0,1,0,5.450838088989258,0.7074624300003052,0.6348833441734314,11.498046875,1762703564.4293988,0.0008481074473820627,603.1390991210938,0.2658963203430176,0,0.29124462604522705,0.0,456,1,0,0.21203766763210297,2.0003015995025635,0,0.27375903725624084,0.0981661006808281,0.021042754873633385,1206.106689453125,8.633006782274622e-17,0,0.5553854703903198,8040.7813914732305,456,1,0.06592991203069687,0,0,72.27897644042969,0.4118390381336212
0.435324102640152,0.23614835739135742,0,4.871365785598755,2.7161684602118683,8.208105087280273,0.0,0,0,0.8519721031188965,2.8601088523864746,1.6689503192901611,2.8675379753112793,8.295703887939453,0,0.120721735060215,0.003756750375032425,0.05127638205885887,1e-06,0.011701583862304688,0.9961231350898743,0.0030766853597015142,-0.0033198378514498472,0.0024154186248779297,2609.74718492,0.25287625193595886,3.169518232345581,0,0.9979368448257446,3.880555254909268e-07,-6.548004603246227e-05,1,0.4325539469718933,2072.023038398839,0,0.0,1,0,1,0,5.311004638671875,0.6896839737892151,0.7188853621482849,11.498046875,1762703569.5438368,0.0011643079342320561,13.707839965820312,0.23614835739135742,0,0.2763783633708954,0.0,457,1,0,0.24911950528621674,2.000263214111328,0,0.285621702671051,0.0774242952466011,0.019221289083361626,29.091026306152344,1.475249821836478e-17,0,0.5910770297050476,8288.092153595357,457,1,0.06118427962064743,0,0,6.435379981994629,0.43471163511276245
0.4463725686073303,0.6243247985839844,0,5.255115985870361,2.7006214042477916,10.498760223388672,0.0,0,0,0.8327255845069885,2.2431447505950928,2.9026408195495605,3.718503475189209,10.764056205749512,0,0.16389857232570648,0.004559635184705257,0.07390707731246948,1e-06,0.015583038330078125,0.9954663515090942,0.0009328240412287414,-0.002155641559511423,0.0027556419372558594,2613.603858889,0.2716582715511322,3.238342761993408,0,0.9971729516983032,3.4661059089557966e-07,-5.56661507289391e-05,1,0.4424974024295807,2060.163001509106,0,0.0,1,0,1,0,6.00291633605957,0.665710985660553,0.7644825577735901,11.498046875,1762703575.429557,0.0005919873947277665,11.688361167907715,0.6243247985839844,0,0.29252633452415466,0.0,458,1,0,0.26709863543510437,3.0003626346588135,0,0.2633220851421356,0.104506716132164,0.030209699645638466,33.084232330322266,5.044968765696628e-18,0,0.5399677157402039,8240.652006036424,458,1,0.06737903505563736,0,0,6.70530366897583,0.4448680281639099
0.44283396005630493,0.5162990093231201,0,3.3330743312835693,2.7620063625091356,8.066076278686523,-3.489939990686253e-05,0,0,0.802071750164032,2.3212225437164307,1.8467485904693604,2.870856761932373,8.813121795654297,0,0.16229815781116486,0.002534212078899145,0.06599345803260803,1e-06,0.018938064575195312,0.9937581419944763,0.0009887918131425977,-0.0019301295978948474,0.0023996829986572266,2620.001699089,0.2650785744190216,2.975773811340332,0,0.9971112608909607,5.736040407100518e-07,-9.585245425114408e-05,1,0.44007259607315063,2106.990379704468,0,0.0,1,0,1,0,5.654394149780273,0.6690760254859924,0.6748743057250977,11.498046875,1762703579.2856889,0.0006363406428135931,13.879549026489258,0.5162990093231201,0,0.32189100980758667,0.0,459,1,0,0.2625443637371063,1.0001857280731201,0,0.3026409447193146,0.11456526815891266,0.00901011098176241,26.44088363647461,3.427653287544903e-16,0,0.5741957426071167,8427.961518817872,459,1,0.05028349906206131,0,0,6.12410831451416,0.4414309859275818
0.43323010206222534,0.8776235580444336,0,5.515506029129028,2.6962817644420496,8.989418029785156,0.0,0,0,0.8419922590255737,2.503419876098633,1.9434574842453003,2.8829386234283447,8.657098770141602,0,0.10329151898622513,0.0026215442921966314,0.060424692928791046,1e-06,0.0157470703125,0.9966327548027039,0.0013913748553022742,-0.0007791693788021803,0.002615690231323242,2624.991379851,0.2387988567352295,3.0684428215026855,0,0.9975079894065857,9.857363920673379e-07,-3.525491410982795e-05,1,0.42478299140930176,2056.8525169837285,0,0.0,1,0,1,0,5.315851211547852,0.6913830041885376,0.6430020332336426,11.498046875,1762703585.6850493,0.0005003995029255748,14.27554988861084,0.8776235580444336,0,0.28719082474708557,0.0,460,1,0,0.23617731034755707,3.000410795211792,0,0.2761465013027191,0.09849762171506882,0.013810502365231514,38.06782531738281,1.239194147145893e-17,0,0.5547371506690979,8227.410067934914,460,1,0.0511399582028389,0,0,7.5388264656066895,0.426400363445282
0.46123063564300537,0.4897465705871582,0,4.492834091186523,2.6610848188870824,8.389104843139648,-3.630165520007722e-05,0,0,0.7888010740280151,2.4813904762268066,2.5516746044158936,3.2746939659118652,8.966035842895508,0,0.29798218607902527,0.004931222647428513,0.055347640067338943,1e-06,0.022918701171875,0.9921178817749023,0.0010961424559354782,-0.0019965784158557653,0.00261688232421875,2630.473350816,0.3168959319591522,3.4445176124572754,0,0.9889782071113586,1.4151707716791861e-07,-6.571316043846309e-05,1,0.4633556306362152,2030.0026057431448,0,0.0,1,0,1,0,5.414422035217285,0.6152713298797607,0.5122419595718384,11.498046875,1762703590.6750596,0.0005996473482809961,29.52065086364746,0.4897465705871582,0,0.3250751495361328,0.0,461,1,0,0.3119647204875946,2.000276565551758,0,0.36808887124061584,0.07821100950241089,0.018611600622534752,88.56185913085938,2.9321292195826846e-16,0,0.6617754101753235,8120.010422972579,461,1,0.07005839794874191,0,0,7.72163200378418,0.46532681584358215
0.4373794496059418,0.2094249725341797,0,5.266327857971191,2.69887390440364,6.880235195159912,0.0,0,0,0.806231677532196,2.2545106410980225,1.2325247526168823,2.2692298889160156,5.78314208984375,0,0.11899357289075851,0.005188067443668842,0.04621988534927368,1e-06,0.0174102783203125,0.9946092367172241,0.001457366393879056,-0.002254634629935026,0.002593517303466797,2635.871282253,0.24643319845199585,2.5389163494110107,0,0.99786776304245,7.921565838842071e-07,-8.002055255929008e-05,1,0.42789414525032043,2058.8299251591957,0,0.0,1,0,1,0,5.965364456176758,0.6837741732597351,0.37947410345077515,11.498046875,1762703596.157205,0.0007503418601118028,12.084906578063965,0.2094249725341797,0,0.3183423578739166,0.0,462,1,0,0.24124513566493988,3.0003700256347656,0,0.32029563188552856,0.0706392452120781,0.009923630394041538,30.09341812133789,2.088610036308836e-17,0,0.632514238357544,8235.319700636783,462,1,0.07185047119855881,0,0,5.838212966918945,0.4309896230697632
0.4467208683490753,0.5057759284973145,0,4.88489556312561,2.6845889141361865,7.75287389755249,0.0,0,0,0.8374923467636108,2.8737878799438477,2.1011996269226074,2.539759397506714,7.190716743469238,0,0.15831638872623444,0.0033951422665268183,0.05522762984037399,1e-06,0.01757049560546875,0.9965884685516357,0.0010690480703487992,-0.0020808600820600986,0.0025348663330078125,2640.642402392,0.2776181697845459,2.901992082595825,0,0.9973129034042358,3.118434790394531e-07,-7.491811993531883e-05,1,0.44618016481399536,2047.9326522650258,0,0.0,1,0,1,0,5.502449035644531,0.6622555255889893,0.41949424147605896,11.498046875,1762703601.5550861,0.000580226827878505,27.711200714111328,0.5057759284973145,0,0.29056552052497864,0.0,463,1,0,0.2742230296134949,2.0002896785736084,0,0.3400241434574127,0.0775449350476265,0.01639842987060547,50.918277740478516,8.700777855297214e-18,0,0.6765099763870239,8191.730609060103,463,1,0.058176446706056595,0,0,6.720696926116943,0.4478824734687805
0.4115467369556427,0.5035324096679688,0,4.260375261306763,2.7235315060724568,8.03984260559082,-4.872869612881914e-05,0,0,0.8113193511962891,2.24888277053833,1.0978583097457886,2.089860677719116,6.028501033782959,0,0.058701083064079285,0.0033392261248081923,0.06703703105449677,1e-06,0.015888214111328125,0.9930354952812195,0.0007316787960007787,-0.0012273467145860195,0.0025382041931152344,2645.469673795,0.185425266623497,2.5044937133789062,0,0.997786283493042,9.693499691820762e-08,-8.330920536536723e-05,1,0.38595330715179443,2077.639921474912,0,0.0,1,0,1,0,5.307065963745117,0.7229779362678528,0.6787739992141724,11.498046875,1762703606.3262093,0.0004243311414029449,17.255847930908203,0.5035324096679688,0,0.304953008890152,0.0,464,1,0,0.1820860356092453,2.0002758502960205,0,0.31214556097984314,0.09754352271556854,0.034142348915338516,155.30018615722656,2.684868622488905e-17,0,0.6039051413536072,8310.559685899649,464,1,0.057695139199495316,0,0,10.82575798034668,0.3886803388595581
0.4416019022464752,0.5412895679473877,0,4.278416872024536,2.704708838555013,8.061747550964355,-3.0051251087570563e-05,0,0,0.8066498041152954,2.2666380405426025,1.8661311864852905,3.0515456199645996,8.657424926757812,0,0.10719570517539978,0.003959012683480978,0.06037929281592369,1e-06,0.022106170654296875,0.9940094351768494,0.0012868345947936177,-0.002293541096150875,0.0024678707122802734,2649.990472251,0.2557056248188019,3.398979425430298,0,0.9972488880157471,2.447353892875981e-07,-5.106516618980095e-05,1,0.4340669512748718,2063.2810916336944,0,0.0,1,0,1,0,6.63381290435791,0.6688992381095886,0.6821680068969727,11.498046875,1762703611.1529882,0.0006722251418977976,29.800806045532227,0.5412895679473877,0,0.3139837682247162,0.0,465,1,0,0.25174662470817566,2.0002520084381104,0,0.35396289825439453,0.09624596685171127,0.01604101061820984,56.618125915527344,6.977843357410513e-18,0,0.6780976057052612,8253.124366534777,465,1,0.06280332058668137,0,0,6.76194953918457,0.4363079071044922
0.4595261514186859,0.573089599609375,0,3.941769599914551,2.7337218767756064,8.090557098388672,0.0,0,0,0.8182567358016968,2.9307491779327393,1.887568712234497,3.1133511066436768,8.149434089660645,0,0.2459581047296524,0.0020623872987926006,0.061077240854501724,1e-06,0.011384963989257812,0.996309757232666,0.0012303300900384784,-0.0013125832192599773,0.0024161338806152344,2655.140713229,0.304202139377594,3.1276962757110596,0,0.9980545043945312,1.878059947557631e-06,-0.00011508310126373544,1,0.45924466848373413,2085.41362298719,0,0.0,1,0,1,0,6.499236106872559,0.645043671131134,0.6047282218933105,11.498046875,1762703615.6742413,0.0005572055815719068,12.800642967224121,0.573089599609375,0,0.3076108396053314,0.0,466,1,0,0.3021397292613983,1.0001871585845947,0,0.3304668962955475,0.09416373819112778,0.014602184295654297,28.35348892211914,4.655204073475724e-17,0,0.7114446759223938,8341.65449194876,466,1,0.045372504740953445,0,0,6.083991527557373,0.46012797951698303
0.45712676644325256,0.8800816535949707,0,4.263518810272217,2.769113863523962,8.249475479125977,-4.55145382147748e-05,0,0,0.8237046003341675,2.2528252601623535,2.1851260662078857,2.9548912048339844,8.708666801452637,0,0.2865161895751953,0.0038032452575862408,0.06564398854970932,1e-06,0.022006988525390625,0.9955004453659058,0.0011474218918010592,-0.0014186588814482093,0.002433300018310547,2659.916782682,0.3047667145729065,2.715121269226074,0,0.9930167198181152,4.709971790362033e-07,-8.408635767409578e-05,1,0.45873501896858215,2112.412320966173,0,0.0,1,0,1,0,6.326082229614258,0.6309446692466736,0.6779801845550537,11.498046875,1762703620.8246024,0.0005658278823830187,11.182201385498047,0.8800816535949707,0,0.2966737449169159,0.0,467,1,0,0.30096349120140076,2.0002620220184326,0,0.3453727960586548,0.09712669998407364,0.033428531140089035,26.11947250366211,1.3792019724845518e-18,0,0.6682828068733215,8449.649283864692,467,1,0.06156087666749954,0,0,5.495007514953613,0.4603669047355652
0.4462983012199402,0.5487182140350342,0,4.220417499542236,2.714135792268303,9.23440170288086,0.0,0,0,0.8442607522010803,2.208512544631958,3.023604154586792,3.415182590484619,9.74085807800293,0,0.1824762374162674,0.002998500829562545,0.06504791975021362,1e-06,0.008047103881835938,0.9982942938804626,0.0015272164018824697,-0.0018151634139940143,0.0025272369384765625,2665.517161288,0.26857998967170715,2.71062970161438,0,0.9984874725341797,1.9549649721284368e-07,-7.779770385241136e-05,1,0.4416896402835846,2070.4724222017303,0,0.0,1,0,1,0,5.5858001708984375,0.6761442422866821,0.7407083511352539,11.498046875,1762703625.6002991,0.0007331477245315909,15.940560340881348,0.5487182140350342,0,0.2888026535511017,0.0,468,1,0,0.26558148860931396,2.0002946853637695,0,0.3120354115962982,0.10658109933137894,0.017964959144592285,41.41200637817383,1.3424316808101046e-16,0,0.6596532464027405,8281.889688806921,468,1,0.05468226596713066,0,0,5.390627861022949,0.443268358707428
0.4209878146648407,0.8689849376678467,0,4.724614143371582,2.7510880536088886,6.8387770652771,-0.00012497133866418153,0,0,0.8286350965499878,2.712737560272217,1.2669486999511719,2.294102430343628,6.0032501220703125,0,0.11130942404270172,0.0021581321489065886,0.055827245116233826,1e-06,0.01947021484375,0.9945330619812012,0.0023772073909640312,-0.0023919381201267242,0.0025005340576171875,2671.251159558,0.20992740988731384,2.410963296890259,0,0.996967613697052,3.5469947761157528e-06,1.2509857697295956e-05,1,0.4057505428791046,2098.661372165701,0,0.0,1,0,1,0,6.651374816894531,0.7126216888427734,0.7446346282958984,11.498046875,1762703631.2006845,0.0008246996439993382,9.033971786499023,0.8689849376678467,0,0.29229360818862915,0.0,469,1,0,0.2077692747116089,2.000316619873047,0,0.3075988292694092,0.09421197324991226,0.020815014839172363,23.753456115722656,4.8809757424826824e-17,0,0.6261888742446899,8394.645488662803,469,1,0.04641009494662285,0,0,5.1413774490356445,0.4072965085506439
0.44908466935157776,0.4943699836730957,0,5.233179569244385,2.7131595816020857,9.142034530639648,-6.399873382179067e-05,0,0,0.809865415096283,2.220369815826416,2.1279757022857666,2.9488394260406494,9.969510078430176,0,0.1661733239889145,0.004460094030946493,0.05998629704117775,1e-06,0.024190902709960938,0.9939592480659485,0.0009491532691754401,-0.0009865191532298923,0.0025634765625,2675.8154641,0.2730047106742859,2.647751808166504,0,0.9939179420471191,4.2422482238180237e-07,1.6575888366787694e-05,1,0.4432544708251953,2069.727722077138,0,0.0,1,0,1,0,5.818670272827148,0.6511428356170654,0.645962119102478,11.498046875,1762703636.9348547,0.0005009825108572841,12.650616645812988,0.4943699836730957,0,0.3100328743457794,0.0,470,1,0,0.26854461431503296,3.0003862380981445,0,0.374970942735672,0.09505588561296463,0.01929868571460247,24.85940170288086,1.4398015591683347e-16,0,0.6713675856590271,8278.910888308552,470,1,0.0666426569223404,0,0,5.263408660888672,0.44555550813674927
0.47834646701812744,0.8814902305603027,0,3.676192045211792,2.7557371574028684,8.992897033691406,0.0,0,0,0.8342795372009277,2.665201425552368,3.7980856895446777,3.704271078109741,9.737626075744629,0,0.09868793189525604,0.00192943774163723,0.0697983130812645,1e-06,0.030546188354492188,0.9974139928817749,0.0010670776246115565,-0.0009896343108266592,0.002443552017211914,2681.759272194,0.4027012288570404,2.669398546218872,0,0.9103736877441406,8.087459235639471e-08,-3.893967004842125e-05,1,0.49012240767478943,2102.207930602758,0,0.0,1,0,1,0,5.570096015930176,0.5420896410942078,0.7715016603469849,11.498046875,1762703641.4995427,0.0004918299382552505,11.913966178894043,0.8814902305603027,0,0.29518425464630127,0.0,471,1,0,0.4007717967033386,1.0001804828643799,0,0.44335994124412537,0.10076576471328735,0.025540005415678024,37.573020935058594,1.7511723760477303e-19,0,0.7658630013465881,8408.831722411032,471,1,0.043889012187719345,0,0,5.30263090133667,0.49050918221473694
0.4345228672027588,0.48688340187072754,0,5.449597120285034,2.7233646194304386,6.601469039916992,-1.2430933566065505e-05,0,0,0.8516563177108765,2.4358174800872803,1.9136464595794678,2.201563596725464,7.433753490447998,0,0.1343986690044403,0.0036439355462789536,0.04891226068139076,1e-06,0.01190948486328125,0.9969336986541748,0.0011077841045334935,-0.0015500588342547417,0.0026214122772216797,2687.360256508,0.24908903241157532,2.216615676879883,0,0.9982707500457764,6.189647479004634e-07,-6.72154055791907e-05,1,0.4304068088531494,2077.5126123730915,0,0.0,1,0,1,0,5.549709320068359,0.6970056295394897,0.6366828083992004,11.498046875,1762703647.443098,0.0005268188542686403,10.019594192504883,0.48688340187072754,0,0.27954208850860596,0.0,472,1,0,0.24544508755207062,3.000372886657715,0,0.3215430974960327,0.09691617637872696,0.0049543678760528564,41.71533203125,4.967932938941197e-16,0,0.6288564205169678,8310.050449492366,472,1,0.0602627731859684,0,0,5.627234935760498,0.43254175782203674
0.4459042251110077,0.3630681037902832,0,5.231638669967651,2.660844377858694,7.858277320861816,0.0,0,0,0.8178578019142151,2.218985080718994,2.629162073135376,2.750095844268799,7.905507564544678,0,0.16011373698711395,0.0018161180196329951,0.06316009163856506,1e-06,0.018581390380859375,0.9938240051269531,0.0012526807840913534,-0.0008425965788774192,0.0023953914642333984,2691.494063944,0.26152098178863525,2.5035698413848877,0,0.9969124794006348,8.283433317046729e-08,1.8691014702199027e-05,1,0.43852242827415466,2029.8191858420982,0,0.0,1,0,1,0,5.826995849609375,0.6647262573242188,0.7014166116714478,11.498046875,1762703653.044086,0.000471189763629809,17.58252716064453,0.3630681037902832,0,0.30197110772132874,0.0,473,1,0,0.2597048878669739,3.0003485679626465,0,0.374563604593277,0.09147988259792328,0.03135548532009125,112.62309265136719,1.043996297806201e-16,0,0.7507326006889343,8119.276743368393,473,1,0.04258205369114876,0,0,8.290608406066895,0.4395129084587097
0.46147969365119934,0.21631097793579102,0,3.911529541015625,2.657150231122507,9.525192260742188,-3.122971975244582e-05,0,0,0.805597722530365,1.900160551071167,3.6075425148010254,3.5795791149139404,10.061834335327148,0,0.24895745515823364,0.0043196543119847775,0.08571001887321472,1e-06,0.017599105834960938,0.9955695867538452,0.0014881219249218702,-0.001316764741204679,0.0022699832916259766,2696.596396909,0.3110150992870331,2.5511515140533447,0,0.9950369000434875,5.656217538785313e-08,-0.00011490669567137957,1,0.4611841142177582,2027.001114261955,0,0.0,1,0,1,0,6.166791915893555,0.626096785068512,0.7852168679237366,11.498046875,1762703657.1781633,0.0006570677505806088,13.389151573181152,0.21631097793579102,0,0.32190340757369995,0.0,474,1,0,0.30669546127319336,2.000211715698242,0,0.4139355719089508,0.12589094042778015,0.03660300746560097,38.51345443725586,6.893813387703701e-18,0,0.8293163180351257,8108.00445704782,474,1,0.06559082120656967,0,0,5.6265363693237305,0.4629714787006378
0.45643436908721924,0.2843027114868164,0,4.811122417449951,2.618937287502798,9.222865104675293,0.0,0,0,0.8011390566825867,2.7992987632751465,3.449460983276367,3.4066829681396484,9.571285247802734,0,0.25807732343673706,0.0037904123309999704,0.07727187126874924,1e-06,0.030485153198242188,0.9921534657478333,0.0027661998756229877,-0.0015077724820002913,0.002499103546142578,2702.033091002,0.30546265840530396,2.188373565673828,0,0.9829996228218079,1.7789211881336087e-07,-5.043238343205303e-05,1,0.4590349495410919,1997.8504556393682,0,0.0,1,0,1,0,5.937082290649414,0.6214904189109802,0.6888895630836487,11.498046875,1762703662.2798858,0.0008597927517257631,9.107117652893066,0.2843027114868164,0,0.3152572810649872,0.0,475,1,0,0.30167222023010254,2.0002541542053223,0,0.41784581542015076,0.10197047144174576,0.04248974844813347,19.828323364257812,7.439047834106804e-18,0,0.7237576246261597,7991.401822557473,475,1,0.06145638972520828,0,0,4.173460483551025,0.46065446734428406
0.4323810636997223,0.20833611488342285,0,5.221377372741699,2.610224906318602,7.11813497543335,-5.113842053106055e-05,0,0,0.837257981300354,2.2103519439697266,2.0700149536132812,2.299847364425659,7.5967559814453125,0,0.30713072419166565,0.002244948875159025,0.06590510159730911,1e-06,0.0184173583984375,0.9967634081840515,0.00120308727491647,-0.004422926343977451,0.002524137496948242,2705.385822882,0.2372162789106369,2.1537325382232666,0,0.9971948862075806,5.538335585697496e-07,-0.00019209763559047133,1,0.4240337610244751,1991.204235127862,0,0.0,1,0,1,0,5.481548309326172,0.6886552572250366,1.0048617124557495,11.498046875,1762703667.7158315,0.0010379143059253693,11.4310884475708,0.20833611488342285,0,0.28868943452835083,0.0,476,1,0,0.2349713295698166,3.000359296798706,0,0.33200007677078247,0.10294348001480103,0.03132234141230583,35.86027908325195,2.706495259604104e-16,0,0.6158552169799805,7964.816940511448,476,1,0.04733357951045036,0,0,5.445614814758301,0.4254290461540222
0.4646919369697571,0.3241438865661621,0,3.0246782302856445,2.6348866029967755,7.6500244140625,-0.00016126412083394825,0,0,0.8197804689407349,2.013218402862549,2.6014292240142822,2.8421919345855713,8.471967697143555,0,0.20606482028961182,0.0024644031655043364,0.07181869447231293,1e-06,0.019237518310546875,0.9968336224555969,0.00161398621276021,-0.0018570789834484458,0.0027081966400146484,2711.664330625,0.32831326127052307,2.0785813331604004,0,0.9944155216217041,8.085037705996001e-08,-1.9498029359965585e-05,1,0.468755304813385,2010.0173553123125,0,0.0,1,0,1,0,5.945707321166992,0.618401288986206,0.5442325472831726,11.498046875,1762703671.0715697,0.0008631944074295461,8.839031219482422,0.3241438865661621,0,0.31082525849342346,0.0,477,1,0,0.32584887742996216,1.0002410411834717,0,0.3944050073623657,0.10033674538135529,0.03381213918328285,20.903100967407227,7.673528226038843e-16,0,0.7519280910491943,8040.06942124925,477,1,0.04958833381533623,0,0,4.234187126159668,0.4696637690067291
0.4548209607601166,0.6806614398956299,0,5.588170051574707,2.6094118916220723,8.802725791931152,0.0,0,0,0.8088382482528687,2.576479434967041,2.5147924423217773,3.4522552490234375,7.706208229064941,0,0.19349130988121033,0.004187385551631451,0.06242834031581879,1e-06,0.018819808959960938,0.9955570697784424,0.0010919447522610426,-0.0015747769502922893,0.0029544830322265625,2716.629772787,0.3017534613609314,12.612239837646484,0,0.9912399649620056,2.7439726935085673e-08,-1.0785932317958213e-05,1,0.45724743604660034,1990.5840286839527,0,0.0,1,0,1,0,5.854757308959961,0.6298717260360718,0.5188152194023132,11.498046875,1762703677.3469667,0.0006069030496291816,211.90184020996094,0.6806614398956299,0,0.312334805727005,0.0,478,1,0,0.29756608605384827,3.000417709350586,0,0.36581578850746155,0.08731270581483841,0.028105592355132103,344.3404846191406,1.2291988274960472e-17,0,0.6985583305358887,7962.336114735811,478,1,0.06458283215761185,0,0,20.521133422851562,0.45907890796661377
0.4041074812412262,0.3188974857330322,0,4.640284061431885,2.651994339859152,6.016003608703613,-9.072563261725008e-05,0,0,0.8286725878715515,2.627800226211548,1.1261552572250366,1.7326871156692505,6.161357402801514,0,0.23498916625976562,0.003148614661768079,0.07619819045066833,1e-06,0.013950347900390625,0.9937149882316589,0.0012178003089502454,-0.0012728614965453744,0.002935647964477539,2721.467342722,0.17212426662445068,1.962911605834961,0,0.9982391595840454,8.739242929323154e-08,-5.9507488913368434e-05,1,0.37476974725723267,2023.067954136711,0,0.0,1,0,1,0,6.483755111694336,0.7365513443946838,0.6922228336334229,11.498046875,1762703682.3125005,0.0006215296452865005,8.853071212768555,0.3188974857330322,0,0.2973156273365021,0.0,479,1,0,0.16897565126419067,2.000304698944092,0,0.32818618416786194,0.11015970259904861,0.04157309606671333,18.54395294189453,3.711413771798067e-15,0,0.6666398644447327,8092.271816546844,479,1,0.05602999031543732,0,0,4.671762466430664,0.37752804160118103
0.43628403544425964,0.5534360408782959,0,4.2794389724731445,2.6316195135564184,7.270611763000488,0.0,0,0,0.8047363758087158,2.2680587768554688,1.7578258514404297,2.074721574783325,7.661008358001709,0,0.25591903924942017,0.004340487066656351,0.07472116500139236,1e-06,0.020111083984375,0.9927079081535339,0.001239753095433116,-0.00329576525837183,0.002771139144897461,2726.73511933,0.2421027272939682,1.735447645187378,0,0.9949954152107239,9.370028664079655e-08,-4.139947850489989e-05,1,0.4257641136646271,2007.5250634356878,0,-1.4901161193847656e-08,1,0,1,0,5.936674118041992,0.672318160533905,0.5545054078102112,11.498046875,1762703687.151857,0.0010082711232826114,8.04343032836914,0.5534360408782959,0,0.31260985136032104,0.0,480,1,0,0.2377622425556183,2.0003159046173096,0,0.3948930501937866,0.08726811408996582,0.059168364852666855,21.52279281616211,7.846335652772929e-16,0,0.6927692294120789,8030.100253742751,480,1,0.06574715673923492,0,0,4.222140789031982,0.42840781807899475
0.43072450160980225,0.515146017074585,0,4.743513822555542,2.6522932636834966,6.009149074554443,-2.160069561796263e-05,0,0,0.802448570728302,2.7320377826690674,1.293574333190918,1.8244785070419312,6.066213130950928,0,0.13000376522541046,0.005351325962692499,0.0759354755282402,1e-06,0.019557952880859375,0.9948287606239319,0.0010764660546556115,-0.0016380437882617116,0.002701997756958008,2731.519440134,0.2247556895017624,1.7767820358276367,0,0.9973148703575134,6.360050974762999e-08,-0.00010855359869310632,1,0.4138912558555603,2023.295987507925,0,0.0,1,0,1,0,5.672756195068359,0.684935986995697,0.5884923934936523,11.498046875,1762703692.4178493,0.0005978179979138076,8.069769859313965,0.515146017074585,0,0.3150852918624878,0.0,481,1,0,0.21940436959266663,2.0003457069396973,0,0.39336591958999634,0.09933552891016006,0.039793238043785095,26.60161781311035,1.5633129918612006e-16,0,0.7421050667762756,8093.1839500317,481,1,0.07296525686979294,0,0,4.139939785003662,0.41746988892555237
0.4352216124534607,0.5094552040100098,0,4.268029689788818,2.704871757213189,5.758431434631348,0.0,0,0,0.8306039571762085,2.256925582885742,1.4534097909927368,1.8131349086761475,5.975650787353516,0,0.15781867504119873,0.0023752970155328512,0.06293800473213196,1e-06,0.013820648193359375,0.9981595277786255,0.0019143876852467656,-0.001213126815855503,0.002634286880493164,2737.301561618,0.24439166486263275,1.758558988571167,0,0.9984979033470154,2.0922171017900837e-07,-2.8742002541548572e-05,1,0.4283606708049774,2063.40537376791,0,0.0,1,0,1,0,6.158769607543945,0.6896094679832458,0.5235542058944702,11.498046875,1762703697.2021995,0.0006743985577486455,7.628320693969727,0.5094552040100098,0,0.3013722002506256,0.0,482,1,0,0.24201637506484985,2.0003116130828857,0,0.3617369830608368,0.09039372950792313,0.02120831608772278,17.374847412109375,3.2194909702902184e-16,0,0.6927949786186218,8253.62149507164,482,1,0.048685524612665176,0,0,4.396908283233643,0.4297826290130615
0.42912471294403076,0.5133047103881836,0,5.263515472412109,2.6452401893697877,6.151056289672852,-6.417529948521405e-05,0,0,0.7802821397781372,2.25222110748291,1.3919830322265625,1.7765977382659912,6.115145206451416,0,0.17220361530780792,0.004346881061792374,0.0896269679069519,1e-06,0.03806495666503906,0.989596426486969,0.0015660139033570886,-0.001452671131119132,0.002574443817138672,2742.904195595,0.21756140887737274,1.5467511415481567,0,0.9898455142974854,5.606444730688054e-08,-7.215366349555552e-05,1,0.409622460603714,2017.9155655335076,0,0.0,1,0,1,0,5.748446464538574,0.6696420311927795,0.5264827013015747,11.498046875,1762703702.9853542,0.0006707648863084614,7.341376781463623,0.5133047103881836,0,0.3286558985710144,0.0,483,1,0,0.21321451663970947,3.000333547592163,0,0.43829700350761414,0.10003543645143509,0.057516567409038544,24.268421173095703,6.593802755028476e-17,0,0.7435299158096313,8071.66226213403,483,1,0.06579457968473434,0,0,4.118712902069092,0.4126323163509369
0.40995097160339355,0.7771296501159668,0,4.817323923110962,2.6071753678943534,5.701597690582275,0.0,0,0,0.825269341468811,2.8049700260162354,0.9115719199180603,1.6658124923706055,5.773974895477295,0,0.16220657527446747,0.002325130859389901,0.07222685217857361,1e-06,0.021915435791015625,0.9926772117614746,0.0007116752676665783,-0.0012726961867883801,0.0025937557220458984,2748.712960163,0.18174773454666138,1.9158507585525513,0,0.9956423044204712,8.171172538595783e-08,-6.568802200490609e-05,1,0.38374295830726624,1988.8779015575822,0,0.0,1,0,1,0,7.026732444763184,0.7191038727760315,0.43707817792892456,11.498046875,1762703708.587686,0.000453715561889112,14.576481819152832,0.7771296501159668,0,0.29374217987060547,0.0,484,1,0,0.17942260205745697,2.000248908996582,0,0.3693259060382843,0.09071499109268188,0.03977414220571518,34.76469802856445,9.626727968892136e-19,0,0.7048135995864868,7955.511606230329,484,1,0.04816818982362747,0,0,4.264443874359131,0.385673850774765
0.4283815324306488,0.5445342063903809,0,5.256403923034668,2.5875177940182343,5.5443501472473145,0.0,0,0,0.7839742302894592,2.244917154312134,1.1313354969024658,1.478067398071289,5.557977199554443,0,0.10200204700231552,0.003156708087772131,0.06844829022884369,1e-06,0.0264739990234375,0.9916051626205444,0.002125455066561699,-0.0012572351843118668,0.002729177474975586,2752.610524025,0.21104848384857178,1.4593405723571777,0,0.9927667379379272,5.776868192697293e-07,-8.0271156548406e-06,1,0.40584471821784973,1973.8821652669221,0,0.0,1,0,1,0,6.338418960571289,0.6793269515037537,0.626432478427887,11.498046875,1762703714.395921,0.0007324918988160789,7.3232035636901855,0.5445342063903809,0,0.32655513286590576,0.0,485,1,0,0.2078917771577835,3.000354766845703,0,0.4508279860019684,0.08694563806056976,0.03755926340818405,24.094528198242188,3.8668802318161943e-14,0,0.7841026782989502,7895.5286610676885,485,1,0.05610216408967972,0,0,4.1154279708862305,0.4080987572669983
0.42774808406829834,0.5754401683807373,0,3.315830945968628,2.610978602911565,6.138983249664307,-6.329374446067959e-05,0,0,0.8152770400047302,2.3046011924743652,1.3827195167541504,1.746408462524414,6.377964973449707,0,0.21701054275035858,0.0031799874268472195,0.07296125590801239,1e-06,0.033908843994140625,0.9922454357147217,0.0012380733387544751,-0.001813733484596014,0.0024881362915039062,2758.481270335,0.2232351154088974,1.4937089681625366,0,0.9925241470336914,6.275038231251528e-07,-4.460306809050962e-05,1,0.414327472448349,1991.7791908890595,0,0.0,1,0,1,0,6.6347761154174805,0.6889813542366028,0.46703892946243286,11.498046875,1762703718.2941663,0.0006951764808036387,6.160059452056885,0.5754401683807373,0,0.3047206401824951,0.0,486,1,0,0.22005511820316315,1.0001564025878906,0,0.39310264587402344,0.08896958827972412,0.042336225509643555,33.47035217285156,7.603051760222967e-14,0,0.7413265705108643,7967.116763556238,486,1,0.056307610124349594,0,0,3.9064645767211914,0.4164588451385498
0.4461378753185272,1.0702157020568848,0,4.794217109680176,2.633555794410839,5.2289719581604,0.0,0,0,0.7883979678153992,2.7822468280792236,1.3474693298339844,1.7814747095108032,5.783549785614014,0,0.14932654798030853,0.0025967895053327084,0.0835571140050888,1e-06,0.0324859619140625,0.9911625385284424,0.0009153023711405694,-0.0014294105349108577,0.002764463424682617,2763.462687552,0.26156750321388245,1.7185345888137817,0,0.9879927635192871,2.3163325124642142e-07,-8.489173342240974e-05,1,0.4381212294101715,2009.0021509572982,0,0.0,1,0,1,0,6.64976692199707,0.6391786336898804,0.7021445035934448,11.498046875,1762703724.1657364,0.0005767245893366635,7.352294921875,1.0702157020568848,0,0.328126460313797,0.0,487,1,0,0.2589707374572754,2.00040864944458,0,0.4730946719646454,0.1139814555644989,0.046545062214136124,13.58215045928955,5.2398576200641395e-14,0,0.8098424077033997,8036.008603829193,487,1,0.05089849978685379,0,0,3.65442156791687,0.43954014778137207
0.41907215118408203,0.7074511051177979,0,4.2652506828308105,2.626282561000124,5.934502124786377,-4.401537080411799e-05,0,0,0.8481758832931519,2.2541186809539795,1.1624596118927002,1.6683104038238525,5.541564464569092,0,0.19026589393615723,0.00387503020465374,0.07654069364070892,1e-06,0.020641326904296875,0.9985111951828003,0.027423836290836334,-0.004443684127181768,0.0025403499603271484,2767.956584792,0.2153063714504242,3.652925968170166,0,0.9970504641532898,8.595897270424757e-06,0.0008413133909925818,1,0.40837299823760986,2003.4537811078526,0,0.0,1,0,1,0,6.24201774597168,0.7135978937149048,0.5756508708000183,11.498046875,1762703729.1456523,0.005310193169862032,57.896297454833984,0.7074511051177979,0,0.2846375107765198,0.0,488,1,0,0.2114313393831253,2.0003092288970947,0,0.3217495381832123,0.09643217921257019,0.03735067695379257,219.87509155273438,5.753565261942421e-17,0,0.6115424633026123,8013.81512443141,488,1,0.062136538326740265,0,0,13.425196647644043,0.41108450293540955
0.43143904209136963,0.7799992561340332,0,3.7083539962768555,2.6451059622757493,5.6481218338012695,0.0,0,0,0.8193256258964539,2.697453022003174,1.4160435199737549,1.7106143236160278,5.882965087890625,0,0.08261547237634659,0.004428043961524963,0.07314105331897736,1e-06,0.015644073486328125,0.9963587522506714,0.0015399287221953273,-0.002259831875562668,0.002420663833618164,2774.173311888,0.2381303757429123,1.611090064048767,0,0.9975473880767822,4.2050541537719255e-07,-0.00012729887384921312,1,0.4232370853424072,2017.813170694859,0,-1.4901161193847656e-08,1,0,1,0,6.212902069091797,0.6897291541099548,0.5129808187484741,11.498046875,1762703733.6412468,0.0008029063465073705,11.342519760131836,0.7799992561340332,0,0.30533453822135925,0.0,489,1,0,0.23370233178138733,1.000194787979126,0,0.3782317042350769,0.09394081681966782,0.04664504528045654,31.815635681152344,1.1042499865091356e-16,0,0.7160947918891907,8071.252682779436,489,1,0.06640422344207764,0,0,4.253713607788086,0.4259917140007019
0.4511459767818451,0.6194651126861572,0,5.5883567333221436,2.594153995501344,6.269931793212891,-2.86389308712387e-06,0,0,0.7671374082565308,2.576740026473999,1.560288429260254,1.7819242477416992,6.068957328796387,0,0.2010398656129837,0.0046057975850999355,0.08494938164949417,1e-06,0.051731109619140625,0.9914335012435913,0.0013139337534084916,-0.0016576581401750445,0.0027358531951904297,2780.08457887,0.2785153090953827,1.839666485786438,0,0.9694943428039551,4.2728058247121226e-07,-7.695746899116784e-05,1,0.44602352380752563,1978.9445767343561,0,0.0,1,0,1,0,6.232649803161621,0.6135148406028748,0.6619053483009338,11.498046875,1762703739.855976,0.0005671672406606376,21.4942569732666,0.6194651126861572,0,0.3461606502532959,0.0,490,1,0,0.2739095091819763,3.0005698204040527,0,0.5218015909194946,0.10769585520029068,0.049652934074401855,128.4779815673828,4.0359597924340314e-16,0,0.836988627910614,7915.7783069374245,490,1,0.06771872937679291,0,0,8.24997615814209,0.4483291208744049
0.43728336691856384,0.6500649452209473,0,5.254932641983032,2.5362024160245094,6.055970191955566,-8.534658991266042e-05,0,0,0.78782719373703,2.243110418319702,1.5068280696868896,1.9662140607833862,5.853730201721191,0,0.10929380357265472,0.002973240800201893,0.08668392151594162,1e-06,0.05020904541015625,0.9902076125144958,0.0014806437538936734,-0.0011279943864792585,0.002616405487060547,2784.882354384,0.24043607711791992,1.757725477218628,0,0.9842488765716553,7.330087896662008e-07,7.3555529525037855e-06,1,0.42557036876678467,1934.7363438700968,0,0.0,1,0,1,0,6.5715484619140625,0.6589071750640869,0.5360360741615295,11.498046875,1762703745.7676866,0.0006164939259178936,8.107215881347656,0.6500649452209473,0,0.3191125988960266,0.0,491,1,0,0.2374628484249115,3.0003817081451416,0,0.4336002469062805,0.08929493278265,0.06781210005283356,22.967721939086914,1.026337082812509e-13,0,0.7540173530578613,7738.945375480387,491,1,0.05445170775055885,0,0,4.2188215255737305,0.4273906648159027
0.431125670671463,0.5277807712554932,0,4.263228893280029,2.5790675432944297,5.395157814025879,0.0,0,0,0.8021884560585022,2.250743865966797,1.1537643671035767,1.5890536308288574,5.373785018920898,0,0.17647847533226013,0.0033377837389707565,0.09437022358179092,1e-06,0.022821426391601562,0.9943201541900635,0.001947589684277773,-0.0036110535729676485,0.002592325210571289,2789.246555683,0.2207387536764145,1.6852399110794067,0,0.9954065084457397,2.260413367594083e-08,-5.871941175428219e-05,1,0.4125235080718994,1967.4359103911827,0,0.0,1,0,1,0,6.997256278991699,0.6863351464271545,0.5214378237724304,11.498046875,1762703750.5655413,0.0010115308687090874,10.865478515625,0.5277807712554932,0,0.31903165578842163,0.0,492,1,0,0.21740096807479858,2.000300645828247,0,0.3978347182273865,0.11436650902032852,0.052161142230033875,31.198396682739258,7.195487288684868e-14,0,0.7767060399055481,7869.743641564731,492,1,0.05768347531557083,0,0,4.2356438636779785,0.4147908389568329
0.4497183859348297,0.5766727924346924,0,3.780411720275879,2.6683205208069904,6.152951240539551,-0.0001154024648712948,0,0,0.8010438084602356,2.76936674118042,1.767618179321289,2.150484323501587,6.443398952484131,0,0.25002697110176086,0.005303351674228907,0.08830708265304565,1e-06,0.02951812744140625,0.9916427731513977,0.0021139869932085276,-0.001829169224947691,0.0023615360260009766,2796.5262653,0.2787441611289978,1.9754347801208496,0,0.9850320219993591,7.525425615995118e-08,-3.1355826649814844e-05,1,0.4457724690437317,2035.522344778722,0,0.0,1,0,1,0,6.80880069732666,0.6290392279624939,0.755006730556488,11.498046875,1762703754.929715,0.000823930196929723,8.024394989013672,0.5766727924346924,0,0.31382936239242554,0.0,493,1,0,0.27344080805778503,1.0001778602600098,0,0.44498175382614136,0.10959109663963318,0.059724852442741394,27.939435958862305,2.8539138690079555e-14,0,0.7985953092575073,8142.089379114888,493,1,0.07263845950365067,0,0,4.570555686950684,0.4484289586544037
0.44035398960113525,1.018554449081421,0,6.25486946105957,2.579893541938874,6.343954086303711,-0.00017678659060038626,0,0,0.8117607235908508,2.2424771785736084,1.7258567810058594,2.04341459274292,6.180708408355713,0,0.17320893704891205,0.00583783769980073,0.08143361657857895,1e-06,0.03237152099609375,0.9916737675666809,0.0017498539527878165,-0.0015828653704375029,0.003504514694213867,2800.886837984,0.25318917632102966,1.6617015600204468,0,0.9890126585960388,1.6194831005122978e-06,-0.0001325787598034367,1,0.4315192997455597,1968.0660216107356,0,0.0,1,0,1,0,6.4367218017578125,0.6645840406417847,0.8497296571731567,11.498046875,1762703762.2098596,0.0006169459084048867,7.632565498352051,1.018554449081421,0,0.30325964093208313,0.0,494,1,0,0.24735134840011597,4.000427722930908,0,0.41268083453178406,0.10362349450588226,0.05127431079745293,22.839618682861328,7.715913754719448e-16,0,0.787375807762146,7872.264086442942,494,1,0.07619063556194305,0,0,3.8469691276550293,0.4348854124546051
0.4115866720676422,0.6350088119506836,0,3.7186808586120605,2.539588042337083,6.457720756530762,0.0,0,0,0.8112083673477173,2.7072694301605225,1.0722644329071045,1.754850149154663,6.05360221862793,0,0.1336812674999237,0.0033041788265109062,0.07366413623094559,1e-06,0.03501319885253906,0.9908073544502258,0.0016028523677960038,-0.003590822219848633,0.0024557113647460938,2806.919259374,0.18620018661022186,1.8550159931182861,0,0.9924464225769043,4.689974275606801e-08,-0.0001060050999512896,1,0.38661882281303406,1937.3190613347253,0,0.0,1,0,1,0,6.530998229980469,0.7175989151000977,0.5479428172111511,11.498046875,1762703766.570684,0.0009549856185913086,10.63249683380127,0.6350088119506836,0,0.30671706795692444,0.0,495,1,0,0.18289601802825928,1.0001521110534668,0,0.35092413425445557,0.08915697783231735,0.04528249800205231,45.33447265625,4.0416584051100317e-17,0,0.6656861305236816,7749.276245338901,495,1,0.05739252269268036,0,0,5.3125691413879395,0.389305979013443
0.45965540409088135,0.5067965984344482,0,5.517463207244873,2.531220650196351,7.776914596557617,-7.199309766292572e-05,0,0,0.7993919849395752,2.5052878856658936,2.552217960357666,2.946949005126953,8.284889221191406,0,0.24100369215011597,0.0024886878672987223,0.09350263327360153,1e-06,0.03899574279785156,0.993800699710846,0.0011771860299631953,-0.0009272749884985387,0.0025501251220703125,2811.782224134,0.3178732991218567,2.5058956146240234,0,0.9641068577766418,2.3668502535656444e-07,-6.747591396560892e-05,1,0.4647214412689209,1930.9360149438687,0,0.0,1,0,1,0,5.475040435791016,0.6001718044281006,0.808870255947113,11.498046875,1762703772.601845,0.000462881987914443,10.935606002807617,0.5067965984344482,0,0.31700214743614197,0.0,496,1,0,0.3153846263885498,3.0003976821899414,0,0.4109504222869873,0.12674976885318756,0.05286461114883423,18.191884994506836,3.813262919200055e-16,0,0.6831532716751099,7723.744059775475,496,1,0.049830272793769836,0,0,4.409619331359863,0.465702623128891
0.44226375222206116,0.6053783893585205,0,4.251744031906128,2.545071055291543,6.560945987701416,0.0,0,0,0.7977235317230225,2.237884283065796,1.4358121156692505,1.9797821044921875,6.182277202606201,0,0.1342320591211319,0.004232306499034166,0.07009115070104599,1e-06,0.02513885498046875,0.9938994646072388,0.0023644024040549994,-0.0022994030732661486,0.0024871826171875,2817.593460386,0.25511404871940613,1.955403447151184,0,0.993089497089386,5.432214038592065e-07,-0.00013094348832964897,1,0.4335715174674988,1941.5017655108109,0,0.0,1,0,1,0,6.713315010070801,0.6610170602798462,0.6364624500274658,11.498046875,1762703777.4659815,0.0008542572031728923,9.078438758850098,0.6053783893585205,0,0.31684520840644836,0.0,497,1,0,0.25088173151016235,2.0022130012512207,0,0.4214944541454315,0.09624604880809784,0.03383326530456543,73.92070007324219,6.788565821694598e-18,0,0.7742511630058289,7766.007062043243,497,1,0.06492599844932556,0,0,6.36229133605957,0.4359765648841858
0.45170265436172485,0.5370941162109375,0,5.267339706420898,2.4935112119357186,6.863818168640137,0.0,0,0,0.7841076254844666,2.2560384273529053,1.642823576927185,2.3660244941711426,6.6374406814575195,0,0.10866240411996841,0.005150656681507826,0.06742774695158005,1e-06,0.023990631103515625,0.9950555562973022,0.000595795048866421,-0.0013679326511919498,0.0025839805603027344,2821.995350953,0.2915271818637848,2.3519482612609863,0,0.9883854389190674,7.69212533668906e-08,-0.00010841884068213403,1,0.4521257281303406,1902.169454258964,0,0.0,1,0,1,0,5.659239768981934,0.6330155730247498,0.6827639937400818,11.498046875,1762703783.2775824,0.00046481535537168384,10.296643257141113,0.5370941162109375,0,0.33335545659065247,0.0,498,1,0,0.2863765060901642,3.0004281997680664,0,0.42778170108795166,0.10170534253120422,0.02255498617887497,19.919414520263672,3.998064597165058e-16,0,0.7113566994667053,7608.677817035856,498,1,0.07159222662448883,0,0,4.857936859130859,0.4545242190361023
0.4479178190231323,0.5475804805755615,0,3.8477656841278076,2.589725967283896,6.81028413772583,-4.8132682422874495e-05,0,0,0.8134991526603699,2.83587646484375,1.7397880554199219,2.2933785915374756,6.838663578033447,0,0.1503797471523285,0.0017305315705016255,0.0742873027920723,1e-06,0.020000457763671875,0.9947346448898315,0.0024971074890345335,-0.001501952181570232,0.002576112747192383,2838.932395232,0.2729295492172241,2.072214126586914,0,0.995039165019989,1.2340748867245566e-07,-8.843495015753433e-05,1,0.44463351368904114,1975.5666653066842,0,-9.934107758624577e-09,1,0,1,0,6.859526634216309,0.656578540802002,0.6260780692100525,11.498046875,1762703787.6793897,0.000719411124009639,7.857161521911621,0.5475804805755615,0,0.30777207016944885,0.0,499,1,0,0.2711990177631378,1.0001981258392334,0,0.38653817772865295,0.0961923822760582,0.03930727764964104,16.794099807739258,5.307921376057232e-16,0,0.7518717646598816,7902.266661226737,499,1,0.041568782180547714,0,0,4.341363906860352,0.44551998376846313
0.46721115708351135,1.0186762809753418,0,2.4766976833343506,2.0996944117846543,8.744023323059082,0.0,0,0,0.8177750110626221,2.4642391204833984,2.967632293701172,3.317444086074829,9.734753608703613,0,0.1916569322347641,0.0031393382232636213,0.06433766335248947,1e-06,0.015331268310546875,0.9986634254455566,0.0010609948076307774,-0.004462048411369324,0.002105236053466797,2842.59024662,0.3354262113571167,2.5483670234680176,0,0.9965207576751709,5.268015570436546e-07,-0.0002509340993128717,1,0.4710901379585266,1601.7471885656694,0,0.0,1,0,1,0,6.17926025390625,0.6199315786361694,0.5563916563987732,11.498046875,1762703804.6169124,0.001100450986996293,16.7133846282959,1.0186762809753418,0,0.31904980540275574,12.3805832862854,500,1,0,0.33228689432144165,6.437301635742188e-05,0,0.36378180980682373,0.09773752838373184,0.015408679842948914,31.433677673339844,5.723097222131888e-16,0,0.6886615753173828,6406.9887542626775,500,1,0.05594853684306145,0,0,4.570991039276123,0.4721962809562683
0.448593407869339,0.7330279350280762,0,2.9175469875335693,2.1540862543977646,6.333782196044922,0.0,0,0,0.8524495363235474,2.901564598083496,1.820386290550232,2.2567946910858154,6.306631088256836,0,0.1370857208967209,0.00363730825483799,0.07370637357234955,1e-06,0.020748138427734375,0.9972143173217773,0.002152533270418644,-0.002936213044449687,0.0022699832916259766,2847.813046736,0.27747467160224915,2.2332589626312256,0,0.9947552680969238,6.286814482336922e-07,-8.155740215443075e-05,1,0.445984423160553,1643.2398841205456,0,0.0,1,0,1,0,5.739072799682617,0.6532350182533264,0.9464871883392334,11.498046875,1762703808.27407,0.0008595131221227348,10.748331069946289,0.7330279350280762,0,0.274402379989624,0.0,501,1,0,0.2738373577594757,0.00011157989501953125,0,0.37449944019317627,0.11659491062164307,0.027367383241653442,20.550174713134766,8.992976925139734e-18,0,0.660754919052124,6572.959536482183,501,1,0.060208141803741455,0,0,4.950999736785889,0.4478108584880829
0.4542391300201416,0.9135828018188477,0,4.3023998737335205,2.1225126835315518,7.0253119468688965,-4.273614194971742e-06,0,0,0.8005626797676086,2.290311098098755,1.9547438621520996,2.5339648723602295,6.310527324676514,0,0.19490958750247955,0.00512342806905508,0.077417753636837,1e-06,0.03398895263671875,0.9914739727973938,0.0014473224291577935,-0.001306481077335775,0.002481698989868164,2853.702697345,0.30018630623817444,2.395827293395996,0,0.9803875684738159,4.0501340947685094e-08,-5.0400827603880316e-05,1,0.45612412691116333,1619.1540561619188,0,0.0,1,0,1,0,5.925925254821777,0.6222081184387207,0.6965826749801636,11.498046875,1762703813.4967449,0.0006972256232984364,11.744829177856445,0.9135828018188477,0,0.31343960762023926,0.0,502,1,0,0.2950628697872162,2.0002622604370117,0,0.4285467267036438,0.10390342772006989,0.03566236048936844,19.63886260986328,5.025707468086637e-16,0,0.7749566435813904,6476.616224647675,502,1,0.07140284776687622,0,0,4.590441703796387,0.4583922326564789
0.44856876134872437,0.5457768440246582,0,5.33671236038208,2.165798157419803,7.328413486480713,-6.177569594001397e-05,0,0,0.797136664390564,2.3235831260681152,2.1507675647735596,2.614475965499878,7.418968200683594,0,0.19320641458034515,0.002101821592077613,0.08412028104066849,1e-06,0.046875,0.992632269859314,0.0010870988480746746,-0.0012809138279408216,0.002585887908935547,2858.943823516,0.27020084857940674,2.393772602081299,0,0.9870625734329224,8.714209087656855e-08,-9.597292955731973e-05,1,0.44302117824554443,1652.174283161194,0,-1.4901161193847656e-08,1,0,1,0,6.317905426025391,0.6379090547561646,0.6349681615829468,11.498046875,1762703819.386027,0.0004713426751550287,18.878339767456055,0.5457768440246582,0,0.3203366696834564,0.0,503,1,0,0.26809900999069214,3.0003554821014404,0,0.4330563247203827,0.11041052639484406,0.046954765915870667,35.87348175048828,4.127323889558873e-15,0,0.7377499938011169,6608.697132644776,503,1,0.0458027683198452,0,0,5.142401695251465,0.4441153109073639
0.4474070072174072,0.710491418838501,0,4.523132801055908,2.1440390012857558,7.807262420654297,-6.829835911048576e-05,0,0,0.8287515640258789,2.5111286640167236,1.8532863855361938,2.846400022506714,7.396627426147461,0,0.13578571379184723,0.004272489808499813,0.0675554871559143,1e-06,0.029987335205078125,0.9957759380340576,0.0010659167310222983,-0.0023484770208597183,0.0025169849395751953,2863.952522611,0.2843579351902008,2.7331316471099854,0,0.990318238735199,5.974894747851067e-07,-9.995441359933466e-05,1,0.4490940570831299,1635.5753595427575,0,0.0,1,0,1,0,6.036834716796875,0.6455999612808228,0.6663396954536438,11.498046875,1762703824.626674,0.0006266935379244387,16.07579231262207,0.710491418838501,0,0.29762402176856995,0.0,504,1,0,0.2800854444503784,2.0002646446228027,0,0.4161638021469116,0.09606251865625381,0.029158245772123337,39.546260833740234,1.1120715893292443e-14,0,0.7246326804161072,6542.30143817103,504,1,0.06523223966360092,0,0,5.335480690002441,0.45116162300109863
0.46563655138015747,0.7069747447967529,0,4.295626640319824,2.182443037135423,8.0013427734375,0.0,0,0,0.8037186861038208,2.2835795879364014,2.044039011001587,3.0494461059570312,7.682417869567871,0,0.2688334882259369,0.003792667528614402,0.06365784257650375,1e-06,0.023166656494140625,0.9954702854156494,0.0017235269770026207,-0.002137310104444623,0.002471446990966797,2869.95992833,0.3299620747566223,2.7531790733337402,0,0.9888015985488892,2.142935926485734e-07,-4.8105088353622705e-05,1,0.4688693881034851,1664.8717924458176,0,0.0,1,0,1,0,5.632043838500977,0.6008042097091675,0.7758409380912781,11.498046875,1762703829.6363745,0.0007597844814881682,12.997147560119629,0.7069747447967529,0,0.32147037982940674,0.0,505,1,0,0.3261694014072418,2.000264883041382,0,0.42579254508018494,0.11171914637088776,0.014371432363986969,52.47583770751953,2.797718325743228e-16,0,0.7479703426361084,6659.4871697832705,505,1,0.06147551164031029,0,0,5.3306989669799805,0.4702584445476532
0.442293256521225,0.499863862991333,0,5.500425577163696,2.1367142545858084,7.431621074676514,1.4039588677405845e-05,0,0,0.8050024509429932,2.48528790473938,2.0056748390197754,2.8219096660614014,7.592413425445557,0,0.12564432621002197,0.0030418250244110823,0.08023533970117569,1e-06,0.05169868469238281,0.9942730665206909,0.0009003201266750693,-0.001792502822354436,0.0025055408477783203,2875.20292212,0.26045626401901245,2.5708212852478027,0,0.9799633622169495,2.666589615785142e-08,2.269467404403258e-05,1,0.43725118041038513,1629.9876928957697,0,-1.1920929132713809e-08,1,0,1,0,6.763574600219727,0.6437955498695374,0.7399449944496155,11.498046875,1762703835.6436388,0.0006652564625255764,9.668510437011719,0.499863862991333,0,0.3178374469280243,0.0,506,1,0,0.25741443037986755,3.0003695487976074,0,0.40514031052589417,0.1027575358748436,0.052470263093709946,20.993587493896484,9.010194391805004e-15,0,0.6439354419708252,6519.950771583079,506,1,0.05507402867078781,0,0,4.4963603019714355,0.4389253258705139
0.42934972047805786,0.3502516746520996,0,4.887403249740601,2.155665652011257,8.30182933807373,0.0,0,0,0.8055490851402283,2.8755674362182617,1.4360517263412476,3.2490668296813965,5.783714771270752,0,0.16903987526893616,0.0023068049922585487,0.05878601595759392,1e-06,0.0279541015625,0.9929316639900208,0.0017253607511520386,-0.003297814168035984,0.002687215805053711,2879.667509626,0.22260668873786926,18.847320556640625,0,0.9947690963745117,9.517548704707224e-08,-0.00010092659795191139,1,0.41449663043022156,1644.4447240595578,0,-9.934107758624577e-09,1,0,1,0,6.5320940017700195,0.6874603033065796,0.5531395673751831,11.498046875,1762703840.888642,0.0009818131802603602,312.1259460449219,0.3502516746520996,0,0.315307080745697,0.0,507,1,0,0.2202998846769333,2.000345468521118,0,0.37867894768714905,0.07772646099328995,0.03347039222717285,485.52923583984375,3.226869844870665e-15,0,0.6921457052230835,6577.778896238231,507,1,0.04797931760549545,0,0,29.37141990661621,0.41604432463645935
0.425141304731369,0.21122455596923828,0,4.2446229457855225,2.1643884390440404,5.8515543937683105,-7.33608758309856e-05,0,0,0.8085137009620667,2.228945255279541,1.1967222690582275,1.8018832206726074,5.7705078125,0,0.16110897064208984,0.0024836305528879166,0.06821309030056,1e-06,0.028497695922851562,0.9939965009689331,0.0020021696109324694,-0.0013698978582397103,0.002806425094604492,2885.40844568,0.21314066648483276,1.8791604042053223,0,0.9946279525756836,1.0343441090299166e-06,-5.473010605783202e-05,1,0.40782126784324646,1651.0988826493988,0,0.0,1,0,1,0,6.649160385131836,0.6977583169937134,0.6639593839645386,11.498046875,1762703845.3507676,0.0006488384096883237,9.167390823364258,0.21122455596923828,0,0.3154655992984772,0.0,508,1,0,0.2106570303440094,2.0003418922424316,0,0.39015719294548035,0.09572497755289078,0.03456645458936691,20.216896057128906,1.2503732019569715e-15,0,0.7021961808204651,6604.395530597595,508,1,0.049779731780290604,0,0,4.441090106964111,0.40957245230674744
0.4280456006526947,0.21065163612365723,0,5.524712085723877,2.7010019916833534,6.990647792816162,-7.764255133224651e-05,0,0,0.8382754325866699,2.5128679275512695,1.601585030555725,2.2686731815338135,6.8870062828063965,0,0.1867709904909134,0.003703703638166189,0.05965300276875496,1e-06,0.015781402587890625,0.9978974461555481,0.0011674236739054322,-0.0036097851116210222,0.0026786327362060547,2889.637122907,0.23230452835559845,2.2522096633911133,0,0.9978644251823425,1.4035842923476594e-06,-0.00015528649964835495,1,0.4199747145175934,2060.453331783594,0,0.0,1,0,1,0,5.796592712402344,0.7055933475494385,0.7962186932563782,11.498046875,1762703851.0921466,0.000927083776332438,8.76009464263916,0.21065163612365723,0,0.2966378927230835,0.0,509,1,0,0.22860082983970642,3.000427484512329,0,0.3356325924396515,0.09836690872907639,0.019191622734069824,26.11125946044922,2.613348422823088e-15,0,0.6456781625747681,8241.813327134376,509,1,0.06075150519609451,0,0,5.091719150543213,0.4223456084728241
0.45522552728652954,0.25118398666381836,0,3.9700803756713867,2.6254388833174565,7.305459022521973,-0.00023041261010803282,0,0,0.8128589391708374,1.9583325386047363,2.162325143814087,2.4716780185699463,7.168296813964844,0,0.16698236763477325,0.0026889753062278032,0.04903280362486839,1e-06,0.01340484619140625,0.997811496257782,0.001979736378416419,-0.002157942857593298,0.002645730972290039,2894.542269139,0.29817748069763184,2.1827445030212402,0,0.9984262585639954,3.300007620055112e-06,-0.00016494945157319307,1,0.45633018016815186,2002.8101834735096,0,-9.934107758624577e-09,1,0,1,0,6.734518051147461,0.6499200463294983,0.7143867611885071,11.498046875,1762703855.3199968,0.0009801757987588644,14.214705467224121,0.25118398666381836,0,0.32526808977127075,0.0,510,1,0,0.29548850655555725,2.000277280807495,0,0.3811645805835724,0.0852520540356636,0.015705399215221405,35.188663482666016,1.1546417301641926e-17,0,0.7479439377784729,8011.240733894038,510,1,0.05179329961538315,0,0,4.987965106964111,0.45752614736557007
0.43222880363464355,0.5942747592926025,0,4.305595874786377,2.6255549779477705,7.480276107788086,-2.126287108694669e-05,0,0,0.8033539652824402,2.2926347255706787,1.815119981765747,2.596046209335327,7.646752834320068,0,0.19418922066688538,0.002768903039395809,0.05890697240829468,1e-06,0.024082183837890625,0.9952152967453003,0.0025516555178910494,-0.003264531958848238,0.0025806427001953125,2900.942470798,0.23812566697597504,2.6097559928894043,0,0.9949039220809937,3.359119205015304e-07,-8.477990922983736e-05,1,0.4242667555809021,2002.8987460027372,0,0.0,1,0,1,0,6.531837463378906,0.6913619637489319,0.5022598505020142,11.498046875,1762703860.2261038,0.000914004456717521,12.157635688781738,0.5942747592926025,0,0.3240697681903839,0.0,511,1,0,0.23535676300525665,2.0003089904785156,0,0.3368193507194519,0.08489470183849335,0.02233978733420372,32.369049072265625,4.27226279412777e-17,0,0.6463212370872498,8011.594984010949,511,1,0.05255306139588356,0,0,5.358699321746826,0.4259817898273468
0.4530848562717438,0.5353567600250244,0,5.857712507247925,2.6113971604084676,9.222784996032715,-0.00010227708116872236,0,0,0.8309687376022339,2.845409393310547,2.721245050430298,3.4413557052612305,8.772350311279297,0,0.20326131582260132,0.0028265698347240686,0.07838612049818039,1e-06,0.04279136657714844,0.9972543716430664,0.0010371062671765685,-0.001036886591464281,0.002530336380004883,2906.057772787,0.3058752417564392,5.38436222076416,0,0.971476674079895,4.8918657569174684e-08,-6.743361154804006e-05,1,0.45962250232696533,1992.0984865399666,0,0.0,1,0,1,0,6.145810127258301,0.6152303814888,0.7234216928482056,11.498046875,1762703866.6251788,0.0005337409675121307,81.19706726074219,0.5353567600250244,0,0.29709455370903015,0.0,512,1,0,0.30304867029190063,3.0003960132598877,0,0.39446425437927246,0.10791461914777756,0.03690309822559357,189.019287109375,2.859490321004116e-16,0,0.6816290616989136,7968.393946159867,512,1,0.05309566110372543,0,0,12.051416397094727,0.4608236849308014
0.4551437795162201,0.4941537380218506,0,4.613435745239258,2.611424812593887,8.599359512329102,0.0,0,0,0.7908645868301392,2.6015119552612305,2.5194761753082275,3.1902542114257812,8.60252857208252,0,0.13353213667869568,0.004134929273277521,0.08405762910842896,1e-06,0.04866981506347656,0.9930636286735535,0.0017379235941916704,-0.002621375722810626,0.0028307437896728516,2910.805560507,0.3064200282096863,2.5803093910217285,0,0.9704772233963013,3.877729000123509e-07,-6.353048956952989e-05,1,0.4592980742454529,1992.1195809478022,0,-1.1920929132713809e-08,1,0,1,0,5.179668426513672,0.6111236810684204,1.0447940826416016,11.498046875,1762703871.7388854,0.0008051043259911239,11.424077987670898,0.4941537380218506,0,0.3275972008705139,0.0,513,1,0,0.3022850751876831,2.0002589225769043,0,0.417467325925827,0.11940519511699677,0.04905625805258751,21.011051177978516,1.8250559822630998e-14,0,0.6805158853530884,7968.478323791209,513,1,0.06417731940746307,0,0,4.260700225830078,0.4610564410686493
0.4483359456062317,0.48882436752319336,0,4.257365942001343,2.6120490603889523,8.231014251708984,-0.00015231105498969555,0,0,0.8197607398033142,2.2446255683898926,2.3188974857330322,2.9415299892425537,8.022041320800781,0,0.1265026181936264,0.003893724177032709,0.05844038352370262,1e-06,0.03250312805175781,0.9954280853271484,0.0010301392758265138,-0.0013009690446779132,0.0026764869689941406,2915.590365122,0.28172239661216736,2.7403736114501953,0,0.9899991154670715,1.473962072395807e-07,-0.00012680375948548317,1,0.44797974824905396,1992.595786982882,0,0.0,1,0,1,0,5.855217933654785,0.6395161151885986,0.46828460693359375,11.498046875,1762703876.4913716,0.0005184700712561607,21.07001495361328,0.48882436752319336,0,0.29761409759521484,0.0,514,1,0,0.2778286933898926,2.0002875328063965,0,0.3736877143383026,0.07539520412683487,0.027929186820983887,78.15632629394531,7.934216346754523e-18,0,0.6199607849121094,7970.383147931528,514,1,0.06228524446487427,0,0,6.670398712158203,0.44989025592803955
0.4381440281867981,0.48440122604370117,0,4.289567232131958,2.682854852254207,6.646106243133545,-5.562656951951794e-05,0,0,0.7900887131690979,2.277348041534424,1.190177321434021,2.112107515335083,6.1057281494140625,0,0.09146534651517868,0.0030674845911562443,0.06397377699613571,1e-06,0.021511077880859375,0.9915814995765686,0.002669890644028783,-0.0018795770592987537,0.0025014877319335938,2920.591981322,0.24718813598155975,2.5419721603393555,0,0.9931248426437378,3.373958179508918e-07,-1.4819463103776798e-05,1,0.42961952090263367,2046.6098270345205,0,0.0,1,0,1,0,5.926979064941406,0.6717833876609802,0.5493000745773315,11.498046875,1762703881.272313,0.0008958270191214979,19.291582107543945,0.48440122604370117,0,0.3225647211074829,0.0,515,1,0,0.24412064254283905,2.0003554821014404,0,0.3617355227470398,0.09373275935649872,0.01858142949640751,57.87473678588867,2.513614740206867e-16,0,0.6551099419593811,8186.439308138082,515,1,0.05530693382024765,0,0,5.80811071395874,0.43143218755722046
0.44647449254989624,0.49422478675842285,0,4.5020880699157715,2.699773895691539,6.844719886779785,-4.798669760930352e-05,0,0,0.7886640429496765,2.490389823913574,1.9922430515289307,2.6785128116607666,6.702581882476807,0,0.1190352514386177,0.0037571683060377836,0.07882560789585114,1e-06,0.05094718933105469,0.9839826226234436,0.0012101836036890745,-0.001494279014877975,0.002689361572265625,2924.123331242,0.2717025876045227,2.5887668132781982,0,0.9792305827140808,5.8415562165237134e-08,-0.00011884185369126499,1,0.44293278455734253,2059.516481501412,0,0.0,1,0,1,0,5.868904113769531,0.6378857493400574,0.6154069304466248,11.498046875,1762703886.275476,0.0006181002827361226,11.706228256225586,0.49422478675842285,0,0.3190535008907318,0.0,516,1,0,0.26794540882110596,2.0003037452697754,0,0.42235714197158813,0.09530028700828552,0.04772324860095978,19.508737564086914,1.1536297574027952e-16,0,0.7037332057952881,8238.065926005647,516,1,0.0611865371465683,0,0,4.559083461761475,0.4448813498020172
0.47511500120162964,0.5000221729278564,0,3.0249176025390625,2.712054571419972,9.931495666503906,-4.478175105759874e-05,0,0,0.799003005027771,2.01432466506958,3.1153995990753174,3.68391752243042,8.962963104248047,0,0.17011721432209015,0.0032362460624426603,0.0640205666422844,1e-06,0.019001007080078125,0.9966886043548584,0.0007068043341860175,-0.0011248200898990035,0.002218484878540039,2931.086646401,0.37922918796539307,3.152632713317871,0,0.9873268008232117,7.373866424131847e-07,-6.21080253040418e-05,1,0.48444944620132446,2068.8847675297507,0,0.0,1,0,1,0,5.639781951904297,0.576894998550415,0.45025619864463806,11.498046875,1762703889.806621,0.00047000532504171133,29.71737289428711,0.5000221729278564,0,0.3241148889064789,0.0,517,1,0,0.37599295377731323,1.0001745223999023,0,0.38357725739479065,0.09381809085607529,0.022326042875647545,267.45526123046875,2.239240386860906e-16,0,0.6889895796775818,8275.539070119003,517,1,0.056804243475198746,0,0,16.6475772857666,0.4852665960788727
0.4464331567287445,1.0577857494354248,0,5.899202108383179,2.6399046703465325,7.845737457275391,-3.907821519533172e-05,0,0,0.833540678024292,2.887639284133911,1.8594894409179688,2.652167558670044,8.26932144165039,0,0.08749877661466599,0.002402690937742591,0.04842132702469826,1e-06,0.03357124328613281,0.996459424495697,0.0008310765260830522,-0.0008825117256492376,0.0026328563690185547,2934.202347321,0.2799135148525238,2.703293561935425,0,0.991745114326477,2.9754769457213115e-06,-2.999827302119229e-05,1,0.44782447814941406,2013.8453767731469,0,0.0,1,0,1,0,5.720237731933594,0.6546951532363892,0.4930679202079773,11.498046875,1762703896.7702715,0.0004700015124399215,13.044017791748047,1.0577857494354248,0,0.2889900505542755,0.0,518,1,0,0.2775108218193054,3.000392198562622,0,0.3893708288669586,0.07731742411851883,0.018957579508423805,20.015806198120117,9.975800172622984e-17,0,0.646156907081604,8055.3815070925875,518,1,0.04896421357989311,0,0,5.007673263549805,0.44901043176651
0.4512639343738556,0.4723093509674072,0,2.6365673542022705,2.74748579039654,9.663395881652832,-6.406375177903101e-05,0,0,0.8299442529678345,2.624429702758789,2.756725788116455,3.3531644344329834,9.329968452453613,0,0.1649380475282669,0.004659418947994709,0.06763703376054764,1e-06,0.032649993896484375,0.9959813356399536,0.0011671887477859855,-0.0020928478334099054,0.002110719680786133,2941.162946888,0.2888839542865753,4.717948913574219,0,0.9875131845474243,1.1942645983253897e-07,-5.466229413286783e-05,1,0.4510943293571472,2095.9133937263296,0,0.0,1,0,1,0,6.047147750854492,0.6387922763824463,0.8550728559494019,11.498046875,1762703899.8852723,0.0006209908169694245,68.12957000732422,0.4723093509674072,0,0.29508623480796814,0.0,519,1,0,0.2842245399951935,5.1975250244140625e-05,0,0.35155031085014343,0.10042417049407959,0.041568443179130554,272.5072326660156,5.441099519321079e-15,0,0.6057079434394836,8383.653574905318,519,1,0.06810827553272247,0,0,16.755170822143555,0.45329415798187256
0.4629976451396942,0.7102518081665039,0,6.243892431259155,2.640171137750177,7.860889434814453,0.0,0,0,0.8208604454994202,2.2321102619171143,1.8264846801757812,2.8912789821624756,7.402499675750732,0,0.1326928287744522,0.002423263154923916,0.05358804389834404,1e-06,0.0227203369140625,0.9965575933456421,0.0029943909030407667,-0.002182307420298457,0.0027785301208496094,2944.996142501,0.32794830203056335,2.9583961963653564,0,0.9919425249099731,1.8809654420692823e-06,-7.764019392197952e-05,1,0.468633770942688,2014.0486508363806,0,0.0,1,0,1,0,6.241257667541504,0.6180710196495056,0.7430934309959412,11.498046875,1762703906.8461237,0.0008227630169130862,13.701069831848145,0.7102518081665039,0,0.3039272725582123,0.0,520,1,0,0.3255250155925751,4.000476598739624,0,0.38391783833503723,0.09859410673379898,0.004886520095169544,23.86810302734375,1.4066525277308436e-16,0,0.7155015468597412,8056.194603345522,520,1,0.049173589795827866,0,0,4.803338527679443,0.46952909231185913
0.44533953070640564,0.466754674911499,0,3.357976198196411,2.7893021482295204,8.552221298217773,-3.113690763711929e-05,0,0,0.8405792117118835,2.3461642265319824,2.4838857650756836,3.0716207027435303,8.284235000610352,0,0.09084820747375488,0.0033467202447354794,0.06125597283244133,1e-06,0.027240753173828125,0.9965327978134155,0.0007918340852484107,-0.0010325552430003881,0.0024619102478027344,2951.580279721,0.27844712138175964,2.959594488143921,0,0.9919997453689575,4.4056906745026936e-07,-4.131701643927954e-05,1,0.44661468267440796,2127.8129088267688,0,0.0,1,0,1,0,5.755855560302734,0.6566852331161499,0.8755263686180115,11.498046875,1762703910.6770382,0.0003984000941272825,12.587085723876953,0.466754674911499,0,0.29111918807029724,0.0,521,1,0,0.2751004099845886,1.0001215934753418,0,0.3242896795272827,0.11393371224403381,0.011510634794831276,50.2903938293457,6.552383770350027e-16,0,0.58333420753479,8511.251635307075,521,1,0.05776039883494377,0,0,5.2515997886657715,0.44828468561172485
0.453192800283432,1.0642430782318115,0,5.463438272476196,2.7134891661452514,9.19333553314209,-9.138142922893167e-05,0,0,0.8035438060760498,2.4514052867889404,2.812906503677368,3.4334218502044678,9.424491882324219,0,0.14859610795974731,0.0030649774707853794,0.0706118792295456,1e-06,0.098968505859375,0.9930784106254578,0.0008694065036252141,-0.0011106892488896847,0.0026688575744628906,2956.922333492,0.3105843961238861,2.607557773590088,0,0.9246252179145813,7.960085213198909e-08,-1.728301685943734e-05,1,0.4615135192871094,2069.9791449091686,0,0.0,1,0,1,0,5.63702392578125,0.5951483845710754,0.671278178691864,11.498046875,1762703917.2644212,0.0004518772184383124,10.980210304260254,1.0642430782318115,0,0.3193451464176178,0.0,522,1,0,0.30751940608024597,3.00040864944458,0,0.43970510363578796,0.08807284384965897,0.04678845405578613,46.70497131347656,1.7508409247762803e-16,0,0.6450753211975098,8279.916579636674,522,1,0.05528297647833824,0,0,4.892999649047852,0.4627801477909088
0.4657255709171295,1.050055980682373,0,4.285079717636108,2.6752255434782892,7.8170695304870605,-6.0729416873073205e-05,0,0,0.7696974277496338,2.2727832794189453,2.0051023960113525,2.938584804534912,8.014628410339355,0,0.1471109837293625,0.004254254046827555,0.07411784678697586,1e-06,0.047580718994140625,0.991706371307373,0.002736482536420226,-0.0029883875977247953,0.0029146671295166016,2961.580613426,0.33833834528923035,2.874744176864624,0,0.9574074745178223,2.433408781143953e-07,-4.557210922939703e-05,1,0.47172829508781433,2040.7898258886682,0,0.0,1,0,1,0,6.5297441482543945,0.5855227708816528,0.6608738899230957,11.498046875,1762703922.6066628,0.0009899816941469908,11.547340393066406,1.050055980682373,0,0.34123310446739197,0.0,523,1,0,0.33408409357070923,2.0003106594085693,0,0.4848001003265381,0.0992734357714653,0.020621612668037415,22.201339721679688,7.033383605546998e-16,0,0.7922395467758179,8163.159303554673,523,1,0.06509389728307724,0,0,4.785425662994385,0.47320348024368286
0.461911678314209,1.047797679901123,0,3.6022517681121826,2.6416991073810108,9.122118949890137,-8.30045246402733e-05,0,0,0.8024323582649231,2.5914292335510254,2.239440679550171,2.9984290599823,9.643820762634277,0,0.2553771436214447,0.005144326947629452,0.0740026906132698,1e-06,0.020956039428710938,0.997260332107544,0.0015913773095235229,-0.0039704227820038795,0.002209186553955078,2968.758302448,0.3249499797821045,2.905412197113037,0,0.9928038120269775,1.275244017051591e-07,-0.00015612097922712564,1,0.46646779775619507,2015.214259053779,0,0.0,1,0,1,0,6.192127227783203,0.6207414865493774,0.7058954834938049,11.498046875,1762703927.2629058,0.0010510635329410434,29.0103759765625,1.047797679901123,0,0.32954055070877075,0.0,524,1,0,0.31980565190315247,1.000196933746338,0,0.4026491940021515,0.10869500786066055,0.0229189395904541,115.98670196533203,6.440886176524983e-17,0,0.7272657155990601,8060.857036215116,524,1,0.07154946774244308,0,0,7.901139259338379,0.468423068523407
0.4591991901397705,0.6271495819091797,0,6.534038782119751,2.522962349814132,7.082443714141846,0.0,0,0,0.8326840996742249,2.5228190422058105,2.019310235977173,2.467125654220581,7.505267143249512,0,0.4128889739513397,0.0027041644789278507,0.0647500678896904,1e-06,0.016847610473632812,0.997895359992981,0.004140886943787336,-0.0012630728306248784,0.0026199817657470703,2972.644646296,0.3101676404476166,2.151685953140259,0,0.9956837296485901,1.7079273106901383e-07,0.00014400568034034222,1,0.4615054726600647,1924.6361889571401,0,0.0,1,0,1,0,6.033989906311035,0.6350904107093811,0.6682572960853577,11.498046875,1762703934.430036,0.0009555057040415704,9.959529876708984,0.6271495819091797,0,0.3013750910758972,0.0,525,1,0,0.30746349692344666,4.000525236129761,0,0.36522457003593445,0.10278843343257904,0.017828643321990967,18.66594696044922,1.5940616113355118e-16,0,0.6817064881324768,7698.5447558285605,525,1,0.051938246935606,0,0,4.344225883483887,0.4626246392726898
0.46338963508605957,0.506434440612793,0,3.385930061340332,2.5319583795273632,8.851670265197754,0.0,0,0,0.7999305725097656,2.3748319149017334,2.4040629863739014,3.3707637786865234,9.151371002197266,0,0.19392095506191254,0.0034347400069236755,0.06287403404712677,1e-06,0.02634429931640625,0.9951731562614441,0.0023980920668691397,-0.0018835582304745913,0.0024559497833251953,2977.720356126,0.3353778123855591,3.0229926109313965,0,0.9753620028495789,2.4468741699479324e-08,-6.215359462657943e-05,1,0.47096845507621765,1931.4987901149789,0,0.0,1,0,1,0,5.158110618591309,0.5995209217071533,0.5740158557891846,11.498046875,1762703938.3284373,0.0008600481669418514,13.639104843139648,0.506434440612793,0,0.32530736923217773,0.0,526,1,0,0.3319430947303772,1.0001676082611084,0,0.3947753608226776,0.09317731112241745,0.022942885756492615,22.026718139648438,5.1351805869932936e-17,0,0.6832388043403625,7725.9951604599155,526,1,0.058513093739748,0,0,5.165625095367432,0.4721803069114685
0.4433039724826813,0.7460737228393555,0,4.322852611541748,2.632293550379052,8.061609268188477,-6.81879828334786e-05,0,0,0.830442488193512,2.311448574066162,1.733754277229309,2.7842113971710205,8.104873657226562,0,0.1292693316936493,0.0026478376239538193,0.062251292169094086,1e-06,0.030406951904296875,0.9959028363227844,0.0015086064813658595,-0.002431840868666768,0.0025873184204101562,2982.830408853,0.2696381211280823,2.7622759342193604,0,0.9894279837608337,2.45228335415959e-07,-8.431398600805551e-05,1,0.4424360394477844,2008.039250919154,0,0.0,1,0,1,0,6.333423614501953,0.6553153395652771,0.769627571105957,11.498046875,1762703943.4039774,0.0006073751137591898,12.402138710021973,0.7460737228393555,0,0.29700207710266113,0.0,527,1,0,0.2669903039932251,2.0002846717834473,0,0.346926748752594,0.10126568377017975,0.02847815863788128,21.134010314941406,2.2480127365187043e-16,0,0.6337829828262329,8032.157003676616,527,1,0.051394641399383545,0,0,4.725667953491211,0.4438207447528839
0.43043088912963867,0.5513403415679932,0,4.551760911941528,2.523221560610661,7.8669023513793945,-6.062121974537149e-05,0,0,0.8211230635643005,2.540095090866089,1.7902177572250366,2.627006769180298,6.930877685546875,0,0.17287614941596985,0.004540967755019665,0.07616224884986877,1e-06,0.031209945678710938,0.9932484030723572,0.001823070109821856,-0.0028768456541001797,0.0026013851165771484,2988.65577155,0.2369200438261032,3.4658114910125732,0,0.9914747476577759,4.0489759101092204e-08,-0.00019527967378962785,1,0.4223910868167877,1924.833927333856,0,0.0,1,0,1,0,6.055681228637695,0.6822408437728882,0.7545604705810547,11.498046875,1762703948.513421,0.0010448216926306486,47.24643325805664,0.5513403415679932,0,0.30163517594337463,0.0,528,1,0,0.23237907886505127,2.0003180503845215,0,0.34895557165145874,0.09963327646255493,0.04293551295995712,80.22693634033203,2.492390635647516e-15,0,0.6205642223358154,7699.335709335424,528,1,0.0672401562333107,0,0,6.487573146820068,0.4252347946166992
0.4596978425979614,0.566448450088501,0,5.2525107860565186,2.581431022366019,8.465285301208496,0.0,0,0,0.8010447025299072,2.240955352783203,2.1351559162139893,3.027397632598877,8.285943031311035,0,0.13231728971004486,0.0061121447943151,0.06743735074996948,1e-06,0.020313262939453125,0.9962425231933594,0.0007632126798853278,-0.000962446560151875,0.002602815628051758,2993.187029689,0.315971314907074,2.745539903640747,0,0.9870821833610535,6.30219716413194e-08,-6.310981552815065e-05,1,0.462496817111969,1969.2388851178407,0,0.0,1,0,1,0,5.073286056518555,0.6194977760314941,0.9478500485420227,11.498046875,1762703954.3385031,0.0004179198876954615,12.395522117614746,0.566448450088501,0,0.3253033757209778,0.0,529,1,0,0.30985915660858154,3.0004024505615234,0,0.33904197812080383,0.11434758454561234,0.008795320987701416,34.9820671081543,3.854182022090726e-16,0,0.5823845267295837,7876.955540471363,529,1,0.07795126736164093,0,0,5.4733076095581055,0.46496331691741943
0.43256691098213196,0.5630431175231934,0,3.9638724327087402,2.5506776665481095,6.819492816925049,0.0,0,0,0.847930371761322,2.95112681388855,1.1762120723724365,2.277458906173706,6.3394341468811035,0,0.13306717574596405,0.003118253778666258,0.06362105160951614,1e-06,0.022060394287109375,0.9964684247970581,0.0015197013271972537,-0.0026647797785699368,0.002460479736328125,2998.07374369,0.24154473841190338,2.609907627105713,0,0.9948921203613281,1.5775331974055007e-07,-6.223785749170929e-05,1,0.4261723458766937,1945.7787563753782,0,0.0,1,0,1,0,5.236774444580078,0.6902230978012085,0.6806561350822449,11.498046875,1762703958.8716128,0.000839102198369801,21.3323974609375,0.5630431175231934,0,0.2803500294685364,0.0,530,1,0,0.23842649161815643,1.0001575946807861,0,0.29421523213386536,0.09696833789348602,0.030951153486967087,47.9930534362793,2.2050856149716247e-14,0,0.5454766750335693,7783.115025501513,530,1,0.055760886520147324,0,0,5.368986129760742,0.4280710816383362
0.45732200145721436,0.3632833957672119,0,4.513144254684448,2.6330855535048143,8.032029151916504,-0.00013022343046031892,0,0,0.8135522603988647,2.501819610595703,2.27005934715271,2.988003969192505,8.453213691711426,0,0.14501552283763885,0.003758456790819764,0.07231685519218445,1e-06,0.022945404052734375,0.9949293732643127,0.001510885078459978,-0.0011211676755920053,0.0026006698608398438,3003.509050337,0.3079428970813751,2.719484329223633,0,0.983940601348877,1.8577587468371348e-07,-0.00013302266597747803,1,0.46011877059936523,2008.6434287332704,0,0.0,1,0,1,0,6.233327865600586,0.6201837062835693,0.5322064757347107,11.498046875,1762703963.7541041,0.0006343215354718268,13.891511917114258,0.3632833957672119,0,0.3098008334636688,0.0,531,1,0,0.3041844367980957,2.0002694129943848,0,0.323221355676651,0.09675382077693939,0.03338044881820679,20.837039947509766,1.7137058356983493e-15,0,0.5742971301078796,8034.573714933082,531,1,0.061198603361845016,0,0,4.646392822265625,0.4617006182670593
0.45153874158859253,0.2226850986480713,0,5.2095489501953125,2.644461846278245,7.698152542114258,0.0,0,0,0.8287521004676819,2.198230504989624,1.8790656328201294,2.863595485687256,7.59783411026001,0,0.1353973150253296,0.00425773486495018,0.06782286614179611,1e-06,0.015974044799804688,0.997521162033081,0.0020184661261737347,-0.00211249478161335,0.002732992172241211,3009.207674993,0.29037752747535706,2.9290993213653564,0,0.9917513728141785,1.4026021517565823e-06,-6.104625936131924e-05,1,0.45201021432876587,2017.321808245961,0,0.0,1,0,1,0,5.968428611755371,0.6427702307701111,0.6662788391113281,11.498046875,1762703969.1928818,0.000782377552241087,12.446178436279297,0.2226850986480713,0,0.30390655994415283,0.0,532,1,0,0.2861197888851166,3.0004100799560547,0,0.31431636214256287,0.10586292296648026,0.025375142693519592,46.36908721923828,1.037497728685968e-15,0,0.5907282829284668,8069.287232983844,532,1,0.06512150168418884,0,0,6.045475482940674,0.45400097966194153
0.44921278953552246,0.21454954147338867,0,5.477060556411743,2.6281147859119955,7.83629846572876,0.0,0,0,0.8201764822006226,2.4655919075012207,1.4698655605316162,2.6345529556274414,7.478382587432861,0,0.23560944199562073,0.002695417730137706,0.0677863359451294,1e-06,0.0327911376953125,0.9957425594329834,0.0013076900504529476,-0.0011651490349322557,0.002632617950439453,3013.668659453,0.2857142984867096,2.977837562561035,0,0.9803963899612427,2.4474622932757484e-06,-3.416541949263774e-05,1,0.45052072405815125,2004.8514897862865,0,0.0,1,0,1,0,4.929950714111328,0.6332525014877319,0.6987930536270142,11.498046875,1762703974.8913016,0.0005789392162114382,29.24492835998535,0.21454954147338867,0,0.30691978335380554,0.0,533,1,0,0.2830188572406769,3.000417709350586,0,0.33718687295913696,0.09849824011325836,0.022580234333872795,52.61186599731445,1.166169153744609e-16,0,0.5807607769966125,8019.405959145146,533,1,0.05185374617576599,0,0,5.384289741516113,0.4518093168735504
0.4729369580745697,0.21984624862670898,0,4.234217405319214,2.7839487108672034,9.432881355285645,-2.8657155780820176e-05,0,0,0.8428708910942078,2.222414255142212,3.59234881401062,3.861281394958496,9.868548393249512,0,0.11426244676113129,0.0026888293214142323,0.06619337946176529,1e-06,0.01894378662109375,0.997378408908844,0.0007683063158765435,-0.0013652710476890206,0.0028505325317382812,3019.524695152,0.3705695569515228,2.9957094192504883,0,0.9681755900382996,7.360159202107752e-07,-7.507621921831742e-05,1,0.48228761553764343,2123.729051101508,0,0.0,1,0,1,0,4.546110153198242,0.573564350605011,0.45889902114868164,11.498046875,1762703979.3524942,0.00043207750422880054,12.448135375976562,0.21984624862670898,0,0.2907748818397522,0.0,534,1,0,0.3678807318210602,2.0003368854522705,0,0.2766992449760437,0.0870123952627182,0.017689397558569908,53.0587272644043,4.467451345957377e-16,0,0.4929117262363434,8494.916204406032,534,1,0.05179048702120781,0,0,5.490809440612793,0.48301634192466736
0.444672167301178,0.21430230140686035,0,5.6374030113220215,2.6814914123816918,6.684525966644287,-7.603640551678836e-05,0,0,0.8148942589759827,2.6260759830474854,1.676108479499817,2.2947728633880615,6.767552852630615,0,0.09755335003137589,0.003685180563479662,0.06598231196403503,1e-06,0.018161773681640625,0.9961146712303162,0.0011812035227194428,-0.0010934933088719845,0.0025136470794677734,3024.715266489,0.2700710892677307,2.1852993965148926,0,0.9948641657829285,7.121668943455006e-08,-7.747594645479694e-05,1,0.4421265721321106,2045.5697299754806,0,0.0,1,0,1,0,4.185588836669922,0.6541235446929932,0.450624942779541,11.498046875,1762703985.2105434,0.0005136166582815349,10.547147750854492,0.21430230140686035,0,0.3066430687904358,0.0,535,1,0,0.26638591289520264,3.000441789627075,0,0.3110681474208832,0.08353356271982193,0.028533129021525383,17.974992752075195,9.609943693404937e-15,0,0.5584344863891602,8182.278919901923,535,1,0.060601700097322464,0,0,4.459028244018555,0.4440546929836273
0.4412185549736023,0.38122105598449707,0,4.800584554672241,2.665305419065171,6.8224778175354,-5.404080729931593e-05,0,0,0.8180767297744751,2.788503646850586,1.151430606842041,2.189605951309204,6.197336673736572,0,0.2405269891023636,0.0036527717020362616,0.05937648564577103,1e-06,0.024219512939453125,0.9958500862121582,0.0026356170419603586,-0.0031133212614804506,0.002918243408203125,3029.449503994,0.25934678316116333,2.9966514110565186,0,0.9927859902381897,2.9176863591828806e-08,-0.00012154448631918058,1,0.4362974762916565,2033.2222811546571,0,0.0,1,0,1,0,5.618589401245117,0.6750630736351013,0.5364797115325928,11.498046875,1762703990.398342,0.0010236242087557912,30.282184600830078,0.38122105598449707,0,0.31341758370399475,0.0,536,1,0,0.25569403171539307,2.000307083129883,0,0.27213212847709656,0.09097461402416229,0.017847880721092224,166.23692321777344,2.8035424713489894e-15,0,0.534518837928772,8132.889124618629,536,1,0.060334160923957825,0,0,10.648197174072266,0.4383232891559601
0.4427143335342407,0.4503350257873535,0,4.277666807174683,2.690301951024727,7.319593906402588,-3.240180603825138e-06,0,0,0.8116995692253113,2.255251169204712,1.5056818723678589,2.270500659942627,7.252499580383301,0,0.20065006613731384,0.003365115262567997,0.0740189254283905,1e-06,0.016040802001953125,0.996082067489624,0.0030546695925295353,-0.0016823704354465008,0.013612747192382812,3033.994980342,0.257431298494339,2.31803297996521,0,0.9959830045700073,1.250949026143644e-06,-3.7690439057769254e-05,1,0.4353960454463959,2052.29082968505,0,0.0,1,0,1,0,4.701131820678711,0.6618272066116333,0.5030074715614319,11.498046875,1762703995.1325002,0.0008971827919594944,12.262967109680176,0.4503350257873535,0,0.31122827529907227,0.0,537,1,0,0.25406619906425476,2.0002849102020264,0,0.30950847268104553,0.09304829686880112,0.030288318172097206,24.645156860351562,2.6023929251530804e-17,0,0.5617657899856567,8209.1633187402,537,1,0.05792004242539406,0,0,5.422572135925293,0.4372802972793579
0.44767633080482483,0.6165814399719238,0,3.9251978397369385,2.712847358330004,6.991727828979492,0.0,0,0,0.8417317867279053,1.9132492542266846,1.4259203672409058,2.318148374557495,6.400296688079834,0,0.14607016742229462,0.003526771441102028,0.05375892296433449,1e-06,0.00978851318359375,0.998538613319397,0.0025274232029914856,-0.0033546637278050184,0.0027747154235839844,3038.367301285,0.27605003118515015,2.3070900440216064,0,0.9988596439361572,1.7293703535870009e-07,-7.217332313302904e-05,1,0.445328950881958,2069.4895432519456,0,0.0,1,0,1,0,4.047100067138672,0.6852681040763855,0.47240301966667175,11.498046875,1762703999.6807055,0.0010585515992715955,11.247427940368652,0.6165814399719238,0,0.2922237515449524,0.0,538,1,0,0.27252325415611267,2.0002822875976562,0,0.21133065223693848,0.07971826940774918,0.021656999364495277,41.222923278808594,7.680677925267498e-15,0,0.4612731635570526,8277.958173007783,538,1,0.05929131805896759,0,0,5.1554131507873535,0.4471134841442108
0.4283570647239685,1.027017593383789,0,3.3372385501861572,2.7224071859688808,6.587558746337891,-0.0001045844765030779,0,0,0.8150354623794556,2.3260982036590576,1.3287606239318848,1.9259129762649536,5.9958577156066895,0,0.11797978729009628,0.0030226700473576784,0.06912466883659363,1e-06,0.0191497802734375,0.994918704032898,0.0019791743252426386,-0.002279007574543357,0.0024077892303466797,3043.966444601,0.22921913862228394,2.0816359519958496,0,0.9956409335136414,2.2821834022579424e-07,-0.00016244378639385104,1,0.4184205234050751,2076.782236397101,0,0.0,1,0,1,0,5.770452499389648,0.6912319660186768,0.5812098979949951,11.498046875,1762704004.051063,0.0007943533710204065,13.858778953552246,1.027017593383789,0,0.3059525191783905,0.0,539,1,0,0.22619646787643433,1.000135898590088,0,0.303073525428772,0.09395784139633179,0.04048093780875206,39.066349029541016,1.0956441317650319e-16,0,0.5753034353256226,8307.128945588403,539,1,0.0549025721848011,0,0,5.069580554962158,0.42038342356681824
0.43575015664100647,1.318530559539795,0,4.275201320648193,2.674663609834934,7.536582946777344,0.0,0,0,0.8328298330307007,2.2635843753814697,1.3256738185882568,2.143306255340576,6.626076698303223,0,0.10982967913150787,0.002804691670462489,0.06621693819761276,1e-06,0.015529632568359375,0.9972417950630188,0.0010730329668149352,-0.0007877495372667909,0.0026428699493408203,3051.173887237,0.238653764128685,2.3777434825897217,0,0.9973781108856201,5.556540259021858e-07,1.5342649930971675e-05,1,0.42458242177963257,2040.3611560649297,0,0.0,1,0,1,0,5.047723770141602,0.6809862852096558,0.4480440020561218,11.498046875,1762704009.6509063,0.00046400201972573996,15.510210037231445,1.318530559539795,0,0.2939019203186035,0.0,540,1,0,0.235849067568779,2.000298261642456,0,0.28508538007736206,0.08083263784646988,0.029630592092871666,137.89845275878906,7.717591409350604e-16,0,0.5343481302261353,8161.444624259719,540,1,0.05289176478981972,0,0,9.31181526184082,0.4263150095939636
0.4343843460083008,0.6075091361999512,0,6.593512773513794,2.575811812816578,5.874603748321533,-1.9809969671769068e-05,0,0,0.8176426291465759,2.580759048461914,0.8716254234313965,1.9079900979995728,5.289999961853027,0,0.11225594580173492,0.0024734109174460173,0.06631678342819214,1e-06,0.015308380126953125,0.9962479472160339,0.001858432311564684,-0.002393673872575164,0.0026259422302246094,3056.447294835,0.2322532832622528,2.2740228176116943,0,0.9974647760391235,9.861881977712983e-08,-0.00012294370390009135,1,0.4207432270050049,1964.9522836737146,0,0.0,1,0,1,0,6.237110137939453,0.6867226958274841,0.49509260058403015,11.498046875,1762704016.858014,0.0009171406854875386,10.685381889343262,0.6075091361999512,0,0.31050121784210205,0.0,541,1,0,0.22977986931800842,4.0005271434783936,0,0.3044678866863251,0.09465181827545166,0.019998474046587944,18.800474166870117,1.193951569716754e-16,0,0.6080365777015686,7859.809134694859,541,1,0.04967799410223961,0,0,4.808139324188232,0.42232194542884827
0.41677942872047424,0.41092753410339355,0,4.8479626178741455,2.595944854766913,4.955432891845703,0.0,0,0,0.8229570984840393,2.8358962535858154,0.5565997362136841,1.4453094005584717,3.86085844039917,0,0.11978272348642349,0.0036609405651688576,0.07483487576246262,1e-06,0.016735076904296875,0.9971989393234253,0.0021937889978289604,-0.0010962921660393476,0.002632617950439453,3060.049439735,0.1951562911272049,1.9294804334640503,0,0.998214602470398,5.0912198901187367e-08,-3.8797421439085156e-05,1,0.393533319234848,1980.310729721973,0,0.0,1,0,1,0,5.410846710205078,0.7214645147323608,0.8191112279891968,11.498046875,1762704022.1228697,0.0005918737733736634,12.547606468200684,0.41092753410339355,0,0.3047671914100647,0.0,542,1,0,0.1914953589439392,2.000271797180176,0,0.3089161813259125,0.11940998584032059,0.021607084199786186,43.72856140136719,6.448412064261337e-16,0,0.6025333404541016,7921.242918887892,542,1,0.060403354465961456,0,0,5.371230602264404,0.3963767886161804
0.41361767053604126,0.23401188850402832,0,3.367947578430176,2.635174097215074,5.529896259307861,0.0,0,0,0.8185246586799622,2.3567495346069336,0.8173821568489075,1.307173252105713,4.894137859344482,0,0.2716507911682129,0.002610966097563505,0.0679168850183487,1e-06,0.020542144775390625,0.9954617023468018,0.004378628451377153,-0.003102032234892249,0.0024445056915283203,3066.340893711,0.18466651439666748,1.4482847452163696,0,0.9967304468154907,7.838843174567955e-08,3.8160938856890425e-05,1,0.38593611121177673,2010.2366696341028,0,0.0,1,0,1,0,5.762253761291504,0.7120441198348999,0.42882201075553894,11.498046875,1762704025.7316453,0.0013648181920871139,10.060188293457031,0.23401188850402832,0,0.3036324977874756,0.0,543,1,0,0.1820555478334427,1.0001544952392578,0,0.3259991407394409,0.08113527297973633,0.04222346842288971,19.98836898803711,2.6719425622241146e-14,0,0.599975049495697,8040.946678536411,543,1,0.05103691667318344,0,0,4.640991687774658,0.3880728483200073
0.38907212018966675,0.7497959136962891,0,5.536785840988159,2.6335416756702674,5.303915500640869,0.0,0,0,0.838273823261261,2.5243117809295654,0.5947876572608948,1.4525184631347656,4.753953456878662,0,0.19186672568321228,0.002654028357937932,0.07746130973100662,1e-06,0.022558212280273438,0.9963166117668152,0.0025177281349897385,-0.001692267949692905,0.002863645553588867,3071.227059622,0.14502370357513428,1.9509828090667725,0,0.9961726665496826,5.050894174019049e-07,-3.30298971675802e-05,1,0.34946200251579285,2008.9913805076126,0,0.0,1,0,1,0,5.523882865905762,0.7530150413513184,0.49361467361450195,11.498046875,1762704032.0246491,0.0007172504556365311,10.183382034301758,0.7497959136962891,0,0.29266563057899475,0.0,544,1,0,0.14236967265605927,3.0003981590270996,0,0.29455921053886414,0.08850919455289841,0.0508878268301487,18.99846649169922,4.3513749461293605e-14,0,0.5289847254753113,8035.96552203045,544,1,0.051453735679388046,0,0,4.488603591918945,0.3521580994129181
0.4061243534088135,0.3950510025024414,0,4.4844911098480225,2.662679451913071,7.947627067565918,7.904589438112453e-06,0,0,0.8351065516471863,2.471165180206299,0.936522364616394,2.1880812644958496,5.343999862670898,0,0.2934204041957855,0.00358422938734293,0.06210622191429138,1e-06,0.027374267578125,0.9950900077819824,0.001069269492290914,-0.002243997296318412,0.0026509761810302734,3076.87428643,0.17988350987434387,7.787234306335449,0,0.9945777654647827,4.2322694753238466e-06,-2.4312443201779388e-05,1,0.3811173141002655,2031.219067982524,0,0.0,1,0,1,0,4.933387756347656,0.7278127670288086,0.40652894973754883,11.498046875,1762704036.9103127,0.0006289825541898608,124.57347106933594,0.3950510025024414,0,0.28775644302368164,0.0,545,1,0,0.1762992888689041,2.000307321548462,0,0.2910250425338745,0.07646201550960541,0.04234195128083229,373.7204284667969,2.329243365566981e-14,0,0.5146405696868896,8124.876271930096,545,1,0.059767741709947586,0,0,23.37880516052246,0.3841334283351898
0.40491947531700134,0.3794138431549072,0,5.255980491638184,2.6010495462285457,5.280458927154541,-8.794240784482099e-06,0,0,0.8198827505111694,2.242964267730713,0.7309552431106567,1.1594467163085938,4.115339756011963,0,0.1482769250869751,0.003921568859368563,0.0800531879067421,1e-06,0.02289581298828125,0.9957774877548218,0.0009495430858805776,-0.0015793528873473406,0.0032453536987304688,3081.088632527,0.16209150850772858,1.3535836935043335,0,0.9960295557975769,9.193809802354735e-08,-6.354776269290596e-05,1,0.3649400472640991,1984.2048321929205,0,0.0,1,0,1,0,6.300148010253906,0.7234058380126953,0.49847838282585144,11.498046875,1762704042.5527575,0.0005693137063644826,8.581953048706055,0.3794138431549072,0,0.3068119287490845,0.0,546,1,0,0.1581699401140213,3.0004589557647705,0,0.3718760907649994,0.09248615801334381,0.05536913126707077,45.345245361328125,5.752495512269598e-15,0,0.6697142720222473,7936.819328771682,546,1,0.06250632554292679,0,0,4.955235958099365,0.3685748875141144
0.4211209714412689,0.33246684074401855,0,3.877566337585449,2.6598289854886072,6.0541839599609375,0.0,0,0,0.8181657195091248,2.8658928871154785,0.8321478962898254,1.5551832914352417,5.485687732696533,0,0.33128806948661804,0.0025582718662917614,0.06760496646165848,1e-06,0.01506805419921875,0.996916651725769,0.0014631557278335094,-0.0022781111765652895,0.0028214454650878906,3087.329733309,0.20807278156280518,1.7354298830032349,0,0.9982438087463379,6.830708798588603e-08,-0.00015947877545841038,1,0.40413451194763184,2029.0445960422928,0,0.0,1,0,1,0,6.293195724487305,0.7143528461456299,0.5710280537605286,11.498046875,1762704046.7710707,0.0008705173968337476,8.132590293884277,0.33246684074401855,0,0.3049687147140503,0.0,547,1,0,0.20551450550556183,1.0001640319824219,0,0.29362112283706665,0.08978534489870071,0.0427476167678833,58.736961364746094,2.2478511649840155e-15,0,0.585563600063324,8116.178384169171,547,1,0.05052179843187332,0,0,5.655821800231934,0.40598687529563904
0.4035596549510956,0.4386014938354492,0,5.795568943023682,2.5583177235136545,5.504476547241211,-0.00019775115652009845,0,0,0.8329307436943054,2.7832138538360596,0.7579593062400818,1.350965976715088,4.63539457321167,0,0.1403781920671463,0.0030183421913534403,0.07523971050977707,1e-06,0.01728057861328125,0.9965608716011047,0.0017770895501598716,-0.002949776127934456,0.002964019775390625,3092.264712513,0.17367076873779297,1.5148018598556519,0,0.9976664781570435,1.8870699136641633e-07,-0.00011976044334005564,1,0.37624865770339966,1951.606956753662,0,0.0,1,0,1,0,6.8041791915893555,0.7405948042869568,0.7725437879562378,11.498046875,1762704053.0128386,0.0010669493349269032,6.114704132080078,0.4386014938354492,0,0.2927841246128082,0.0,548,1,0,0.17065243422985077,3.0002996921539307,0,0.2754972577095032,0.0942491665482521,0.050844043493270874,61.05457305908203,3.721978305529401e-14,0,0.5811542868614197,7806.427827014648,548,1,0.05486283451318741,0,0,5.823051929473877,0.3788700997829437
0.4124116897583008,0.6498777866363525,0,4.280857563018799,2.6059624255271316,5.281655788421631,-7.679389818804339e-05,0,0,0.8507773876190186,2.2695958614349365,0.6328268051147461,1.5335512161254883,4.2913899421691895,0,0.16809077560901642,0.0026788106188178062,0.04862256720662117,1e-06,0.012233734130859375,0.9976087212562561,0.0013302273582667112,-0.0021021137945353985,0.0027043819427490234,3096.947030663,0.1993035078048706,2.399611711502075,0,0.9984437823295593,8.88453968173053e-08,-0.00019112942391075194,1,0.39749935269355774,1987.9526111840473,0,0.0,1,0,1,0,6.479036331176758,0.7306897640228271,0.4368193447589874,11.498046875,1762704057.9505877,0.0008301035268232226,12.345621109008789,0.6498777866363525,0,0.27679845690727234,0.0,549,1,0,0.19662469625473022,2.000318765640259,0,0.2599804699420929,0.0727536678314209,0.009990837424993515,21.17359733581543,1.465922017088628e-15,0,0.5318860411643982,7951.810444736189,549,1,0.051694780588150024,0,0,5.182119846343994,0.39953017234802246
0.4366905689239502,0.3918421268463135,0,4.283879041671753,2.730826387653932,6.728083610534668,-0.00011084178549936041,0,0,0.8468309044837952,2.2726423740386963,1.1921181678771973,1.9156032800674438,6.789126396179199,0,0.15028125047683716,0.002194185508415103,0.060515694320201874,1e-06,0.014743804931640625,0.9984771609306335,0.0008903179550543427,-0.002395354676991701,0.0028069019317626953,3103.126573091,0.24904005229473114,1.815920352935791,0,0.9981611371040344,4.991937530007817e-08,-0.00019874873396474868,1,0.4312354028224945,2083.2048055830314,0,0.0,1,0,1,0,5.181558609008789,0.6922663450241089,0.6973985433578491,11.498046875,1762704062.6328576,0.0006779574905522168,8.153745651245117,0.3918421268463135,0,0.2834462523460388,0.0,550,1,0,0.24684587121009827,2.0003488063812256,0,0.2916693091392517,0.089875727891922,0.021345173940062523,22.548974990844727,3.4350112509994642e-15,0,0.5915926694869995,8332.819222332126,550,1,0.04679713025689125,0,0,4.41179895401001,0.4325163662433624
0.44248566031455994,0.6124100685119629,0,5.558238983154297,2.681391127369411,6.343515396118164,0.0,0,0,0.8017832040786743,2.546083688735962,1.1081362962722778,2.1649909019470215,6.8277716636657715,0,0.21043306589126587,0.0037296037189662457,0.0688071995973587,1e-06,0.0191497802734375,0.9943162202835083,0.0013058455660939217,-0.004117034375667572,0.002806425094604492,3107.840143979,0.25710955262184143,2.516207456588745,0,0.994627058506012,1.45646467331062e-07,-6.801197014283389e-05,1,0.4349973201751709,2045.4932277780301,0,0.0,1,0,1,0,6.541864395141602,0.6645715236663818,0.9867674112319946,11.498046875,1762704068.810024,0.0009745736606419086,13.265697479248047,0.6124100685119629,0,0.3193947970867157,0.0,551,1,0,0.2533799409866333,3.00040340423584,0,0.32478266954421997,0.10241463780403137,0.03457002714276314,20.224393844604492,5.612533905647666e-15,0,0.6510348916053772,8181.9729111121205,551,1,0.060963597148656845,0,0,4.700516223907471,0.43709123134613037
0.42172515392303467,0.42708659172058105,0,4.278806209564209,2.6298325658465522,7.398195743560791,-8.333747246069834e-05,0,0,0.8378763794898987,2.2673726081848145,1.3939052820205688,2.1465494632720947,6.695645332336426,0,0.18460586667060852,0.004154447466135025,0.06204863265156746,1e-06,0.013372421264648438,0.9966849684715271,0.001440283376723528,-0.002134516602382064,0.002844572067260742,3113.134030562,0.21383187174797058,4.177367210388184,0,0.998247504234314,1.1935892985093233e-07,-0.00015558363520540297,1,0.40712812542915344,2006.1618943695953,0,0.0,1,0,1,0,6.58683967590332,0.7204182744026184,0.5384398102760315,11.498046875,1762704073.5231574,0.0008873982005752623,62.065895080566406,0.42708659172058105,0,0.29045483469963074,0.0,552,1,0,0.20967741310596466,2.0003230571746826,0,0.26381629705429077,0.08811929076910019,0.021493535488843918,209.14915466308594,1.4432563895079922e-14,0,0.5515496730804443,8024.647577478381,552,1,0.06432884186506271,0,0,13.33680534362793,0.4100596308708191
0.45081013441085815,0.3871188163757324,0,4.900959730148315,2.662977846240633,6.988687992095947,-0.00011236564023420215,0,0,0.8256000876426697,2.888803005218506,1.561974287033081,2.239332914352417,6.795306205749512,0,0.26063501834869385,0.0033879163675010204,0.0637504905462265,1e-06,0.0124053955078125,0.9977191686630249,0.0011203172616660595,-0.003424021415412426,0.00325775146484375,3118.281516494,0.28035008907318115,2.5764002799987793,0,0.9982375502586365,1.1804855830632732e-06,-0.00023247444187290967,1,0.4475608170032501,2031.446697428301,0,0.0,1,0,1,0,6.083185195922852,0.654784619808197,0.7934982180595398,11.498046875,1762704078.8185682,0.0009757598163560033,23.734804153442383,0.3871188163757324,0,0.30444538593292236,0.0,553,1,0,0.27696216106414795,2.000412702560425,0,0.3303091526031494,0.09401828050613403,0.02861037477850914,165.8528289794922,6.255115969324354e-17,0,0.6701596975326538,8125.786789713204,553,1,0.05811532959342003,0,0,10.912991523742676,0.44923365116119385
0.4236798584461212,0.4622182846069336,0,4.677502393722534,2.648243490517897,6.4352126121521,-3.237315104342997e-05,0,0,0.8334411382675171,2.5806236267089844,1.2135993242263794,1.8413231372833252,6.961814880371094,0,0.1784379929304123,0.0017102371202781796,0.06756804883480072,1e-06,0.01570892333984375,0.9952065348625183,0.002797498134896159,-0.0017431791638955474,0.08779501914978027,3124.138663634,0.21964330971240997,1.9650877714157104,0,0.9979774355888367,8.736626710970086e-08,4.805666321772151e-06,1,0.41289210319519043,2020.206627101039,0,0.0,1,0,1,0,6.668586730957031,0.7143449187278748,0.6507266163825989,11.498046875,1762704083.9649987,0.0008008165750652552,9.80666732788086,0.4622182846069336,0,0.2930668294429779,0.0,554,1,0,0.2179330736398697,2.0003178119659424,0,0.278852254152298,0.09789962321519852,0.030362674966454506,20.722482681274414,6.14429494306593e-17,0,0.5528846979141235,8080.826508404156,554,1,0.0413246788084507,0,0,4.429512023925781,0.41405555605888367
0.42360949516296387,0.5836708545684814,0,5.266054153442383,2.6478862078691794,8.26380443572998,-0.00024217405007220805,0,0,0.8085207939147949,2.253296375274658,1.446275234222412,2.308145046234131,7.945969104766846,0,0.18432998657226562,0.0036805300042033195,0.08809435367584229,1e-06,0.0152435302734375,0.9957934617996216,0.0010736272670328617,-0.007241381797939539,0.002947092056274414,3129.000784986,0.21420684456825256,2.286900043487549,0,0.997629702091217,1.538571012815737e-07,-0.0003588937397580594,1,0.4077199697494507,2019.9340748311015,0,0.0,1,0,1,0,6.525867462158203,0.7093011140823364,0.6028159260749817,11.498046875,1762704089.8216732,0.0014777218457311392,15.374587059020996,0.5836708545684814,0,0.3145143389701843,0.0,555,1,0,0.21052631735801697,3.0005223751068115,0,0.32089361548423767,0.10051709413528442,0.06681342422962189,67.1315689086914,4.685493508448395e-16,0,0.6640928983688354,8079.736299324406,555,1,0.060561198741197586,0,0,6.014253616333008,0.41030871868133545
0.4284938871860504,0.5797743797302246,0,4.2766196727752686,2.6287028735522515,6.202127456665039,-3.866822589770891e-05,0,0,0.8338108658790588,2.2653982639312744,1.060244083404541,1.8691208362579346,5.629145622253418,0,0.08980730921030045,0.0028299461118876934,0.07493913173675537,1e-06,0.016500473022460938,0.995884120464325,0.0017618602141737938,-0.0021838375832885504,0.002748250961303711,3135.122808465,0.2248520702123642,2.2237393856048584,0,0.9976724982261658,5.205159595789155e-06,-0.00011212964454898611,1,0.4156593978404999,2005.3001111280987,0,0.0,1,0,1,0,6.308772087097168,0.6988405585289001,0.5956335067749023,11.498046875,1762704094.684486,0.0007096950430423021,11.336882591247559,0.5797743797302246,0,0.2901402711868286,0.0,556,1,0,0.2220221310853958,2.0003366470336914,0,0.3033585846424103,0.10281426459550858,0.03551006317138672,64.873046875,4.0279904035404505e-17,0,0.5757764577865601,8021.200444512395,556,1,0.053128745406866074,0,0,6.010639667510986,0.417538583278656
0.4436752200126648,0.574467658996582,0,5.539347410202026,2.6175200653924193,6.520317077636719,0.0,0,0,0.836425244808197,2.5276379585266113,1.4293625354766846,2.1367712020874023,7.12956428527832,0,0.16132259368896484,0.003465203568339348,0.05996846407651901,1e-06,0.01316070556640625,0.9983824491500854,0.0015947157517075539,-0.00302506098523736,0.002985239028930664,3139.295916935,0.26537683606147766,2.329890489578247,0,0.9985936880111694,1.4703803685733874e-07,-0.0001173164346255362,1,0.43973827362060547,1996.7693309203942,0,0.0,1,0,1,0,5.469015121459961,0.6879705190658569,0.658350944519043,11.498046875,1762704100.8055108,0.0008211061940528452,9.702549934387207,0.574467658996582,0,0.2967416048049927,0.0,557,1,0,0.26191163063049316,3.000396490097046,0,0.2724091410636902,0.10076397657394409,0.012610726989805698,27.277042388916016,1.5933563240580245e-16,0,0.555396318435669,7987.077323681577,557,1,0.05877238139510155,0,0,5.624719142913818,0.4415974020957947
0.45301762223243713,0.8156912326812744,0,3.3500068187713623,2.647340094407076,7.488491058349609,-5.79938932787627e-05,0,0,0.8238442540168762,2.338639259338379,1.7738313674926758,2.640005111694336,7.800440788269043,0,0.20206475257873535,0.0038522547110915184,0.06744421273469925,1e-06,0.013011932373046875,0.9980093836784363,0.002301344880834222,-0.006324536632746458,0.0026197433471679688,3146.225678942,0.2884659171104431,2.5187673568725586,0,0.9981402158737183,2.026587679893055e-07,-0.000319421524181962,1,0.45128133893013,2019.517473397268,0,0.0,1,0,1,0,6.355964660644531,0.660677433013916,0.46278107166290283,11.498046875,1762704104.9794207,0.0015910158399492502,13.176712989807129,0.8156912326812744,0,0.3095465302467346,0.0,558,1,0,0.28461363911628723,1.000199317932129,0,0.27766314148902893,0.0960763543844223,0.021693075075745583,30.941436767578125,1.3794926809749305e-16,0,0.5696303248405457,8078.069893589072,558,1,0.061953891068696976,0,0,5.176094055175781,0.4531002342700958
0.4187532067298889,1.0163297653198242,0,5.90790867805481,2.5440579392077405,7.4044060707092285,-0.00016913400031626225,0,0,0.8153164982795715,2.895930767059326,1.1100882291793823,2.0880162715911865,6.959697723388672,0,0.15522855520248413,0.0030702545773237944,0.06467040628194809,1e-06,0.025699615478515625,0.9916250705718994,0.001995465951040387,-0.0019341141451150179,0.0027799606323242188,3151.413850299,0.2039010226726532,2.374260663986206,0,0.994968831539154,1.6707578254226974e-07,-0.00010495759488549083,1,0.40065792202949524,1940.7289121709089,0,0.0,1,0,1,0,6.325624465942383,0.7125219106674194,0.733607828617096,11.498046875,1762704111.9100204,0.000826661242172122,11.72879409790039,1.0163297653198242,0,0.30101969838142395,0.0,559,1,0,0.20083077251911163,3.000431776046753,0,0.28906598687171936,0.07978647947311401,0.04422198608517647,18.774150848388672,2.684571499212876e-17,0,0.5443134903907776,7762.9156486836355,559,1,0.05532974377274513,0,0,5.050742149353027,0.40293264389038086
0.45074722170829773,0.5511600971221924,0,4.590548038482666,2.5928218546016457,7.354385852813721,-0.00021097860008012503,0,0,0.81360924243927,2.579425811767578,1.811641812324524,2.5058822631835938,7.733989238739014,0,0.09510014206171036,0.0029910269659012556,0.07612670212984085,1e-06,0.013929367065429688,0.9979573488235474,0.0020622508600354195,-0.0011253382544964552,0.002615213394165039,3156.288026494,0.27766701579093933,2.374462842941284,0,0.9983468055725098,1.5558464383502724e-07,-5.8976718719350174e-05,1,0.4464064836502075,1977.928356026767,0,0.0,1,0,1,0,6.528674125671387,0.6646720170974731,0.6207427978515625,11.498046875,1762704117.05806,0.0007081681396812201,11.346857070922852,0.5511600971221924,0,0.31439149379730225,0.0,560,1,0,0.27467596530914307,2.0002713203430176,0,0.29509201645851135,0.10021930932998657,0.03485548496246338,24.10770034790039,3.7987026345949904e-15,0,0.6125697493553162,7911.713424107068,560,1,0.05461523309350014,0,0,5.330568313598633,0.4479040503501892
0.44022226333618164,0.583409309387207,0,4.283150911331177,2.582258238702921,5.241548538208008,-5.7407811254961416e-05,0,0,0.8088933825492859,2.2719507217407227,0.8686570525169373,1.7970867156982422,4.548155307769775,0,0.11385798454284668,0.0010126582346856594,0.05329114943742752,1e-06,0.0208740234375,0.9950417876243591,0.00135647167917341,-0.0016940963687375188,0.0027239322662353516,3162.353362935,0.2526582181453705,2.4256978034973145,0,0.9970096945762634,1.3487443766280194e-06,-7.03267432982102e-05,1,0.4340135455131531,1969.8699252513627,0,0.0,1,0,1,0,6.061637878417969,0.6775082945823669,0.5192335247993469,11.498046875,1762704121.9712636,0.0005128190969116986,11.829560279846191,0.583409309387207,0,0.3132084012031555,0.0,561,1,0,0.251645565032959,2.000309944152832,0,0.3325393795967102,0.0757034569978714,0.01476481556892395,28.291515350341797,7.846605115129275e-16,0,0.619741678237915,7879.479701005451,561,1,0.031810201704502106,0,0,5.141157150268555,0.4345915913581848
0.4194025993347168,0.7922365665435791,0,5.26574182510376,2.532232498718997,7.33895206451416,0.0,0,0,0.8136042356491089,2.2534666061401367,1.413102149963379,2.0174319744110107,6.989503860473633,0,0.07845982909202576,0.004034171812236309,0.05456031113862991,1e-06,0.016931533813476562,0.9939576387405396,0.0012639585183933377,-0.001405063085258007,0.003068208694458008,3166.553153738,0.2112007588148117,2.077284574508667,0,0.9976198077201843,1.1554358252396923e-06,-0.00016148916620295495,1,0.4053240418434143,1931.7079013275757,0,0.0,1,0,1,0,6.508210182189941,0.7185021638870239,0.5692228078842163,11.498046875,1762704128.0366793,0.0006178601179271936,9.967907905578613,0.7922365665435791,0,0.3075098991394043,0.0,562,1,0,0.20716658234596252,3.000433921813965,0,0.30590012669563293,0.0873977541923523,0.011972912587225437,40.83027648925781,1.1412917696139706e-14,0,0.6094906330108643,7726.831605310303,562,1,0.06339441239833832,0,0,5.726336479187012,0.4082089364528656
0.4453902244567871,0.8440604209899902,0,3.3480541706085205,2.581493361982342,7.369634628295898,0.0,0,0,0.8241872191429138,2.337191343307495,1.550868272781372,2.3042848110198975,7.873365879058838,0,0.09446385502815247,0.005140692461282015,0.055483147501945496,1e-06,0.019670486450195312,0.9960451722145081,0.0014911533799022436,-0.001800653408281505,0.0026836395263671875,3172.249880132,0.2708333432674408,2.2833547592163086,0,0.9971883296966553,3.193421775904426e-07,-7.5525589636527e-05,1,0.4417610764503479,1969.286440754804,0,0.0,1,0,1,0,5.453893661499023,0.6729808449745178,0.4538773000240326,11.498046875,1762704132.2363222,0.0006706324056722224,10.249003410339355,0.8440604209899902,0,0.30413421988487244,0.0,563,1,0,0.26569265127182007,1.0002002716064453,0,0.2989043593406677,0.08396970480680466,0.016616512089967728,37.579673767089844,1.5303480842106189e-15,0,0.607176661491394,7877.145763019216,563,1,0.0715237632393837,0,0,5.689723014831543,0.444450318813324
0.45323848724365234,1.0484919548034668,0,4.641924858093262,2.5734516308876603,8.568413734436035,0.0,0,0,0.8139315247535706,2.630932331085205,2.1247830390930176,2.8922743797302246,8.343231201171875,0,0.12877359986305237,0.0028205127455294132,0.06993113458156586,1e-06,0.022542953491210938,0.9954746961593628,0.001924128970131278,-0.0009110417449846864,0.0026564598083496094,3178.410001725,0.2958974242210388,2.8090288639068604,0,0.993928074836731,7.099931735865539e-07,5.846013664267957e-07,1,0.45523178577423096,1963.1518241649742,0,0.0,1,0,1,0,5.392923355102539,0.6368667483329773,0.5203712582588196,11.498046875,1762704137.9332826,0.0005195621633902192,12.682044982910156,1.0484919548034668,0,0.305775910615921,0.0,564,1,0,0.29307690262794495,2.0003108978271484,0,0.3158482313156128,0.09040582925081253,0.031613539904356,33.517311096191406,4.038839704454696e-16,0,0.5824021100997925,7852.607296659897,564,1,0.05304035171866417,0,0,6.072139263153076,0.45650365948677063
0.44593021273612976,0.38958239555358887,0,5.763735055923462,2.504424471713404,6.556728839874268,0.0,0,0,0.8241041898727417,2.7525217533111572,1.4851270914077759,2.2597837448120117,6.111849308013916,0,0.1875462681055069,0.002370292553678155,0.06226145103573799,1e-06,0.019062042236328125,0.9968345761299133,0.001063492032699287,-0.0030967763159424067,0.0028269290924072266,3182.660048245,0.2588886022567749,2.557516574859619,0,0.9958202242851257,1.5058591316119418e-06,-0.00012918350694235414,1,0.43676868081092834,1910.4946100858717,0,0.0,1,0,1,0,6.5509490966796875,0.6701067090034485,0.38843831419944763,11.498046875,1762704144.0929542,0.0009097272995859385,12.242250442504883,0.38958239555358887,0,0.30339160561561584,0.0,565,1,0,0.25651830434799194,3.000396251678467,0,0.3211157023906708,0.07948224991559982,0.029602661728858948,20.36248779296875,8.916304177733654e-15,0,0.6590383648872375,7641.978440343487,565,1,0.04863431677222252,0,0,5.208487510681152,0.4380819797515869
0.4336286187171936,0.8602724075317383,0,3.3831026554107666,2.6209741300969385,7.865550518035889,-9.601360943634063e-05,0,0,0.8105025291442871,2.371394157409668,1.8908686637878418,2.663717269897461,7.169329643249512,0,0.11696629971265793,0.0033550423104315996,0.08181886374950409,1e-06,0.042816162109375,0.9932348728179932,0.0010179495438933372,-0.0014599055284634233,0.0026001930236816406,3188.611442482,0.23840536177158356,2.585609197616577,0,0.9856537580490112,1.6767276633800066e-07,-8.603341848356649e-05,1,0.42407211661338806,1999.404256459337,0,0.0,1,0,1,0,6.098633766174316,0.6696571111679077,0.46099647879600525,11.498046875,1762704148.3426347,0.0005389937432482839,16.55396270751953,0.8602724075317383,0,0.3100586235523224,0.0,566,1,0,0.23505032062530518,1.0001771450042725,0,0.3573022186756134,0.08578620851039886,0.06111704185605049,38.40190887451172,7.72501353555092e-16,0,0.6098868250846863,7997.617025837348,566,1,0.057831186801195145,0,0,5.792407512664795,0.4261503219604492
0.44201576709747314,1.040522813796997,0,4.905211925506592,2.4962905517150573,8.607722282409668,-2.843760338322454e-09,0,0,0.8433653712272644,1.8941349983215332,2.218827962875366,2.9742019176483154,8.08356761932373,0,0.47216159105300903,0.004255319479852915,0.05791013315320015,1e-06,0.0129241943359375,0.9984032511711121,0.003330470761284232,-0.0022854607086628675,0.0025250911712646484,3193.325872951,0.2689361870288849,4.979569911956787,0,0.9972010850906372,9.573059145395746e-08,2.944816878880374e-05,1,0.44122570753097534,1904.2896673969512,0,0.0,1,0,1,0,5.261197090148926,0.6828778982162476,0.6779943108558655,11.498046875,1762704154.294949,0.0010127949062734842,72.27116394042969,1.040522813796997,0,0.29267096519470215,0.0,567,1,0,0.2646808624267578,3.0003764629364014,0,0.27663639187812805,0.10000211000442505,0.017761090770363808,162.5071258544922,3.4616881301567648e-15,0,0.5748072862625122,7617.158669587805,567,1,0.06510309875011444,0,0,11.289591789245605,0.4434696137905121
0.43590277433395386,1.0345478057861328,0,3.6739304065704346,2.612974046773135,7.345553398132324,-4.549005825538188e-05,0,0,0.8306124210357666,2.6633400917053223,1.6302615404129028,2.32585072517395,7.010314464569092,0,0.12019836157560349,0.0033862984273582697,0.05542764812707901,1e-06,0.018823623657226562,0.9969748258590698,0.0012818791437894106,-0.002551307436078787,0.002465963363647461,3198.65955868,0.2505860924720764,2.5164318084716797,0,0.9970675110816956,2.924722366515198e-07,-0.0001491287985118106,1,0.4314400255680084,1993.301410778426,0,0.0,1,0,1,0,6.858304023742676,0.6851997375488281,0.6473743915557861,11.498046875,1762704159.0097635,0.0006995734293013811,13.223291397094727,1.0345478057861328,0,0.2973577082157135,0.0,568,1,0,0.24719978868961334,1.0001411437988281,0,0.30765536427497864,0.09444297105073929,0.018428735435009003,25.2596492767334,9.746171155278899e-15,0,0.5871063470840454,7973.205643113704,568,1,0.0581008642911911,0,0,5.526138782501221,0.4334070086479187
0.4535219371318817,1.0333969593048096,0,4.293577194213867,2.6085371780297626,7.964754104614258,0.0,0,0,0.8169491291046143,2.2825098037719727,1.9881523847579956,2.716283082962036,7.95350456237793,0,0.11022992432117462,0.004199328366667032,0.0592331625521183,1e-06,0.019670486450195312,0.9964799284934998,0.0025674172211438417,-0.0020936937071383,0.0027129650115966797,3203.784809716,0.292833149433136,2.649085283279419,0,0.9965127110481262,3.5943079979006143e-07,-6.931318057468161e-05,1,0.45319071412086487,1989.9167553753136,0,0.0,1,0,1,0,5.981039047241211,0.6452471613883972,0.5716242790222168,11.498046875,1762704164.3432713,0.0008796767215244472,11.862548828125,1.0333969593048096,0,0.3056078851222992,0.0,569,1,0,0.2886338233947754,2.000277042388916,0,0.3260766863822937,0.08479678630828857,0.025079624727368355,21.66360855102539,1.2143930423026217e-15,0,0.6568237543106079,7959.667021501255,569,1,0.06467507034540176,0,0,5.891232490539551,0.45512619614601135
0.4642985463142395,0.777909517288208,0,4.334561347961426,2.5444313258187856,10.845864295959473,-2.828856850101147e-05,0,0,0.810831606388092,2.3237953186035156,2.5152676105499268,4.371840476989746,10.339219093322754,0,0.20139706134796143,0.005156202707439661,0.06787844747304916,1e-06,0.018705368041992188,0.9974309802055359,0.0008781920187175274,-0.0012711964081972837,0.002401590347290039,3210.095037926,0.3278738260269165,17.866992950439453,0,0.996408224105835,7.946815685500042e-07,-0.00011567474575713277,1,0.4675866663455963,1941.0137493125108,0,0.0,1,0,1,0,5.71629524230957,0.6230394840240479,0.45344337821006775,11.498046875,1762704169.461894,0.0005573735106736422,289.89923095703125,0.777909517288208,0,0.31845471262931824,0.0,570,1,0,0.3227176070213318,2.000258684158325,0,0.3258724808692932,0.09207313507795334,0.030634982511401176,434.848876953125,7.790087900514915e-16,0,0.6375634670257568,7764.054997250043,570,1,0.07163220643997192,0,0,26.780826568603516,0.4695097804069519
0.4500827491283417,0.5920286178588867,0,5.718702793121338,2.5304239639571366,8.568346977233887,0.0,0,0,0.825958788394928,2.558180332183838,2.1103148460388184,3.247239589691162,8.25757884979248,0,0.17787761986255646,0.0031270941253751516,0.06341864913702011,1e-06,0.0230255126953125,0.9962947964668274,0.0024223860818892717,-0.00372499693185091,0.002666473388671875,3214.337902809,0.2874692976474762,3.281646728515625,0,0.9932001233100891,5.55516749045637e-07,-9.702692477731034e-05,1,0.45115092396736145,1930.3282646271232,0,-1.1920929132713809e-08,1,0,1,0,6.267742156982422,0.6494457125663757,0.7445350289344788,11.498046875,1762704175.779335,0.0009916978888213634,13.125306129455566,0.5920286178588867,0,0.2988895773887634,0.0,571,1,0,0.2843421995639801,3.000415563583374,0,0.3032572865486145,0.10174471884965897,0.0169714093208313,32.08775329589844,7.963542381011365e-17,0,0.5843402147293091,7721.313058508493,571,1,0.055839162319898605,0,0,6.132485389709473,0.4526328146457672
0.4650414288043976,0.5689709186553955,0,3.6684625148773193,2.523830233177348,9.643095016479492,0.0,0,0,0.8317971229553223,2.6572744846343994,3.0755841732025146,3.738130807876587,10.422128677368164,0,0.13921529054641724,0.0030420352704823017,0.05551740527153015,1e-06,0.022317886352539062,0.9975160360336304,0.000594095210544765,-0.001122326124459505,0.002732515335083008,3219.651203781,0.3407079577445984,3.3310205936431885,0,0.9832248091697693,5.365405399970768e-07,-8.960925333667547e-05,1,0.47297942638397217,1925.298251840782,0,0.0,1,0,1,0,6.341958045959473,0.6104837656021118,0.5408362150192261,11.498046875,1762704180.0238068,0.000449883023975417,15.933382987976074,0.5689709186553955,0,0.3033280670642853,0.0,572,1,0,0.3376659154891968,1.0002365112304688,0,0.3400724232196808,0.08992607146501541,0.014327322132885456,26.43088722229004,9.453987775398238e-16,0,0.6685501933097839,7701.193007363128,572,1,0.055078309029340744,0,0,6.2784295082092285,0.4740128517150879
0.46083781123161316,1.0282320976257324,0,4.275695323944092,2.561230822128853,8.59416389465332,0.0,0,0,0.8198293447494507,2.264343738555908,2.2811360359191895,3.2190654277801514,8.752584457397461,0,0.28548815846443176,0.00444096140563488,0.06606678664684296,1e-06,0.023014068603515625,0.9977375268936157,0.0024215613957494497,-0.001747194561176002,0.002884387969970703,3224.816252611,0.32157784700393677,3.097647190093994,0,0.9881947636604309,4.789726517628878e-07,-2.863629924831912e-05,1,0.46542203426361084,1953.8292075205927,0,0.0,1,0,1,0,5.586879730224609,0.6194292902946472,0.6488867402076721,11.498046875,1762704185.3346763,0.0008134274976328015,20.062740325927734,1.0282320976257324,0,0.304667204618454,0.0,573,1,0,0.31713688373565674,2.000317096710205,0,0.33255764842033386,0.10349765419960022,0.02107868157327175,37.51715850830078,5.552559711347545e-17,0,0.6332538723945618,7815.316830082371,573,1,0.06650108098983765,0,0,5.520742893218994,0.4671429395675659
0.41784727573394775,0.6283655166625977,0,4.5327277183532715,2.6175748677075563,7.068737983703613,-8.943482680479065e-05,0,0,0.8235694766044617,2.520517587661743,1.430943250656128,2.160733461380005,6.541191101074219,0,0.06516118347644806,0.0035037097986787558,0.06464181840419769,1e-06,0.03391265869140625,0.9940645694732666,0.0015331455506384373,-0.0012397373793646693,0.0033326148986816406,3230.856931494,0.20836769044399261,2.338615655899048,0,0.9939224123954773,2.193334921685164e-06,-7.642664422746748e-05,1,0.40364378690719604,1996.8111367439965,0,0.0,1,0,1,0,6.17790412902832,0.7076311707496643,0.4646516442298889,11.498046875,1762704190.5021706,0.0004916742327623069,10.7899751663208,0.6283655166625977,0,0.29302462935447693,0.0,574,1,0,0.20486398041248322,2.000284194946289,0,0.31447726488113403,0.08100917190313339,0.027348767966032028,24.732030868530273,2.7542181546435954e-16,0,0.5627132654190063,7987.244546975986,574,1,0.059094443917274475,0,0,5.3541436195373535,0.4061829745769501
0.4584585428237915,0.7821109294891357,0,5.248445510864258,2.5157532989473,9.07019329071045,0.0,0,0,0.8172761797904968,2.2353765964508057,2.6879031658172607,3.5347490310668945,9.057690620422363,0,0.10851282626390457,0.003850267268717289,0.06613997370004654,1e-06,0.025699615478515625,0.9956158995628357,0.0007817812729626894,-0.001694517326541245,0.0027337074279785156,3236.080624171,0.31935828924179077,3.2642388343811035,0,0.983643651008606,4.6892047578239726e-08,-0.00018689669377636164,1,0.46476760506629944,1919.136780617828,0,0.0,1,0,1,0,5.84754753112793,0.6173127889633179,0.4958932399749756,11.498046875,1762704196.5396028,0.0006298719090409577,14.104787826538086,0.7821109294891357,0,0.3037697672843933,0.0,575,1,0,0.31550800800323486,3.0003950595855713,0,0.331223726272583,0.0760587528347969,0.042996421456336975,39.35950469970703,4.191292400070669e-17,0,0.6044475436210632,7676.547122471312,575,1,0.06193757429718971,0,0,6.108208179473877,0.4662778973579407
0.45477622747421265,0.38796305656433105,0,4.828381538391113,2.5983992395271818,9.897857666015625,-5.789778515463695e-05,0,0,0.8096794486045837,2.8158299922943115,2.603463649749756,3.412792921066284,8.433511734008789,0,0.10799282044172287,0.004359798040241003,0.089232437312603,1e-06,0.0285491943359375,0.9949143528938293,0.0010378578444942832,-0.004141335841268301,0.002925872802734375,3241.256014552,0.3012849986553192,3.667912483215332,0,0.9875674247741699,1.67950432228281e-07,-0.00011103578435722739,1,0.4569557011127472,1982.1830516500377,0,0.0,1,0,1,0,6.370441436767578,0.6257696151733398,0.7452501058578491,11.498046875,1762704201.7639518,0.0008818404749035835,39.41267395019531,0.38796305656433105,0,0.30996793508529663,0.0,576,1,0,0.2969251871109009,2.0002992153167725,0,0.34819382429122925,0.10816904157400131,0.06014067679643631,314.1348571777344,1.7619439385280081e-15,0,0.6249290704727173,7928.732206600151,576,1,0.06589223444461823,0,0,20.027353286743164,0.4588688910007477
0.45381659269332886,0.368802547454834,0,4.785233020782471,2.560400494604007,10.0337553024292,-1.4886180906614754e-05,0,0,0.828518807888031,2.7719335556030273,2.1767160892486572,3.2491040229797363,7.470772743225098,0,0.06429129093885422,0.0025125627871602774,0.06112227588891983,1e-06,0.022832870483398438,0.9979557991027832,0.0018461785512045026,-0.0010565276024863124,0.003432035446166992,3246.515422455,0.3002512454986572,8.201313972473145,0,0.9927160739898682,4.94346522827982e-07,-1.4253069821279496e-05,1,0.457321435213089,1953.1957940243021,0,0.0,1,0,1,0,6.609236717224121,0.6409289836883545,0.5956757664680481,11.498046875,1762704206.9248788,0.0006208972772583365,132.12796020507812,0.368802547454834,0,0.3026922047138214,0.0,577,1,0,0.2977387011051178,2.000239610671997,0,0.3443082273006439,0.08974911272525787,0.02719995565712452,572.0413208007812,4.069103926962296e-16,0,0.6211621761322021,7812.7831760972085,577,1,0.050068747252225876,0,0,34.51317596435547,0.45842474699020386
0.4420320391654968,0.9154262542724609,0,4.350537061691284,2.5638201313255173,7.9901604652404785,0.0,0,0,0.8119640350341797,3.338486433029175,2.0451247692108154,2.878371238708496,7.601378440856934,0,0.13237805664539337,0.004224360454827547,0.06976225972175598,1e-06,0.03619384765625,0.9949206113815308,0.0012934409314766526,-0.002459821756929159,0.0028002262115478516,3252.252894702,0.26636940240859985,2.9918763637542725,0,0.9815547466278076,3.0484909530059667e-06,-3.5800952900899574e-05,1,0.4398527145385742,1955.804456253364,0,0.0,1,0,1,0,6.420904159545898,0.6417902112007141,0.5643618106842041,11.498046875,1762704212.1988,0.0007360997260548174,15.6673583984375,0.9154262542724609,0,0.3070271611213684,0.0,578,1,0,0.2621450424194336,1.00016450881958,0,0.3675616383552551,0.09088055044412613,0.036275267601013184,37.60150146484375,1.3873123197373927e-14,0,0.6075236201286316,7823.217825013456,578,1,0.06486526131629944,0,0,5.975617408752441,0.4421115517616272
0.4610868990421295,0.4440469741821289,0,5.285309553146362,2.582259640476813,7.9464898109436035,0.0,0,0,0.8296584486961365,2.271714210510254,2.005631446838379,2.9028172492980957,7.618419647216797,0,0.32701680064201355,0.0038370718248188496,0.06355069577693939,1e-06,0.013128280639648438,0.9984959959983826,0.0007263071020133793,-0.001268578926101327,0.004591941833496094,3257.215366941,0.32172372937202454,2.967310667037964,0,0.9976759552955627,1.4134660375475505e-07,-3.846137769869529e-05,1,0.4657238721847534,1969.8709945914427,0,0.0,1,0,1,0,6.322087287902832,0.6300227642059326,0.7113180160522461,11.498046875,1762704217.935623,0.0004111153830308467,14.30302619934082,0.4440469741821289,0,0.29958975315093994,0.0,579,1,0,0.3178866505622864,3.0005571842193604,0,0.3250338137149811,0.10548918694257736,0.013334800489246845,37.69001770019531,3.394147046431687e-17,0,0.6433230042457581,7879.483978365771,579,1,0.061834271997213364,0,0,5.9479146003723145,0.46720656752586365
0.44755709171295166,0.4197838306427002,0,4.536344528198242,2.6671715469986697,8.031827926635742,0.0,0,0,0.8071328997612,2.524503707885742,1.728551983833313,2.590033531188965,7.490052700042725,0,0.13954931497573853,0.0033193184062838554,0.08397261053323746,1e-06,0.029920578002929688,0.9948685169219971,0.0009376276866532862,-0.001822962425649166,0.002663850784301758,3262.129732806,0.2752821445465088,2.450730562210083,0,0.9896783828735352,1.6195301100196957e-07,-0.0001678660773904994,1,0.44502004981040955,2034.6458526773552,0,0.0,1,0,1,0,6.1449127197265625,0.6373313665390015,0.5895112156867981,11.498046875,1762704222.898547,0.0006543269846588373,10.977887153625488,0.4197838306427002,0,0.3101489841938019,0.0,580,1,0,0.27196282148361206,2.000279426574707,0,0.3886028230190277,0.09012197703123093,0.06393948942422867,28.861135482788086,8.206844521827384e-16,0,0.6904784440994263,8138.583410709421,580,1,0.0575241893529892,0,0,5.243288040161133,0.44670575857162476
0.4265291094779968,0.6130228042602539,0,4.293926477432251,2.6344574032918042,7.3998565673828125,-7.067727710818872e-05,0,0,0.8164402842521667,2.281301975250244,1.5447133779525757,2.086184501647949,6.593999862670898,0,0.3075505197048187,0.0027447391767054796,0.07910409569740295,1e-06,0.028310775756835938,0.9943286776542664,0.0027042722795158625,-0.002420125063508749,0.0027008056640625,3267.344334863,0.22140896320343018,1.975021481513977,0,0.9947804808616638,5.460423153635929e-07,-5.9462367062224075e-05,1,0.4133875370025635,2009.6899412767684,0,0.0,1,0,1,0,6.362227439880371,0.6907801628112793,0.6157339811325073,11.498046875,1762704227.8121166,0.0008094311342574656,8.815627098083496,0.6130228042602539,0,0.305365651845932,0.0,581,1,0,0.2186642289161682,2.000293016433716,0,0.36585789918899536,0.10693714022636414,0.04462413489818573,28.615089416503906,1.0619103828961394e-16,0,0.6557554602622986,8038.759765107074,581,1,0.05232429504394531,0,0,5.444867134094238,0.41524264216423035
0.4246487319469452,0.5990831851959229,0,4.609276056289673,2.638767566069834,7.999339580535889,0.0,0,0,0.8103175759315491,2.5969736576080322,1.3661508560180664,2.296710968017578,6.886622428894043,0,0.11544342339038849,0.005541262682527304,0.07509582489728928,1e-06,0.04189491271972656,0.9922674298286438,0.0012051224475726485,-0.002977214753627777,0.002682924270629883,3273.759384889,0.2204630821943283,2.461099863052368,0,0.9874048233032227,7.094959642017784e-08,-8.505516598233953e-05,1,0.4108087420463562,2012.9779393174463,0,0.0,1,0,1,0,6.675151824951172,0.6812368631362915,0.5705639123916626,11.498046875,1762704233.0279415,0.0008208897197619081,12.269777297973633,0.5990831851959229,0,0.30362072587013245,0.0,582,1,0,0.21492183208465576,2.0003349781036377,0,0.3636610209941864,0.08142973482608795,0.06436766684055328,57.68099594116211,3.9838470962058354e-15,0,0.6272951364517212,8051.911757269785,582,1,0.07424047589302063,0,0,7.168496131896973,0.4145999550819397
0.45948195457458496,0.5356588363647461,0,5.872388601303101,2.569252025513999,10.317021369934082,-2.492143039489747e-06,0,0,0.8052324056625366,2.8602020740509033,2.5208683013916016,3.5085771083831787,9.359945297241211,0,0.26469942927360535,0.004744627512991428,0.06538752466440201,1e-06,0.0161285400390625,0.9978917241096497,0.0015172691782936454,-0.0021162100601941347,0.003209829330444336,3276.806966525,0.3150990605354309,7.017553806304932,0,0.9927509427070618,1.879521960290731e-08,-0.00011873566108988598,1,0.46270325779914856,1959.948164593089,0,0.0,1,0,1,0,6.41668701171875,0.6140923500061035,0.47821667790412903,11.498046875,1762704239.4425983,0.0007467982941307127,111.53699493408203,0.5356588363647461,0,0.31771185994148254,0.0,583,1,0,0.31035444140434265,3.0004076957702637,0,0.36715981364250183,0.08966910094022751,0.031263768672943115,446.1451416015625,2.318939040357043e-16,0,0.701199471950531,7839.792658372356,583,1,0.06872723996639252,0,0,26.584707260131836,0.4646201431751251
0.46360957622528076,0.6698994636535645,0,2.3707010746002197,2.740211338053259,8.756731033325195,-2.2946260287426412e-05,0,0,0.8101197481155396,2.3599891662597656,2.837069034576416,3.47027587890625,9.389230728149414,0,0.11847072839736938,0.00417485274374485,0.06769269704818726,1e-06,0.020824432373046875,0.9952114820480347,0.0020017868373543024,-0.002228038152679801,0.0020432472229003906,3282.206516603,0.3303045332431793,3.180535078048706,0,0.9885335564613342,3.704858215769491e-07,-0.00012516675633378327,1,0.4688529670238495,2090.364094016901,0,0.0,1,0,1,0,5.321512222290039,0.6123718619346619,0.5603339076042175,11.498046875,1762704242.4896555,0.0008481697295792401,17.13596534729004,0.6698994636535645,0,0.3089444041252136,0.0,584,1,0,0.326129674911499,4.863739013671875e-05,0,0.3425309956073761,0.09465319663286209,0.027223851531744003,57.668094635009766,6.914125601738329e-16,0,0.6433911323547363,8361.456376067605,584,1,0.06448600441217422,0,0,6.617670059204102,0.4703804552555084
0.4479762613773346,1.089491844177246,0,4.302943229675293,2.729017687157718,7.923587322235107,0.0,0,0,0.8204829692840576,2.26723575592041,1.9241654872894287,2.901081085205078,7.396539211273193,0,0.11750978231430054,0.004067651461809874,0.08359840512275696,1e-06,0.03116607666015625,0.9949507713317871,0.0007971670711413026,-0.0012302696704864502,0.004212856292724609,3289.379907747,0.2753157913684845,2.872742176055908,0,0.9857811331748962,1.6463130236843426e-07,-6.583530193893239e-05,1,0.44465142488479614,2081.8250424524977,0,0.0,1,0,1,0,5.842308044433594,0.6435737609863281,0.639251172542572,11.498046875,1762704247.8897042,0.00044705657637678087,14.76990795135498,1.089491844177246,0,0.30298319458961487,0.0,585,1,0,0.27124813199043274,2.022155284881592,0,0.3823501467704773,0.10798897594213486,0.04057534039020538,26.673810958862305,7.8321943318394e-15,0,0.6874861717224121,8327.30016980999,585,1,0.06365510821342468,0,0,5.351977825164795,0.44672104716300964
0.4351454973220825,0.6468355655670166,0,6.518852233886719,2.6294161474921305,7.646735191345215,0.0,0,0,0.8085530996322632,2.50642466545105,1.8286763429641724,2.627683639526367,7.353156566619873,0,0.12594276666641235,0.003367003286257386,0.0677199438214302,1e-06,0.02735137939453125,0.9940056800842285,0.00132276292424649,-0.001297368318773806,0.002985715866088867,3292.98706699,0.24646463990211487,2.5953335762023926,0,0.9932988882064819,7.535753354659391e-08,-5.422499089036137e-05,1,0.42900171875953674,2005.8442305587484,0,0.0,1,0,1,0,5.775001525878906,0.678024172782898,0.7132833003997803,11.498046875,1762704255.0629406,0.0005959991249255836,12.508890151977539,0.6468355655670166,0,0.30493104457855225,0.0,586,1,0,0.24309763312339783,4.0004870891571045,0,0.32307204604148865,0.11037319153547287,0.016311034560203552,24.187423706054688,5.048922841225864e-15,0,0.6065236926078796,8023.376922234994,586,1,0.05793462321162224,0,0,5.7950119972229,0.43100062012672424
0.452126145362854,0.8589513301849365,0,2.7385928630828857,2.7111011685141126,7.928863048553467,-2.042621599684935e-05,0,0,0.8307858109474182,2.7263128757476807,1.7229468822479248,2.8778064250946045,7.95066499710083,0,0.16553086042404175,0.0020671833772212267,0.06270551681518555,1e-06,0.024784088134765625,0.9970299601554871,0.002452884567901492,-0.003827403299510479,0.0023353099822998047,3298.73152902,0.2971576154232025,2.9865169525146484,0,0.9885348677635193,1.700511234048463e-07,-0.0002006307040574029,1,0.4561423361301422,2068.1574662541652,0,0.0,1,0,1,0,6.2545623779296875,0.6380997896194458,0.6428526639938354,11.498046875,1762704258.6692433,0.0011737304739654064,12.96757698059082,0.8589513301849365,0,0.2924825847148895,0.0,587,1,0,0.2950904369354248,0.00011277198791503906,0,0.3453235328197479,0.09611120074987411,0.022405197843909264,22.203222274780273,9.1571429614506e-16,0,0.6328004002571106,8272.629865016661,587,1,0.045425139367580414,0,0,5.641772747039795,0.45706555247306824
0.45124006271362305,0.4873652458190918,0,5.246350049972534,2.696720314462412,11.776681900024414,-5.171475277165882e-05,0,0,0.8327666521072388,2.2345504760742188,1.413818359375,3.355473756790161,7.599058151245117,0,0.08031275868415833,0.005093378946185112,0.06920405477285385,1e-06,0.01306915283203125,0.9982991218566895,0.0012599390465766191,-0.006338845007121563,0.0026407241821289062,3303.811250145,0.29513299465179443,7.629941463470459,0,0.9978216290473938,2.955296167783672e-06,-0.00024583886261098087,1,0.4538445770740509,2057.1870638864675,0,0.0,1,0,1,0,4.59602165222168,0.6585372090339661,0.7656101584434509,11.498046875,1762704264.4100676,0.0012948211515322328,118.16460418701172,0.4873652458190918,0,0.2946627140045166,0.0,588,1,0,0.29003962874412537,3.000415563583374,0,0.26597005128860474,0.13094255328178406,0.012130200862884521,1063.04345703125,9.275896682870633e-18,0,0.5383370518684387,8228.74825554587,588,1,0.07119600474834442,0,0,62.94364929199219,0.4561670422554016
0.4394212067127228,0.35093045234680176,0,4.721548318862915,2.684357862496275,7.9628119468688965,-1.4580818969989195e-05,0,0,0.8228132128715515,2.709730386734009,1.7374619245529175,2.87565016746521,7.395712375640869,0,0.0977192297577858,0.004105572123080492,0.07574930042028427,1e-06,0.039981842041015625,0.9959249496459961,0.0008608876378275454,-0.0007024580845609307,0.0026328563690185547,3309.134339344,0.2586510181427002,2.9972190856933594,0,0.9849541187286377,5.814122516767384e-08,-3.1109917131288967e-07,1,0.43564799427986145,2047.7563950379908,0,-1.1920929132713809e-08,1,0,1,0,7.487915992736816,0.6612946391105652,0.7089674472808838,11.498046875,1762704269.494412,0.0003803259751293808,14.707205772399902,0.35093045234680176,0,0.30102860927581787,0.0,589,1,0,0.2545454502105713,2.000284194946289,0,0.34524980187416077,0.1092626228928566,0.036504171788692474,33.09121322631836,3.372324830732456e-16,0,0.6115193367004395,8191.025580151963,589,1,0.06394931674003601,0,0,5.95698356628418,0.4379362463951111
0.4551984369754791,1.0436015129089355,0,4.27112078666687,2.6508901650628145,8.9020414352417,2.4086202756734565e-05,0,0,0.8355713486671448,2.2587382793426514,1.7422406673431396,3.5816359519958496,7.824590682983398,0,0.07966974377632141,0.003273679642006755,0.06438205391168594,1e-06,0.023052215576171875,0.9983106851577759,0.0013399622403085232,-0.0021412307396531105,0.0029571056365966797,3314.035381949,0.30205148458480835,3.6436779499053955,0,0.9938140511512756,6.576020155080187e-07,-9.132516424870118e-06,1,0.4577721655368805,2022.2256368614958,0,0.0,1,0,1,0,5.504615783691406,0.6434029340744019,0.6508961915969849,11.498046875,1762704274.8162363,0.0007988833822309971,14.426836967468262,1.0436015129089355,0,0.29463687539100647,0.0,590,1,0,0.29877781867980957,2.0002787113189697,0,0.3370571732521057,0.1024116575717926,0.02198493480682373,35.01115036010742,1.6852837510323497e-16,0,0.6428802609443665,8088.902547445983,590,1,0.057128582149744034,0,0,6.105297565460205,0.4591975808143616
0.4522980749607086,0.638256311416626,0,4.256089925765991,2.6661600667778753,8.444681167602539,-0.00015872763469815254,0,0,0.7980219721794128,2.240748643875122,1.8681129217147827,3.2087438106536865,7.823458194732666,0,0.09098337590694427,0.005345306824892759,0.07236719876527786,1e-06,0.04972648620605469,0.9904248714447021,0.0008654703851789236,-0.0015609594993293285,0.0027365684509277344,3320.632210648,0.2993371784687042,3.2942192554473877,0,0.9727731943130493,3.75125992491121e-08,-7.114374602679163e-05,1,0.4556369483470917,2033.8742472518927,0,0.0,1,0,1,0,5.103788375854492,0.6216496825218201,0.5572389364242554,11.498046875,1762704279.7178338,0.0005430641467683017,14.747400283813477,0.638256311416626,0,0.3168315291404724,0.0,591,1,0,0.29399189352989197,2.00032377243042,0,0.37113168835639954,0.094451904296875,0.03188823536038399,40.52473449707031,7.781043745511687e-20,0,0.6196144223213196,8135.496989007571,591,1,0.07292373478412628,0,0,5.911914348602295,0.45801666378974915
0.4638955295085907,1.0636980533599854,0,5.526406288146973,2.6432774115970057,11.724181175231934,0.0,0,0,0.8048811554908752,2.5141303539276123,2.7905876636505127,4.986418724060059,9.471790313720703,0,0.18705663084983826,0.002943031257018447,0.06776145845651627,1e-06,0.06157112121582031,0.9913696050643921,0.001350714243017137,-0.0025042053312063217,0.0026693344116210938,3324.929351825,0.34580618143081665,13.675463676452637,0,0.9421684145927429,1.2814420813356264e-07,-6.240224320208654e-05,1,0.4747161269187927,2016.418264896954,0,-1.1920929132713809e-08,1,0,1,0,5.0643768310546875,0.5820367336273193,0.509222149848938,11.498046875,1762704286.315518,0.0008371744188480079,220.39349365234375,1.0636980533599854,0,0.3080260753631592,0.0,592,1,0,0.34286314249038696,3.0003998279571533,0,0.36719608306884766,0.09397534281015396,0.022833436727523804,528.9389038085938,8.897068906534456e-16,0,0.6025714874267578,8065.673059587816,592,1,0.054175518453121185,0,0,32.21088409423828,0.475680410861969
0.4598216712474823,0.5755276679992676,0,3.716672658920288,2.558439273299187,69.09469604492188,-4.435052769480308e-09,0,0,0.8244602680206299,2.7053449153900146,1.959130048751831,30.825349807739258,8.474390029907227,0,0.1161394938826561,0.0023352361749857664,0.06270655989646912,1e-06,0.020793914794921875,0.9972521066665649,0.0009477490093559027,-0.0017524886643514037,0.0026841163635253906,3330.628972678,0.31447848677635193,459.6686096191406,0,0.9903435707092285,1.9734025613615813e-07,9.937237336998805e-06,1,0.4634280502796173,1951.6996807358544,0,0.0,1,0,1,0,5.464963912963867,0.6220560073852539,0.8161304593086243,11.498046875,1762704290.615111,0.0005497028469108045,7694.8779296875,0.5755276679992676,0,0.3069024980068207,0.0,593,1,0,0.3121432363986969,1.0002505779266357,0,0.3291812539100647,0.10785621404647827,0.013226807117462158,16928.73046875,3.3124639535588106e-16,0,0.6459679007530212,7806.7987229434175,593,1,0.04827408865094185,0,0,1011.1827392578125,0.46436807513237
0.4509832561016083,0.47620558738708496,0,5.214377403259277,2.5288773848978274,7.981155872344971,-5.53805693925824e-05,0,0,0.8544696569442749,2.202754020690918,1.8462239503860474,3.307399272918701,6.996105194091797,0,0.09588879346847534,0.00200652121566236,0.05396709963679314,1e-06,0.0184173583984375,0.997668445110321,0.0010217571398243308,-0.0012901577865704894,0.002668619155883789,3336.074458619,0.2896915078163147,3.5759801864624023,0,0.9946447014808655,2.4164179990293633e-07,-5.146480543771759e-05,1,0.45274025201797485,1929.1484602488101,0,-1.1920929132713809e-08,1,0,1,0,5.5308074951171875,0.6481959223747253,0.4294094443321228,11.498046875,1762704296.3121183,0.00046643029781989753,16.333406448364258,0.47620558738708496,0,0.27516746520996094,0.0,594,1,0,0.28768497705459595,3.0004115104675293,0,0.28643321990966797,0.08032195270061493,0.019141435623168945,39.021156311035156,1.1547883925955207e-15,0,0.5464267134666443,7716.5938409952405,594,1,0.04475485906004906,0,0,6.61224365234375,0.4536760449409485
0.447365403175354,0.4370441436767578,0,5.0010950565338135,2.6042602817835703,7.359816551208496,-2.2595619157073088e-05,0,0,0.8392925262451172,2.989231824874878,1.4779402017593384,2.948608636856079,6.800266265869141,0,0.11526217311620712,0.003629764076322317,0.06827358901500702,1e-06,0.04925727844238281,0.9969931840896606,0.0016922667855396867,-0.0008754969458095729,0.0026369094848632812,3340.966761657,0.2839282155036926,3.399296283721924,0,0.9833855032920837,3.295043313755741e-07,-4.661219918489223e-06,1,0.44919031858444214,1986.6541346340873,0,0.0,1,0,1,0,5.879842758178711,0.6407485008239746,0.7031304240226746,11.498046875,1762704301.756545,0.0005450737662613392,17.617290496826172,0.4370441436767578,0,0.28894829750061035,0.0,595,1,0,0.2802984416484833,2.000330686569214,0,0.3438713848590851,0.0916295200586319,0.03785322979092598,29.68418312072754,6.762364826161144e-16,0,0.5927202701568604,7946.616538536349,595,1,0.06014414131641388,0,0,5.455931663513184,0.4509478807449341
0.4526606500148773,0.603553295135498,0,4.282597541809082,2.5466576918623343,8.870163917541504,-7.146083953557536e-05,0,0,0.8104172348976135,2.2708044052124023,2.13679838180542,3.5169904232025146,8.273080825805664,0,0.08855428546667099,0.0035374751314520836,0.0654854029417038,1e-06,0.0379638671875,0.9927636981010437,0.0005689529934898019,-0.0019753326196223497,0.002623319625854492,3346.820100188,0.2969268262386322,3.950719118118286,0,0.9823529720306396,2.8645622762724088e-08,-0.00010044199007097632,1,0.4553656280040741,1942.7121276722173,0,-1.1920929132713809e-08,1,0,1,0,4.260654449462891,0.6305901408195496,0.6574001908302307,11.498046875,1762704306.6495407,0.0004692524380516261,32.94723129272461,0.603553295135498,0,0.30733272433280945,0.0,596,1,0,0.29338935017585754,2.000276803970337,0,0.33702728152275085,0.09506552666425705,0.01882955990731716,150.22500610351562,5.80081778899839e-16,0,0.5805728435516357,7770.848510688869,596,1,0.05937794968485832,0,0,10.382411003112793,0.4569545388221741
0.4607028365135193,0.5866789817810059,0,5.260194301605225,2.554804245277714,8.708314895629883,0.0,0,0,0.8230487704277039,2.247500419616699,2.414468765258789,4.228208065032959,8.42377758026123,0,0.1386098563671112,0.0023075309582054615,0.059758059680461884,1e-06,0.05755805969238281,0.9933070540428162,0.001214680029079318,-0.0013768152566626668,0.002713441848754883,3352.031324975,0.3329137861728668,4.281621932983398,0,0.9505412578582764,1.3674309684574837e-06,-4.544511466519907e-05,1,0.4704807996749878,1948.9267077350817,0,0.0,1,0,1,0,5.680393218994141,0.5936869978904724,0.595489501953125,11.498046875,1762704312.5029256,0.000513891747687012,15.292724609375,0.5866789817810059,0,0.29592275619506836,0.0,597,1,0,0.33060625195503235,3.0004124641418457,0,0.35534003376960754,0.08748336136341095,0.017242347821593285,20.224830627441406,9.268650084396301e-17,0,0.5810667276382446,7795.706830940327,597,1,0.04798634722828865,0,0,6.52007532119751,0.47130540013313293
0.4515853524208069,0.5839660167694092,0,4.619992017745972,2.5454632683433744,8.233819961547852,0.0,0,0,0.8420618176460266,2.553049087524414,1.9873428344726562,3.254652976989746,8.072015762329102,0,0.13432049751281738,0.0030198448803275824,0.07087139785289764,1e-06,0.04739952087402344,0.9959672689437866,0.002726604463532567,-0.0022929690312594175,0.0042569637298583984,3357.258550135,0.2965919077396393,3.250880479812622,0,0.9747423529624939,5.3154305845737326e-08,-2.2452119083027355e-05,1,0.45544731616973877,1941.8009643606838,0,0.0,1,0,1,0,6.101907730102539,0.6229758858680725,0.4678821861743927,11.498046875,1762704317.7135975,0.0008222651085816324,14.100088119506836,0.5839660167694092,0,0.28221118450164795,0.0,598,1,0,0.2935720682144165,2.052903890609741,0,0.3440028131008148,0.08436766266822815,0.04874132201075554,29.580657958984375,3.052062202771197e-16,0,0.5749639272689819,7767.203857442735,598,1,0.054875995963811874,0,0,5.9687371253967285,0.4568042755126953
0.47432374954223633,0.6542830467224121,0,4.566457986831665,2.5588244724342517,8.450292587280273,0.0,0,0,0.8377739787101746,2.5549182891845703,2.3660287857055664,3.7346653938293457,8.94286060333252,0,0.1405399888753891,0.0027240533381700516,0.057184793055057526,1e-06,0.02471160888671875,0.9981586933135986,0.0012890154030174017,-0.0022080696653574705,0.0026400089263916016,3374.516543312,0.3756469488143921,3.827192544937134,0,0.9865599274635315,1.8318056049793086e-07,-0.00014066649600863457,1,0.48364773392677307,1951.9935290349995,0,0.0,1,0,1,0,6.206510543823242,0.5776371359825134,0.5356807708740234,11.498046875,1762704322.941349,0.0005989642813801765,24.556198120117188,0.6542830467224121,0,0.28847524523735046,0.0,599,1,0,0.3729228973388672,2.0002896785736084,0,0.3398384749889374,0.08585464209318161,0.015966245904564857,42.096343994140625,2.435227995162239e-17,0,0.643976628780365,7807.974116139998,599,1,0.05212842673063278,0,0,6.547943592071533,0.48435547947883606
0.46759718656539917,0.5857720375061035,0,2.4949872493743896,2.0380065342916374,9.325017929077148,-3.650518192443997e-05,0,0,0.8293441534042358,2.483815908432007,3.0012693405151367,3.9081950187683105,9.59732723236084,0,0.1187022477388382,0.00233281496912241,0.053752508014440536,1e-06,0.0240020751953125,0.9965232610702515,0.001882790238596499,-0.0009248433634638786,0.002508878707885742,3377.347010578,0.3491446375846863,3.6621999740600586,0,0.9857251048088074,1.0721625585574657e-05,-2.4795877834549174e-05,1,0.47601693868637085,1554.6887291115434,0,0.0,1,0,1,0,5.702085494995117,0.5993319153785706,0.6785085201263428,11.498046875,1762704340.2001178,0.0005738689214922488,22.27524757385254,0.5857720375061035,0,0.2928793132305145,13.11103892326355,600,1,0,0.34681180119514465,9.822845458984375e-05,0,0.32468026876449585,0.08212751150131226,0.011876319535076618,39.5994758605957,1.5061666898473826e-17,0,0.5923177599906921,6218.754916446173,600,1,0.048249103128910065,0,0,5.937464237213135,0.4767615497112274
0.4557930827140808,0.5069317817687988,0,2.3165674209594727,2.1725499951253764,9.571579933166504,-2.1197940441197716e-05,0,0,0.8318694829940796,2.305727958679199,2.5149900913238525,3.8746893405914307,9.440142631530762,0,0.1765381097793579,0.004230683669447899,0.0513543002307415,1e-06,0.024873733520507812,0.9974066019058228,0.0007270699134096503,-0.0011241844622418284,0.002084016799926758,3383.589864692,0.3088398873806,3.4166452884674072,0,0.9880634546279907,2.077749456930178e-07,-8.248384983744472e-05,1,0.4602929651737213,1657.324907462452,0,-1.1920929132713809e-08,1,0,1,0,6.654020309448242,0.6330469250679016,0.5338705778121948,11.498046875,1762704343.030265,0.0004186661681160331,13.767313003540039,0.5069317817687988,0,0.2929791510105133,0.0,601,1,0,0.3046092092990875,5.626678466796875e-05,0,0.28782203793525696,0.0734478309750557,0.01531176920980215,24.678131103515625,2.4425311727904697e-17,0,0.5241678953170776,6629.299629849808,601,1,0.06491319835186005,0,0,5.549832344055176,0.4620664119720459
0.445539265871048,0.9762859344482422,0,5.260188341140747,2.105904169059265,8.734929084777832,0.0,0,0,0.8324514031410217,2.247892141342163,1.760235071182251,3.2821075916290283,9.261420249938965,0,0.13777610659599304,0.0033050046768039465,0.05340737849473953,1e-06,0.0294189453125,0.9945993423461914,0.0009525301866233349,-0.001692325808107853,0.003007173538208008,3389.931637275,0.2806893289089203,3.5323007106781006,0,0.9889758825302124,1.7350630798773636e-07,-0.00011172317317686975,1,0.4477606415748596,1606.4842880218846,0,-1.4901161193847656e-08,1,0,1,0,4.981027603149414,0.6562309861183167,0.9017108082771301,11.498046875,1762704349.273428,0.0006326979491859674,14.228168487548828,0.9762859344482422,0,0.2908705770969391,0.0,602,1,0,0.27738431096076965,3.0004382133483887,0,0.29356318712234497,0.1024998128414154,0.01340535283088684,22.46980857849121,2.3328053336630655e-17,0,0.5216403007507324,6425.937152087538,602,1,0.057400863617658615,0,0,6.326094150543213,0.4493890404701233
0.45893341302871704,0.5898866653442383,0,5.743659019470215,2.0948293999763234,8.640514373779297,-8.386802073800936e-05,0,0,0.8064923286437988,2.7319729328155518,2.3830788135528564,3.5287508964538574,7.877386569976807,0,0.29132646322250366,0.004371836315840483,0.0715440884232521,1e-06,0.030109405517578125,0.9947302937507629,0.0013661670964211226,-0.001351056736893952,0.002634286880493164,3395.078537197,0.3225955069065094,5.156312942504883,0,0.9791156649589539,2.1287112303980393e-06,-5.522276114788838e-05,1,0.4658404290676117,1598.0359251824852,0,0.0,1,0,1,0,6.201967239379883,0.6075429916381836,0.5383961796760559,11.498046875,1762704355.6136389,0.0006323081906884909,71.03665924072266,0.5898866653442383,0,0.3115728795528412,0.0,603,1,0,0.31822365522384644,3.0003199577331543,0,0.35712966322898865,0.0910833477973938,0.03092038631439209,124.29242706298828,4.154364675246138e-16,0,0.6622239947319031,6392.143700729941,603,1,0.06598275899887085,0,0,9.018484115600586,0.4675231873989105
0.45156416296958923,0.5648932456970215,0,4.57624077796936,2.1196627682248903,9.253910064697266,-4.305786205804907e-05,0,0,0.8054227828979492,2.564260721206665,2.4826295375823975,3.597795009613037,10.030097007751465,0,0.13500438630580902,0.0035110819153487682,0.05956907197833061,1e-06,0.04239654541015625,0.9914118051528931,0.002516956301406026,-0.0023851762525737286,0.002686738967895508,3400.117179426,0.29668641090393066,3.321784257888794,0,0.9737409949302673,8.88340352389605e-08,-0.00012246903497725725,1,0.45526808500289917,1616.9800046406713,0,0.0,1,0,1,0,5.058046340942383,0.6254500150680542,0.576326310634613,11.498046875,1762704360.7615855,0.0007929350831545889,13.78797721862793,0.5648932456970215,0,0.3099711239337921,0.0,604,1,0,0.2931753396987915,2.0003576278686523,0,0.3350842595100403,0.0902814194560051,0.008734430186450481,30.83654022216797,9.080714649224253e-17,0,0.5557717680931091,6467.920018562685,604,1,0.05915675684809685,0,0,6.035052299499512,0.456847220659256
0.45396509766578674,0.7482180595397949,0,4.2833616733551025,2.1144537184961663,9.015379905700684,0.0,0,0,0.841966986656189,2.271237850189209,2.0996789932250977,3.419264793395996,9.483282089233398,0,0.1447860598564148,0.003919647075235844,0.050817009061574936,1e-06,0.01833343505859375,0.9978523254394531,0.0013430822873488069,-0.0019247648306190968,0.0025696754455566406,3405.06348362,0.3027927279472351,3.478302240371704,0,0.9961550831794739,2.687663027245435e-06,-0.00013702610158361495,1,0.45782017707824707,1613.006292698946,0,0.0,1,0,1,0,6.236471176147461,0.6503664255142212,0.4586876332759857,11.498046875,1762704365.7998388,0.0008719569304957986,22.099401473999023,0.7482180595397949,0,0.2875872552394867,0.0,605,1,0,0.29887309670448303,2.000286817550659,0,0.3057074248790741,0.07965490967035294,0.007537490222603083,81.46190643310547,4.629404574867991e-16,0,0.6036490797996521,6452.025170795784,605,1,0.062491919845342636,0,0,7.4413557052612305,0.4595226049423218
0.45587047934532166,0.45767760276794434,0,4.480595350265503,2.147556567855025,8.506628036499023,-7.710279896855354e-05,0,0,0.8386699557304382,2.4686787128448486,2.202969789505005,2.932745933532715,8.359548568725586,0,0.12181775271892548,0.0035799522884190083,0.06090592220425606,1e-06,0.029232025146484375,0.9979895353317261,0.0017800878267735243,-0.0019117128103971481,0.0026650428771972656,3410.369551593,0.31121718883514404,2.7491655349731445,0,0.9871864914894104,3.292626161055523e-06,-4.086456465302035e-05,1,0.4615705907344818,1638.2587273372792,0,0.0,1,0,1,0,4.91035270690918,0.6320032477378845,0.6012600064277649,11.498046875,1762704370.7460616,0.000812178011983633,11.128890991210938,0.45767760276794434,0,0.2941882312297821,0.0,606,1,0,0.3076372444629669,2.0002949237823486,0,0.30495181679725647,0.09684478491544724,0.016688020899891853,54.64247512817383,5.124246940126347e-15,0,0.5722221732139587,6553.034909349117,606,1,0.05973263457417488,0,0,5.782503604888916,0.46304669976234436
0.45637568831443787,1.011526346206665,0,4.287980079650879,2.139465096763208,9.026429176330566,-7.61695991968736e-05,0,0,0.8038705587387085,2.2761006355285645,2.6351661682128906,3.514258623123169,8.74189281463623,0,0.18166489899158478,0.005278310738503933,0.06388100236654282,1e-06,0.04762840270996094,0.9939972162246704,0.0006990146939642727,-0.000954902614466846,0.002675771713256836,3417.734356947,0.32653549313545227,3.106858491897583,0,0.9463794231414795,1.2517145364654425e-07,-6.878106069052592e-05,1,0.4670153558254242,1632.0861667018185,0,0.0,1,0,1,0,4.682645797729492,0.5959597826004028,0.5117126703262329,11.498046875,1762704376.0523906,0.00039420343819074333,18.599761962890625,1.011526346206665,0,0.31904661655426025,0.0,607,1,0,0.32125720381736755,2.0003061294555664,0,0.36627694964408875,0.08586454391479492,0.038374755531549454,32.50359344482422,3.968235868706355e-17,0,0.5808320045471191,6528.344666807274,607,1,0.07246868312358856,0,0,5.333770751953125,0.46900197863578796
0.4497886896133423,0.6104819774627686,0,6.746859788894653,2.06493530334124,8.162131309509277,0.0,0,0,0.8506737947463989,2.73518967628479,1.9957889318466187,2.7864036560058594,8.733597755432129,0,0.18443933129310608,0.0029972754418849945,0.05879870802164078,1e-06,0.018781661987304688,0.9984537363052368,0.0011777715990319848,-0.0011305296793580055,0.0026154518127441406,3422.148678094,0.2822888493537903,2.7806413173675537,0,0.9966275691986084,1.131617977989663e-06,-6.86192506691441e-05,1,0.44871219992637634,1575.231280386933,0,0.0,1,0,1,0,5.176006317138672,0.6588212251663208,0.5996112823486328,11.498046875,1762704383.4169433,0.0005163656314834952,12.676112174987793,0.6104819774627686,0,0.2812548279762268,0.0,608,1,0,0.279291570186615,4.000509738922119,0,0.30696114897727966,0.0930371806025505,0.009214485995471478,25.167030334472656,1.3000825480764518e-16,0,0.567581295967102,6300.925121547732,608,1,0.054672714322805405,0,0,6.5505805015563965,0.4501744508743286
0.44672268629074097,1.0451233386993408,0,3.363236904144287,2.6226869918791893,9.185938835144043,0.0,0,0,0.833827793598175,2.3520429134368896,1.5468395948410034,2.9277915954589844,6.536359786987305,0,0.11073562502861023,0.0026226069312542677,0.06616867333650589,1e-06,0.025379180908203125,0.9976446628570557,0.002295095007866621,-0.001504371641203761,0.002541065216064453,3428.065855348,0.2753737270832062,5.3904314041137695,0,0.9919951558113098,5.530801061581769e-08,-4.874704586654843e-07,1,0.4454323351383209,2000.7109092411533,0,0.0,1,0,1,0,5.8932952880859375,0.6524272561073303,0.6635738015174866,11.498046875,1762704387.8321717,0.000749704078771174,80.02103424072266,1.0451233386993408,0,0.2909758388996124,0.0,609,1,0,0.272751122713089,1.000213623046875,0,0.33990421891212463,0.09930303692817688,0.01962369680404663,519.919677734375,7.91620184193822e-17,0,0.6525392532348633,8002.843636964613,609,1,0.05115090310573578,0,0,30.949430465698242,0.44676095247268677
0.4488261342048645,1.0520110130310059,0,4.664923667907715,2.481379117268481,8.291051864624023,0.0,0,0,0.824890673160553,2.652841567993164,2.2310166358947754,3.0908255577087402,8.81530475616455,0,0.1516028642654419,0.0038158835377544165,0.06152019277215004,1e-06,0.02304840087890625,0.9959899187088013,0.0010182354599237442,-0.002389221452176571,0.0029840469360351562,3432.336601512,0.28523728251457214,3.0357744693756104,0,0.9923333525657654,1.053022060659714e-06,-6.963028863538057e-05,1,0.44974619150161743,1892.914512961033,0,0.0,1,0,1,0,5.842622756958008,0.6519871354103088,0.6321999430656433,11.498046875,1762704393.75084,0.0006748769083060324,12.301898002624512,1.0520110130310059,0,0.30087780952453613,0.0,610,1,0,0.281421422958374,2.000260829925537,0,0.30640020966529846,0.09293245524168015,0.018663322553038597,26.05976104736328,2.6024227036551323e-17,0,0.5813501477241516,7571.658051844132,610,1,0.0616622157394886,0,0,5.900666236877441,0.4515812397003174
0.45603659749031067,0.9017302989959717,0,3.360316276550293,2.5666931511656297,8.136537551879883,0.0,0,0,0.8314592838287354,2.3486416339874268,1.9122488498687744,2.762352228164673,8.073769569396973,0,0.08170756697654724,0.0028270368929952383,0.06257212907075882,1e-06,0.022668838500976562,0.9974445700645447,0.0006528000812977552,-0.0009769960306584835,0.0028612613677978516,3437.934177784,0.2988949120044708,2.6569387912750244,0,0.9925592541694641,7.177223437793145e-08,6.7112855504092295e-06,1,0.45657995343208313,1957.9961330163087,0,0.0,1,0,1,0,5.866535186767578,0.6337564587593079,0.5965983867645264,11.498046875,1762704398.0196576,0.0003639689239207655,12.013422966003418,0.9017302989959717,0,0.2930532693862915,0.0,611,1,0,0.29606786370277405,1.0001795291900635,0,0.28463512659072876,0.09159372746944427,0.02914750576019287,19.801828384399414,4.73097123678207e-15,0,0.5446903109550476,7831.984532065235,611,1,0.05310149863362312,0,0,5.239292621612549,0.4578325152397156
0.42257261276245117,1.0683174133300781,0,4.522417306900024,2.605059982893147,7.469864368438721,-6.651352578046499e-06,0,0,0.8157027959823608,2.509554386138916,1.7154897451400757,2.3555262088775635,7.532002925872803,0,0.1352253258228302,0.003746721427887678,0.0632343739271164,1e-06,0.03273773193359375,0.9912721514701843,0.0013469075784087181,-0.0017038717633113265,0.0030219554901123047,3445.248037688,0.2246159464120865,2.1379740238189697,0,0.9905290603637695,2.0998840000174823e-08,-0.0001293969980906695,1,0.41487136483192444,1987.2641848379494,0,0.0,1,0,1,0,5.469152450561523,0.6960691213607788,0.5629963874816895,11.498046875,1762704403.6173236,0.000750483013689518,9.720288276672363,1.0683174133300781,0,0.30388540029525757,0.0,612,1,0,0.22086922824382782,2.0004801750183105,0,0.29314616322517395,0.08793791383504868,0.037651728838682175,22.17461585998535,8.267359202557192e-17,0,0.5289645791053772,7949.056739351798,612,1,0.061101414263248444,0,0,4.874697685241699,0.41736820340156555
0.4427167475223541,1.0599887371063232,0,6.246953725814819,2.492784936867801,7.41363000869751,0.0,0,0,0.8221014738082886,2.2334563732147217,1.8431720733642578,2.7162654399871826,8.038894653320312,0,0.10471032559871674,0.002601040294393897,0.07395312190055847,1e-06,0.01313018798828125,0.9982470273971558,0.015310417860746384,-0.002151609631255269,0.0035533905029296875,3450.419814593,0.26310524344444275,2.7235612869262695,0,0.9975155591964722,8.96908886716119e-07,0.0003517071600072086,1,0.4389536380767822,1901.6154169468516,0,0.0,1,0,1,0,6.246990203857422,0.6816542744636536,0.7083475589752197,11.498046875,1762704410.9310184,0.0030260880012065172,11.107043266296387,1.0599887371063232,0,0.30819642543792725,0.0,613,1,0,0.26050418615341187,4.000584363937378,0,0.2689698338508606,0.09862125664949417,0.03944769501686096,24.682998657226562,6.56579177250947e-17,0,0.5448694229125977,7606.461667787406,613,1,0.05093912035226822,0,0,5.276744842529297,0.4403631091117859
0.44464701414108276,0.3982827663421631,0,4.766630172729492,2.485411870934399,8.587320327758789,-8.813526073936373e-05,0,0,0.8193264603614807,2.7549617290496826,1.4920395612716675,3.4383840560913086,6.740655422210693,0,0.10285791754722595,0.0038480039220303297,0.07111415266990662,1e-06,0.021860122680664062,0.9958792924880981,0.0016747592017054558,-0.0018551162211224437,0.0025861263275146484,3455.139007518,0.27248677611351013,14.000557899475098,0,0.9943138360977173,3.6163095273877843e-07,-4.427059684530832e-05,1,0.4433049261569977,1895.990890080631,0,0.0,1,0,1,0,7.0345611572265625,0.6652994155883789,0.9766848087310791,11.498046875,1762704416.1033769,0.0005940764094702899,232.47044372558594,0.3982827663421631,0,0.3030519485473633,0.0,614,1,0,0.2686387598514557,2.000255823135376,0,0.2823978364467621,0.11543901264667511,0.02008688449859619,387.369873046875,8.992290365231314e-18,0,0.5322331786155701,7583.963560322524,614,1,0.06192025914788246,0,0,23.935949325561523,0.44529250264167786
0.458625853061676,1.0612061023712158,0,3.65275502204895,2.496589845995522,7.553237438201904,0.0,0,0,0.8140684962272644,2.6416375637054443,1.652826189994812,2.7692463397979736,6.739112854003906,0,0.198113813996315,0.004977600648999214,0.08882741630077362,1e-06,0.029449462890625,0.9974307417869568,0.0019692492205649614,-0.0014044749550521374,0.0025365352630615234,3460.389654192,0.319064199924469,2.9647841453552246,0,0.9796155691146851,1.40453232688742e-06,-6.322777335299179e-05,1,0.46420881152153015,1904.5179833697887,0,0.0,1,0,1,0,5.881643295288086,0.6170081496238708,0.7571532130241394,11.498046875,1762704420.8247883,0.0007508614799007773,26.713903427124023,1.0612061023712158,0,0.3027912974357605,0.0,615,1,0,0.3140866160392761,1.0001659393310547,0,0.3585539162158966,0.11632730811834335,0.04998408257961273,97.95098114013672,2.3789453954393795e-15,0,0.6790715456008911,7618.071933479155,615,1,0.07038506120443344,0,0,7.755739212036133,0.4661719799041748
0.41850805282592773,0.32550048828125,0,4.915718078613281,2.471120254928696,5.733213424682617,-4.388343950267881e-05,0,0,0.8406720757484436,1.9037585258483887,1.195063591003418,1.877424716949463,5.684886932373047,0,0.15759435296058655,0.003972758539021015,0.05988834425806999,1e-06,0.00972747802734375,0.9985238909721375,0.0030654175207018852,-0.0023352233693003654,0.0023407936096191406,3466.234347474,0.21708287298679352,2.1301429271698,0,0.998924195766449,1.0314367671071523e-07,-7.970475417096168e-05,1,0.4095629155635834,1885.0885627568478,0,0.0,1,0,1,0,6.26580810546875,0.7287392020225525,0.6788421869277954,11.498046875,1762704426.0729923,0.0009748301235958934,9.99039363861084,0.32550048828125,0,0.2918447256088257,0.0,616,1,0,0.21311011910438538,3.0003609657287598,0,0.24915991723537445,0.10674256831407547,0.00978104304522276,21.978866577148438,9.173890920400186e-16,0,0.5492873787879944,7540.354251027391,616,1,0.06291341781616211,0,0,5.3006768226623535,0.4123179614543915
0.4398099482059479,0.42352962493896484,0,5.395187616348267,2.5331103923260283,8.518397331237793,0.0,0,0,0.8131408095359802,2.383498191833496,1.9424036741256714,2.421473503112793,8.2907075881958,0,0.13328133523464203,0.0025785278994590044,0.0784616619348526,1e-06,0.015460968017578125,0.9947791695594788,0.001728951814584434,-0.003495304612442851,0.0026428699493408203,3470.374808969,0.25480544567108154,2.1325180530548096,0,0.996234655380249,2.2350474182530888e-07,-0.00012241881631780416,1,0.434341698884964,1932.377600503337,0,0.0,1,0,1,0,6.067039489746094,0.669258713722229,0.5074478983879089,11.498046875,1762704431.8981936,0.0010259912814944983,12.693451881408691,0.42352962493896484,0,0.302507609128952,0.0,617,1,0,0.25222691893577576,3.00034761428833,0,0.3241751492023468,0.09458229690790176,0.054409049451351166,35.719482421875,1.1778744873311734e-15,0,0.6432592868804932,7729.510402013348,617,1,0.05071964114904404,0,0,5.160004615783691,0.4358028769493103
0.45163196325302124,0.5168263912200928,0,3.636096477508545,2.5335925910263266,7.0868964195251465,0.0,0,0,0.7979578971862793,2.6246140003204346,1.7648100852966309,2.3407533168792725,7.048693656921387,0,0.12972979247570038,0.0040816329419612885,0.0781262218952179,1e-06,0.0137786865234375,0.9957398176193237,0.0012515319976955652,-0.0015541425673291087,0.002537250518798828,3475.711664718,0.2827211022377014,2.4214894771575928,0,0.9975998997688293,4.5917479951640416e-07,-6.32609153399244e-05,1,0.4483907222747803,1932.7454447039966,0,0.0,1,0,1,0,5.818897247314453,0.6542700529098511,0.6004766821861267,11.498046875,1762704436.0584986,0.0006315753562375903,11.645200729370117,0.5168263912200928,0,0.3202359974384308,0.0,618,1,0,0.27863946557044983,1.0002195835113525,0,0.3178555965423584,0.10265439748764038,0.049711521714925766,20.364967346191406,5.475891185871312e-16,0,0.6476715803146362,7730.981778815986,618,1,0.06376581639051437,0,0,4.829316139221191,0.4503832161426544
0.43033352494239807,1.048572063446045,0,4.281637668609619,2.5602010853387083,7.0252366065979,-0.00010793474939418957,0,0,0.8304873108863831,2.2696778774261475,1.1465027332305908,2.207919120788574,6.858966827392578,0,0.16555441915988922,0.0027060271240770817,0.06635569036006927,1e-06,0.017293930053710938,0.9969099164009094,0.0023638680577278137,-0.0013842087937518954,0.002979755401611328,3482.52049111,0.2341943383216858,2.4749748706817627,0,0.9967729449272156,5.213100280343497e-07,-1.377981789119076e-05,1,0.4218355715274811,1953.04367511201,0,0.0,1,0,1,0,6.211570739746094,0.6943258047103882,0.7381038665771484,11.498046875,1762704441.3953528,0.0007012736168690026,9.972549438476562,1.048572063446045,0,0.29570475220680237,0.0,619,1,0,0.23148831725120544,2.0003530979156494,0,0.29037564992904663,0.10513126850128174,0.02275882475078106,35.807430267333984,9.15595605653326e-16,0,0.584479570388794,7812.17470044804,619,1,0.051955446600914,0,0,5.648491859436035,0.42354631423950195
0.44092288613319397,0.6128921508789062,0,6.188848495483398,2.4497203303254387,7.380373001098633,0.0,0,0,0.8256458044052124,3.176077365875244,1.7606253623962402,2.2717530727386475,7.843672752380371,0,0.19402825832366943,0.00384522951208055,0.0637904703617096,1e-06,0.01336669921875,0.9962053894996643,0.0016335248947143555,-0.0032745276112109423,0.0027031898498535156,3485.387392864,0.2585916817188263,2.156742572784424,0,0.9968588352203369,5.299289568938548e-06,-0.00019249535398557782,1,0.4357709586620331,1868.7636781086812,0,0.0,1,0,1,0,4.937265396118164,0.6726158261299133,0.501129150390625,11.498046875,1762704448.2036731,0.0009061471791937947,11.807610511779785,0.6128921508789062,0,0.29317688941955566,0.0,620,1,0,0.2547464668750763,3.0003888607025146,0,0.2911514341831207,0.07886823266744614,0.044443145394325256,20.888500213623047,5.016262786026955e-17,0,0.5716285705566406,7475.054712434725,620,1,0.061898015439510345,0,0,4.935327529907227,0.4379133880138397
0.42477014660835266,0.5331375598907471,0,2.326852321624756,2.5781383433184626,8.667581558227539,-3.172272408846766e-05,0,0,0.824407696723938,2.3153202533721924,1.6266587972640991,2.595108985900879,8.047056198120117,0,0.11410050839185715,0.0019849147647619247,0.073876291513443,1e-06,0.02861785888671875,0.9922209978103638,0.0010635127546265721,-0.002621585503220558,0.0022995471954345703,3491.477558907,0.21933308243751526,2.632657766342163,0,0.9919112324714661,3.196310274233838e-07,-7.338634168263525e-05,1,0.4124823808670044,1966.7270722665648,0,0.0,1,0,1,0,5.227031707763672,0.6930203437805176,0.6741923093795776,11.498046875,1762704451.0702834,0.000696580798830837,12.255269050598145,0.5331375598907471,0,0.2942586839199066,0.0,621,1,0,0.2173481583595276,9.298324584960938e-05,0,0.3009486794471741,0.08903174102306366,0.05064443126320839,30.70390510559082,8.532006044248427e-17,0,0.5525555610656738,7866.908289066259,621,1,0.0445125587284565,0,0,5.452773094177246,0.4138357937335968
0.45483723282814026,0.8071091175079346,0,5.276585817337036,2.6403986321432495,7.706856727600098,2.130240375208814e-07,0,0,0.8072901368141174,2.2641637325286865,2.0332114696502686,2.963679790496826,7.814971923828125,0,0.1727505326271057,0.0021691974252462387,0.0905892476439476,1e-06,0.023975372314453125,0.9928280711174011,0.0012452980736270547,-0.004126706626266241,0.003019571304321289,3497.767946458,0.3006507456302643,2.9461591243743896,0,0.9806548953056335,4.2755942786243395e-07,-0.00022049715335015208,1,0.45764151215553284,2014.222194425616,0,0.0,1,0,1,0,5.32344913482666,0.6251153349876404,0.551990270614624,11.498046875,1762704457.160759,0.0010352234821766615,11.472539901733398,0.8071091175079346,0,0.30572569370269775,0.0,622,1,0,0.2984815537929535,3.000385284423828,0,0.31745821237564087,0.10629046708345413,0.06109760329127312,22.214319229125977,2.0460582443251077e-16,0,0.5849372148513794,8056.888777702464,622,1,0.046529147773981094,0,0,5.1616411209106445,0.4585907757282257
0.44187358021736145,0.6572182178497314,0,5.6254332065582275,2.578892702409946,7.179825782775879,-4.743256067740731e-05,0,0,0.8281798958778381,2.5432116985321045,1.7139230966567993,2.36868953704834,7.561313152313232,0,0.14001107215881348,0.0029923829715698957,0.05815711244940758,1e-06,0.013551712036132812,0.9978943467140198,0.0013019867474213243,-0.001550260465592146,0.002698183059692383,3501.94220406,0.2608813941478729,2.593027114868164,0,0.9982313513755798,1.4350753190228716e-06,-0.0001696569233899936,1,0.43753209710121155,1967.3025334132776,0,0.0,1,0,1,0,5.727012634277344,0.6783319115638733,0.48892635107040405,11.498046875,1762704463.4499152,0.0006067596841603518,12.916337966918945,0.6572182178497314,0,0.2993098199367523,0.0,623,1,0,0.2578890025615692,3.070645332336426,0,0.26885414123535156,0.08175700902938843,0.019150134176015854,23.98402214050293,5.06622634790973e-16,0,0.5247378945350647,7869.2101336531105,623,1,0.05462820082902908,0,0,5.833661079406738,0.4391750693321228
0.4476354420185089,0.8174557685852051,0,3.3508129119873047,2.6024796000411405,7.190069675445557,0.0,0,0,0.7954567670822144,2.3393259048461914,1.5390479564666748,2.6657986640930176,6.68272590637207,0,0.10727739334106445,0.0026566307060420513,0.07114357501268387,1e-06,0.0210418701171875,0.9935329556465149,0.0009695785120129585,-0.0020607488695532084,0.002516031265258789,3507.273766,0.2778392732143402,3.0092287063598633,0,0.9953900575637817,2.6417687593038863e-08,-0.00011317079042783007,1,0.4466557204723358,1985.2957455472476,0,0.0,1,0,1,0,5.925156593322754,0.6607409715652466,0.5528445243835449,11.498046875,1762704467.6258454,0.0006473726825788617,13.109504699707031,0.8174557685852051,0,0.32401543855667114,0.0,624,1,0,0.27518266439437866,1.000169038772583,0,0.28977373242378235,0.10374978184700012,0.024701297283172607,23.194787979125977,7.084889627661613e-18,0,0.5554540753364563,7941.1829821889905,624,1,0.05147969722747803,0,0,5.641085624694824,0.4479832947254181
0.4559750258922577,1.0499982833862305,0,4.274348258972168,2.639272059369061,8.860808372497559,-5.145627437741496e-05,0,0,0.8288183212280273,2.262167453765869,3.1434829235076904,3.533034563064575,9.009355545043945,0,0.10546714812517166,0.004531410988420248,0.0717654600739479,1e-06,0.027362823486328125,0.9947053790092468,0.0009212660370394588,-0.0008636196726001799,0.0027968883514404297,3515.019727089,0.3122554123401642,2.925243377685547,0,0.9857473969459534,8.433962506160242e-08,-5.275483272271231e-05,1,0.461599200963974,2013.3627909030633,0,0.0,1,0,1,0,4.84855842590332,0.6248106956481934,0.8513967990875244,11.498046875,1762704472.9575136,0.00040942931082099676,12.037068367004395,1.0499982833862305,0,0.29369252920150757,0.0,625,1,0,0.3077239990234375,2.000473737716675,0,0.3018849790096283,0.11040754616260529,0.023815613240003586,24.371644973754883,6.014571317798341e-16,0,0.5555758476257324,8053.451163612253,625,1,0.06716998666524887,0,0,5.512598514556885,0.46346113085746765
0.4584585726261139,0.5752265453338623,0,7.161975145339966,2.538673824966198,8.132320404052734,0.0,0,0,0.8449629545211792,3.14998459815979,1.869890570640564,2.9260103702545166,8.86326789855957,0,0.114107646048069,0.002808271674439311,0.06653968244791031,1e-06,0.019313812255859375,0.9979613423347473,0.0005855382769368589,-0.0014881439274176955,0.0028595924377441406,3518.801947381,0.30916517972946167,3.149726390838623,0,0.9956268668174744,9.221118801860939e-08,-5.974367377348244e-05,1,0.46103864908218384,1936.6216526569035,0,0.0,1,0,1,0,3.977079391479492,0.6338241696357727,0.6540905237197876,11.498046875,1762704480.7021334,0.0004531994927674532,26.34556770324707,0.5752265453338623,0,0.28127238154411316,0.0,626,1,0,0.30635690689086914,4.0005505084991455,0,0.2739145755767822,0.10953579843044281,0.020695552229881287,62.150123596191406,5.173877088665259e-17,0,0.510486900806427,7746.486610627614,626,1,0.05292542278766632,0,0,6.297578811645508,0.4622083902359009
0.45839211344718933,0.421144962310791,0,3.354828119277954,2.5712946746155505,9.237961769104004,-2.485675167918089e-06,0,0,0.7918272614479065,2.343306541442871,2.398374319076538,3.2871952056884766,9.548083305358887,0,0.13080893456935883,0.003105590119957924,0.08179984241724014,1e-06,0.03610801696777344,0.9925779700279236,0.0005892703193239868,-0.0010758613934740424,0.0027260780334472656,3524.418628426,0.31743568181991577,2.912855386734009,0,0.9746253490447998,2.5713464424370613e-07,-7.44479984859936e-05,1,0.4643000066280365,1961.5063948942573,0,0.0,1,0,1,0,5.071527481079102,0.6073002815246582,0.7126126885414124,11.498046875,1762704484.4848526,0.00037784958840347826,16.06383514404297,0.421144962310791,0,0.32330092787742615,0.0,627,1,0,0.3143301010131836,1.0001652240753174,0,0.3226262927055359,0.10857650637626648,0.049844324588775635,69.18721771240234,2.6332725435666404e-15,0,0.5480238199234009,7846.025579577029,627,1,0.05564739182591438,0,0,6.47940731048584,0.4655301868915558
0.4679936170578003,0.37886953353881836,0,5.231169700622559,2.5441136707458676,9.045620918273926,0.0,0,0,0.8548033237457275,2.218684196472168,3.5148754119873047,3.864140748977661,9.062335014343262,0,0.21350853145122528,0.0030016161035746336,0.06709172576665878,1e-06,0.024799346923828125,0.9988601803779602,0.0011016697390004992,-0.006866409443318844,0.00261688232421875,3530.210249723,0.35442158579826355,3.47570538520813,0,0.9875630736351013,3.3936174759219284e-07,-0.00032937765354290605,1,0.47746896743774414,1940.771426850192,0,0.0,1,0,1,0,5.166251182556152,0.5970991849899292,0.6700954437255859,11.498046875,1762704490.1018283,0.001529732602648437,16.15569305419922,0.37886953353881836,0,0.28152334690093994,0.0,628,1,0,0.35141998529434204,3.00039005279541,0,0.3148671090602875,0.09705972671508789,0.026156088337302208,23.313922882080078,4.6111451915031485e-16,0,0.5722618699073792,7763.085707400768,628,1,0.05471104010939598,0,0,5.7011823654174805,0.47839289903640747
0.4694949984550476,0.5992143154144287,0,5.184458494186401,2.5627270873143733,9.25650691986084,8.146340405801311e-06,0,0,0.8211823105812073,2.173196792602539,2.3121280670166016,3.768354654312134,9.909547805786133,0,0.13380585610866547,0.003127665724605322,0.057410452514886856,1e-06,0.022075653076171875,0.9979068040847778,0.0011158502893522382,-0.0011060478864237666,0.002489328384399414,3533.948375487,0.35484790802001953,3.38590931892395,0,0.9883463978767395,4.831838396057719e-07,-5.676917135133408e-05,1,0.47757506370544434,1954.970630072753,0,0.0,1,0,1,0,5.14094352722168,0.5973959565162659,0.5148584246635437,11.498046875,1762704495.8928466,0.0005733252037316561,11.947213172912598,0.5992143154144287,0,0.3047243058681488,0.0,629,1,0,0.3517202138900757,3.0003600120544434,0,0.3080037236213684,0.09098348766565323,0.01721586287021637,21.505653381347656,8.869928276838534e-15,0,0.5523784160614014,7819.882520291012,629,1,0.055845946073532104,0,0,5.92821741104126,0.4785352051258087
0.4694737195968628,0.3962125778198242,0,3.335864782333374,2.5257483429054406,9.93321418762207,0.0,0,0,0.8303824067115784,2.3245091438293457,2.5911741256713867,3.8197879791259766,9.870065689086914,0,0.12666817009449005,0.0021984062623232603,0.05810241028666496,1e-06,0.024774551391601562,0.9977359175682068,0.0009269165457226336,-0.005729906726628542,0.0026907920837402344,3539.223344624,0.34899699687957764,5.312305450439453,0,0.989040195941925,2.648913323355373e-06,-0.00020144424343015999,1,0.4760163426399231,1926.7614775592915,0,0.0,1,0,1,0,6.512903213500977,0.6019425988197327,0.5231091380119324,11.498046875,1762704499.6315217,0.0011627529747784138,73.37590789794922,0.3962125778198242,0,0.2996588945388794,0.0,630,1,0,0.3467985987663269,1.0002081394195557,0,0.27225324511528015,0.0894300565123558,0.022667527198791504,171.0757293701172,7.541488495056107e-16,0,0.538270115852356,7707.045910237166,630,1,0.04684203118085861,0,0,11.267871856689453,0.4767185151576996
0.4560284912586212,1.0128624439239502,0,4.258274555206299,2.5745198964121943,8.26637077331543,0.0,0,0,0.8213544487953186,2.246790885925293,2.2806005477905273,3.17954421043396,8.037847518920898,0,0.09283484518527985,0.003435517894104123,0.06311067193746567,1e-06,0.0259857177734375,0.9968743324279785,0.0012651135912165046,-0.0052183582447469234,0.0027780532836914062,3545.972538516,0.30364692211151123,3.1743640899658203,0,0.9937868118286133,1.5417988379340386e-06,-0.0001984369446290657,1,0.4584103524684906,1963.966748132462,0,0.0,1,0,1,0,4.344486236572266,0.6330912709236145,0.6656727194786072,11.498046875,1762704504.9091163,0.0012267943238839507,18.359264373779297,1.0128624439239502,0,0.30378642678260803,0.0,631,1,0,0.3002113997936249,2.0002994537353516,0,0.25932711362838745,0.09038329124450684,0.028470980003476143,28.59650230407715,8.532689626306641e-17,0,0.49202844500541687,7855.866992529848,631,1,0.058520253747701645,0,0,6.584203243255615,0.45989277958869934
0.4600220024585724,0.6333990097045898,0,6.106103420257568,2.549720792044846,8.451282501220703,0.0,0,0,0.8388170003890991,3.0942864418029785,2.258138418197632,3.239635705947876,8.682741165161133,0,0.13786648213863373,0.0022970903664827347,0.06335772573947906,1e-06,0.02336883544921875,0.9979546666145325,0.0009366362355649471,-0.0017359001794829965,0.0026941299438476562,3550.69353043,0.31801941990852356,3.3257737159729004,0,0.9935788512229919,1.9683372443068947e-07,-5.5368094763252884e-05,1,0.46486222743988037,1945.0488067994731,0,0.0,1,0,1,0,5.088644027709961,0.6320148706436157,0.7553519606590271,11.498046875,1762704511.6559958,0.0005921562551520765,14.232369422912598,0.6333990097045898,0,0.28912025690078735,0.0,632,1,0,0.3157223165035248,3.000406265258789,0,0.286324143409729,0.10268343240022659,0.021984713152050972,28.12294578552246,3.68548228163435e-15,0,0.548984169960022,7780.195227197893,632,1,0.04787899926304817,0,0,6.107698440551758,0.46576645970344543
0.46839407086372375,0.45725131034851074,0,4.2567243576049805,2.5267980105891104,11.17165756225586,-2.0966488591511734e-05,0,0,0.8416496515274048,2.244633436203003,3.357527494430542,4.312206745147705,10.38791561126709,0,0.1463516801595688,0.003627295373007655,0.05734512209892273,1e-06,0.024934768676757812,0.998292863368988,0.0010309405624866486,-0.0022857394069433212,0.002578258514404297,3555.569450792,0.3513942360877991,6.440752029418945,0,0.9900116324424744,1.8263109780036757e-07,-0.00016624541603960097,1,0.47631558775901794,1927.5622142054478,0,0.0,1,0,1,0,4.527629852294922,0.6016490459442139,0.47527438402175903,11.498046875,1762704516.3770444,0.0006883248570375144,93.12841033935547,0.45725131034851074,0,0.2917863130569458,0.0,633,1,0,0.3477669358253479,2.000349760055542,0,0.28656482696533203,0.08388324826955795,0.015806933864951134,511.1492004394531,1.3932467755026662e-18,0,0.5302400588989258,7710.248856821791,633,1,0.06012451648712158,0,0,31.01732063293457,0.47745996713638306
0.4550836682319641,0.44869089126586914,0,4.420685768127441,2.5428506949223166,8.631196975708008,0.0,0,0,0.8170314431190491,2.4089481830596924,2.2978200912475586,3.117453098297119,8.339109420776367,0,0.11826644092798233,0.004263382405042648,0.054330017417669296,1e-06,0.025053024291992188,0.994904637336731,0.0005704931099899113,-0.002460855757817626,0.002627849578857422,3560.795512767,0.2986735999584198,2.8841819763183594,0,0.9914152026176453,1.0511021741876903e-07,-0.00011435753549449146,1,0.4558311700820923,1939.8079685663365,0,0.0,1,0,1,0,4.559750556945801,0.6395870447158813,0.5283190608024597,11.498046875,1762704521.2531126,0.0005709793767891824,11.864645957946777,0.44869089126586914,0,0.3036532402038574,0.0,634,1,0,0.29441022872924805,2.000260353088379,0,0.28922244906425476,0.07760370522737503,0.015187127515673637,30.330951690673828,1.339817393027743e-16,0,0.536385178565979,7759.231874265346,634,1,0.06516295671463013,0,0,6.068578243255615,0.45773062109947205
0.4654539227485657,0.6728992462158203,0,4.545430421829224,2.688205141340405,8.511016845703125,-5.8125580835621804e-05,0,0,0.843049943447113,2.5329792499542236,2.4195621013641357,3.402829885482788,9.624752044677734,0,0.060696542263031006,0.002285424154251814,0.05505205690860748,1e-06,0.029356002807617188,0.9984302520751953,0.0007017054595053196,-0.001385079580359161,0.0027015209197998047,3566.835145645,0.3349415957927704,3.6087286472320557,0,0.9900510311126709,4.149703158873308e-07,-7.796297722961754e-05,1,0.4712243974208832,2050.691283104381,0,0.0,1,0,1,0,4.0632171630859375,0.6143506765365601,0.5210439562797546,11.498046875,1762704526.4784598,0.00042274827137589455,29.773218154907227,0.6728992462158203,0,0.2928728759288788,0.0,635,1,0,0.3326561748981476,2.000345230102539,0,0.2902876138687134,0.07988271117210388,0.024824174121022224,89.1279525756836,5.670312246441368e-16,0,0.5180176496505737,8202.765132417524,635,1,0.04775751382112503,0,0,7.603342056274414,0.47203001379966736
0.45952367782592773,0.743760347366333,0,5.288386106491089,2.56079996727392,7.0563507080078125,-5.333303488441743e-05,0,0,0.7786263823509216,2.2763638496398926,1.5677729845046997,2.664048194885254,6.798794746398926,0,0.11019537597894669,0.003887689206749201,0.06768067181110382,1e-06,0.03550910949707031,0.9910895824432373,0.0012621545465663075,-0.0021579405292868614,0.002584695816040039,3572.202799413,0.31101512908935547,2.867319107055664,0,0.9884827136993408,1.676703647035538e-07,-9.845279419096187e-05,1,0.46135252714157104,1953.5005308576006,0,0.0,1,0,1,0,5.470084190368652,0.618803083896637,0.6309788823127747,11.498046875,1762704532.518385,0.0005867331055924296,11.8977689743042,0.743760347366333,0,0.3371514678001404,0.0,636,1,0,0.307127445936203,3.000365972518921,0,0.3416990637779236,0.10052706301212311,0.03420661762356758,19.767850875854492,5.596109777981727e-17,0,0.6333214640617371,7814.002123430402,636,1,0.062236737459897995,0,0,5.357492446899414,0.4629589915275574
0.4614102244377136,0.620537281036377,0,4.742719888687134,2.5793547369720438,7.982175350189209,0.0,0,0,0.8398522138595581,2.6116294860839844,1.7721185684204102,3.0072977542877197,7.436812400817871,0,0.14450041949748993,0.003693181788548827,0.04672570899128914,1e-06,0.019229888916015625,0.9987302422523499,0.0009801953565329313,-0.002520872512832284,0.004896402359008789,3577.619122154,0.3187499940395355,3.2330310344696045,0,0.9962156414985657,8.73824319569394e-08,-0.0001657808170421049,1,0.4646044969558716,1967.654995446184,0,0.0,1,0,1,0,6.097145080566406,0.6370990872383118,0.5360836386680603,11.498046875,1762704537.88857,0.0006805381271988153,12.071324348449707,0.620537281036377,0,0.2944907546043396,0.0,637,1,0,0.31505680084228516,2.1174962520599365,0,0.269896537065506,0.07680613547563553,0.009158558212220669,30.284263610839844,7.212180316224335e-18,0,0.5555354356765747,7870.619981784736,637,1,0.060667846351861954,0,0,5.944924831390381,0.46605807542800903
0.4638108015060425,0.6078736782073975,0,4.7986836433410645,2.631313468800195,8.633606910705566,-1.3846687579643913e-05,0,0,0.8377130031585693,2.7872228622436523,2.6192967891693115,3.1910948753356934,9.29954719543457,0,0.2145155519247055,0.0023828435223549604,0.06830930709838867,1e-06,0.021373748779296875,0.998313307762146,0.0014182558516040444,-0.0020135531667619944,0.002656221389770508,3582.493768642,0.32618480920791626,2.82257080078125,0,0.9943205714225769,4.6750592730404605e-08,-0.00015939662989694625,1,0.46798741817474365,2007.2915978775072,0,0.0,1,0,1,0,4.404664039611816,0.6249063014984131,0.9227722883224487,11.498046875,1762704543.3025672,0.0007862416096031666,11.408587455749512,0.6078736782073975,0,0.2953936755657196,0.0,638,1,0,0.3238019645214081,2.0002803802490234,0,0.2653655409812927,0.11808578670024872,0.011652007699012756,22.24383544921875,3.706191072524415e-16,0,0.5213875770568848,8029.166391510029,638,1,0.04876263812184334,0,0,5.860937595367432,0.4688778817653656
0.44496414065361023,0.5864324569702148,0,4.281826734542847,2.5744659742111007,8.164045333862305,-1.3698820966467906e-09,0,0,0.8428862690925598,2.2698564529418945,1.9513753652572632,3.1455931663513184,8.496318817138672,0,0.19471728801727295,0.0036645829677581787,0.07188806682825089,1e-06,0.0339813232421875,0.9962170720100403,0.001517814351245761,-0.0013134413165971637,0.0026917457580566406,3588.364084412,0.28605303168296814,3.335115432739258,0,0.9894329309463501,1.7163812344733742e-06,-6.809573096688837e-05,1,0.4502098560333252,1963.9256137018906,0,0.0,1,0,1,0,4.036986351013184,0.6502600908279419,0.630720317363739,11.498046875,1762704548.1776536,0.0006317354855127633,26.833091735839844,0.5864324569702148,0,0.2809305489063263,0.0,639,1,0,0.28238844871520996,2.0003206729888916,0,0.29158613085746765,0.10612620413303375,0.036164864897727966,44.69507598876953,8.484429924136827e-16,0,0.49230536818504333,7855.702454807562,639,1,0.06043129041790962,0,0,6.245323181152344,0.4519631862640381
0.4651834964752197,0.5941071510314941,0,5.268885612487793,2.5434247869435307,8.090446472167969,-0.00013724651944357902,0,0,0.8040961623191833,2.2567496299743652,2.485546112060547,3.0846176147460938,8.283193588256836,0,0.08360350877046585,0.0037694014608860016,0.0627673789858818,1e-06,0.054431915283203125,0.9937518239021301,0.001150566153228283,-0.0010468097170814872,0.0027086734771728516,3592.494182279,0.3545454740524292,2.8108303546905518,0,0.9395798444747925,3.0783323268224194e-07,-4.730138971353881e-05,1,0.477265864610672,1940.245913381447,0,0.0,1,0,1,0,4.614030838012695,0.5716672539710999,0.48809587955474854,11.498046875,1762704554.0471504,0.0005672730039805174,12.46872329711914,0.5941071510314941,0,0.3126814663410187,0.0,640,1,0,0.3507760763168335,3.000408172607422,0,0.4060610830783844,0.08887176960706711,0.02455069310963154,19.593244552612305,7.783969146262187e-16,0,0.6584514379501343,7760.983653525788,640,1,0.06128642335534096,0,0,4.948637962341309,0.4784283936023712
0.43946030735969543,0.62204909324646,0,3.5013606548309326,2.6842885815054895,7.022088050842285,-6.238561036298051e-05,0,0,0.8362377882003784,2.488403081893921,1.5616506338119507,2.33156418800354,6.689100742340088,0,0.10787802934646606,0.005347593687474728,0.07673810422420502,1e-06,0.04236602783203125,0.9961569905281067,0.0010216418886557221,-0.0021849495824426413,0.002688169479370117,3597.58745219,0.26696833968162537,2.4040775299072266,0,0.9843603372573853,4.867678171649459e-07,-0.00018491184164304286,1,0.4395623505115509,2047.7035441890343,0,0.0,1,0,1,0,6.462949752807617,0.6512643694877625,0.6549210548400879,11.498046875,1762704558.1772382,0.0006634680321440101,15.916505813598633,0.62204909324646,0,0.2836425006389618,0.0,641,1,0,0.26162073016166687,1.0001599788665771,0,0.3130553364753723,0.09335269778966904,0.044018231332302094,42.40523147583008,1.3319136491875744e-16,0,0.5190568566322327,8190.814176756137,641,1,0.0729389488697052,0,0,5.2565507888793945,0.44242116808891296
0.4483030140399933,1.1098823547363281,0,3.9694008827209473,2.6205649103377806,8.307511329650879,0.0,0,0,0.8094420433044434,1.9580841064453125,1.9318578243255615,2.636286735534668,7.852892875671387,0,0.15084141492843628,0.004743083380162716,0.07784987986087799,1e-06,0.01810455322265625,0.9964995384216309,0.0017193846870213747,-0.003471593838185072,0.0024328231811523438,3603.48322855,0.2819499373435974,2.2955901622772217,0,0.9953747987747192,5.361883381738153e-08,-0.00022215349599719048,1,0.44767847657203674,1999.0920840807958,0,0.0,1,0,1,0,6.9358367919921875,0.6609531044960022,0.5830389857292175,11.498046875,1762704563.2637465,0.0011799391359090805,12.354628562927246,1.1098823547363281,0,0.31066039204597473,0.0,642,1,0,0.2772068679332733,2.0002975463867188,0,0.28225773572921753,0.10224436968564987,0.043929100036621094,21.317787170410156,2.2705599065416665e-15,0,0.5633602738380432,7996.368336323183,642,1,0.06871557235717773,0,0,4.623292922973633,0.450008362531662
0.43998104333877563,0.6359860897064209,0,5.260032415390015,2.5747296323829074,7.332197666168213,-8.658468686917331e-06,0,0,0.8359739780426025,2.2478060722351074,1.5432770252227783,2.3988289833068848,7.192209243774414,0,0.1632443070411682,0.003907945938408375,0.06598109751939774,1e-06,0.03204345703125,0.9959768056869507,0.0014506216393783689,-0.0018635652959346771,0.0027463436126708984,3609.648490077,0.26530611515045166,2.672029972076416,0,0.9899864792823792,2.750969940734649e-07,-0.00016558292554691434,1,0.43944406509399414,1964.1267447488963,0,0.0,1,0,1,0,5.516580581665039,0.6618266105651855,0.7098575234413147,11.498046875,1762704569.166768,0.0007870976696722209,23.674983978271484,0.6359860897064209,0,0.2857206463813782,0.0,643,1,0,0.26139816641807556,3.0004334449768066,0,0.3015131950378418,0.09338896721601486,0.03083532489836216,70.83448791503906,3.394211897391711e-17,0,0.5466562509536743,7856.506978995585,643,1,0.062398068606853485,0,0,6.2150654792785645,0.4415440261363983
0.4439653158187866,1.0698320865631104,0,4.8875367641448975,2.5395453067170934,6.621725559234619,6.461623343056999e-06,0,0,0.8324787616729736,2.8756256103515625,1.2902754545211792,2.2473831176757812,6.499056816101074,0,0.13546893000602722,0.0037411970552057028,0.0707307904958725,1e-06,0.029035568237304688,0.9966419339179993,0.001171707408502698,-0.003012872999534011,0.0026922225952148438,3612.822691987,0.265625,2.6772050857543945,0,0.9917871356010437,1.2046706387991435e-07,-0.000133184454170987,1,0.43970808386802673,1937.2864605625434,0,0.0,1,0,1,0,6.22343635559082,0.6605282425880432,0.5129647850990295,11.498046875,1762704575.3326743,0.000821127207018435,20.354476928710938,1.0698320865631104,0,0.29186302423477173,0.0,644,1,0,0.26188379526138306,2.000293016433716,0,0.31783148646354675,0.0894383043050766,0.038288816809654236,40.708953857421875,3.2706896120892085e-16,0,0.6067492961883545,7749.145842250174,644,1,0.06105751916766167,0,0,5.132373809814453,0.4417140483856201
0.437461256980896,0.8235936164855957,0,2.3453726768493652,2.687555219501795,6.4607253074646,0.0,0,0,0.8333010077476501,2.334010124206543,1.5281317234039307,1.988675594329834,7.124471187591553,0,0.18683432042598724,0.004089979454874992,0.0772535428404808,1e-06,0.021089553833007812,0.9967429041862488,0.0013274428201839328,-0.0017442404059693217,0.0023162364959716797,3618.988043629,0.2506248652935028,1.8821563720703125,0,0.9952073693275452,9.705969205242582e-06,-9.87508610705845e-05,1,0.43104252219200134,2050.1954916825734,0,0.0,1,0,1,0,5.805524826049805,0.6758953928947449,0.712513267993927,11.498046875,1762704578.5086207,0.0006813532672822475,10.098464965820312,0.8235936164855957,0,0.289254754781723,0.0,645,1,0,0.24653486907482147,0.00011157989501953125,0,0.290202260017395,0.1037771999835968,0.040384791791439056,16.208707809448242,8.398200381919563e-15,0,0.5788702368736267,8200.781966730294,645,1,0.06382928043603897,0,0,4.346467018127441,0.43342211842536926
0.456398069858551,0.9219694137573242,0,5.233457326889038,2.6493190131979754,8.698131561279297,-0.00012792010966222733,0,0,0.8213553428649902,2.2204742431640625,2.318267822265625,2.9340620040893555,8.948222160339355,0,0.07206401973962784,0.0031250000465661287,0.07082720100879669,1e-06,0.02954864501953125,0.9969948530197144,0.0009708860307000577,-0.002516182605177164,0.003038644790649414,3624.993849331,0.3111328184604645,2.4105827808380127,0,0.9843470454216003,3.526605141246364e-08,-0.00010170515452045947,1,0.46171489357948303,2021.0270871734117,0,0.0,1,0,1,0,5.359031677246094,0.6218860745429993,0.478393018245697,11.498046875,1762704584.671525,0.0006509008235298097,14.58447551727295,0.9219694137573242,0,0.3053566515445709,0.0,646,1,0,0.3080078065395355,3.0004982948303223,0,0.2978609502315521,0.08625712245702744,0.043502580374479294,36.1673583984375,5.740655685732877e-16,0,0.5599032044410706,8084.108348693647,646,1,0.055819734930992126,0,0,4.520408630371094,0.46300220489501953
0.448997437953949,0.4844191074371338,0,5.514241456985474,2.6262866467752346,7.418903827667236,0.0,0,0,0.8354958295822144,2.49287748336792,1.7100303173065186,2.497147560119629,7.722618103027344,0,0.2648267447948456,0.0026075621135532856,0.058076389133930206,1e-06,0.0200958251953125,0.9980235695838928,0.001192501513287425,-0.004909450653940439,0.002740144729614258,3629.731781276,0.28187745809555054,2.8354434967041016,0,0.9944024682044983,3.9145695041042927e-07,-0.00014538515824824572,1,0.44869890809059143,2003.456897932263,0,0.0,1,0,1,0,6.667764663696289,0.6576783061027527,0.5238161683082581,11.498046875,1762704590.6767268,0.0010982864769175649,27.800508499145508,0.4844191074371338,0,0.28950273990631104,0.0,647,1,0,0.27926990389823914,3.0004210472106934,0,0.29216235876083374,0.08254296332597733,0.01742679625749588,83.36347198486328,2.0667274695121132e-17,0,0.5957342386245728,8013.827591729052,647,1,0.0510043203830719,0,0,7.273227691650391,0.44997259974479675
0.44843968749046326,0.47264766693115234,0,4.259360313415527,2.633878519237519,7.0468292236328125,0.0,0,0,0.8336238265037537,2.2460460662841797,1.6682977676391602,2.5562541484832764,7.481657981872559,0,0.1272672712802887,0.0032903060782700777,0.06151922419667244,1e-06,0.01418304443359375,0.9977260231971741,0.0018806334119290113,-0.0027186886873096228,0.002645254135131836,3636.716852527,0.27967602014541626,2.6849212646484375,0,0.9969428777694702,1.2612323985194962e-07,-0.00021533799008466303,1,0.44726648926734924,2009.2483408699413,0,0.0,1,0,1,0,5.933864593505859,0.6694842576980591,1.0395231246948242,11.498046875,1762704595.4152524,0.000964335456956178,12.4619140625,0.47264766693115234,0,0.29037123918533325,0.0,648,1,0,0.27638572454452515,2.0003139972686768,0,0.2497287541627884,0.10367903858423233,0.02419523522257805,20.557992935180664,6.63270406662011e-17,0,0.5563449859619141,8036.993363479765,648,1,0.0572739914059639,0,0,5.411454200744629,0.4488967955112457
0.4475595951080322,0.4981200695037842,0,6.479613780975342,2.562525022180947,7.784029960632324,0.0,0,0,0.8383254408836365,2.467454433441162,1.6808595657348633,2.687751293182373,7.607822895050049,0,0.09338397532701492,0.002048247493803501,0.06528174877166748,1e-06,0.0215911865234375,0.9974333643913269,0.0016757705016061664,-0.005885048303753138,0.002731800079345703,3641.318890963,0.27992716431617737,2.7379865646362305,0,0.9931065440177917,2.2069182037398605e-08,-0.00019125157268717885,1,0.4480043351650238,1954.8164851373963,0,0.0,1,0,1,0,6.862466812133789,0.6533977389335632,0.5190412402153015,11.498046875,1762704602.4000928,0.0012552529806271195,10.305360794067383,0.4981200695037842,0,0.2897149920463562,0.0,649,1,0,0.27787891030311584,4.000535011291504,0,0.29317161440849304,0.09572633355855942,0.018958130851387978,33.519710540771484,6.7611968967670556e-18,0,0.5904226899147034,7819.265940549585,649,1,0.04521634429693222,0,0,5.905447959899902,0.449014276266098
0.4515823721885681,0.5403580665588379,0,4.0576887130737305,2.538188391564018,8.520885467529297,0.0,0,0,0.814400315284729,3.046168088912964,2.2933602333068848,2.9764161109924316,8.118429183959961,0,0.29535186290740967,0.0032637075055390596,0.08635915070772171,1e-06,0.028203964233398438,0.9954455494880676,0.0009984608041122556,-0.0028424537740647793,0.002522706985473633,3646.443388185,0.29395124316215515,2.6895673274993896,0,0.9871178269386292,1.0591087630018592e-05,-9.564404172124341e-05,1,0.45412904024124146,1936.2513408711436,0,0.0,1,0,1,0,5.758356094360352,0.6359574794769287,0.6455516815185547,11.498046875,1762704607.0047052,0.0007409380632452667,13.120373725891113,0.5403580665588379,0,0.30138280987739563,0.0,650,1,0,0.29068753123283386,1.00014328956604,0,0.29434406757354736,0.11448279023170471,0.04761341214179993,76.61788940429688,1.4429749416354433e-15,0,0.5666869878768921,7745.005363484574,650,1,0.057041771709918976,0,0,6.701046466827393,0.4556194543838501
0.4276725649833679,0.8334555625915527,0,4.280890226364136,2.5780556237040195,6.721258163452148,0.0,0,0,0.8394209146499634,2.2688913345336914,1.339324951171875,2.0613152980804443,5.869329452514648,0,0.12686532735824585,0.003603170858696103,0.06106327101588249,1e-06,0.017436981201171875,0.9972008466720581,0.0022615070920437574,-0.002270847326144576,0.0026929378509521484,3651.450768634,0.2284410297870636,2.8107688426971436,0,0.9970627427101135,5.227176558264546e-08,-0.00010629781900206581,1,0.41752564907073975,1966.6639697935907,0,0.0,1,0,1,0,5.543340682983398,0.7016850113868713,0.3828474283218384,11.498046875,1762704612.1261456,0.0007687938050366938,33.63174819946289,0.8334555625915527,0,0.28287801146507263,0.0,651,1,0,0.22483785450458527,2.0002148151397705,0,0.271206796169281,0.07596667110919952,0.04001764580607414,92.48660278320312,1.2664020934618093e-14,0,0.5570207238197327,7866.655879174363,651,1,0.059925373643636703,0,0,7.52136754989624,0.41987863183021545
0.4583439826965332,0.5625770092010498,0,4.43818211555481,2.626184120208487,7.763082027435303,-0.0002491076593287289,0,0,0.8092133402824402,2.252014398574829,2.1328890323638916,2.964080810546875,7.958343505859375,0,0.13740485906600952,0.0039907582104206085,0.0781344622373581,1e-06,0.022121429443359375,0.9932274222373962,0.0018190356204286218,-0.0025578616186976433,0.1768817901611328,3658.865472884,0.3137996196746826,2.8738887310028076,0,0.9923566579818726,2.764805913102464e-06,-0.00020766674424521625,1,0.46246322989463806,2003.3786857699981,0,0.0,1,0,1,0,6.640505790710449,0.6307010054588318,0.6725731492042542,11.498046875,1762704617.1334348,0.0009031416848301888,13.7342529296875,0.5625770092010498,0,0.30655357241630554,0.0,652,1,0,0.3098088800907135,2.000295639038086,0,0.2976573705673218,0.11262836307287216,0.04168936610221863,20.10487937927246,2.141380519795024e-17,0,0.6336028575897217,8013.5147430799925,652,1,0.06305289268493652,0,0,4.962348937988281,0.4640847444534302
0.44051527976989746,0.5692934989929199,0,6.838994026184082,2.5941431304470557,8.338584899902344,-1.2980659676031792e-06,0,0,0.824114978313446,2.82625675201416,1.946713924407959,2.813366174697876,7.922882556915283,0,0.1570102423429489,0.0026400149799883366,0.07718148827552795,1e-06,0.023202896118164062,0.9957199692726135,0.0015164465876296163,-0.0018494040705263615,0.002916097640991211,3663.714950453,0.2592872083187103,3.835829257965088,0,0.9915754199028015,1.514762431042982e-07,-7.396837463602424e-05,1,0.4368242025375366,1978.936288351979,0,0.0,1,0,1,0,6.036007881164551,0.6582120656967163,0.723677396774292,11.498046875,1762704624.5484776,0.000611555646173656,52.947208404541016,0.5692934989929199,0,0.2978160083293915,0.0,653,1,0,0.25664716958999634,4.00049614906311,0,0.2991175353527069,0.10004347562789917,0.04512603580951691,128.4274444580078,4.2064401140187735e-19,0,0.5667703747749329,7915.745153407916,653,1,0.05131804943084717,0,0,8.898127555847168,0.4382847845554352
0.46075981855392456,0.563554048538208,0,4.279921293258667,2.519231007186387,9.219693183898926,-0.00013745485921390355,0,0,0.814749538898468,2.2679150104522705,2.7320988178253174,3.668468713760376,9.207353591918945,0,0.11516520380973816,0.0034274193458259106,0.07931745797395706,1e-06,0.022670745849609375,0.9924033880233765,0.0017721345648169518,-0.0009828682523220778,0.0026717185974121094,3668.539849986,0.3245967626571655,3.2671899795532227,0,0.9782242774963379,7.292516102097579e-08,-6.722008401993662e-05,1,0.4669727683067322,1921.7897425742656,0,0.0,1,0,1,0,6.617347717285156,0.6080950498580933,0.5481506586074829,11.498046875,1762704629.398431,0.0005695263971574605,22.33016014099121,0.563554048538208,0,0.2989427149295807,0.0,654,1,0,0.32116934657096863,2.0002963542938232,0,0.323560506105423,0.09751540422439575,0.05145414173603058,53.56309127807617,3.6633621750354814e-16,0,0.6542866230010986,7687.158970297062,654,1,0.0584496445953846,0,0,6.389450550079346,0.4682712256908417
0.4407100975513458,0.5702645778656006,0,4.247250080108643,2.587479148342133,7.5891265869140625,0.0,0,0,0.853661835193634,3.2358150482177734,2.1853950023651123,2.622633218765259,7.946678638458252,0,0.08055994659662247,0.003598848357796669,0.05775131285190582,1e-06,0.013210296630859375,0.9985161423683167,0.0008819983922876418,-0.0033080996945500374,0.0025517940521240234,3674.323509607,0.26535508036613464,2.577232599258423,0,0.9974852204322815,9.01534986041952e-06,-0.00014815812755841762,1,0.43964335322380066,1973.852684499293,0,0.0,1,0,1,0,6.87603759765625,0.6808570027351379,0.48975759744644165,11.498046875,1762704634.2224329,0.0008338312618434429,11.538759231567383,0.5702645778656006,0,0.2692861557006836,0.0,655,1,0,0.2617562413215637,1.000150203704834,0,0.2631843090057373,0.08479298651218414,0.011770559474825859,22.799184799194336,9.465101906457399e-16,0,0.5965839624404907,7895.410737997172,655,1,0.0598895400762558,0,0,5.952515125274658,0.4415750801563263
0.4462472200393677,0.543158769607544,0,5.23186469078064,2.6001246416239403,8.06537914276123,-7.017451571300626e-05,0,0,0.8337137699127197,2.2197651863098145,2.026299238204956,2.7784900665283203,8.445305824279785,0,0.12680861353874207,0.0033620507456362247,0.08224974572658539,1e-06,0.02690887451171875,0.9968035221099854,0.0017790296114981174,-0.0038476467598229647,0.0028095245361328125,3678.822601896,0.2798907160758972,2.4514882564544678,0,0.992199718952179,5.709854349333909e-07,-0.00015656319737900048,1,0.4473282992839813,1983.4992707827444,0,0.0,1,0,1,0,6.850125312805176,0.6553158760070801,0.6548746228218079,11.498046875,1762704640.0046482,0.0009622132056392729,10.989766120910645,0.543158769607544,0,0.28686773777008057,0.0,656,1,0,0.2765286862850189,3.0004186630249023,0,0.3023183047771454,0.10772120207548141,0.0514046736061573,19.755014419555664,7.674965535071215e-15,0,0.6316174864768982,7933.997083130977,656,1,0.05789172276854515,0,0,4.62066650390625,0.448992520570755
0.4407415986061096,0.21546292304992676,0,4.280543804168701,2.6126398595012206,7.512130260467529,-3.388962795725092e-05,0,0,0.8392295241355896,2.268519163131714,1.717835545539856,2.6425933837890625,7.137237548828125,0,0.2412242293357849,0.0044606649316847324,0.08202658593654633,1e-06,0.017353057861328125,0.9968171715736389,0.0012161418562754989,-0.002193976426497102,0.0027213096618652344,3684.729443569,0.2621654272079468,2.7663793563842773,0,0.9949176907539368,2.8145024089099024e-07,-0.00011297880701022223,1,0.43741491436958313,1993.0464767650574,0,0.0,1,0,1,0,6.658590316772461,0.6750452518463135,1.1644099950790405,11.498046875,1762704644.506927,0.0007164226262830198,13.809303283691406,0.21546292304992676,0,0.28311780095100403,0.0,657,1,0,0.2577047646045685,2.000290632247925,0,0.28068482875823975,0.13115836679935455,0.03497391939163208,55.296051025390625,9.955153413661415e-18,0,0.6081095337867737,7972.1859070602295,657,1,0.06664584577083588,0,0,6.222229480743408,0.43985673785209656
0.45359206199645996,0.6121463775634766,0,5.281660079956055,2.6741476895568677,7.150979042053223,0.00011307344539090991,0,0,0.8588327169418335,2.246253490447998,2.013162612915039,2.5043575763702393,7.7414350509643555,0,0.15910246968269348,0.003076923079788685,0.06117855757474899,1e-06,0.0163726806640625,0.9990095496177673,0.0010602708207443357,-0.00584988109767437,0.026487350463867188,3689.150272848,0.2948251962661743,2.490351676940918,0,0.9968209862709045,3.4300477125270845e-08,-0.0002079730184050277,1,0.45463064312934875,2039.9675874340478,0,0.0,1,0,1,0,5.486909866333008,0.6519027352333069,0.5871887803077698,11.498046875,1762704650.4071805,0.0012978384038433433,11.809037208557129,0.6121463775634766,0,0.27028888463974,0.0,658,1,0,0.2917482554912567,3.0004031658172607,0,0.2589688003063202,0.09262484312057495,0.018901212140917778,30.188026428222656,3.473074899945823e-16,0,0.5749767422676086,8159.870349736191,658,1,0.05539236217737198,0,0,5.517152786254883,0.4560278654098511
0.4463880956172943,0.8081550598144531,0,3.613798141479492,2.68290677064876,8.387141227722168,0.0,0,0,0.8401904702186584,2.596723794937134,2.236819267272949,3.020050525665283,8.057394981384277,0,0.0947989821434021,0.004483391065150499,0.07970920205116272,1e-06,0.02355194091796875,0.9970847964286804,0.0005198630969971418,-0.0017284359782934189,0.002507448196411133,3694.472009017,0.27898919582366943,4.743775367736816,0,0.9940555095672607,2.7943221994064515e-06,-5.453298581414856e-05,1,0.4463103711605072,2046.6494328657514,0,0.0,1,0,1,0,6.022178649902344,0.6456838846206665,0.604407012462616,11.498046875,1762704654.8310325,0.0004614157951436937,69.9433822631836,0.8081550598144531,0,0.2828580141067505,0.0,659,1,0,0.2745058238506317,1.0002048015594482,0,0.30612441897392273,0.09762060642242432,0.0548865981400013,233.11891174316406,9.187710130585742e-19,0,0.5690533518791199,8186.597731463005,659,1,0.06681466847658157,0,0,14.59395980834961,0.448547899723053
0.4661027193069458,1.0463225841522217,0,4.270671606063843,2.6704562761346,8.663813591003418,-5.8735167840495706e-05,0,0,0.8449963927268982,2.258890390396118,2.8461391925811768,3.3234097957611084,9.312247276306152,0,0.15467606484889984,0.004391630180180073,0.0658324733376503,1e-06,0.025526046752929688,0.9986363053321838,0.0009071204694919288,-0.0019791899248957634,0.002735137939453125,3701.929773137,0.34719711542129517,2.7955286502838135,0,0.9826170802116394,1.394280673139292e-07,-0.0001385582727380097,1,0.4747084379196167,2037.1516009563175,0,0.0,1,0,1,0,6.644664764404297,0.6035122275352478,0.6287411451339722,11.498046875,1762704660.1550083,0.0006046681082807481,14.817276954650879,1.0463225841522217,0,0.2857985198497772,0.0,660,1,0,0.3428054749965668,2.0002834796905518,0,0.30756622552871704,0.09351047873497009,0.022857993841171265,31.45807647705078,1.1754679873186852e-16,0,0.649996280670166,8148.60640382527,660,1,0.06613223999738693,0,0,5.516146183013916,0.4761405289173126
0.4529692232608795,0.6498854160308838,0,6.802386999130249,2.536397753389943,7.674463748931885,0.0,0,0,0.870927095413208,2.7901432514190674,1.9469941854476929,2.7904727458953857,7.605564117431641,0,0.12579599022865295,0.0028503562789410353,0.059790074825286865,1e-06,0.013269424438476562,0.9989664554595947,0.0005762673099525273,-0.0015864152228459716,0.002972126007080078,3705.278182922,0.2978622317314148,2.750439167022705,0,0.9974496364593506,3.571847457806143e-07,-8.414174953941256e-05,1,0.45610228180885315,1934.8853565426787,0,0.0,1,0,1,0,6.811758995056152,0.6581500768661499,0.6465816497802734,11.498046875,1762704667.6140664,0.0005032585468143225,13.994325637817383,0.6498854160308838,0,0.2643991708755493,0.0,661,1,0,0.29501187801361084,4.000633478164673,0,0.26145681738853455,0.09284735471010208,0.03065238706767559,20.782482147216797,6.788850785415622e-18,0,0.6029332876205444,7739.541426170715,661,1,0.053318917751312256,0,0,5.285857200622559,0.4573729634284973
0.45881640911102295,0.5970287322998047,0,2.7459776401519775,2.715160505876654,8.806211471557617,0.0,0,0,0.8195844292640686,2.733146905899048,2.2442190647125244,3.203132152557373,8.80923080444336,0,0.12547419965267181,0.00419982336461544,0.07710067182779312,1e-06,0.027482986450195312,0.9952211976051331,0.0017649283399805427,-0.0015602933708578348,0.0020041465759277344,3711.192460391,0.3152077794075012,2.908809185028076,0,0.9900639057159424,4.3188168774577207e-07,-0.0001013083674479276,1,0.4629572033882141,2071.2541226873095,0,0.0,1,0,1,0,5.317602157592773,0.6247565746307373,0.6254236102104187,11.498046875,1762704670.9639692,0.0006711402093060315,12.160327911376953,0.5970287322998047,0,0.2996963858604431,0.0,662,1,0,0.3110079765319824,3.9577484130859375e-05,0,0.30948299169540405,0.11225937306880951,0.023791873827576637,23.51851463317871,1.9793222389466155e-15,0,0.5832648873329163,8285.016490749238,662,1,0.06467695534229279,0,0,4.852910041809082,0.46464991569519043
0.45886120200157166,0.6395227909088135,0,5.252190113067627,2.655192231802947,8.753313064575195,-9.73203350440599e-05,0,0,0.8207595348358154,2.2401223182678223,2.5086352825164795,3.4266934394836426,8.957719802856445,0,0.08146148175001144,0.0025493944995105267,0.0765744149684906,1e-06,0.025568008422851562,0.9968777298927307,0.0009413455263711512,-0.0020352026913315058,0.002817392349243164,3717.030323331,0.31336307525634766,3.033518075942993,0,0.9867337942123413,1.633811308465738e-07,-0.00011757369065890089,1,0.4628758430480957,2025.5074588577606,0,0.0,1,0,1,0,6.217914581298828,0.6206140518188477,0.7627212405204773,11.498046875,1762704676.8620956,0.0005938180256634951,12.292277336120605,0.6395227909088135,0,0.29891982674598694,0.0,663,1,0,0.31081366539001465,3.0003812313079834,0,0.30562105774879456,0.10329645127058029,0.04584696888923645,32.87564468383789,7.764065460188487e-17,0,0.5782079100608826,8102.029835431043,663,1,0.0504324845969677,0,0,5.5818986892700195,0.4639098644256592
0.451099157333374,0.5897805690765381,0,5.254162311553955,2.5961307714375765,10.898293495178223,-7.284441380761564e-05,0,0,0.8332296013832092,2.241846799850464,2.6400177478790283,3.624068260192871,8.09246826171875,0,0.23322048783302307,0.004732510074973106,0.06625792384147644,1e-06,0.027782440185546875,0.9963879585266113,0.0009158284519799054,-0.002588234143331647,0.002691030502319336,3722.19137818,0.2997942268848419,7.305911540985107,0,0.9871333837509155,3.4440901686139114e-08,-0.00010772994573926553,1,0.4561174213886261,1980.4525558386076,0,0.0,1,0,1,0,6.25568962097168,0.6291302442550659,0.7539286017417908,11.498046875,1762704682.7128582,0.0006136808078736067,114.13359832763672,0.5897805690765381,0,0.28909555077552795,0.0,664,1,0,0.29506173729896545,3.0003886222839355,0,0.3210873603820801,0.08008178323507309,0.04566849768161774,418.2342224121094,4.813997604795284e-18,0,0.612780749797821,7921.8102233544305,664,1,0.06863732635974884,0,0,27.930395126342773,0.4582148790359497
0.45925694704055786,0.6175658702850342,0,4.536837816238403,2.6296296438948126,9.103199005126953,6.487357313744724e-05,0,0,0.8148158192634583,2.5243759155273438,2.4729790687561035,3.597519874572754,9.093722343444824,0,0.07405566424131393,0.002768439706414938,0.07418441772460938,1e-06,0.025897979736328125,0.9972089529037476,0.0003369987534824759,-0.001219116267748177,0.0030100345611572266,3728.484811086,0.31797507405281067,3.356506586074829,0,0.9835149049758911,1.7001462992993766e-07,-6.264824332902208e-05,1,0.46464404463768005,2006.007095812304,0,0.0,1,0,1,0,5.694149017333984,0.6175916790962219,0.5996543765068054,11.498046875,1762704687.8738391,0.0003773890493903309,19.829103469848633,0.6175658702850342,0,0.3094300925731659,0.0,665,1,0,0.3152066469192505,2.000275135040283,0,0.3136656582355499,0.10272453725337982,0.0418415404856205,52.80381393432617,2.1732373296795847e-16,0,0.6039413213729858,8024.028383249216,665,1,0.052548278123140335,0,0,6.007517337799072,0.4657357633113861
0.4667651653289795,0.7599642276763916,0,5.5287864208221436,2.5345068683378016,8.871684074401855,-0.00018947114585898817,0,0,0.8224029541015625,2.5168280601501465,2.4227864742279053,3.5794379711151123,9.457391738891602,0,0.10911038517951965,0.004273504018783569,0.06275526434183121,1e-06,0.022092819213867188,0.9971173405647278,0.0017462194664403796,-0.003602570854127407,0.0027170181274414062,3731.864651915,0.34472933411598206,3.2597928047180176,0,0.9902120232582092,2.5725974410306662e-05,-0.0001637357781874016,1,0.47391876578330994,1933.4428991073637,0,0.0,1,0,1,0,6.663784980773926,0.6086387634277344,0.6055299639701843,11.498046875,1762704694.1691275,0.0010524949757382274,12.546369552612305,0.7599642276763916,0,0.29486334323883057,0.0,666,1,0,0.3404558300971985,3.000425338745117,0,0.2844855487346649,0.0975615531206131,0.022902382537722588,23.67011260986328,4.969108726551104e-16,0,0.6201300621032715,7733.771596429455,666,1,0.06523995846509933,0,0,5.43635892868042,0.47533637285232544
0.457086980342865,0.6144669055938721,0,2.7579104900360107,2.678436337570693,8.50744342803955,-0.0001127330178860575,0,0,0.8261386156082153,2.745837688446045,2.3390839099884033,3.5634424686431885,8.410128593444824,0,0.13320831954479218,0.0030630999244749546,0.0769537016749382,1e-06,0.029676437377929688,0.9958682060241699,0.002188162412494421,-0.002385214203968644,0.002006053924560547,3737.995239052,0.31223198771476746,6.462940216064453,0,0.9831151366233826,8.905130925995763e-07,-0.0001359258749289438,1,0.4621981382369995,2043.2391729849442,0,0.0,1,0,1,0,5.832664489746094,0.622019350528717,0.7509711384773254,11.498046875,1762704697.5480175,0.0007497816695831716,95.26561737060547,0.6144669055938721,0,0.29647353291511536,0.0,667,1,0,0.30916887521743774,6.413459777832031e-05,0,0.3151189386844635,0.11647749692201614,0.030886737629771233,129.2887725830078,1.5061724801116705e-17,0,0.5945241451263428,8172.956691939777,667,1,0.055266089737415314,0,0,9.237162590026855,0.46345120668411255
0.44760721921920776,0.8731029033660889,0,5.2517969608306885,2.587624280249102,8.1406831741333,-6.305901479208842e-05,0,0,0.8343672156333923,2.239495038986206,2.170013189315796,2.9697985649108887,9.008424758911133,0,0.0994482934474945,0.0029822925571352243,0.07559311389923096,1e-06,0.028123855590820312,0.9950827956199646,0.0010779887670651078,-0.0017453443724662066,0.0026557445526123047,3741.915005484,0.28816401958465576,2.631185531616211,0,0.9864442348480225,1.0001796368896976e-07,-5.613653047475964e-05,1,0.45154306292533875,1973.9633980501098,0,0.0,1,0,1,0,6.565385818481445,0.646522581577301,0.5521988272666931,11.498046875,1762704703.6795108,0.0005884809070266783,10.41188907623291,0.8731029033660889,0,0.28288212418556213,0.0,668,1,0,0.2851817309856415,3.0004119873046875,0,0.297076016664505,0.09525657445192337,0.03716026991605759,31.882505416870117,2.7802874216645e-19,0,0.5783615112304688,7895.853592200439,668,1,0.054533958435058594,0,0,5.108211994171143,0.45295006036758423
0.4681227207183838,0.5792505741119385,0,3.332145929336548,2.646492681474573,9.62014102935791,-6.63189057377167e-05,0,0,0.8260356783866882,2.32076358795166,3.1160531044006348,3.7073071002960205,10.48164176940918,0,0.21494382619857788,0.0027527527417987585,0.06392082571983337,1e-06,0.014745712280273438,0.9976313710212708,0.001604866236448288,-0.005017353221774101,0.002535581588745117,3747.611855327,0.3485985994338989,3.3160433769226074,0,0.99111407995224,9.540217433823273e-07,-0.00023156248789746314,1,0.47570276260375977,2018.8710263359371,0,0.0,1,0,1,0,6.702421188354492,0.6087367534637451,0.589219331741333,11.498046875,1762704707.597352,0.0010911972494795918,23.690689086914062,0.5792505741119385,0,0.2979271113872528,0.0,669,1,0,0.3458458483219147,1.000176191329956,0,0.2848227024078369,0.10439372807741165,0.013593089766800404,37.5098991394043,8.305829718485808e-17,0,0.6209389567375183,8075.4841053437485,669,1,0.052400972694158554,0,0,6.407410621643066,0.476586252450943
0.43845367431640625,1.1042461395263672,0,4.5871827602386475,2.7415028392747907,8.060521125793457,-3.486697460175492e-05,0,0,0.8261333107948303,2.5751795768737793,2.130359649658203,2.537838935852051,8.217759132385254,0,0.20992672443389893,0.0033242080826312304,0.07906242460012436,1e-06,0.024370193481445312,0.9951667785644531,0.0009576227166689932,-0.0012214265298098326,0.0026407241821289062,3752.432159064,0.2581149935722351,2.210055112838745,0,0.9925317168235779,1.333795296432072e-08,-8.992626680992544e-05,1,0.4357861578464508,2091.3493128368427,0,-9.934107758624577e-09,1,0,1,0,6.081686019897461,0.6692799925804138,0.5130938291549683,11.498046875,1762704713.2960417,0.0005343761877156794,10.134356498718262,1.1042461395263672,0,0.29184025526046753,0.0,670,1,0,0.2547907829284668,2.0003018379211426,0,0.29620441794395447,0.0904121920466423,0.04885721206665039,27.246553421020508,6.464041153898965e-19,0,0.5593615770339966,8365.397251347371,670,1,0.05756566300988197,0,0,5.199028968811035,0.43764033913612366
0.439157634973526,0.5718731880187988,0,4.240602254867554,2.6560520034788504,8.241545677185059,-2.04841071536066e-05,0,0,0.85008305311203,2.228283405303955,2.2125978469848633,2.6743037700653076,7.922576904296875,0,0.15498904883861542,0.003252693684771657,0.08250328153371811,1e-06,0.022125244140625,0.9974826574325562,0.0006940005114302039,-0.0013666513841599226,0.0029087066650390625,3758.332483614,0.26143524050712585,2.210069179534912,0,0.9946172833442688,2.962764540370699e-07,-4.99856578244362e-05,1,0.43767938017845154,2026.163333758869,0,0.0,1,0,1,0,5.602409362792969,0.6698893308639526,0.6517578959465027,11.498046875,1762704718.115088,0.0004564902337733656,10.319928169250488,0.5718731880187988,0,0.27600011229515076,0.0,671,1,0,0.258182555437088,2.0003304481506348,0,0.29269030690193176,0.10700006783008575,0.052983205765485764,21.866514205932617,1.2150139174529591e-15,0,0.5570777058601379,8104.653335035476,671,1,0.056945350021123886,0,0,4.443976402282715,0.4394611716270447
0.4369383454322815,0.38959407806396484,0,5.506834506988525,2.654411046112006,8.358986854553223,5.963307194178924e-05,0,0,0.8472391366958618,2.4948291778564453,1.8040809631347656,2.580064296722412,7.994885444641113,0,0.13459359109401703,0.0037428447976708412,0.07277307659387589,1e-06,0.013124465942382812,0.9977746605873108,0.000977141666226089,-0.004159646574407816,0.0028319358825683594,3764.668389445,0.2542932629585266,2.356489419937134,0,0.9977505803108215,8.192383802452241e-07,-0.00023417090415023267,1,0.4333777129650116,2024.911533099617,0,0.0,1,0,1,0,6.242277145385742,0.6909070014953613,0.47445327043533325,11.498046875,1762704724.0182664,0.001087962300516665,11.985963821411133,0.38959407806396484,0,0.2780531644821167,0.0,672,1,0,0.25055041909217834,3.0003302097320557,0,0.24709036946296692,0.09653973579406738,0.03826218843460083,21.522146224975586,1.0413563661013613e-14,0,0.5660830736160278,8099.646132398468,672,1,0.061070915311574936,0,0,5.042817115783691,0.43551111221313477
0.42789286375045776,0.3791823387145996,0,5.947754144668579,2.630209008121094,7.102579593658447,0.0,0,0,0.8346320986747742,2.936290740966797,1.563924789428711,1.9102447032928467,7.193645477294922,0,0.17271573841571808,0.004020369611680508,0.05629754811525345,1e-06,0.011165618896484375,0.9981877207756042,0.0012852168874815106,-0.0020548133179545403,0.0027151107788085938,3768.344970797,0.2326454073190689,1.8415635824203491,0,0.9981963038444519,5.861567586862293e-08,-6.375014345394447e-05,1,0.4200034737586975,2006.4490625172648,0,0.0,1,0,1,0,6.466343879699707,0.7122531533241272,0.46747103333473206,11.498046875,1762704730.3518584,0.0006999053875915706,10.097745895385742,0.3791823387145996,0,0.2924470603466034,0.0,673,1,0,0.22862502932548523,3.00036358833313,0,0.25405940413475037,0.08221318572759628,0.022519731894135475,28.415876388549805,6.354253764262181e-16,0,0.6104894876480103,8025.796250069059,673,1,0.06328728049993515,0,0,4.9479498863220215,0.4225746989250183
0.4222649931907654,0.28830599784851074,0,3.3807859420776367,2.7150352548917884,7.065297603607178,-0.00013662631681654602,0,0,0.862268328666687,2.3527534008026123,1.4326817989349365,1.9603248834609985,7.8607330322265625,0,0.09174000471830368,0.003225806402042508,0.06546157598495483,1e-06,0.009979248046875,0.9984567165374756,0.0006566038355231285,-0.0009930272353813052,0.01917576789855957,3775.028117111,0.22557604312896729,2.306084156036377,0,0.998471736907959,9.067736073120614e-07,-0.0001225373853230849,1,0.41587314009666443,2071.1585752534797,0,0.0,1,0,1,0,6.673151016235352,0.7163951992988586,0.779205322265625,11.498046875,1762704734.0276687,0.0004201201372779906,22.83560562133789,0.28830599784851074,0,0.26652130484580994,0.0,674,1,0,0.22235023975372314,1.0001683235168457,0,0.22252584993839264,0.09406974166631699,0.027337849140167236,114.17803192138672,8.18951899228689e-16,0,0.5073519945144653,8284.634301013919,674,1,0.05671103298664093,0,0,8.007439613342285,0.4180092513561249
0.43211403489112854,0.44152116775512695,0,6.238324165344238,2.67705594849446,7.717249393463135,0.0,0,0,0.847105085849762,2.2255613803863525,1.819156289100647,2.666698455810547,8.81453800201416,0,0.13523675501346588,0.0023666091728955507,0.06118738651275635,1e-06,0.01340484619140625,0.9976994395256042,0.0008523170254193246,-0.002192322164773941,0.002889871597290039,3779.090329173,0.2448364794254303,2.737086057662964,0,0.9975680112838745,6.105130267997083e-08,-0.00017512330668978393,1,0.4286230802536011,2042.1861462637346,0,0.0,1,0,1,0,6.178224563598633,0.6984121799468994,0.5850384831428528,11.498046875,1762704740.7140007,0.0006952639669179916,12.245211601257324,0.44152116775512695,0,0.2772364616394043,0.0,675,1,0,0.2424698770046234,4.000503063201904,0,0.22232289612293243,0.09142228960990906,0.028534574434161186,22.067943572998047,6.644555248692279e-17,0,0.49344751238822937,8168.744585054938,675,1,0.04859543591737747,0,0,5.495158672332764,0.4300364851951599
0.4444545805454254,0.4451444149017334,0,3.6082916259765625,2.6384410275988603,8.52258586883545,-5.220306775299832e-06,0,0,0.837270200252533,2.5967600345611572,1.9332139492034912,2.9145658016204834,8.805841445922852,0,0.10965447127819061,0.00420260988175869,0.06632962822914124,1e-06,0.01694488525390625,0.9978227019309998,0.0012600044719874859,-0.002133839763700962,0.0024924278259277344,3784.363970722,0.27361202239990234,2.785555839538574,0,0.9946336150169373,1.1301782478767564e-06,-0.00016096537001430988,1,0.4437021017074585,2012.7288401747778,0,0.0,1,0,1,0,6.469083786010742,0.6675520539283752,0.5192989706993103,11.498046875,1762704744.7739105,0.0008369397255592048,14.753595352172852,0.4451444149017334,0,0.28682082891464233,0.0,676,1,0,0.2694094181060791,1.0001804828643799,0,0.24393270909786224,0.09287139028310776,0.027846036478877068,25.428335189819336,9.645453220377968e-16,0,0.5166785717010498,8050.915360699111,676,1,0.06469833105802536,0,0,5.048738956451416,0.44586148858070374
0.4253389537334442,1.010854959487915,0,4.254072904586792,2.6877802077060746,7.61139440536499,-4.5025572035228834e-05,0,0,0.8470631837844849,2.241997718811035,1.3028134107589722,2.2088184356689453,6.737208366394043,0,0.22765228152275085,0.0043045468628406525,0.06053178012371063,1e-06,0.011318206787109375,0.9990465044975281,0.001184656284749508,-0.0016687976894900203,0.0026476383209228516,3791.581634334,0.23432877659797668,4.335874557495117,0,0.9986520409584045,5.108127538733243e-07,-0.00013405336358118802,1,0.42090466618537903,2050.3671234312897,0,0.0,1,0,1,0,5.562349319458008,0.7170840501785278,0.5490883588790894,11.498046875,1762704750.0452945,0.0007661701529286802,63.34140396118164,1.010854959487915,0,0.2892499566078186,0.0,677,1,0,0.23002421855926514,2.0002944469451904,0,0.22436204552650452,0.09535921365022659,0.014280968345701694,227.7984619140625,2.305902356265852e-15,0,0.4783521890640259,8201.468493725159,677,1,0.06547649204730988,0,0,14.535401344299316,0.4236355423927307
0.4506450593471527,0.7189993858337402,0,6.492992877960205,2.5159972011906904,8.583358764648438,-7.323429599637166e-05,0,0,0.8351565599441528,2.4798080921173096,2.0969326496124268,2.7266123294830322,8.547950744628906,0,0.14960594475269318,0.0037677304353564978,0.08802977949380875,1e-06,0.01123046875,0.9973767399787903,0.00193146918900311,-0.004332608077675104,0.0026764869689941406,3795.909225898,0.2845744490623474,2.5985233783721924,0,0.9975511431694031,2.2112985789135564e-06,-0.0001892896107165143,1,0.4494430720806122,1919.3228408990017,0,0.0,1,0,1,0,6.314299583435059,0.6648356914520264,0.5706270337104797,11.498046875,1762704757.263847,0.001044315518811345,23.447160720825195,0.7189993858337402,0,0.28647008538246155,0.0,678,1,0,0.2808067202568054,4.000481367111206,0,0.24743440747261047,0.10995814949274063,0.045606810599565506,49.641014099121094,2.2705078140154104e-15,0,0.5552756786346436,7677.291363596007,678,1,0.06127288192510605,0,0,5.19954776763916,0.4512615501880646
0.422259658575058,0.4661438465118408,0,3.8561952114105225,2.579149060998503,7.783909320831299,4.4820048060500994e-05,0,0,0.8518314361572266,2.8441576957702637,1.4310855865478516,2.352841377258301,8.122614860534668,0,0.08554960787296295,0.0034910785034298897,0.06328268349170685,1e-06,0.017004013061523438,0.997077465057373,0.0014892601175233722,-0.0032804603688418865,0.002477884292602539,3802.735907135,0.22381691634655,2.3659920692443848,0,0.9967171549797058,6.14113631058899e-08,-0.0001542435202281922,1,0.41450655460357666,1967.4980959895177,0,0.0,1,0,1,0,5.859198570251465,0.7132713198661804,0.47239920496940613,11.498046875,1762704761.592855,0.0009226835099980235,11.028203010559082,0.4661438465118408,0,0.2708720564842224,0.0,679,1,0,0.22032584249973297,1.000162124633789,0,0.2386086881160736,0.07599546760320663,0.03127481788396835,21.235973358154297,1.4545752696063278e-15,0,0.4869893491268158,7869.992383958071,679,1,0.05898784101009369,0,0,4.697063446044922,0.41684120893478394
0.42237842082977295,0.565814733505249,0,6.254079818725586,2.4758990969152754,8.0370512008667,-6.902280438225716e-05,0,0,0.8420048952102661,2.242140293121338,1.5162434577941895,2.119316816329956,7.893373489379883,0,0.11085914820432663,0.0018005851889029145,0.06585599482059479,1e-06,0.011098861694335938,0.9966186881065369,0.0012374292127788067,-0.0015442369040101767,0.0026140213012695312,3806.442287766,0.2187711000442505,1.9719034433364868,0,0.9984111189842224,1.4072143983412388e-07,-0.00012830451305489987,1,0.4122287631034851,1888.7340916841251,0,0.0,1,0,1,0,6.3081865310668945,0.7243091464042664,0.542310357093811,11.498046875,1762704768.4201121,0.0006776934606023133,10.657021522521973,0.565814733505249,0,0.2760554254055023,0.0,680,1,0,0.2169705182313919,4.000561475753784,0,0.22191712260246277,0.09086938947439194,0.03245016559958458,21.421178817749023,7.111568452347714e-16,0,0.5008420348167419,7554.9363667365005,680,1,0.042399853467941284,0,0,4.853571891784668,0.41345950961112976
0.4373801350593567,0.30106163024902344,0,3.3940653800964355,2.5902525142996446,8.498164176940918,1.2572446394187864e-05,0,0,0.8406375050544739,2.3812713623046875,1.8125637769699097,2.4999148845672607,8.623372077941895,0,0.0987507775425911,0.0028729282785207033,0.05568411201238632,1e-06,0.019054412841796875,0.9969556331634521,0.0012824967270717025,-0.0016659257235005498,0.002972126007080078,3813.429442137,0.25480663776397705,2.1588361263275146,0,0.9960007667541504,1.9809212972177193e-06,-6.614919402636588e-05,1,0.4341713488101959,1975.9683405206529,0,0.0,1,0,1,0,5.047297477722168,0.6827847957611084,0.4817713797092438,11.498046875,1762704772.123112,0.000688376312609762,8.323555946350098,0.30106163024902344,0,0.2812120020389557,0.0,681,1,0,0.2519336938858032,1.0002670288085938,0,0.23916755616664886,0.07660628110170364,0.023952098563313484,24.64891242980957,1.5179852810034178e-17,0,0.4879697263240814,7903.8733620826115,681,1,0.0535285659134388,0,0,5.115677356719971,0.43580061197280884
0.42102932929992676,0.5086259841918945,0,6.468074321746826,2.5549047968077856,8.745963096618652,-0.0001370802492601797,0,0,0.8306727409362793,2.454838752746582,1.5035569667816162,2.2386856079101562,8.218790054321289,0,0.22537553310394287,0.0044028619304299355,0.07716651260852814,1e-06,0.017425537109375,0.9937722682952881,0.0015444511082023382,-0.0015457761473953724,0.003091573715209961,3817.646712984,0.21610713005065918,2.1957685947418213,0,0.9967058897018433,5.813360530737555e-07,-0.00011472376354504377,1,0.4085537791252136,1949.0034132450332,0,0.0,1,0,1,0,6.711260795593262,0.7099181413650513,0.4895768165588379,11.498046875,1762704779.1079845,0.000693709880579263,11.887858390808105,0.5086259841918945,0,0.2868523895740509,0.0,682,1,0,0.21170426905155182,4.000608921051025,0,0.2664526700973511,0.08450298011302948,0.06053606793284416,35.448062896728516,4.159774145284659e-15,0,0.5321979522705078,7796.013652980133,682,1,0.06621389836072922,0,0,5.145864963531494,0.4116259515285492
0.39919960498809814,0.810837984085083,0,3.401240110397339,2.5110869304828296,9.026360511779785,-0.00014562721480615437,0,0,0.8762304782867432,2.3817436695098877,1.6873507499694824,2.992521047592163,8.760354042053223,0,0.11302969604730606,0.0034162080846726894,0.06936096400022507,1e-06,0.001789093017578125,0.9995680451393127,0.0014130995841696858,-0.0020220240112394094,0.0028879642486572266,3824.644659114,0.18903018534183502,4.22304630279541,0,0.9996984004974365,1.2016528216918232e-07,-0.00018539380107540637,1,0.3888317346572876,1915.5770518654788,0,0.0,1,0,1,0,6.28060245513916,0.77568519115448,0.5257654190063477,11.498046875,1762704783.328384,0.0007272825459949672,51.944664001464844,0.810837984085083,0,0.26097455620765686,0.0,683,1,0,0.1856139749288559,1.000201940536499,0,0.15249291062355042,0.08930575847625732,0.03781277686357498,73.5882797241211,1.4679847151959402e-18,0,0.43740114569664,7662.308207461915,683,1,0.05835394933819771,0,0,7.299137592315674,0.39156976342201233
0.43884795904159546,0.8518636226654053,0,6.139999866485596,2.509551496915928,9.959097862243652,-0.00012828889884985983,0,0,0.8258530497550964,3.126438617706299,1.8627538681030273,2.9374935626983643,9.370034217834473,0,0.16095249354839325,0.004442470148205757,0.07181663066148758,1e-06,0.013545989990234375,0.9969764947891235,0.0012680519139394164,-0.003531478811055422,0.0044062137603759766,3827.688581203,0.2558862864971161,3.121819257736206,0,0.9971883893013,1.3272978094391874e-07,-0.00021182330965530127,1,0.43389126658439636,1914.405749801135,0,0.0,1,0,1,0,5.610729217529297,0.6820720434188843,0.6880999207496643,11.498046875,1762704790.3287394,0.001000221585854888,25.020591735839844,0.8518636226654053,0,0.2981525659561157,0.0,684,1,0,0.2514438033103943,3.0004782676696777,0,0.2468385398387909,0.09681421518325806,0.04221447557210922,149.82540893554688,4.483958826959281e-17,0,0.5277765393257141,7657.62299920454,684,1,0.06651102751493454,0,0,10.994368553161621,0.436406672000885
0.4082578122615814,0.4109673500061035,0,2.6268842220306396,2.561248388876655,6.899881362915039,3.0050015993765555e-05,0,0,0.8683297038078308,2.6165266036987305,0.8763316869735718,1.9922544956207275,6.684809684753418,0,0.057694949209690094,0.004010312259197235,0.039329301565885544,1e-06,0.0051670074462890625,0.999090313911438,0.002687165979295969,-0.004815916996449232,0.002065420150756836,3833.448492275,0.20280721783638,2.7347652912139893,0,0.9991834759712219,1.5296596700409282e-07,-0.0001044225282385014,1,0.3991519808769226,1953.842608274886,0,0.0,1,0,1,0,5.402096748352051,0.7606504559516907,0.6913185119628906,11.498046875,1762704793.3730834,0.0011225469643250108,11.88190746307373,0.4109673500061035,0,0.267498254776001,0.0,685,1,0,0.19879689812660217,4.029273986816406e-05,0,0.16308170557022095,0.07462654262781143,0.0024413825012743473,101.38652038574219,2.421594139608344e-15,0,0.46696192026138306,7815.370433099544,685,1,0.06320896744728088,0,0,8.305691719055176,0.40214771032333374
0.45315712690353394,0.5329067707061768,0,5.221494197845459,2.5356947068491755,9.251911163330078,0.0,0,0,0.8527266979217529,2.209310531616211,2.156435489654541,3.3342432975769043,10.413960456848145,0,0.13270579278469086,0.002989536616951227,0.0581534206867218,1e-06,0.00811767578125,0.9984728097915649,0.0012809563195332885,-0.002789463847875595,0.002728700637817383,3837.985163892,0.292974591255188,3.1801962852478027,0,0.9976592659950256,2.774172571662348e-07,-0.00014359442866407335,1,0.4538116753101349,1934.34903906058,0,0.0,1,0,1,0,5.965485572814941,0.6629639267921448,0.5019824504852295,11.498046875,1762704799.134246,0.0009319097152911127,11.9365873336792,0.5329067707061768,0,0.2742333710193634,0.0,686,1,0,0.2899850606918335,3.0004079341888428,0,0.1717396229505539,0.08897154778242111,0.01779244840145111,25.17416763305664,2.2739800948881426e-18,0,0.40106603503227234,7737.39615624232,686,1,0.05460166931152344,0,0,6.170657634735107,0.45518359541893005
0.42321667075157166,0.24166464805603027,0,4.277543067932129,2.694895922334394,8.485980033874512,-9.247692651115358e-05,0,0,0.8700504302978516,2.2653326988220215,1.9779876470565796,2.6564183235168457,9.051980018615723,0,0.07892931252717972,0.0029908139258623123,0.07987566292285919,1e-06,0.00963592529296875,0.9991322159767151,0.0016123997047543526,-0.0014297030866146088,0.0026178359985351562,3844.771208198,0.22644734382629395,2.5282580852508545,0,0.9986560344696045,4.220793670128842e-08,-0.00011786571849370375,1,0.41660627722740173,2055.7953304296875,0,0.0,1,0,1,0,4.492168426513672,0.7239221334457397,0.7288390398025513,11.498046875,1762704803.6625266,0.0006337983650155365,11.07992172241211,0.24166464805603027,0,0.2613871693611145,0.0,687,1,0,0.22345653176307678,2.000300645828247,0,0.1899741142988205,0.11434484273195267,0.035077840089797974,22.8789005279541,1.0973155701338842e-19,0,0.4221479594707489,8223.18132171875,687,1,0.05461232364177704,0,0,5.3548665046691895,0.41857659816741943
0.4229758381843567,0.20082521438598633,0,6.582769155502319,2.5779686332133127,8.729544639587402,-7.196396472863853e-05,0,0,0.8420768976211548,2.5690927505493164,1.7793116569519043,2.5715999603271484,8.887565612792969,0,0.2141503393650055,0.0047361296601593494,0.07111725956201553,1e-06,0.00867462158203125,0.9976053237915039,0.002505130833014846,-0.0017280958127230406,0.0038034915924072266,3849.326374539,0.22778528928756714,2.699024200439453,0,0.9986323714256287,8.633404604552197e-07,-5.5836531828390434e-05,1,0.4163380265235901,1966.5976092922058,0,0.0,1,0,1,0,6.280437469482422,0.7272777557373047,0.6630552411079407,11.498046875,1762704810.4538946,0.0008315153536386788,13.244765281677246,0.20082521438598633,0,0.2868044376373291,0.0,688,1,0,0.22304916381835938,4.000734329223633,0,0.17911723256111145,0.11008163541555405,0.02591819129884243,31.48477554321289,1.4681135485763453e-18,0,0.46800675988197327,7866.390437168823,688,1,0.06866412609815598,0,0,6.1652607917785645,0.41945064067840576
0.4469830393791199,0.20069169998168945,0,4.340174198150635,2.691016615027278,10.051190376281738,-4.560033994494006e-05,0,0,0.8476750254631042,2.3284149169921875,2.2651495933532715,3.0663950443267822,10.184149742126465,0,0.0752168819308281,0.002865329384803772,0.060600072145462036,1e-06,0.006435394287109375,0.9982060194015503,0.0014333681901916862,-0.0018913554958999157,0.002835988998413086,3855.707124406,0.27871841192245483,3.1268961429595947,0,0.9988377690315247,9.875570867734496e-07,-7.023804937489331e-05,1,0.4470013380050659,2052.836009521902,0,0.0,1,0,1,0,6.481328964233398,0.6850631833076477,0.641724705696106,11.498046875,1762704815.0021815,0.0005972959334030747,23.355993270874023,0.20069169998168945,0,0.2817378044128418,0.0,689,1,0,0.27585306763648987,2.000342607498169,0,0.1631452441215515,0.10232841223478317,0.011912782676517963,209.67283630371094,2.7058849657481624e-17,0,0.4304303824901581,8211.344038087607,689,1,0.053458988666534424,0,0,13.598557472229004,0.4484270513057709
0.43464580178260803,0.30983614921569824,0,6.057135581970215,2.5426655760678902,8.906386375427246,-0.00012015614629490301,0,0,0.8420066833496094,3.043759346008301,1.9683369398117065,2.7573792934417725,8.585785865783691,0,0.08099764585494995,0.0032481595408171415,0.0677337497472763,1e-06,0.008489608764648438,0.9983291029930115,0.0009069796651601791,-0.002957673743367195,0.0041239261627197266,3859.98408135,0.24859246611595154,2.835848093032837,0,0.9985654354095459,5.81371253360885e-08,-0.00020706120994873345,1,0.4303377568721771,1939.666751062035,0,0.0,1,0,1,0,4.710779190063477,0.6984904408454895,0.45724722743034363,11.498046875,1762704821.3766928,0.0007197220693342388,12.4179105758667,0.30983614921569824,0,0.28484421968460083,0.0,690,1,0,0.24534431099891663,3.000455141067505,0,0.19952361285686493,0.08370267599821091,0.03836211562156677,32.45144271850586,1.0214356414305317e-16,0,0.44110339879989624,7758.66700424814,690,1,0.05690614879131317,0,0,6.537822246551514,0.43224382400512695
0.4318910539150238,0.5785272121429443,0,3.706322431564331,2.6899207021832816,8.27684497833252,-0.00014930416364222765,0,0,0.831624448299408,2.6943626403808594,1.513433814048767,2.5517730712890625,7.60711669921875,0,0.1524067372083664,0.002757986541837454,0.06824841350317001,1e-06,0.011013031005859375,0.9971407651901245,0.001967530231922865,-0.001755284727551043,0.0030198097229003906,3865.851929931,0.2383360117673874,3.2733123302459717,0,0.997594952583313,1.1133441724098248e-08,-4.470009298529476e-05,1,0.42440831661224365,2051.9999948585623,0,0.0,1,0,1,0,6.576898574829102,0.7007900476455688,0.575249433517456,11.498046875,1762704825.6685338,0.00074613350443542,31.786470413208008,0.5785272121429443,0,0.29072487354278564,0.0,691,1,0,0.2355780303478241,1.0002527236938477,0,0.20545457303524017,0.09967838227748871,0.02570386789739132,137.65550231933594,1.3929339357949987e-17,0,0.46202710270881653,8207.99997943425,691,1,0.05245009437203407,0,0,9.841026306152344,0.42611461877822876
0.4507278800010681,0.5753722190856934,0,5.28592324256897,2.6138826468307492,9.454710960388184,-0.0001308271603193134,0,0,0.8335437774658203,2.2733657360076904,2.239438533782959,3.24617338180542,9.686495780944824,0,0.26468774676322937,0.004025044851005077,0.06504777818918228,1e-06,0.009639739990234375,0.9973236918449402,0.0035363833885639906,-0.0026888407301157713,0.0029859542846679688,3869.48871417,0.2875670790672302,3.2702481746673584,0,0.9957928657531738,9.289599347539479e-07,-0.0001223627186845988,1,0.45076754689216614,1993.9945343013758,0,0.0,1,0,1,0,6.618687629699707,0.6624394059181213,0.5104045867919922,11.498046875,1762704831.5377216,0.0010575674241408706,29.394067764282227,0.5753722190856934,0,0.28890249133110046,0.0,692,1,0,0.28354203701019287,3.000504970550537,0,0.22172532975673676,0.09125543385744095,0.023866908624768257,58.658203125,8.217286522109936e-21,0,0.5264667272567749,7975.978137205503,692,1,0.063322514295578,0,0,6.2049150466918945,0.45267876982688904
0.43872514367103577,0.2045574188232422,0,3.421757698059082,2.809715805775576,8.601849555969238,0.0,0,0,0.8385515809059143,2.409318447113037,1.6851720809936523,2.568574905395508,8.76588249206543,0,0.09123916178941727,0.0037403739988803864,0.05087544023990631,1e-06,0.01026153564453125,0.9974326491355896,0.0009211412398144603,-0.0013668547617271543,0.0029392242431640625,3876.607120867,0.2532453238964081,2.7301080226898193,0,0.9980815052986145,2.3582490626949948e-08,-0.00010351814125897363,1,0.4327740967273712,2143.3854218549595,0,0.0,1,0,1,0,6.443742752075195,0.6919913291931152,0.6445830464363098,11.498046875,1762704835.1728752,0.0005523303989320993,11.450307846069336,0.2045574188232422,0,0.28608548641204834,0.0,693,1,0,0.249504953622818,1.000253438949585,0,0.20370732247829437,0.08143717050552368,0.01527208648622036,21.495161056518555,8.581912001273344e-18,0,0.48520535230636597,8573.541687419838,693,1,0.06105083227157593,0,0,5.83657169342041,0.4349181056022644
0.4447019100189209,0.6207962036132812,0,6.491952896118164,2.5686632789289923,9.191505432128906,0.0,0,0,0.8187495470046997,2.4799180030822754,1.9387565851211548,2.907315492630005,8.680933952331543,0,0.09335935115814209,0.0021002888679504395,0.06292454153299332,1e-06,0.010162353515625,0.9977114200592041,0.0007716725813224912,-0.0024308827705681324,0.0028676986694335938,3880.074931139,0.26384878158569336,2.977609634399414,0,0.9978155493736267,1.5410982712182886e-07,-0.00012939008593093604,1,0.43964412808418274,1959.4990405767471,0,0.0,1,0,1,0,5.500621795654297,0.6794975996017456,0.7901974320411682,11.498046875,1762704842.2929952,0.0007178732194006443,13.188928604125977,0.6207962036132812,0,0.30526188015937805,0.0,694,1,0,0.2617484927177429,4.000611782073975,0,0.20729322731494904,0.10764635354280472,0.02357722818851471,56.90629196166992,9.279223603294321e-18,0,0.4645446836948395,7837.9961623069885,694,1,0.04578676447272301,0,0,7.35373592376709,0.44077613949775696
0.42808547616004944,0.3558063507080078,0,3.101055145263672,2.649644533266996,9.028374671936035,-5.773362499894574e-05,0,0,0.8608871698379517,2.088779926300049,1.6553393602371216,2.5086684226989746,9.622970581054688,0,0.2617553472518921,0.0021186440717428923,0.05783763900399208,1e-06,0.00350189208984375,0.998991072177887,0.002181597286835313,-0.002274654107168317,0.002490520477294922,3887.08957947,0.2321428656578064,2.587200164794922,0,0.9991618394851685,1.3681868949788623e-05,-0.00025970092974603176,1,0.4209117293357849,2021.2754094304266,0,0.0,1,0,1,0,6.674019813537598,0.7279326319694519,0.7423906922340393,11.498046875,1762704845.758177,0.0010460938792675734,11.138921737670898,0.3558063507080078,0,0.2751254141330719,0.0,695,1,0,0.23002421855926514,1.000220775604248,0,0.1491423398256302,0.1028798520565033,0.014671828597784042,26.016660690307617,1.9561689283415673e-19,0,0.44134172797203064,8085.1016377217065,695,1,0.045986905694007874,0,0,6.096280574798584,0.42226356267929077
0.4423227906227112,0.957430362701416,0,6.050841808319092,2.5015018879732382,9.477401733398438,-0.00011083648132625967,0,0,0.8336654305458069,3.038501024246216,1.8842384815216064,3.0818543434143066,9.168540954589844,0,0.16229768097400665,0.0040442743338644505,0.06628648936748505,1e-06,0.010366439819335938,0.9966452717781067,0.0034568964038044214,-0.001202658750116825,0.0028803348541259766,3892.041780849,0.2622392475605011,3.0757663249969482,0,0.9968262314796448,1.1240213098062668e-06,-5.1709557737922296e-05,1,0.4376883804798126,1908.2651236125616,0,0.0,1,0,1,0,6.044663429260254,0.6754274964332581,0.5344250798225403,11.498046875,1762704852.7733421,0.0008475057547912002,13.81445026397705,0.957430362701416,0,0.2897985875606537,0.0,696,1,0,0.2581949830055237,3.000401496887207,0,0.20932933688163757,0.08940566331148148,0.027058392763137817,26.506471633911133,2.4195868369594738e-18,0,0.46099215745925903,7633.060494450247,696,1,0.06347263604402542,0,0,5.807468414306641,0.43989884853363037
0.4389263987541199,0.457594633102417,0,4.487307786941528,2.5990705804572327,9.370437622070312,-6.21724029770121e-05,0,0,0.8351801037788391,2.4751265048980713,2.1420276165008545,2.8825745582580566,9.136274337768555,0,0.17428763210773468,0.002661505015566945,0.06772170960903168,1e-06,0.009851455688476562,0.9978182911872864,0.0012267505517229438,-0.001907968893647194,0.0029103755950927734,3895.947959158,0.25695621967315674,2.659327268600464,0,0.9981396198272705,4.9035708826750124e-08,-0.00010429487883811817,1,0.43551668524742126,1982.695182577873,0,0.0,1,0,1,0,6.07188606262207,0.6919918060302734,0.6506918668746948,11.498046875,1762704857.7259915,0.0006623195367865264,12.037251472473145,0.457594633102417,0,0.28510433435440063,0.0,697,1,0,0.2542946934700012,2.0002825260162354,0,0.20455984771251678,0.08963661640882492,0.03241291269659996,27.808422088623047,6.669511784081372e-19,0,0.4778381884098053,7930.780730311492,697,1,0.05152731016278267,0,0,6.439627170562744,0.43700793385505676
0.4203449487686157,0.4152662754058838,0,3.3271639347076416,2.650284283718501,7.452977180480957,0.0,0,0,0.8440560102462769,2.315671443939209,1.3729976415634155,2.1643178462982178,6.929416179656982,0,0.2395518571138382,0.0030674845911562443,0.05220779776573181,1e-06,0.0077190399169921875,0.9981881976127625,0.001027061021886766,-0.0020670059602707624,0.0026438236236572266,3902.24106094,0.21779140830039978,2.5653438568115234,0,0.9987612962722778,1.7287354125983256e-07,-7.184961577877402e-05,1,0.41068315505981445,2021.763441632318,0,0.0,1,0,1,0,6.6768646240234375,0.7290281057357788,0.7504217624664307,11.498046875,1762704861.6321518,0.0006286334246397018,19.328142166137695,0.4152662754058838,0,0.2875644862651825,0.0,698,1,0,0.21472391486167908,1.0001835823059082,0,0.19590212404727936,0.08649704605340958,0.008557304739952087,35.434871673583984,1.887693821220116e-17,0,0.47771626710891724,8087.053766529272,698,1,0.05530693382024765,0,0,6.214239120483398,0.41279760003089905
0.4315013885498047,1.0683326721191406,0,5.214062929153442,2.648899383843308,10.100528717041016,-4.083872772753239e-05,0,0,0.8351302146911621,3.20186185836792,1.7507418394088745,3.2141668796539307,10.20119857788086,0,0.12943513691425323,0.001920768292620778,0.04903662949800491,1e-06,0.009996414184570312,0.9979619979858398,0.0018746210262179375,-0.005643934942781925,0.0028166770935058594,3918.198607434,0.23913565278053284,3.4661340713500977,0,0.9981883764266968,6.701019117372198e-08,-0.00018831266788765788,1,0.425426185131073,2020.706973858205,0,0.0,1,0,1,0,4.607668876647949,0.7057831883430481,0.4622701108455658,11.498046875,1762704867.9227157,0.0012503067264333367,13.8489351272583,1.0683326721191406,0,0.29321131110191345,0.0,699,1,0,0.23721487820148468,2.000311851501465,0,0.18125586211681366,0.0746111050248146,0.011562027037143707,28.85186195373535,8.44380261747904e-18,0,0.39815953373908997,8082.82789543282,699,1,0.04378971830010414,0,0,7.5897674560546875,0.4266069531440735
0.4585578143596649,0.2180161476135254,0,2.2295169830322266,2.1188267243281884,10.82331371307373,0.0,0,0,0.845410168170929,2.218557596206665,2.5897750854492188,3.761902332305908,10.71594524383545,0,0.13800106942653656,0.003364389296621084,0.05298827961087227,1e-06,0.010732650756835938,0.9984815716743469,0.0007727827760390937,-0.002212321851402521,0.0023865699768066406,3921.334585547,0.3159937858581543,3.6011242866516113,0,0.9965085983276367,3.2010476047616976e-07,-0.00012417265679687262,1,0.4636247158050537,1616.342230422888,0,-8.514949634275126e-09,1,0,1,0,3.3843650817871094,0.6409491300582886,0.4756990075111389,11.498046875,1762704883.876661,0.0005728141404688358,15.444127082824707,0.2180161476135254,0,0.2808142900466919,12.42113471031189,700,1,0,0.3126294016838074,0.0001232624053955078,0,0.1904718279838562,0.0813700407743454,0.010182312689721584,123.55301666259766,1.0351721997292813e-17,0,0.4049057066440582,6465.368921691552,700,1,0.05791319161653519,0,0,9.756490707397461,0.46497058868408203
0.4334239363670349,0.3170750141143799,0,2.81514573097229,2.2230759550162436,9.423735618591309,0.0,0,0,0.8487777709960938,2.8044273853302,1.6610404253005981,2.8874378204345703,9.357507705688477,0,0.2706036865711212,0.0026385225355625153,0.055930010974407196,1e-06,0.008457183837890625,0.9984947443008423,0.0014926930889487267,-0.0019829715602099895,0.0021390914916992188,3928.035097527,0.24881266057491302,3.1423428058624268,0,0.9984880685806274,2.9051229830656666e-06,-2.2925496523384936e-05,1,0.43083804845809937,1695.8685230241051,0,0.0,1,0,1,0,6.018742561340332,0.7056391835212708,0.5898037552833557,11.498046875,1762704887.0159452,0.0007632404449395835,13.589217185974121,0.3170750141143799,0,0.27673181891441345,0.0,701,1,0,0.2461741417646408,8.654594421386719e-05,0,0.1681385636329651,0.08970671147108078,0.014878606423735619,25.746755599975586,1.4852768483531788e-19,0,0.403682678937912,6783.4740920964205,701,1,0.05130550637841225,0,0,7.113141059875488,0.4323820471763611
0.43613219261169434,0.21451234817504883,0,6.4802329540252686,2.1069537122099575,15.911474227905273,-4.645881199394353e-05,0,0,0.8421822190284729,2.467573642730713,1.9660602807998657,5.856867790222168,8.211138725280762,0,0.10793627053499222,0.0029206920880824327,0.059414610266685486,1e-06,0.014913558959960938,0.9975712299346924,0.0015549451345577836,-0.0028110735584050417,0.0029039382934570312,3933.52933079,0.2545495331287384,48.22744369506836,0,0.9962061047554016,3.806688937402214e-07,-0.00016698062245268375,1,0.43399778008461,1607.2849296683378,0,0.0,1,0,1,0,5.574581146240234,0.6828675270080566,0.6029048562049866,11.498046875,1762704893.7170649,0.0007879365584813058,803.7501831054688,0.21451234817504883,0,0.28093260526657104,0.0,702,1,0,0.2516288459300995,4.000494956970215,0,0.22564542293548584,0.08584750443696976,0.016847556456923485,1875.0584716796875,7.936910474009608e-18,0,0.44333475828170776,6429.139718673351,702,1,0.05397050827741623,0,0,112.4122314453125,0.4356566369533539
0.4469597637653351,0.2431042194366455,0,5.242471933364868,2.168486959604423,11.444859504699707,0.0,0,0,0.8462483882904053,2.2278332710266113,2.6848883628845215,3.6696088314056396,10.474224090576172,0,0.08956854045391083,0.0020505809225142,0.06776449084281921,1e-06,0.011831283569335938,0.9973176121711731,0.001973747741430998,-0.0019848705269396305,0.002854585647583008,3938.399098488,0.28070175647735596,3.5747106075286865,0,0.9965940713882446,5.21472429682035e-06,-9.546841465635225e-05,1,0.448386549949646,1654.2254298974299,0,0.0,1,0,1,0,6.09196662902832,0.6676800847053528,0.6299071907997131,11.498046875,1762704899.2100704,0.0007375578861683607,32.78819274902344,0.2431042194366455,0,0.27479860186576843,0.0,703,1,0,0.2786511778831482,3.0004053115844727,0,0.20856443047523499,0.08494707196950912,0.04227687418460846,131.15274047851562,5.081578913653521e-22,0,0.46429693698883057,6616.9017195897195,703,1,0.04524204134941101,0,0,9.893893241882324,0.44939324259757996
0.4461379051208496,1.036027193069458,0,3.828800678253174,2.1514865188702004,11.240962028503418,-2.135680006176699e-05,0,0,0.8635737895965576,2.5888278484344482,2.484496593475342,3.8106279373168945,12.654711723327637,0,0.06737969815731049,0.0030430711340159178,0.049787431955337524,1e-06,0.009706497192382812,0.9980050921440125,0.0010667255846783519,-0.0020444700494408607,0.0026116371154785156,3943.717645016,0.28534644842147827,3.814318895339966,0,0.9964864253997803,4.036012626329466e-07,-7.32102053007111e-05,1,0.45017287135124207,1641.2566816845535,0,0.0,1,0,1,0,5.7913818359375,0.6679955124855042,0.6192572116851807,11.498046875,1762704904.081854,0.0005553707596845925,26.267377853393555,1.036027193069458,0,0.26088452339172363,0.0,704,1,0,0.2823033630847931,1.000190019607544,0,0.22130252420902252,0.08841182291507721,0.01500815898180008,72.04906463623047,2.1394247022891958e-21,0,0.4813079535961151,6565.026726738214,704,1,0.05508648604154587,0,0,7.971129417419434,0.45163214206695557
0.4528934955596924,1.0700602531433105,0,4.240474224090576,2.226660841816053,8.850702285766602,0.0,0,0,0.8633140325546265,2.2289230823516846,1.5255359411239624,3.0112380981445312,8.488055229187012,0,0.3912314176559448,0.0031436653807759285,0.05190860107541084,1e-06,0.0063991546630859375,0.9991660118103027,0.0017081417609006166,-0.003798415884375572,0.0028340816497802734,3950.582988718,0.2892172038555145,3.595719337463379,0,0.9990977048873901,3.6321100793657024e-08,-0.0001871974382083863,1,0.45199525356292725,1698.6032459060127,0,0.0,1,0,1,0,6.39704704284668,0.683476448059082,0.7399744987487793,11.498046875,1762704909.4012623,0.0009844416053965688,14.196470260620117,1.0700602531433105,0,0.2724180519580841,0.0,705,1,0,0.2860735356807709,2.000300645828247,0,0.16603721678256989,0.10459350049495697,0.0026355981826782227,30.976856231689453,2.7470757000178413e-21,0,0.46760642528533936,6794.412983624051,705,1,0.05598900094628334,0,0,7.593903064727783,0.4534702003002167
0.4280468821525574,1.047490119934082,0,5.815466642379761,2.153892836642407,9.524576187133789,4.596284998115152e-05,0,0,0.8665226697921753,2.7977652549743652,1.7185035943984985,2.838611125946045,9.568479537963867,0,0.2370511293411255,0.0037000493612140417,0.05164041742682457,1e-06,0.00902557373046875,0.9989457726478577,0.0006897410494275391,-0.0010151502210646868,0.0034101009368896484,3954.553672116,0.2400098592042923,3.3421730995178223,0,0.9988486766815186,3.9386179651046405e-07,-6.555681466124952e-05,1,0.42486706376075745,1643.0923358182192,0,0.0,1,0,1,0,5.42032527923584,0.7062634229660034,0.4682600200176239,11.498046875,1762704916.2662735,0.00045360479271039367,23.280500411987305,1.047490119934082,0,0.2650469243526459,0.0,706,1,0,0.23630981147289276,3.0004398822784424,0,0.209239199757576,0.0723932757973671,0.025930307805538177,43.2352180480957,4.117645945875174e-18,0,0.4398975670337677,6572.369343272877,706,1,0.06072288006544113,0,0,7.1569437980651855,0.42714181542396545
0.4302155077457428,0.6231279373168945,0,3.338320255279541,2.1394533735495185,8.893966674804688,0.0,0,0,0.8667869567871094,2.3261942863464355,2.184081792831421,2.7575387954711914,9.672947883605957,0,0.2839142680168152,0.003714882768690586,0.0515294075012207,1e-06,0.00882720947265625,0.9987245798110962,0.000944277795497328,-0.001740062958560884,0.00284576416015625,3960.59671173,0.24100302159786224,2.532107353210449,0,0.9986619353294373,1.1235245438001584e-05,-0.00015780485409777611,1,0.4254697561264038,1632.0772236744606,0,0.0,1,0,1,0,4.666311264038086,0.706497848033905,0.5920917391777039,11.498046875,1762704920.234817,0.0006998715689405799,12.040904998779297,0.6231279373168945,0,0.26170989871025085,0.0,707,1,0,0.23728813230991364,1.0001804828643799,0,0.18155844509601593,0.07230419665575027,0.026934128254652023,30.994171142578125,6.115249902063171e-18,0,0.3798484802246094,6528.308894697842,707,1,0.060843586921691895,0,0,5.735402584075928,0.42774179577827454
0.4664722681045532,0.5478274822235107,0,5.488069295883179,2.149701966446259,10.988859176635742,-3.949492747779004e-05,0,0,0.8143543004989624,2.475835084915161,3.5410006046295166,4.51278018951416,11.16145133972168,0,0.08899363875389099,0.0027069703210145235,0.07031214237213135,1e-06,0.011157989501953125,0.9952040910720825,0.0009956081630662084,-0.0014589842176064849,0.002969503402709961,3966.169257954,0.33882245421409607,3.9496841430664062,0,0.9876920580863953,3.04670493278536e-07,-0.0001215314696310088,1,0.4724322259426117,1639.8953398569745,0,0.0,1,0,1,0,6.642921447753906,0.6089213490486145,0.9791762232780457,11.498046875,1762704926.2782726,0.0005102395080029964,16.1455135345459,0.5478274822235107,0,0.30105772614479065,0.0,708,1,0,0.3361154794692993,3.0003795623779297,0,0.24624118208885193,0.11739303171634674,0.021390140056610107,25.52088165283203,5.229550603870233e-19,0,0.5281652808189392,6559.581359427898,708,1,0.05196394771337509,0,0,6.28814697265625,0.4733627736568451
0.44310033321380615,0.33799076080322266,0,5.225923776626587,2.614359511070349,8.69353199005127,0.0,0,0,0.8448942303657532,2.2141125202178955,2.0995211601257324,2.842988967895508,9.224393844604492,0,0.21203643083572388,0.004353741649538279,0.048990026116371155,1e-06,0.00757598876953125,0.9987258911132812,0.0006250929436646402,-0.001320011680945754,0.0027594566345214844,3970.580974214,0.2669387757778168,3.129591703414917,0,0.9990753531455994,1.1800065635725332e-07,-6.925100751686841e-05,1,0.4400986433029175,1994.3583091206158,0,0.0,1,0,1,0,5.185776710510254,0.6954696774482727,0.7823172807693481,11.498046875,1762704931.8497617,0.00047410017577931285,17.381441116333008,0.33799076080322266,0,0.283174067735672,0.0,709,1,0,0.2625850439071655,3.0003089904785156,0,0.1890508085489273,0.09054539352655411,0.008605415001511574,47.79851150512695,2.453390399872066e-18,0,0.4550906717777252,7977.433236482463,709,1,0.06584804505109787,0,0,7.332533836364746,0.44242027401924133
0.4215781092643738,0.5213227272033691,0,3.8873345851898193,2.5460536506083584,8.696697235107422,-7.765502232359722e-05,0,0,0.869082510471344,2.875915288925171,1.5059497356414795,2.6994004249572754,9.561443328857422,0,0.17752590775489807,0.003245132276788354,0.04678035527467728,1e-06,0.0067081451416015625,0.998731255531311,0.002146288985386491,-0.0014386021066457033,0.002696990966796875,3975.506252232,0.22541187703609467,3.2540669441223145,0,0.9990894794464111,1.2864668406109558e-06,-4.457846807781607e-05,1,0.415754497051239,1942.2513361518404,0,0.0,1,0,1,0,5.681936264038086,0.7312877178192139,0.7223147749900818,11.498046875,1762704936.2654524,0.0006973760318942368,13.353304862976074,0.5213227272033691,0,0.25741899013519287,0.0,710,1,0,0.2221667468547821,1.0001513957977295,0,0.17953833937644958,0.08540239185094833,0.008767273277044296,25.357728958129883,6.2881187722901456e-21,0,0.4661023020744324,7769.005344607362,710,1,0.0568806529045105,0,0,6.765517234802246,0.41790542006492615
0.4328192472457886,0.6900274753570557,0,4.224323749542236,2.6415197801747476,9.504322052001953,-2.1788069716421887e-05,0,0,0.8701374530792236,2.2122368812561035,1.755450963973999,2.67741322517395,9.39400863647461,0,0.13603487610816956,0.004320276435464621,0.057076625525951385,1e-06,0.0062656402587890625,0.9991319179534912,0.0007578177028335631,-0.0016784991603344679,0.002833843231201172,3981.540422162,0.24510368704795837,3.2479937076568604,0,0.9993020296096802,1.0673915085135377e-06,-0.00014298105088528246,1,0.42762067914009094,2015.0774596953327,0,0.0,1,0,1,0,6.668379783630371,0.714629054069519,0.5709322094917297,11.498046875,1762704941.1867743,0.0005141825531609356,26.188302993774414,0.6900274753570557,0,0.2630994915962219,0.0,711,1,0,0.24078340828418732,2.0003225803375244,0,0.16855832934379578,0.08467873930931091,0.021545957773923874,209.50625610351562,3.211656763517491e-21,0,0.4365074038505554,8060.309838781331,711,1,0.06559611856937408,0,0,13.826406478881836,0.4302106201648712
0.43218934535980225,0.22534608840942383,0,5.804766893386841,2.600268169257882,8.900318145751953,0.0,0,0,0.84566730260849,2.792574644088745,1.669844150543213,2.713594675064087,8.91687297821045,0,0.07153227180242538,0.0031786393374204636,0.05675932392477989,1e-06,0.011638641357421875,0.997651219367981,0.001386416843160987,-0.0010626836447045207,0.0027785301208496094,3986.521609779,0.24411951005458832,2.9129607677459717,0,0.9979462623596191,8.7714772689651e-07,-2.794436295516789e-05,1,0.4276998043060303,1983.6087605174682,0,0.0,1,0,1,0,6.734173774719238,0.7040731906890869,0.5431661605834961,11.498046875,1762704947.2247543,0.0005140067078173161,11.475956916809082,0.22534608840942383,0,0.27626845240592957,0.0,712,1,0,0.2409408688545227,3.000417947769165,0,0.19591660797595978,0.08284702897071838,0.02502126432955265,26.37652587890625,8.677202820098541e-20,0,0.42835745215415955,7934.435042069873,712,1,0.056295715272426605,0,0,6.274693012237549,0.4296094477176666
0.4120883643627167,0.4488236904144287,0,4.525089502334595,2.595298587432844,7.402813911437988,0.0,0,0,0.8774675130844116,2.5132975578308105,1.5902363061904907,1.9861561059951782,8.024733543395996,0,0.13080331683158875,0.0017650024965405464,0.04177837818861008,1e-06,0.00627899169921875,0.9990556240081787,0.0005587141495198011,-0.0008298011380247772,0.0028128623962402344,3992.136076771,0.2100352942943573,2.224595069885254,0,0.9992665648460388,4.031110165669816e-06,-6.010218567098491e-05,1,0.4061223566532135,1979.817726130785,0,0.0,1,0,1,0,6.363400459289551,0.747942328453064,0.47276973724365234,11.498046875,1762704952.2056932,0.0003440072468947619,10.735694885253906,0.4488236904144287,0,0.2505060136318207,0.0,713,1,0,0.20827029645442963,2.0003302097320557,0,0.17623814940452576,0.06196988373994827,0.018178565427660942,19.505218505859375,3.3086215341773792e-18,0,0.44936713576316833,7919.27090452314,713,1,0.04198013246059418,0,0,6.096216678619385,0.4073847532272339
0.4015880227088928,0.2126317024230957,0,5.393216609954834,2.5786166825937396,8.305962562561035,-9.169951954390854e-05,0,0,0.870140016078949,2.245239019393921,1.3491888046264648,2.1273467540740967,7.5300092697143555,0,0.15984712541103363,0.0024429969489574432,0.04798325523734093,1e-06,0.00677490234375,0.999194324016571,0.0007738619460724294,-0.0019912358839064837,0.13898992538452148,3996.418328339,0.1897394210100174,4.969425201416016,0,0.9992902278900146,2.0116021914873272e-06,-0.0001693743106443435,1,0.39020222425460815,1967.0919723134741,0,0.0,1,0,1,0,6.162932395935059,0.7680109739303589,0.45227089524269104,11.498046875,1762704957.8180346,0.0005990981007926166,76.85929870605469,0.2126317024230957,0,0.260215163230896,0.0,714,1,0,0.18729642033576965,3.000408172607422,0,0.15458571910858154,0.07399702072143555,0.016201283782720566,179.3311309814453,2.982812771878335e-19,0,0.3679269552230835,7868.3678892538965,714,1,0.04937296733260155,0,0,12.408032417297363,0.39214804768562317
0.4355628192424774,0.5703871250152588,0,3.7083959579467773,2.767679530404946,10.925070762634277,0.0,0,0,0.8431938886642456,2.6962380409240723,1.7320319414138794,3.2270750999450684,8.390118598937988,0,0.07842444628477097,0.0036419397220015526,0.05851806700229645,1e-06,0.01302337646484375,0.9966163039207458,0.0011890835594385862,-0.0015448650810867548,0.0028557777404785156,4003.282390256,0.24650181829929352,4.030815601348877,0,0.9971731305122375,2.0445434074645163e-06,-2.9696078854613006e-05,1,0.4288522005081177,2111.318143152508,0,0.0,1,0,1,0,5.558971405029297,0.6919915676116943,0.4356206953525543,11.498046875,1762704962.1041017,0.0005076896050013602,42.36317825317383,0.5703871250152588,0,0.27765360474586487,0.0,715,1,0,0.24285988509655,1.000166893005371,0,0.21633219718933105,0.07271330803632736,0.033339858055114746,506.492431640625,1.805729718549543e-16,0,0.4473181664943695,8445.272572610033,715,1,0.06024426594376564,0,0,30.53446388244629,0.43101540207862854
0.4127638041973114,1.0798954963684082,0,5.773062229156494,2.6177875731957685,6.9160637855529785,0.0,0,0,0.853421688079834,2.7610015869140625,1.2463797330856323,1.7984849214553833,7.070869445800781,0,0.08903709053993225,0.003245874773710966,0.05338878929615021,1e-06,0.009532928466796875,0.9990888833999634,0.0009710585582070053,-0.0013023841893300414,0.0030965805053710938,4008.258117753,0.20178522169589996,2.174717903137207,0,0.9989683628082275,3.0582721137761837e-06,-3.04851823784702e-06,1,0.398954302072525,1996.9733986502165,0,0.0,1,0,1,0,6.49769401550293,0.734796941280365,0.4354221224784851,11.498046875,1762704968.963622,0.0004992593312636018,14.020515441894531,1.0798954963684082,0,0.278237521648407,0.0,716,1,0,0.1985393464565277,3.0004124641418457,0,0.22753624618053436,0.0788128599524498,0.022074667736887932,26.087871551513672,8.730188585093964e-21,0,0.5055651068687439,7987.893594600866,716,1,0.05688773840665817,0,0,6.123668670654297,0.4013870060443878
0.40202945470809937,0.6697323322296143,0,4.299956560134888,2.6736388071451223,6.563018798828125,-4.77213689009659e-05,0,0,0.8746370077133179,2.2882330417633057,1.174353003501892,1.7557183504104614,6.91054105758667,0,0.2034250795841217,0.004330107010900974,0.04868333414196968,1e-06,0.007244110107421875,0.9991629123687744,0.0013905511004850268,-0.0011839499929919839,0.0028371810913085938,4014.762661092,0.1900152862071991,2.0404956340789795,0,0.9991746544837952,1.7310907196588232e-06,-3.0380135285668075e-05,1,0.388901948928833,2039.5793876237567,0,0.0,1,0,1,0,5.927394866943359,0.7617841362953186,0.7145053744316101,11.498046875,1762704973.9411006,0.00046717809163965285,9.574909210205078,0.6697323322296143,0,0.2563191056251526,0.0,717,1,0,0.1856851875782013,2.0002784729003906,0,0.17658820748329163,0.0862533301115036,0.007356166839599609,24.541671752929688,3.666533651678459e-17,0,0.4432620406150818,8158.317550495027,717,1,0.06566928327083588,0,0,5.806093215942383,0.39236295223236084
0.4101129472255707,0.7601451873779297,0,5.738191366195679,2.6228444195539544,7.244659900665283,0.0,0,0,0.8691423535346985,2.72440242767334,1.0740935802459717,2.006136894226074,7.379120826721191,0,0.15510529279708862,0.004651162773370743,0.046401917934417725,1e-06,0.00478363037109375,0.9993346929550171,0.0020698164589703083,-0.008980270475149155,0.0028476715087890625,4017.947994918,0.2068399339914322,2.5409860610961914,0,0.9993009567260742,2.3665998583055625e-07,-0.0003127037489321083,1,0.4016872048377991,2000.8310025909482,0,0.0,1,0,1,0,6.18720817565918,0.7555447220802307,0.589522659778595,11.498046875,1762704980.446134,0.0019409989472478628,11.890010833740234,0.7601451873779297,0,0.26712292432785034,0.0,718,1,0,0.20218877494335175,3.001875400543213,0,0.1870594024658203,0.07859912514686584,0.01115270983427763,29.17706298828125,1.1099188623006086e-21,0,0.5058310627937317,8003.324010363793,718,1,0.06804995238780975,0,0,6.683009624481201,0.4050951600074768
0.44972145557403564,0.5760936737060547,0,2.5970540046691895,2.6918604550893717,7.847664833068848,0.0,0,0,0.8427402973175049,2.585937023162842,1.847292423248291,2.7926998138427734,8.717674255371094,0,0.08356641978025436,0.0033112582750618458,0.05653294175863266,1e-06,0.009944915771484375,0.998073160648346,0.0009760449756868184,-0.00127590901684016,0.002159595489501953,4023.96500203,0.2835856080055237,2.9331233501434326,0,0.9981855154037476,1.7166816235203441e-07,-9.187334944726899e-05,1,0.4491863548755646,2053.4797310270274,0,0.0,1,0,1,0,6.691413879394531,0.6691669225692749,0.6218013167381287,11.498046875,1762704983.6261265,0.00053113215835765,19.02745819091797,0.5760936737060547,0,0.28017184138298035,0.0,719,1,0,0.280274361371994,5.435943603515625e-05,0,0.2189190685749054,0.08375406265258789,0.015206507407128811,30.443933486938477,1.848180951737167e-20,0,0.5078284740447998,8213.91892410811,719,1,0.05745497718453407,0,0,5.960849761962891,0.4507913887500763
0.45327842235565186,0.7835323810577393,0,5.23110818862915,2.630508187740723,10.117914199829102,-1.6596217392361723e-05,0,0,0.8564223647117615,2.2186660766601562,2.606546640396118,3.5175118446350098,10.680841445922852,0,0.08026646077632904,0.002553734928369522,0.06903266161680222,1e-06,0.01251220703125,0.9984987378120422,0.001011585583910346,-0.001365398638881743,0.0028388500213623047,4030.547360026,0.30155351758003235,3.2893824577331543,0,0.9951708316802979,1.1884638979609008e-06,-3.4022334148176014e-05,1,0.45786845684051514,2006.6772910213401,0,0.0,1,0,1,0,6.3854217529296875,0.6529484987258911,0.6973363161087036,11.498046875,1762704989.6486523,0.0004521376977209002,15.163140296936035,0.7835323810577393,0,0.2731068730354309,0.0,720,1,0,0.2989997863769531,3.000406265258789,0,0.24001763761043549,0.10627706348896027,0.024271298199892044,23.646202087402344,1.4110981051702622e-22,0,0.5207069516181946,8026.7091640853605,720,1,0.05047529563307762,0,0,5.7809834480285645,0.4589812755584717
0.41368216276168823,1.0694122314453125,0,5.505090951919556,2.6181617486421715,9.066390037536621,0.0,0,0,0.8457921147346497,2.492621421813965,1.548032283782959,2.612607955932617,7.819784641265869,0,0.06876694411039352,0.0030444487929344177,0.05948369577527046,1e-06,0.015386581420898438,0.9967164397239685,0.0008120617712847888,-0.0011556620011106133,0.002799510955810547,4033.80986598,0.20336918532848358,3.081230401992798,0,0.9973999261856079,7.3904711825889535e-06,-2.6008206987171434e-05,1,0.40028396248817444,1997.2588375531077,0,0.0,1,0,1,0,6.151165008544922,0.7284813523292542,0.5384679436683655,11.498046875,1762704996.2310507,0.0004305715556256473,23.39342498779297,1.0694122314453125,0,0.27687209844589233,0.0,721,1,0,0.20032474398612976,3.0004072189331055,0,0.23359178006649017,0.08407620340585709,0.02858895994722843,85.73319244384766,5.615495887840371e-20,0,0.48487046360969543,7989.035350212431,721,1,0.05509806051850319,0,0,8.049909591674805,0.402545690536499
0.42924901843070984,0.5851254463195801,0,2.6677310466766357,2.6948704362131486,8.41996955871582,0.0,0,0,0.8523703813552856,2.656329393386841,1.7813957929611206,2.4356634616851807,8.90463638305664,0,0.16532965004444122,0.0037230083253234625,0.055547624826431274,1e-06,0.01134490966796875,0.9988141059875488,0.0017815516330301762,-0.003698743414133787,0.002470254898071289,4040.785240063,0.2372797280550003,2.2840073108673096,0,0.9983388185501099,4.180455448477005e-07,-0.00022446917137131095,1,0.4231458604335785,2055.775888399065,0,0.0,1,0,1,0,6.195150375366211,0.708774745464325,0.5024183988571167,11.498046875,1762704999.4932368,0.0009978971211239696,11.230741500854492,0.5851254463195801,0,0.2762003242969513,0.0,722,1,0,0.23355671763420105,0.00014472007751464844,0,0.22999124228954315,0.08295944333076477,0.017442643642425537,28.681394577026367,2.4446844893610677e-17,0,0.5291666984558105,8223.10355359626,722,1,0.06091032549738884,0,0,5.798255443572998,0.42546796798706055
0.4270690083503723,1.1145901679992676,0,5.853457689285278,2.6197373431286057,8.918225288391113,0.0,0,0,0.8364782929420471,2.8410582542419434,1.5754296779632568,3.0242700576782227,8.25649356842041,0,0.26296186447143555,0.004472967702895403,0.0775265172123909,1e-06,0.014026641845703125,0.9976797699928284,0.001425458467565477,-0.0018817721866071224,0.002887248992919922,4045.386392157,0.2285103052854538,3.8051202297210693,0,0.9976789951324463,7.927237533067455e-08,-3.669269062811509e-05,1,0.4169873297214508,1998.4607762851447,0,0.0,1,0,1,0,6.764320373535156,0.705604612827301,1.2384865283966064,11.498046875,1762705006.468468,0.0006990833207964897,34.48479080200195,1.1145901679992676,0,0.28710830211639404,0.0,723,1,0,0.22403734922409058,3.000404119491577,0,0.25251126289367676,0.1207728236913681,0.0520232729613781,82.73750305175781,3.689932189798868e-20,0,0.5370286107063293,7993.843105140579,723,1,0.06673699617385864,0,0,7.423959255218506,0.4199138283729553
0.4481085538864136,0.21260833740234375,0,4.380217790603638,2.5503615797424817,9.844317436218262,2.968268199765589e-05,0,0,0.8303346037864685,2.3681435585021973,2.2763986587524414,3.2420928478240967,9.47998046875,0,0.14058823883533478,0.002821792848408222,0.06285750865936279,1e-06,0.01557159423828125,0.9967176914215088,0.0009318434167653322,-0.001491483417339623,0.0027794837951660156,4051.18622984,0.2780551314353943,3.115705966949463,0,0.9952119588851929,3.618015398387797e-06,-6.135909643489867e-05,1,0.4466802775859833,1945.5376302622565,0,0.0,1,0,1,0,6.605112075805664,0.6652622818946838,0.44976547360420227,11.498046875,1762705011.0688088,0.0005560465506277978,14.90638256072998,0.21260833740234375,0,0.28590714931488037,0.0,724,1,0,0.27523332834243774,2.0002670288085938,0,0.26349741220474243,0.07612583041191101,0.03927367553114891,100.41370391845703,6.509348420987909e-19,0,0.6476869583129883,7782.150521049026,724,1,0.05305130407214165,0,0,8.25762939453125,0.4480893313884735
0.4585973918437958,0.2116389274597168,0,5.580652713775635,2.5868549906452585,8.734362602233887,0.0,0,0,0.8241376876831055,2.568635940551758,1.9785308837890625,2.8886053562164307,8.984131813049316,0,0.28557005524635315,0.0026254376862198114,0.05497213825583458,1e-06,0.01233673095703125,0.9989030957221985,0.001996816834434867,-0.0020582638680934906,0.0031249523162841797,4056.258317056,0.30600935220718384,2.924018383026123,0,0.9970038533210754,6.019496368026012e-08,-2.3056001737131737e-05,1,0.45978668332099915,1973.376547195417,0,0.0,1,0,1,0,6.8660430908203125,0.6523247361183167,0.7011070847511292,11.498046875,1762705016.8688297,0.0007711650105193257,15.713943481445312,0.2116389274597168,0,0.30431103706359863,0.0,725,1,0,0.30338388681411743,3.0004098415374756,0,0.29709720611572266,0.0978071391582489,0.009024460799992085,26.329748153686523,2.6793933072192635e-18,0,0.7320342659950256,7893.506188781668,725,1,0.051179178059101105,0,0,5.896173000335693,0.4609008729457855
0.44123682379722595,0.7667074203491211,0,4.298319578170776,2.575056354825881,9.064400672912598,-9.016240801429376e-05,0,0,0.8276242613792419,2.285696268081665,2.3759334087371826,3.352652072906494,8.820140838623047,0,0.1751580685377121,0.00422982033342123,0.07580515742301941,1e-06,0.020053863525390625,0.9932794570922852,0.0007487821276299655,-0.0015318985097110271,0.0031709671020507812,4062.472117793,0.26594993472099304,3.240910291671753,0,0.9912811517715454,4.031244316138327e-08,-0.00010627584561007097,1,0.4396097660064697,1964.375984234193,0,0.0,1,0,1,0,6.7602643966674805,0.6672783493995667,0.8461679816246033,11.498046875,1762705021.9410403,0.0005315528251230717,13.130244255065918,0.7667074203491211,0,0.28801780939102173,0.0,726,1,0,0.26172012090682983,2.0002846717834473,0,0.2697153687477112,0.10398515313863754,0.0485718734562397,31.03286361694336,2.796208451257644e-20,0,0.5686396360397339,7857.503936936772,726,1,0.0649050921201706,0,0,5.422111988067627,0.4418766498565674
0.43519923090934753,0.616992712020874,0,5.590028524398804,2.576346296343416,9.16407299041748,0.0,0,0,0.8380779027938843,2.577237367630005,2.0220746994018555,2.973357915878296,7.890495300292969,0,0.22085040807724,0.0019672131165862083,0.08091267943382263,1e-06,0.01604461669921875,0.9973435401916504,0.0015520513989031315,-0.002533416263759136,0.002857208251953125,4066.64288565,0.24677595496177673,6.600923538208008,0,0.9953900575637817,8.301732634663495e-08,-0.00019085155508946627,1,0.4300207495689392,1965.3600132374277,0,0.0,1,0,1,0,6.804660797119141,0.6841018199920654,0.5115492939949036,11.498046875,1762705028.1549191,0.0009533038246445358,102.61205291748047,0.616992712020874,0,0.2862507700920105,0.0,727,1,0,0.24480874836444855,3.0003905296325684,0,0.26427093148231506,0.10321717709302902,0.04288192465901375,188.1221160888672,6.589892273546033e-21,0,0.5765011310577393,7861.440052949711,727,1,0.04431447014212608,0,0,12.308781623840332,0.4311823844909668
0.4255504906177521,0.5874009132385254,0,3.57487154006958,2.517187452934458,8.39177417755127,-8.986987813841552e-05,0,0,0.8289839029312134,2.5629448890686035,1.6740893125534058,2.583665132522583,8.075190544128418,0,0.1423390805721283,0.002716336864978075,0.06879843026399612,1e-06,0.016077041625976562,0.9947755932807922,0.0016703460132703185,-0.002477787435054779,0.0026934146881103516,4072.397218066,0.2221575528383255,2.6442058086395264,0,0.9964050650596619,1.3718923241867742e-07,-7.162095425883308e-05,1,0.4139081835746765,1920.230821781155,0,0.0,1,0,1,0,6.357099533081055,0.7051136493682861,0.48760488629341125,11.498046875,1762705032.3248913,0.0007302349549718201,12.2509183883667,0.5874009132385254,0,0.2897563576698303,0.0,728,1,0,0.219441220164299,1.0001952648162842,0,0.2467157542705536,0.07906559854745865,0.04575652256608009,26.147371292114258,5.806812036025317e-18,0,0.5195544362068176,7680.92328712462,728,1,0.05205270275473595,0,0,5.887396812438965,0.4157368242740631
0.44066646695137024,1.0597994327545166,0,4.688543081283569,2.5308765194684844,9.008462905883789,-5.549530396820046e-05,0,0,0.8351961374282837,2.6764936447143555,1.967207670211792,3.1316630840301514,8.832562446594238,0,0.08036597073078156,0.0038357400335371494,0.059287115931510925,1e-06,0.011201858520507812,0.9977219700813293,0.0020777443423867226,-0.0012162666535004973,0.0027768611907958984,4079.248988607,0.2565433084964752,3.261488914489746,0,0.9980154037475586,1.995998246684394e-07,-3.4336120734224096e-05,1,0.43461373448371887,1930.6734955873537,0,0.0,1,0,1,0,6.529325485229492,0.6860083937644958,0.6836549043655396,11.498046875,1762705038.0803788,0.0006404870073311031,13.270838737487793,1.0597994327545166,0,0.29672613739967346,0.0,729,1,0,0.2527075707912445,2.000234365463257,0,0.24245598912239075,0.09377247095108032,0.01677018404006958,30.472843170166016,3.582147067865963e-16,0,0.51718670129776,7722.693982349415,729,1,0.06182142719626427,0,0,6.216551303863525,0.43677443265914917
0.448200523853302,0.5645349025726318,0,6.2791526317596436,2.517233987869411,9.730965614318848,-5.494464494404383e-05,0,0,0.8468680381774902,2.2664201259613037,2.15509033203125,3.1790475845336914,10.969931602478027,0,0.129875048995018,0.003156708087772131,0.06495370715856552,1e-06,0.01056671142578125,0.998403012752533,0.0010546809062361717,-0.0011918895179405808,0.003143310546875,4083.219445522,0.28342729806900024,3.06030011177063,0,0.9971370697021484,8.137231475302542e-07,-0.00013562996173277497,1,0.44918200373649597,1920.2663208522642,0,0.0,1,0,1,0,6.897550582885742,0.6628034710884094,0.4559880793094635,11.498046875,1762705044.9322538,0.0005988649791106582,13.600441932678223,0.5645349025726318,0,0.278995156288147,0.0,730,1,0,0.2802705764770508,4.000645637512207,0,0.24074000120162964,0.08356886357069016,0.03438479080796242,23.473827362060547,6.181318885539313e-18,0,0.5550933480262756,7681.065283409057,730,1,0.05610216408967972,0,0,6.150967597961426,0.45071282982826233
0.4387352168560028,0.391834020614624,0,3.572824239730835,2.4981922452874903,8.021873474121094,-1.2185725609015208e-05,0,0,0.8289099335670471,2.5608692169189453,1.811611533164978,2.9031078815460205,7.531597137451172,0,0.11296261847019196,0.0026126715820282698,0.06207112595438957,1e-06,0.014278411865234375,0.9968018531799316,0.0008056972292251885,-0.002134042326360941,0.002759218215942383,4088.504606721,0.2543000280857086,3.1871328353881836,0,0.9971181154251099,1.2107750080758706e-05,-0.0001417176827089861,1,0.434029757976532,1905.7403700878106,0,0.0,1,0,1,0,6.132061004638672,0.682059109210968,0.46834665536880493,11.498046875,1762705048.903665,0.0006694907788187265,14.262839317321777,0.391834020614624,0,0.29563602805137634,0.0,731,1,0,0.25168734788894653,1.0001604557037354,0,0.23827588558197021,0.08260569721460342,0.02576475776731968,30.81229591369629,1.922064664596797e-16,0,0.4788866341114044,7622.961480351242,731,1,0.051053036004304886,0,0,6.453650951385498,0.4355144202709198
0.4512903690338135,1.0164694786071777,0,4.260259389877319,2.570624833626567,10.220159530639648,-5.8027082559419796e-05,0,0,0.8363968729972839,2.2480807304382324,1.8543630838394165,3.5312063694000244,9.009058952331543,0,0.2153782993555069,0.0028028027154505253,0.06786075979471207,1e-06,0.01561737060546875,0.9964019060134888,0.003245352068915963,-0.0033498434349894524,0.0028083324432373047,4094.951202072,0.29249247908592224,4.7127604484558105,0,0.9929490089416504,1.1792141094701947e-06,-2.8579812351381406e-05,1,0.45366373658180237,1960.9954081931123,0,0.0,1,0,1,0,6.214723587036133,0.6462070345878601,0.6729892492294312,11.498046875,1762705054.1870933,0.0010954184690490365,57.60701370239258,1.0164694786071777,0,0.28490912914276123,0.0,732,1,0,0.28968968987464905,2.0002787113189697,0,0.25270798802375793,0.1026332750916481,0.028634559363126755,145.41758728027344,1.5784551616312493e-17,0,0.5309309363365173,7843.981632772449,732,1,0.05287255346775055,0,0,11.081698417663574,0.45495283603668213
0.4597490131855011,0.6370944976806641,0,5.801015138626099,2.4775278593736885,8.967604637145996,0.0,0,0,0.8487371802330017,2.788907527923584,2.0644195079803467,3.4528579711914062,9.066353797912598,0,0.21311785280704498,0.002084962325170636,0.05773775279521942,1e-06,0.00952911376953125,0.9989888072013855,0.0015665038954466581,-0.00656425254419446,0.00315093994140625,4098.099912984,0.3070107102394104,3.7357351779937744,0,0.9982832074165344,2.7282632686365105e-07,-0.00035841509816236794,1,0.4604359269142151,1889.9765894847392,0,0.0,1,0,1,0,6.754059791564941,0.6490103006362915,0.442455530166626,11.498046875,1762705060.6324425,0.0016573333414271474,14.294438362121582,0.6370944976806641,0,0.2856791913509369,0.0,733,1,0,0.30492573976516724,3.0004332065582275,0,0.24192218482494354,0.09097399562597275,0.012901917099952698,27.213102340698242,3.521996081907883e-18,0,0.5719819068908691,7559.906357938957,733,1,0.045619700103998184,0,0,6.872201919555664,0.46131396293640137
0.4515572190284729,0.8046092987060547,0,2.3409390449523926,2.626882706982857,9.863529205322266,-3.107056545559317e-05,0,0,0.8295848965644836,2.3296914100646973,2.424175262451172,3.407304048538208,9.440051078796387,0,0.15170107781887054,0.0013163668336346745,0.07007897645235062,1e-06,0.014375686645507812,0.9967077374458313,0.001324835349805653,-0.0020030371379107237,0.002164125442504883,4105.03208045,0.2920140326023102,3.2480578422546387,0,0.9932558536529541,1.946355610016326e-07,-8.176438132068142e-05,1,0.45413410663604736,2003.9116011292695,0,0.0,1,0,1,0,5.676313400268555,0.6427561640739441,0.6372731924057007,11.498046875,1762705063.785725,0.0005917958915233612,13.52774715423584,0.8046092987060547,0,0.28921812772750854,0.0,734,1,0,0.2906976640224457,4.553794860839844e-05,0,0.25552046298980713,0.09040389955043793,0.03755160793662071,29.447288513183594,1.1105818721184943e-17,0,0.5347597599029541,8015.646404517078,734,1,0.03626186028122902,0,0,6.486701488494873,0.4547386169433594
0.42441684007644653,1.1156654357910156,0,5.808302164077759,2.5414633284423642,8.475505828857422,-0.00013627143925987184,0,0,0.8398590683937073,2.7959487438201904,1.8519130945205688,2.408926248550415,8.51176643371582,0,0.11231306940317154,0.003662165254354477,0.05957977846264839,1e-06,0.007144927978515625,0.9979300498962402,0.0015956626739352942,-0.0012511523673310876,0.002863168716430664,4110.977145527,0.22613871097564697,2.626326560974121,0,0.9989292621612549,7.184644346125424e-07,-7.083293166942894e-05,1,0.41595712304115295,1938.7496191482965,0,0.0,1,0,1,0,6.569400787353516,0.7214453220367432,0.48510611057281494,11.498046875,1762705070.716304,0.000679852266330272,12.485828399658203,1.1156654357910156,0,0.28671467304229736,0.0,735,1,0,0.2224765419960022,3.000397205352783,0,0.196369469165802,0.08946175128221512,0.02154356986284256,32.103206634521484,7.660497034633715e-20,0,0.4638552963733673,7754.998476593186,735,1,0.06041182577610016,0,0,6.455057621002197,0.4183778762817383
0.4360538721084595,0.4098057746887207,0,5.528053522109985,2.562169591841172,8.915937423706055,-0.00013637266238220036,0,0,0.8520415425300598,2.5157835483551025,1.7926419973373413,2.9445488452911377,8.324921607971191,0,0.07766885310411453,0.0024464831221848726,0.07193244248628616,1e-06,0.01035308837890625,0.9981003403663635,0.0020000706426799297,-0.0021550920791924,0.0027518272399902344,4114.864737104,0.24852190911769867,3.3806557655334473,0,0.9981288313865662,2.249361301664976e-07,-0.00015311372408177704,1,0.4307669401168823,1954.5453458971954,0,0.0,1,0,1,0,5.651939392089844,0.6911064982414246,0.781492292881012,11.498046875,1762705076.6612976,0.0008162123267538846,25.653427124023438,0.4098057746887207,0,0.27346107363700867,0.0,736,1,0,0.24607543647289276,3.000412702560425,0,0.21857181191444397,0.10076788067817688,0.03431740775704384,127.9790267944336,2.95338472298751e-20,0,0.47707614302635193,7818.1813835887815,736,1,0.04940643534064293,0,0,9.438998222351074,0.43220001459121704
0.45030760765075684,0.46610260009765625,0,3.4136154651641846,2.5652562677850757,9.721587181091309,0.0,0,0,0.8349395394325256,2.400775671005249,2.8114914894104004,3.601294755935669,9.587543487548828,0,0.09832820296287537,0.002285192022100091,0.06940486282110214,1e-06,0.0137939453125,0.9951090216636658,0.0007225394365377724,-0.0029438212513923645,0.0027556419372558594,4120.219561411,0.2877056896686554,3.229868173599243,0,0.9952507615089417,5.656605850390406e-08,-0.00019368341600056738,1,0.45166608691215515,1956.9000097413302,0,0.0,1,0,1,0,6.006494522094727,0.6481471657752991,0.8117237091064453,11.498046875,1762705080.5477028,0.0007886161329224706,15.97934341430664,0.46610260009765625,0,0.2847621440887451,0.0,737,1,0,0.2854204773902893,1.0001544952392578,0,0.22250598669052124,0.10593999922275543,0.03334156051278114,21.025375366210938,1.7886035395366737e-17,0,0.4730311930179596,7827.600038965321,737,1,0.04775448516011238,0,0,6.048315525054932,0.4527449309825897
0.4388412535190582,1.0808629989624023,0,4.267678260803223,2.587038837216169,9.145966529846191,0.0,0,0,0.8437680006027222,2.255927085876465,2.055588483810425,3.2519288063049316,9.647507667541504,0,0.12625087797641754,0.002989536616951227,0.056590136140584946,1e-06,0.0092315673828125,0.998830258846283,0.004724070895463228,-0.0038842831272631884,0.002760648727416992,4127.661082174,0.2551071345806122,3.3656113147735596,0,0.9985522031784058,1.88212368357199e-07,-8.430283924099058e-05,1,0.43428248167037964,1973.5167941410825,0,0.0,1,0,1,0,6.129497528076172,0.6932623982429504,0.7370001673698425,11.498046875,1762705085.9039855,0.0013648758176714182,15.682238578796387,1.0808629989624023,0,0.2848012149333954,0.0,738,1,0,0.2521176040172577,2.0003151893615723,0,0.20244106650352478,0.09336896985769272,0.01711113750934601,35.75593185424805,7.268077252912759e-19,0,0.4660930931568146,7894.06717656433,738,1,0.05460166186094284,0,0,6.745363235473633,0.43597573041915894
0.43479207158088684,0.6597902774810791,0,6.77212929725647,2.546343012425166,8.535808563232422,-8.01571732154116e-05,0,0,0.8469176292419434,2.759852886199951,2.2150256633758545,2.7516839504241943,8.093368530273438,0,0.10977932065725327,0.003993787337094545,0.058799222111701965,1e-06,0.010768890380859375,0.9979843497276306,0.0009030114742927253,-0.0015432152431458235,0.0028498172760009766,4132.164365084,0.24517416954040527,2.789527654647827,0,0.9980721473693848,1.8863897821574938e-07,-0.00014314914005808532,1,0.4278469383716583,1942.4720751669788,0,0.0,1,0,1,0,6.32392692565918,0.6911113858222961,0.4740687310695648,11.498046875,1762705093.3440368,0.0005543726147152483,14.34304141998291,0.6597902774810791,0,0.2814127802848816,0.0,739,1,0,0.2411803901195526,4.00046443939209,0,0.21132616698741913,0.07448816299438477,0.03768710792064667,75.35464477539062,1.0635546457969298e-19,0,0.4545637369155884,7769.888300667915,739,1,0.06307709217071533,0,0,8.360380172729492,0.43023815751075745
0.46501895785331726,0.6196384429931641,0,3.8758437633514404,2.5195866622657386,9.15507698059082,-3.792856659856625e-05,0,0,0.845713198184967,2.8637876510620117,2.378035068511963,3.5131471157073975,9.670533180236816,0,0.12167613953351974,0.0018934911349788308,0.061021991074085236,1e-06,0.012203216552734375,0.9987589120864868,0.0009642206714488566,-0.0008114334777928889,0.002857208251953125,4137.61116153,0.3351479172706604,3.44028377532959,0,0.994529664516449,1.5472503491764655e-06,-9.199684427585453e-05,1,0.4714323878288269,1922.0610532565502,0,0.0,1,0,1,0,5.217995643615723,0.6162183284759521,0.5317566394805908,11.498046875,1762705097.8474925,0.0003962406481150538,14.860410690307617,0.6196384429931641,0,0.2802550196647644,0.0,740,1,0,0.3332544267177582,1.0003132820129395,0,0.2450934648513794,0.08312736451625824,0.029665762558579445,23.118608474731445,2.5671546340116274e-16,0,0.4927627146244049,7688.244213026201,740,1,0.043478190898895264,0,0,6.418418884277344,0.4720980226993561
0.4431781768798828,0.21137166023254395,0,5.22882604598999,2.515857247627659,9.294060707092285,0.0,0,0,0.8384292721748352,2.2169551849365234,2.299699068069458,3.0755977630615234,9.377705574035645,0,0.14008371531963348,0.003001500852406025,0.0607098788022995,1e-06,0.012071609497070312,0.998439371585846,0.0013427861267700791,-0.001604317338205874,0.0028607845306396484,4142.344813645,0.2623811960220337,2.8499794006347656,0,0.9978708028793335,2.277999726629787e-07,-0.00012026518379570916,1,0.4383490979671478,1919.2160776362823,0,0.0,1,0,1,0,5.886634826660156,0.6770989298820496,0.5662673115730286,11.498046875,1762705103.2946455,0.0006320523098111153,11.630013465881348,0.21137166023254395,0,0.29056626558303833,0.0,741,1,0,0.25937968492507935,3.00036883354187,0,0.2161494642496109,0.09405782073736191,0.015423178672790527,29.566293716430664,4.937075048907967e-19,0,0.4657309055328369,7676.864310545129,741,1,0.0547105148434639,0,0,6.323417663574219,0.4399837851524353
0.4259476959705353,0.21186137199401855,0,4.513785362243652,2.615647445601471,6.497459888458252,0.0,0,0,0.843522310256958,2.502014636993408,1.1933073997497559,2.2253713607788086,5.94307804107666,0,0.09028562158346176,0.001997004495933652,0.05001417547464371,1e-06,0.0114898681640625,0.9981371760368347,0.000826696224976331,-0.001932322746142745,0.0026476383209228516,4148.268011517,0.2291562706232071,2.7890512943267822,0,0.9983954429626465,8.74101004910699e-08,-0.00017362699145451188,1,0.41904863715171814,1995.3408070987514,0,0.0,1,0,1,0,5.405942916870117,0.7103917002677917,0.6880158185958862,11.498046875,1762705108.0278518,0.0007270760252140462,13.207962989807129,0.21186137199401855,0,0.2856053411960602,0.0,742,1,0,0.2271592617034912,2.0002963542938232,0,0.2194943130016327,0.09695491939783096,0.005026062484830618,31.257122039794922,1.4558968217801668e-22,0,0.4786338210105896,7981.3632283950055,742,1,0.04464878514409065,0,0,6.358705997467041,0.42034244537353516
0.4495633542537689,0.6908795833587646,0,5.224972724914551,2.463873469526048,9.187376022338867,0.0,0,0,0.8569255471229553,2.2132396697998047,1.6139764785766602,3.014902353286743,9.10689640045166,0,0.08179419487714767,0.002361972350627184,0.055813759565353394,1e-06,0.0095367431640625,0.9993309378623962,0.0007441781926900148,-0.0016740885330364108,0.0028395652770996094,4151.944778428,0.28018897771835327,3.308588981628418,0,0.9987674951553345,9.362386776956555e-07,-9.690053411759436e-05,1,0.44799375534057617,1879.5603687112368,0,0.0,1,0,1,0,5.00820255279541,0.677513062953949,0.937138020992279,11.498046875,1762705113.9514923,0.0005934045184403658,14.673587799072266,0.6908795833587646,0,0.28516915440559387,0.0,743,1,0,0.2778269946575165,3.0004007816314697,0,0.19208411872386932,0.09514357149600983,0.012219088152050972,43.284873962402344,1.5894771778573959e-16,0,0.4790169894695282,7518.241474844947,743,1,0.04854986444115639,0,0,7.112891674041748,0.44915771484375
0.44713249802589417,1.062767744064331,0,2.60786771774292,2.634728263284631,9.996859550476074,-1.428001905878773e-05,0,0,0.8404649496078491,2.597073554992676,2.294600009918213,3.1676547527313232,10.794896125793457,0,0.0863756388425827,0.0026288116350769997,0.061173856258392334,1e-06,0.01177978515625,0.9982227087020874,0.0010988169815391302,-0.0033764028921723366,0.0021789073944091797,4159.110336523,0.2744479477405548,3.104645252227783,0,0.9980884790420532,9.925948774025528e-08,-0.00018679119239095598,1,0.44495564699172974,2009.896566216841,0,0.0,1,0,1,0,5.54642391204834,0.6711483001708984,0.4584178030490875,11.498046875,1762705117.6291525,0.0007880286430008709,14.86522102355957,1.062767744064331,0,0.2800440192222595,0.0,744,1,0,0.2718191146850586,7.414817810058594e-05,0,0.18055501580238342,0.08275143057107925,0.027893662452697754,27.955440521240234,2.4202789803370276e-18,0,0.37975388765335083,8039.586264867364,744,1,0.05121123045682907,0,0,6.776370048522949,0.44629430770874023
0.4519890546798706,1.1180346012115479,0,6.03888201713562,2.575209697089408,8.352209091186523,-2.8375581678119488e-05,0,0,0.8451011180877686,3.0267465114593506,1.853287935256958,3.036710500717163,9.285285949707031,0,0.2917628586292267,0.0022427113726735115,0.059983991086483,1e-06,0.012098312377929688,0.9984569549560547,0.0009466609335504472,-0.0021008378826081753,0.0030896663665771484,4164.120149501,0.2908048927783966,3.4061951637268066,0,0.9976216554641724,7.781242743476469e-07,-0.00014007874415256083,1,0.45315033197402954,1964.4929610371576,0,0.0,1,0,1,0,5.6057586669921875,0.6560405492782593,0.7325413227081299,11.498046875,1762705124.7938428,0.0006413930677808821,17.2911319732666,1.1180346012115479,0,0.28259333968162537,0.0,745,1,0,0.28856217861175537,3.0003843307495117,0,0.22307883203029633,0.10388270020484924,0.012244736775755882,86.03998565673828,4.768238568878891e-16,0,0.4547674357891083,7857.97184414863,745,1,0.04731002822518349,0,0,8.036672592163086,0.45419028401374817
0.452422559261322,0.6732950210571289,0,4.3285863399505615,2.5347426144906073,9.544716835021973,0.0,0,0,0.8382993340492249,2.3157098293304443,2.2583162784576416,3.404208183288574,8.83039665222168,0,0.23954825103282928,0.002879769541323185,0.06290023028850555,1e-06,0.011569976806640625,0.9979127645492554,0.001414732658304274,-0.0024696809705346823,0.0028443336486816406,4168.873807921,0.29277658462524414,3.187941789627075,0,0.9971420764923096,2.6824432097782847e-07,-7.762393215671182e-05,1,0.4537687301635742,1933.6227375330664,0,-1.1920929132713809e-08,1,0,1,0,4.559507369995117,0.6503376364707947,0.6798595190048218,11.498046875,1762705129.8033783,0.0007746104965917766,11.899210929870605,0.6732950210571289,0,0.28611087799072266,0.0,746,1,0,0.28989681601524353,2.0003199577331543,0,0.2262553721666336,0.09465464949607849,0.03015768527984619,23.855443954467773,3.341410973658981e-17,0,0.4942639172077179,7734.490950132265,746,1,0.05359258875250816,0,0,6.314013481140137,0.45509135723114014
0.44490331411361694,0.47896862030029297,0,4.266509294509888,2.5661597786322123,9.384115219116211,1.0417751582281198e-05,0,0,0.8374806642532349,2.2544474601745605,1.770257830619812,3.139449119567871,8.953774452209473,0,0.1898266226053238,0.0015618028119206429,0.07084201276302338,1e-06,0.011671066284179688,0.9978034496307373,0.0022678186651319265,-0.0032245321199297905,0.002822399139404297,4174.04018051,0.2692994177341461,3.087390661239624,0,0.9971727132797241,1.58030456987035e-06,-0.0001404415670549497,1,0.4428294897079468,1957.5892509714433,0,0.0,1,0,1,0,4.977888107299805,0.6690933704376221,0.47687602043151855,11.498046875,1762705134.5566475,0.0009659373899921775,13.74814510345459,0.47896862030029297,0,0.28611376881599426,0.0,747,1,0,0.26773762702941895,2.000276565551758,0,0.22493766248226166,0.09530367702245712,0.03154788911342621,25.28241539001465,5.224374810700397e-16,0,0.46118927001953125,7830.357003885773,747,1,0.03949318453669548,0,0,6.322632312774658,0.44364529848098755
0.4476710259914398,0.5854811668395996,0,4.572800397872925,2.69294736424425,9.778352737426758,-1.1048524356738199e-05,0,0,0.8257670998573303,2.5599348545074463,2.424062967300415,3.154550790786743,9.872843742370605,0,0.08928433805704117,0.0034937888849526644,0.0738244280219078,1e-06,0.017896652221679688,0.9961314797401428,0.0011262005427852273,-0.001923769828863442,0.0028467178344726562,4179.899249484,0.2822205126285553,2.6182985305786133,0,0.9914214015007019,6.525200433316058e-07,-9.482711902819574e-05,1,0.4484162926673889,2054.3088772462493,0,0.0,1,0,1,0,5.452234268188477,0.6503008008003235,0.6686832308769226,11.498046875,1762705139.723312,0.0005881636752746999,11.77015495300293,0.5854811668395996,0,0.29609888792037964,0.0,748,1,0,0.278726726770401,2.0003933906555176,0,0.253915935754776,0.09616992622613907,0.04611361026763916,21.971755981445312,1.8094393258118229e-16,0,0.47605133056640625,8217.235508984997,748,1,0.05901065841317177,0,0,5.3097453117370605,0.45012378692626953
0.44190704822540283,0.5945620536804199,0,5.257349729537964,2.6158739882637883,8.480744361877441,-4.635757068172097e-05,0,0,0.8713668584823608,2.245047092437744,1.6225954294204712,2.8656435012817383,7.480317115783691,0,0.17514178156852722,0.004410143475979567,0.04484402760863304,1e-06,0.005428314208984375,0.9994009733200073,0.001542445970699191,-0.002352889161556959,0.003002166748046875,4185.075223193,0.2684674859046936,4.402328014373779,0,0.9990882873535156,1.0136287897921648e-07,-0.00018696827464736998,1,0.44089072942733765,1995.5136246623076,0,0.0,1,0,1,0,5.232129096984863,0.7004128694534302,0.46998411417007446,11.498046875,1762705145.582544,0.0009545953362248838,57.043094635009766,0.5945620536804199,0,0.2639045715332031,0.0,749,1,0,0.26405733823776245,3.000466823577881,0,0.14868947863578796,0.07491499930620193,0.005861934274435043,199.33726501464844,4.722296560611002e-16,0,0.38612374663352966,7982.0544986492305,749,1,0.06627143919467926,0,0,13.252853393554688,0.4432232081890106
0.4457738697528839,0.6898400783538818,0,4.479686737060547,2.6442950440117436,9.323561668395996,-1.263668582396349e-05,0,0,0.8398722410202026,2.467834234237671,2.0515167713165283,2.896482229232788,9.532532691955566,0,0.1041814535856247,0.0031808174680918455,0.061148110777139664,1e-06,0.00946807861328125,0.9982889294624329,0.0011224381159991026,-0.001173802767880261,0.002770662307739258,4191.189964263,0.2662099599838257,2.7591936588287354,0,0.9986802339553833,8.304612606480077e-07,-7.853686111047864e-05,1,0.44033196568489075,2017.1945635098148,0,0.0,1,0,1,0,3.714569091796875,0.6775262951850891,0.48031291365623474,11.498046875,1762705150.759551,0.0005497609963640571,12.146113395690918,0.6898400783538818,0,0.2861582636833191,0.0,750,1,0,0.2630291283130646,2.000274419784546,0,0.1946548968553543,0.07282406836748123,0.03495971858501434,24.600189208984375,6.94160292041334e-18,0,0.41936367750167847,8068.778254039259,750,1,0.05631585419178009,0,0,5.700331211090088,0.4420294463634491
0.44191619753837585,0.5961225032806396,0,5.512211799621582,2.5690637565547867,9.079976081848145,-0.0001314522814936936,0,0,0.8676149845123291,3.5003857612609863,2.1534714698791504,2.7221531867980957,9.211297988891602,0,0.09527981281280518,0.002270433818921447,0.05449092388153076,1e-06,0.010654449462890625,0.9991740584373474,0.0016344499308615923,-0.0024807192385196686,0.002874135971069336,4195.534573572,0.2628657817840576,2.5491528511047363,0,0.9982689023017883,3.6520400925610375e-08,-0.00013643052079714835,1,0.43901485204696655,1959.8045440383933,0,0.0,1,0,1,0,3.43994140625,0.6826409101486206,0.4652473032474518,11.498046875,1762705156.8757415,0.0007371410611085594,11.171478271484375,0.5961225032806396,0,0.26065731048583984,0.0,751,1,0,0.2605953514575958,2.000300645828247,0,0.18830911815166473,0.07806238532066345,0.016957560554146767,134.0577392578125,3.7314547566185606e-17,0,0.40797415375709534,7839.218176153573,751,1,0.04760094732046127,0,0,9.380786895751953,0.44024568796157837
0.43680617213249207,0.6503751277923584,0,3.6836740970611572,2.673314300214126,8.119528770446777,-0.00022431496472563595,0,0,0.8487297892570496,2.6710472106933594,1.7733372449874878,2.7053513526916504,8.41031265258789,0,0.16179107129573822,0.0017271155957132578,0.056804634630680084,1e-06,0.009151458740234375,0.998661994934082,0.0015186811797320843,-0.0010990692535415292,0.00270843505859375,4200.641826677,0.24993830919265747,2.97070050239563,0,0.9985750317573547,2.4304826595766826e-08,-0.00015036317927297205,1,0.43202829360961914,2039.331838236819,0,0.0,1,0,1,0,6.8057756423950195,0.6947470903396606,0.6923946738243103,11.498046875,1762705161.2170322,0.0005705351359210908,11.096263885498047,0.6503751277923584,0,0.27686449885368347,0.0,752,1,0,0.24821119010448456,1.000206470489502,0,0.19722531735897064,0.09708672761917114,0.01012625265866518,25.752607345581055,6.7990772839521e-21,0,0.42445600032806396,8157.327352947276,752,1,0.041527800261974335,0,0,6.453129768371582,0.43303051590919495
0.4440326392650604,0.8393244743347168,0,4.261514902114868,2.5857414050959386,9.753493309020996,-3.791976268985309e-05,0,0,0.8494988083839417,2.249230146408081,2.3783645629882812,3.3800621032714844,10.145145416259766,0,0.22866033017635345,0.0014489754103124142,0.06873060017824173,1e-06,0.009366989135742188,0.9989815354347229,0.001253514434210956,-0.0020069722086191177,0.0028047561645507812,4206.645654801,0.26619747281074524,3.0214462280273438,0,0.9983665347099304,4.255163730704226e-06,-0.00015777430962771177,1,0.44124484062194824,1972.5270509483257,0,0.0,1,0,1,0,4.14729118347168,0.677749752998352,0.509787917137146,11.498046875,1762705166.3252077,0.0007396244909614325,12.088825225830078,0.8393244743347168,0,0.2773049771785736,0.0,753,1,0,0.2647485136985779,2.0003414154052734,0,0.20954957604408264,0.09048471599817276,0.034171391278505325,23.359695434570312,4.2062958743994596e-19,0,0.4354986250400543,7890.108203793303,753,1,0.03804175928235054,0,0,5.68936014175415,0.4420144855976105
0.45112115144729614,0.5067119598388672,0,5.487029314041138,2.645744447981604,9.136808395385742,0.0,0,0,0.8427282571792603,2.4744765758514404,2.361989974975586,3.111213445663452,10.3185396194458,0,0.1850292682647705,0.003211462637409568,0.0626387968659401,1e-06,0.0125579833984375,0.9984855055809021,0.0006995852454565465,-0.0030348419677466154,0.0034165382385253906,4212.310137548,0.28878459334373474,2.8127734661102295,0,0.9965781569480896,2.7631938337435713e-07,-0.0001993033365579322,1,0.4517427682876587,2018.3002380883581,0,0.0,1,0,1,0,5.192943572998047,0.6540809869766235,0.688048779964447,11.498046875,1762705172.3266788,0.0007542785606347024,10.497855186462402,0.5067119598388672,0,0.28061094880104065,0.0,754,1,0,0.2855731248855591,3.0004262924194336,0,0.2449621856212616,0.09400684386491776,0.018259601667523384,22.72320556640625,2.4832585683023756e-17,0,0.5234843492507935,8073.2009523534325,754,1,0.056585684418678284,0,0,6.140255928039551,0.4532535672187805
0.442451536655426,0.40056538581848145,0,5.257456541061401,2.5920259230298535,9.62208080291748,-2.7896555820916547e-06,0,0,0.838269829750061,2.244816541671753,2.02244234085083,3.170900344848633,9.749259948730469,0,0.14513789117336273,0.003097345121204853,0.07451626658439636,1e-06,0.011837005615234375,0.998001754283905,0.001457984559237957,-0.0024572410620748997,0.0028793811798095703,4216.369522786,0.2599557638168335,3.052380323410034,0,0.996725857257843,6.36161871625518e-07,-9.007666812976822e-05,1,0.4369489550590515,1977.3211814063775,0,0.0,1,0,1,0,5.25154972076416,0.6704937815666199,0.49306076765060425,11.498046875,1762705177.9918015,0.0006973674753680825,11.823248863220215,0.40056538581848145,0,0.2834756672382355,0.0,755,1,0,0.2568584084510803,3.000312328338623,0,0.21876347064971924,0.0953933447599411,0.03905782476067543,22.540842056274414,3.206826206454766e-18,0,0.4398520588874817,7909.28472562551,755,1,0.055573683232069016,0,0,6.0701518058776855,0.43865853548049927
0.4465338885784149,0.3661985397338867,0,3.6886448860168457,2.6290137055472473,9.109017372131348,0.0,0,0,0.8254180550575256,2.67651629447937,2.0170936584472656,3.1845786571502686,8.74012279510498,0,0.1525900661945343,0.00436300178989768,0.0595007948577404,1e-06,0.014347076416015625,0.9963833689689636,0.001720636384561658,-0.0032131278421729803,0.0026619434356689453,4222.388662046,0.27726876735687256,3.2599101066589355,0,0.9955984950065613,5.078669573777006e-08,-0.0001039582712110132,1,0.4455014169216156,2005.5372286206757,0,0.0,1,0,1,0,6.05592155456543,0.660188615322113,0.5140290856361389,11.498046875,1762705182.0537884,0.0009321942925453186,14.838647842407227,0.3661985397338867,0,0.29592686891555786,0.0,756,1,0,0.27290576696395874,1.0001592636108398,0,0.2387567013502121,0.0839676782488823,0.025676190853118896,36.81171417236328,1.3134370812811e-16,0,0.4966413378715515,8022.148914482703,756,1,0.06591595709323883,0,0,6.22592306137085,0.4476991295814514
0.43399402499198914,0.9635264873504639,0,5.048933506011963,2.5774612314653824,7.371915340423584,-5.728907490265556e-05,0,0,0.8643713593482971,3.0371007919311523,1.2433587312698364,2.321153163909912,7.781663417816162,0,0.18710210919380188,0.0029103609267622232,0.055724915117025375,1e-06,0.008821487426757812,0.9991738200187683,0.0012901660520583391,-0.004928457085043192,0.0028333663940429688,4227.302268872,0.24330617487430573,3.4457926750183105,0,0.9989493489265442,1.8441270412949962e-06,-0.00018713349709287286,1,0.4273860454559326,1966.210539002996,0,0.0,1,0,1,0,6.596055030822754,0.7092894911766052,0.43772441148757935,11.498046875,1762705188.072823,0.0010594219202175736,41.45598602294922,0.9635264873504639,0,0.26766425371170044,0.0,757,1,0,0.24039581418037415,2.0002872943878174,0,0.17509795725345612,0.08044542372226715,0.022035615518689156,64.05620574951172,1.5482574312100086e-15,0,0.43435510993003845,7864.842156011984,757,1,0.05387703701853752,0,0,7.364892482757568,0.4291408658027649
0.44486725330352783,0.669039249420166,0,4.2358832359313965,2.629598154907958,7.934884071350098,0.0,0,0,0.8475611209869385,2.2239222526550293,1.3908345699310303,2.4952709674835205,7.729823112487793,0,0.08932071179151535,0.0014781965874135494,0.06701436638832092,1e-06,0.01334381103515625,0.9990466237068176,0.00065141316736117,-0.002625737339258194,0.0027883052825927734,4232.328411298,0.2680463194847107,2.542678117752075,0,0.9972183704376221,7.805707014085783e-08,-0.00016859131574165076,1,0.4422191083431244,2005.9830745090696,0,0.0,1,0,1,0,4.969691276550293,0.6704082489013672,0.3911933898925781,11.498046875,1762705192.9856262,0.000676220515742898,10.026468276977539,0.669039249420166,0,0.28093820810317993,0.0,758,1,0,0.266568124294281,2.0002944469451904,0,0.23372501134872437,0.08588100224733353,0.029496241360902786,45.268951416015625,1.4371722166988246e-17,0,0.4787231385707855,8023.932298036279,758,1,0.038423627614974976,0,0,5.80447244644165,0.44299641251564026
0.4431663453578949,0.769383430480957,0,4.24872899055481,2.6181950752930776,8.676027297973633,-1.4018393812875729e-05,0,0,0.8565369844436646,2.2350382804870605,1.6444902420043945,2.8189451694488525,8.013571739196777,0,0.0988922119140625,0.0027149321977049112,0.06264699250459671,1e-06,0.01294708251953125,0.9980901479721069,0.0014931036857888103,-0.002102924045175314,0.003287792205810547,4238.327549746,0.2678733170032501,2.953503370285034,0,0.9962148666381836,1.3710429129787371e-06,-0.00014036914217285812,1,0.44146743416786194,1997.284260714256,0,0.0,1,0,1,0,6.267616271972656,0.6719338297843933,0.5443035960197449,11.498046875,1762705198.0107458,0.0008054431527853012,12.932038307189941,0.769383430480957,0,0.2659873962402344,0.0,759,1,0,0.26515838503837585,2.0003533363342285,0,0.2487974762916565,0.08803745359182358,0.027820484712719917,29.49608039855957,2.0457496483124765e-20,0,0.5483942627906799,7989.137042857024,759,1,0.05204011872410774,0,0,5.913285732269287,0.4429013133049011
0.4518898129463196,0.4402027130126953,0,5.553563833236694,2.6241831598478234,8.602197647094727,-3.543127604643814e-05,0,0,0.8378075957298279,2.5415236949920654,2.0635433197021484,3.1097562313079834,8.24043083190918,0,0.15460588037967682,0.005198856350034475,0.05644986405968666,1e-06,0.015956878662109375,0.9983822107315063,0.0014716311125084758,-0.0012425981694832444,0.002869129180908203,4243.237419802,0.29087600111961365,2.964792490005493,0,0.9949628710746765,2.1018624352109327e-07,-1.3149868209438864e-05,1,0.4517950415611267,2001.8522576316288,0,0.0,1,0,1,0,6.223849296569824,0.6529297828674316,0.5789276957511902,11.498046875,1762705204.0119176,0.0006829957128502429,13.568193435668945,0.4402027130126953,0,0.2893078029155731,0.0,760,1,0,0.2856771647930145,3.0004000663757324,0,0.24855615198612213,0.0944688618183136,0.006828480400145054,23.337890625,2.4249381992143244e-17,0,0.5640004277229309,8007.409030526515,760,1,0.07192476838827133,0,0,6.114969253540039,0.45422548055648804
0.46845903992652893,0.6601777076721191,0,4.241428852081299,2.593179402682686,9.923211097717285,0.0,0,0,0.8443406224250793,2.2293009757995605,2.97365140914917,3.627628803253174,11.417656898498535,0,0.13048045337200165,0.0033020065166056156,0.0632285550236702,1e-06,0.010295867919921875,0.9988393783569336,0.0012390334159135818,-0.002142764860764146,0.0028324127197265625,4248.394142583,0.3421386778354645,2.9775407314300537,0,0.9958009719848633,7.12585119799769e-07,-9.169448458123952e-05,1,0.4733743667602539,1978.2011107811581,0,0.0,1,0,1,0,6.281320571899414,0.6090550422668457,0.5088933110237122,11.498046875,1762705208.9206083,0.0005942011484876275,11.384724617004395,0.6601777076721191,0,0.289002388715744,0.0,761,1,0,0.338836669921875,2.000295400619507,0,0.24543419480323792,0.09846708923578262,0.017293691635131836,29.584571838378906,8.188886232205511e-18,0,0.5656057596206665,7912.804443124633,761,1,0.05737542361021042,0,0,5.702927112579346,0.47448602318763733
0.43275538086891174,0.3955116271972656,0,4.752229690551758,2.599585722801599,9.770258903503418,0.0,0,0,0.8463139533996582,2.739306926727295,1.7844792604446411,2.8139350414276123,9.815945625305176,0,0.09271854162216187,0.0025415897835046053,0.06233128160238266,1e-06,0.0121612548828125,0.9972756505012512,0.0010046798270195723,-0.002219361951574683,0.003172159194946289,4252.643625749,0.23428836464881897,2.8218235969543457,0,0.9976052641868591,5.261613864604442e-07,-6.391881470335647e-05,1,0.4219968318939209,1983.0881577637708,0,0.0,1,0,1,0,6.37846565246582,0.6967493891716003,0.7949066758155823,11.498046875,1762705214.0772738,0.0006503029726445675,24.953365325927734,0.3955116271972656,0,0.27736786007881165,0.0,762,1,0,0.23174676299095154,2.000438690185547,0,0.22553479671478271,0.09050072729587555,0.02682487666606903,74.86009979248047,2.675218832724535e-16,0,0.5217106938362122,7932.352631055083,762,1,0.05035588890314102,0,0,7.757487773895264,0.4236021637916565
0.4310700595378876,0.3854680061340332,0,3.8565526008605957,2.699602519441939,9.785977363586426,0.0,0,0,0.8562316298484802,2.8444457054138184,1.8754534721374512,3.0730159282684326,9.74556827545166,0,0.22413955628871918,0.0041928719729185104,0.057755447924137115,1e-06,0.01210784912109375,0.9985365271568298,0.0014931680634617805,-0.002987978979945183,0.0027103424072265625,4257.481638872,0.24004192650318146,2.7386012077331543,0,0.99696946144104,4.087745537617593e-07,-9.640136704547331e-05,1,0.42457282543182373,2059.385747512483,0,0.0,1,0,1,0,6.07000732421875,0.6945744156837463,0.383447527885437,11.498046875,1762705218.3260143,0.0009058123687282205,10.96816349029541,0.3854680061340332,0,0.27223390340805054,0.0,763,1,0,0.2358490526676178,1.0001490116119385,0,0.23264247179031372,0.07495224475860596,0.03204421326518059,30.62411117553711,2.559446741725093e-18,0,0.4977586567401886,8237.542990049931,763,1,0.06462327390909195,0,0,6.042810440063477,0.42715343832969666
0.452648401260376,0.5427756309509277,0,4.287776470184326,2.767971634668266,11.68116283416748,0.0,0,0,0.8217900395393372,2.2732295989990234,1.7950572967529297,3.6664841175079346,9.090764999389648,0,0.1289869099855423,0.005201830994337797,0.07083048671483994,1e-06,0.014501571655273438,0.9960547685623169,0.0007032927242107689,-0.0017326460219919682,0.003307819366455078,4264.204749124,0.287349134683609,4.541252613067627,0,0.9937779307365417,3.5240381635048834e-07,-0.0001622390263946727,1,0.45009151101112366,2111.540974236839,0,0.0,1,0,1,0,6.69294548034668,0.6430570483207703,0.5212370157241821,11.498046875,1762705223.1635513,0.000618660356849432,45.223392486572266,0.5427756309509277,0,0.2977660596370697,0.0,764,1,0,0.2821473181247711,2.0003232955932617,0,0.2533057630062103,0.09338665753602982,0.034750767052173615,478.57049560546875,1.2247337065494859e-17,0,0.5583469867706299,8446.163896947355,764,1,0.07194337248802185,0,0,31.4208984375,0.45257291197776794
0.4509792625904083,0.46790242195129395,0,6.248066663742065,2.610287705148392,10.04356861114502,-4.556397925625788e-06,0,0,0.8506770730018616,2.236030340194702,2.5021042823791504,3.2989425659179688,10.21325969696045,0,0.10180900990962982,0.0023130301851779222,0.07141033560037613,1e-06,0.010259628295898438,0.9989225268363953,0.007622284349054098,-0.0072256228886544704,0.0028450489044189453,4269.415242287,0.2857877314090729,3.034118413925171,0,0.9972846508026123,2.354726547082464e-07,-0.00017937961092684418,1,0.4507427215576172,1991.2521410747927,0,0.0,1,0,1,0,5.854896545410156,0.6602324843406677,0.8526548147201538,11.498046875,1762705229.887732,0.002095384756103158,13.753680229187012,0.46790242195129395,0,0.27857089042663574,0.0,765,1,0,0.28347471356391907,4.000544309616089,0,0.24506090581417084,0.11684764176607132,0.016426146030426025,43.45751190185547,1.1456176198151576e-16,0,0.6143141984939575,7965.008564299171,765,1,0.048044487833976746,0,0,6.700076580047607,0.45184680819511414
0.4576590359210968,0.7043406963348389,0,4.498553514480591,2.6489381106779244,9.377535820007324,-5.8614496083464473e-05,0,0,0.8387972116470337,2.4849743843078613,2.1771562099456787,3.4155356884002686,10.250349044799805,0,0.2146112471818924,0.004077253397554159,0.07084771245718002,1e-06,0.01903533935546875,0.9975372552871704,0.0010754911927506328,-0.0023469242732971907,0.003245830535888672,4274.302287965,0.31115880608558655,3.0309345722198486,0,0.9900199770927429,7.966647075363653e-08,-0.00014326977543532848,1,0.4613330066204071,2020.7365165374256,0,0.0,1,0,1,0,6.074962615966797,0.6254442930221558,0.5319134593009949,11.498046875,1762705235.0983067,0.0007024921360425651,14.036778450012207,0.7043406963348389,0,0.28368544578552246,0.0,766,1,0,0.30708155035972595,2.0005342960357666,0,0.277738094329834,0.09889453649520874,0.03461861610412598,22.800567626953125,2.8661711031240434e-18,0,0.5212395191192627,8082.946066149702,766,1,0.0637299045920372,0,0,5.359774112701416,0.4630172848701477
0.44851237535476685,0.6010267734527588,0,4.2782933712005615,2.635670283322362,8.444332122802734,0.0,0,0,0.8172075152397156,2.265943765640259,1.679410457611084,3.0712618827819824,7.424733638763428,0,0.07525243610143661,0.005895357113331556,0.06751139461994171,1e-06,0.012096405029296875,0.996788501739502,0.0010540776420384645,-0.0021376723889261484,0.0030760765075683594,4279.893474076,0.276590496301651,3.521286964416504,0,0.9971394538879395,4.0598504824629345e-07,-3.017506060132291e-05,1,0.4443734884262085,2010.615184096919,0,0.0,1,0,1,0,5.963375091552734,0.6654285788536072,0.6379640102386475,11.498046875,1762705239.9855309,0.0006533470586873591,14.486412048339844,0.6010267734527588,0,0.3022674322128296,0.0,767,1,0,0.27069514989852905,2.000455617904663,0,0.23673821985721588,0.10531370341777802,0.010913398116827011,25.9100399017334,2.8462199203395706e-19,0,0.5654526948928833,8042.460736387676,767,1,0.07656396925449371,0,0,6.860377311706543,0.4473671615123749
0.4535728693008423,0.7746038436889648,0,4.808769226074219,2.6240126634452445,9.421602249145508,-1.782036997610703e-05,0,0,0.8362526893615723,2.795585870742798,2.2509193420410156,3.504148244857788,9.317649841308594,0,0.112090565264225,0.0021052630618214607,0.0765606090426445,1e-06,0.0196380615234375,0.9968234300613403,0.0012911183293908834,-0.001269289874471724,0.0028138160705566406,4286.329521665,0.30315789580345154,3.159231185913086,0,0.9868025183677673,4.7220882493093086e-07,-9.257252531824633e-05,1,0.45876380801200867,2001.7221948320337,0,0.0,1,0,1,0,6.322417259216309,0.6322463154792786,0.6752668023109436,11.498046875,1762705245.5768406,0.0006021048175171018,11.790255546569824,0.7746038436889648,0,0.28374895453453064,0.0,768,1,0,0.30105262994766235,2.000255584716797,0,0.2751440107822418,0.10156642645597458,0.032703861594200134,24.56937026977539,6.827726619844389e-19,0,0.5301152467727661,8006.888779328135,768,1,0.04583964869379997,0,0,5.68760347366333,0.4596712589263916
0.4478469491004944,0.679631233215332,0,5.750670909881592,2.6006868660608493,8.835909843444824,0.0,0,0,0.8665040731430054,3.738676071166992,2.0047221183776855,3.1348533630371094,9.580561637878418,0,0.11204377561807632,0.003949642181396484,0.0639539510011673,1e-06,0.0101318359375,0.99852055311203,0.0010075303725898266,-0.0048316172324121,0.0029103755950927734,4289.289592959,0.2865959107875824,3.0686118602752686,0,0.9968812465667725,8.33143712952733e-06,-0.00019545671239029616,1,0.45034143328666687,1983.9281624376954,0,0.0,1,0,1,0,6.743825912475586,0.6651094555854797,0.5923538208007812,11.498046875,1762705252.0154011,0.00104438082780689,12.664907455444336,0.679631233215332,0,0.25685814023017883,0.0,769,1,0,0.2826462686061859,2.0003066062927246,0,0.20077821612358093,0.09614285081624985,0.02386520802974701,25.653182983398438,1.753451646376226e-19,0,0.5051093697547913,7935.712649750782,769,1,0.06272968649864197,0,0,6.06041145324707,0.4522269070148468
0.455121785402298,0.599790096282959,0,2.3513476848602295,2.7108352618380533,9.63334846496582,-1.6346043407722277e-09,0,0,0.8395734429359436,2.340667963027954,2.4943666458129883,3.257457733154297,9.865547180175781,0,0.12029123306274414,0.002481389557942748,0.06594756990671158,1e-06,0.01139068603515625,0.9987546801567078,0.0012202871730551124,-0.004617508966475725,0.002105712890625,4296.70110589,0.30465951561927795,2.8810033798217773,0,0.9965762495994568,7.164336466303212e-07,-0.0002342354564461857,1,0.4592653512954712,2067.954619940717,0,0.0,1,0,1,0,5.996175765991211,0.6448199152946472,0.6411240100860596,11.498046875,1762705254.973213,0.0010850128019228578,11.759674072265625,0.599790096282959,0,0.2843838334083557,0.0,770,1,0,0.30217811465263367,8.368492126464844e-05,0,0.2289046198129654,0.09579002857208252,0.03433225676417351,27.3912353515625,1.4371996790951614e-17,0,0.5268638134002686,8271.818479762867,770,1,0.049758560955524445,0,0,6.461702346801758,0.46032652258872986
0.4547397494316101,1.13698410987854,0,6.267606258392334,2.584484004019273,9.540365219116211,-0.0001688804040895775,0,0,0.825219452381134,2.255310297012329,2.306673765182495,3.2788658142089844,10.05349349975586,0,0.21655692160129547,0.004569339565932751,0.0925767794251442,1e-06,0.013980865478515625,0.9967649579048157,0.000939931080210954,-0.0016050060512498021,0.0029044151306152344,4300.674297891,0.30203336477279663,2.9016995429992676,0,0.9940550327301025,3.3091544082708424e-07,-0.0001196561279357411,1,0.45719462633132935,1971.5678453476703,0,0.0,1,0,1,0,6.095403671264648,0.6391957402229309,1.032968282699585,11.498046875,1762705262.3845847,0.0005623583565466106,12.7194242477417,1.13698410987854,0,0.2959088981151581,0.0,771,1,0,0.2974640130996704,4.000492572784424,0,0.24942894279956818,0.13776399195194244,0.04524658992886543,21.14884376525879,8.964549209028124e-18,0,0.5454592108726501,7886.271381390681,771,1,0.06744997948408127,0,0,5.284465789794922,0.45919209718704224
0.457725465297699,0.6505963802337646,0,3.314424753189087,2.5601692980657873,9.126457214355469,0.0,0,0,0.7971730828285217,2.3031368255615234,2.166023015975952,3.173198699951172,8.989418029785156,0,0.1278085857629776,0.004751188214868307,0.08723701536655426,1e-06,0.015659332275390625,0.9947670102119446,0.0016905242810025811,-0.0023024443071335554,0.0024139881134033203,4307.014920368,0.2978244721889496,2.680997848510742,0,0.9943757653236389,1.4503244472052756e-07,-0.00013566638517659158,1,0.45522868633270264,1953.0194262619166,0,0.0,1,0,1,0,6.113285064697266,0.6261749267578125,0.46767354011535645,11.498046875,1762705266.3562765,0.000837544328533113,10.671737670898438,0.6505963802337646,0,0.3188234865665436,0.0,772,1,0,0.29307326674461365,1.0001330375671387,0,0.34655624628067017,0.10647769272327423,0.04260760545730591,27.77783966064453,6.450760252176544e-20,0,0.7793535590171814,7812.077705047666,772,1,0.06877351552248001,0,0,5.431419372558594,0.45735910534858704
0.4401175379753113,1.0692970752716064,0,5.260352611541748,2.4660172987978832,9.754222869873047,-4.2917408791254275e-06,0,0,0.837604820728302,2.243420124053955,1.8651313781738281,2.8661110401153564,9.917718887329102,0,0.14317955076694489,0.003315964015200734,0.05902433395385742,1e-06,0.011507034301757812,0.9980496764183044,0.0017974107759073377,-0.003288969863206148,0.0028018951416015625,4312.481610486,0.2579346299171448,2.563413619995117,0,0.9974818229675293,1.8388795979262795e-06,-5.647483703796752e-05,1,0.4356982409954071,1881.1957840791372,0,0.0,1,0,1,0,5.501999855041504,0.6855760812759399,0.6816622614860535,11.498046875,1762705272.6926901,0.0008278828463517129,10.910194396972656,1.0692970752716064,0,0.28672951459884644,0.0,773,1,0,0.25461867451667786,3.0055174827575684,0,0.2054581493139267,0.09223947674036026,0.013198614120483398,70.65614318847656,1.972643807673989e-15,0,0.48546698689460754,7524.783136316549,773,1,0.057495664805173874,0,0,6.7866621017456055,0.4375496506690979
0.45256727933883667,0.6958539485931396,0,4.7702414989471436,2.533667877126707,10.404399871826172,-2.5202562028425746e-05,0,0,0.8408564329147339,2.7577667236328125,2.5677053928375244,3.443779468536377,10.345025062561035,0,0.16093337535858154,0.004809894599020481,0.07009048014879227,1e-06,0.012134552001953125,0.997849702835083,0.001404759706929326,-0.002477311296388507,0.002817869186401367,4318.687698038,0.29248741269111633,2.826040029525757,0,0.9964161515235901,9.228103436953461e-08,-0.00015998928574845195,1,0.45273181796073914,1932.8028765373842,0,0.0,1,0,1,0,4.806967735290527,0.6486871838569641,0.9790837168693542,11.498046875,1762705278.1659784,0.0008612211095169187,15.378936767578125,0.6958539485931396,0,0.2815394997596741,0.0,774,1,0,0.287677526473999,2.0004630088806152,0,0.23856817185878754,0.10716619342565536,0.029958678409457207,30.657318115234375,3.228173322697371e-16,0,0.517684817314148,7731.211506149537,774,1,0.06919433176517487,0,0,6.288336277008057,0.4549570679664612
0.4495561718940735,0.40058183670043945,0,5.797179937362671,2.4847644837320275,11.258810997009277,0.0,0,0,0.8460693955421448,2.7841336727142334,2.104523181915283,3.5324556827545166,9.163047790527344,0,0.1897822618484497,0.0028697571251541376,0.05904444679617882,1e-06,0.01821136474609375,0.9983546733856201,0.0014947910094633698,-0.0019155384507030249,0.003084421157836914,4322.610594031,0.28565120697021484,4.7588725090026855,0,0.9921137690544128,1.1059940163704596e-07,-1.7551918062963523e-05,1,0.45040079951286316,1895.4970322004121,0,0.0,1,0,1,0,6.765115737915039,0.6514734625816345,0.635359525680542,11.498046875,1762705284.3715878,0.0006069538649171591,60.48613739013672,0.40058183670043945,0,0.27997374534606934,0.0,775,1,0,0.2827814519405365,3.0004959106445312,0,0.29574549198150635,0.08103562146425247,0.03009697049856186,604.8580932617188,2.239393911582596e-16,0,0.6180360317230225,7581.988128801649,775,1,0.053499095141887665,0,0,36.533260345458984,0.45177391171455383
0.4623216986656189,0.5791516304016113,0,3.333582878112793,2.534503552842484,9.109123229980469,0.0,0,0,0.8652662038803101,2.321840286254883,2.3245656490325928,3.210948944091797,9.148771286010742,0,0.197134330868721,0.004137931391596794,0.06402561813592911,1e-06,0.009479522705078125,0.9992234706878662,0.001925117103382945,-0.0031460828613489866,0.002797365188598633,4328.407661612,0.32275864481925964,3.5455563068389893,0,0.9966508746147156,1.107315938497777e-06,-6.446155020967126e-05,1,0.4660058319568634,1933.4403698891722,0,0.0,1,0,1,0,6.461700439453125,0.6341028213500977,0.6891587376594543,11.498046875,1762705288.291941,0.0007793672848492861,38.167083740234375,0.5791516304016113,0,0.26981931924819946,0.0,776,1,0,0.3186207115650177,1.0002188682556152,0,0.22966380417346954,0.11011200398206711,0.008042966015636921,54.86326217651367,1.2434213864579204e-19,0,0.5519025921821594,7733.761479556689,776,1,0.06420237571001053,0,0,6.878740310668945,0.46759578585624695
0.44437357783317566,0.5736870765686035,0,5.2176501750946045,2.5204285704053007,9.530888557434082,-1.0373784789408091e-05,0,0,0.8318284153938293,2.205559253692627,1.6699711084365845,3.5354931354522705,8.018209457397461,0,0.19445514678955078,0.00374779524281621,0.05669417604804039,1e-06,0.010471343994140625,0.9985804557800293,0.0011912287445738912,-0.0013007709058001637,0.0028924942016601562,4333.932778211,0.2647707164287567,3.9862940311431885,0,0.9976305365562439,9.637363973524771e-08,-0.00010895122250076383,1,0.43924081325531006,1922.7033009988909,0,0.0,1,0,1,0,6.625795364379883,0.677503764629364,0.4951101541519165,11.498046875,1762705294.091267,0.0005834898329339921,14.892282485961914,0.5736870765686035,0,0.29621005058288574,0.0,777,1,0,0.2610229253768921,3.0003700256347656,0,0.26093414425849915,0.08055222034454346,0.020310014486312866,43.532962799072266,1.7886238881797425e-17,0,0.5937526822090149,7690.8132039955635,777,1,0.061111148446798325,0,0,7.134218692779541,0.4412596821784973
0.4554445743560791,1.0051624774932861,0,4.512810707092285,2.5689835516092314,10.022772789001465,2.577487748567364e-06,0,0,0.8445869088172913,2.5004029273986816,2.2307980060577393,3.3137917518615723,10.306966781616211,0,0.2240799218416214,0.002341371960937977,0.06092776730656624,1e-06,0.01629638671875,0.9979890584945679,0.0009683699463494122,-0.0031435980927199125,0.0030126571655273438,4339.447625248,0.2971201241016388,2.8988232612609863,0,0.9938429594039917,5.587892815128725e-07,-0.0001165412541013211,1,0.45599663257598877,1959.7433598749592,0,0.0,1,0,1,0,5.637397766113281,0.6422741413116455,0.36618003249168396,11.498046875,1762705299.6163049,0.000719747447874397,11.988212585449219,1.0051624774932861,0,0.2782334089279175,0.0,778,1,0,0.2947787344455719,2.0004236698150635,0,0.2554984390735626,0.07430361956357956,0.04155908152461052,32.28994369506836,3.6458796797019487e-16,0,0.5213819146156311,7838.973439499837,778,1,0.048336707055568695,0,0,5.852128028869629,0.4570434093475342
0.4538067877292633,0.6010785102844238,0,4.907649517059326,2.3894789816097175,9.911640167236328,-0.0003315891954116523,0,0,0.8313603401184082,1.8957741260528564,2.5938403606414795,3.43772554397583,10.215554237365723,0,0.17528462409973145,0.004491018131375313,0.07304991781711578,1e-06,0.012203216552734375,0.9986124038696289,0.0016173861222341657,-0.0017529440810903907,0.0027191638946533203,4344.356875499,0.2876746356487274,3.642868757247925,0,0.9968245029449463,9.565503233943673e-08,-6.549417594214901e-05,1,0.4506010413169861,1822.8086998988774,0,0.0,1,0,1,0,6.476666450500488,0.6494590640068054,0.5383396148681641,11.498046875,1762705305.133267,0.0007684635929763317,35.69255065917969,0.6010785102844238,0,0.296139657497406,0.0,779,1,0,0.28318363428115845,3.0004775524139404,0,0.23834283649921417,0.09636848419904709,0.04092280939221382,142.58267211914062,1.311129181197628e-16,0,0.5343889594078064,7291.23479959551,779,1,0.0668727457523346,0,0,10.302201271057129,0.45273512601852417
0.4387266933917999,1.0542676448822021,0,3.8441696166992188,2.506997873469991,8.396081924438477,0.0,0,0,0.851509153842926,2.832465648651123,1.6803977489471436,2.6715962886810303,8.734601974487305,0,0.13492049276828766,0.0041862898506224155,0.05628732219338417,1e-06,0.00972747802734375,0.9987618327140808,0.0010368649382144213,-0.0014847915153950453,0.002706766128540039,4351.195716572,0.25824174284935,2.744276523590088,0,0.9982618689537048,1.5141913536353968e-06,-0.0001307271304540336,1,0.43538588285446167,1912.457723863538,0,0.0,1,0,1,0,5.712923049926758,0.693425178527832,0.5036861896514893,11.498046875,1762705310.0394802,0.0005579766584560275,12.417829513549805,1.0542676448822021,0,0.2801252603530884,0.0,780,1,0,0.2540554702281952,1.0001490116119385,0,0.2132318615913391,0.08502936363220215,0.017596302554011345,22.83686637878418,7.692775560840095e-18,0,0.49489372968673706,7649.830895454152,780,1,0.06457441300153732,0,0,6.154003143310547,0.43772491812705994
0.4463813304901123,1.0648512840270996,0,5.767281532287598,2.403264168793341,8.642748832702637,5.43049827683717e-06,0,0,0.8461068868637085,2.7549445629119873,1.7851957082748413,2.985166311264038,9.15198802947998,0,0.10857132077217102,0.0017789637204259634,0.0596795529127121,1e-06,0.01447296142578125,0.997982919216156,0.0005440720124170184,-0.0016478693578392267,0.002852201461791992,4353.86209457,0.27106958627700806,3.003490447998047,0,0.9964172840118408,5.720373223994102e-07,-6.671083247056231e-05,1,0.4436405599117279,1833.3246991277622,0,0.0,1,0,1,0,6.547830581665039,0.6648136973381042,0.5206969380378723,11.498046875,1762705316.8792741,0.0004787267534993589,13.0079927444458,1.0648512840270996,0,0.2761875092983246,0.0,781,1,0,0.26929062604904175,3.0003628730773926,0,0.25085341930389404,0.07878311723470688,0.02753298729658127,46.89793014526367,3.322562968570246e-16,0,0.5516060590744019,7333.298796511049,781,1,0.04214491322636604,0,0,6.06208610534668,0.4445613622665405
0.4304993748664856,0.635706901550293,0,2.02376127243042,2.558638281540853,8.15007495880127,-7.717235712334514e-05,0,0,0.8361421823501587,2.0129005908966064,1.464228630065918,2.2460639476776123,6.966123580932617,0,0.11929937452077866,0.004283801652491093,0.06468699127435684,1e-06,0.0110015869140625,0.9979530572891235,0.0012332664337009192,-0.0018878827104344964,0.0021903514862060547,4360.770324169,0.23266397416591644,2.9077835083007812,0,0.9981103539466858,4.529131913955098e-08,-0.00013369109365157783,1,0.4198450446128845,1951.8514937281643,0,0.0,1,0,1,0,6.314704895019531,0.7084309458732605,0.4442408084869385,11.498046875,1762705319.5455737,0.000709128740709275,32.86158752441406,0.635706901550293,0,0.285057932138443,0.0,782,1,0,0.22838017344474792,8.702278137207031e-05,0,0.21838656067848206,0.08615289628505707,0.02173997089266777,142.11305236816406,1.482798672106637e-17,0,0.5434519052505493,7807.405974912657,782,1,0.06531915813684464,0,0,9.715910911560059,0.4225863814353943
0.43492478132247925,0.6792051792144775,0,6.214808702468872,2.4738222191552794,8.627717018127441,-5.3229003242449835e-05,0,0,0.8521373271942139,2.201488971710205,1.5869942903518677,2.8187549114227295,9.902206420898438,0,0.11865249276161194,0.002582765882834792,0.06313320994377136,1e-06,0.011533737182617188,0.9980359673500061,0.0019215933280065656,-0.0040728310123085976,0.0027854442596435547,4366.516330677,0.24677154421806335,3.0405163764953613,0,0.9977642893791199,8.76868000432296e-08,-0.0002245556825073436,1,0.42965564131736755,1887.1497501273743,0,0.0,1,0,1,0,4.134424209594727,0.6975436806678772,0.5144615173339844,11.498046875,1762705326.447292,0.0010867563541978598,13.586759567260742,0.6792051792144775,0,0.27501288056373596,0.0,783,1,0,0.24418877065181732,4.000479698181152,0,0.21632570028305054,0.09121223539113998,0.03197985887527466,24.235488891601562,4.0708893135964306e-16,0,0.46923398971557617,7548.599000509497,783,1,0.050761207938194275,0,0,6.293859958648682,0.43118324875831604
0.43243274092674255,0.2198784351348877,0,5.523576259613037,2.5145756708237736,8.173201560974121,-5.421056812338065e-06,0,0,0.8276819586753845,2.510796546936035,1.6312984228134155,2.4631059169769287,8.126616477966309,0,0.1927604228258133,0.0030205396469682455,0.06773590296506882,1e-06,0.01256561279296875,0.9966101050376892,0.0009010781068354845,-0.0012563543859869242,0.002902984619140625,4370.962058193,0.23761579394340515,2.6651997566223145,0,0.996854841709137,4.5678852700348216e-08,-0.00010191551700700074,1,0.42378827929496765,1918.238429636158,0,0.0,1,0,1,0,5.837347984313965,0.6897874474525452,0.5794216990470886,11.498046875,1762705332.1985612,0.000545021437574178,14.724268913269043,0.2198784351348877,0,0.2930695116519928,0.0,784,1,0,0.23459525406360626,3.0004096031188965,0,0.257327675819397,0.09321743249893188,0.03357377648353577,25.907331466674805,8.016056438507662e-17,0,0.5297191739082336,7672.953718544632,784,1,0.05488189309835434,0,0,5.736643314361572,0.42566537857055664
0.448831707239151,0.21276330947875977,0,4.219609022140503,2.487550096044446,8.022029876708984,-1.6909167243284173e-05,0,0,0.8491789102554321,2.207704782485962,1.8306708335876465,2.730868339538574,7.927001953125,0,0.21991242468357086,0.0021156559232622385,0.06299348920583725,1e-06,0.01117706298828125,0.9983698129653931,0.0008524642908014357,-0.0020095775835216045,0.0026788711547851562,4377.144915425,0.2825576066970825,2.8002562522888184,0,0.9974023699760437,2.5118708890659036e-08,-0.00015985479694791138,1,0.4492679834365845,1897.6220303262382,0,0.0,1,0,1,0,4.912257194519043,0.6604456901550293,0.6590977311134338,11.498046875,1762705336.6393337,0.0006651841104030609,11.64339828491211,0.21276330947875977,0,0.2762400805950165,0.0,785,1,0,0.28044193983078003,2.0002522468566895,0,0.2590162754058838,0.09364967793226242,0.018889546394348145,22.400623321533203,5.850036358934276e-17,0,0.5491215586662292,7590.488121304953,785,1,0.04595297574996948,0,0,5.626034736633301,0.45029598474502563
0.44022807478904724,0.19893121719360352,0,5.791662931442261,2.4801762054488377,7.833078384399414,0.0,0,0,0.8212405443191528,2.779179096221924,1.5654234886169434,2.3299641609191895,7.719928741455078,0,0.1550399214029312,0.0037280702963471413,0.07540669292211533,1e-06,0.017547607421875,0.9952383041381836,0.001700061489827931,-0.002292718505486846,0.0029370784759521484,4381.705811171,0.25131580233573914,2.1405014991760254,0,0.9951361417770386,7.550982900283998e-06,-8.638990402687341e-05,1,0.4316583275794983,1891.996874368297,0,0.0,1,0,1,0,6.3983154296875,0.6706373691558838,0.5510876774787903,11.498046875,1762705342.8308523,0.0007375059649348259,9.616058349609375,0.19893121719360352,0,0.2964378297328949,0.0,786,1,0,0.24758772552013397,3.000537633895874,0,0.2935093939304352,0.09118848294019699,0.047944750636816025,61.40102005004883,5.728817341503815e-17,0,0.6110237240791321,7567.987497473188,786,1,0.060950685292482376,0,0,5.515155792236328,0.4338172674179077
0.4348611533641815,0.823814868927002,0,3.7267730236053467,2.520539331811645,8.257174491882324,-0.00016176828648895025,0,0,0.8829880356788635,2.7148218154907227,1.7030324935913086,2.7170088291168213,8.219840049743652,0,0.1175852119922638,0.0024402146227657795,0.045836884528398514,1e-06,0.008268356323242188,0.9992245435714722,0.0021370253525674343,-0.0013401834294199944,0.002806425094604492,4388.561927878,0.2520741820335388,2.865358591079712,0,0.9989438652992249,2.767434637007682e-07,-8.875978892319836e-06,1,0.43285396695137024,1922.7877950901348,0,0.0,1,0,1,0,5.316801071166992,0.707335352897644,0.5983443260192871,11.498046875,1762705347.3887224,0.0006162296631373465,14.902466773986816,0.823814868927002,0,0.2422296404838562,0.0,787,1,0,0.24963396787643433,1.000213623046875,0,0.19900117814540863,0.06887077540159225,0.020266897976398468,40.97825622558594,6.935194442015162e-19,0,0.4766903817653656,7691.151180360539,787,1,0.049344245344400406,0,0,6.017194747924805,0.4342566132545471
0.43804624676704407,0.30449843406677246,0,6.545907974243164,2.5422156756222054,9.614739418029785,0.0,0,0,0.8504496216773987,2.532578229904175,2.287489652633667,3.2468554973602295,10.693108558654785,0,0.1449863761663437,0.0033298281487077475,0.06346306949853897,1e-06,0.012081146240234375,0.9985840916633606,0.0005537782562896609,-0.0016769618960097432,0.0030698776245117188,4393.126577839,0.2574482858181,3.0633363723754883,0,0.9975215196609497,7.205630936368834e-08,-0.00010285330063197762,1,0.43540269136428833,1939.3235455127108,0,0.0,1,0,1,0,6.803033828735352,0.6860894560813904,0.48964324593544006,11.498046875,1762705354.2461786,0.0004976029740646482,13.654541015625,0.30449843406677246,0,0.2749615013599396,0.0,788,1,0,0.2541184723377228,4.000587701797485,0,0.2283429056406021,0.09148678183555603,0.034107279032468796,25.601716995239258,1.8466525416850192e-19,0,0.5036547780036926,7757.294182050843,788,1,0.0576135590672493,0,0,5.644969940185547,0.4372667074203491
0.45407599210739136,0.29862165451049805,0,4.253331899642944,2.5682074750072803,10.073728561401367,0.0,0,0,0.8395401239395142,2.240992784500122,2.5149521827697754,3.5994012355804443,10.432887077331543,0,0.10687196254730225,0.004721435252577066,0.0674898698925972,1e-06,0.0120697021484375,0.9983742833137512,0.00142666045576334,-0.0015099677257239819,0.0029973983764648438,4397.954146336,0.2995750606060028,3.3229334354400635,0,0.9961678385734558,1.4745525334092235e-07,-0.0001493591844337061,1,0.45603078603744507,1959.1513315739312,0,0.0,1,0,1,0,6.702434539794922,0.6488277912139893,0.671981692314148,11.498046875,1762705358.8055432,0.0006776184309273958,13.179774284362793,0.29862165451049805,0,0.2834565341472626,0.0,789,1,0,0.2948536276817322,2.0003128051757812,0,0.24392971396446228,0.10227648168802261,0.019592177122831345,39.43408966064453,2.0974181683196517e-23,0,0.5480297207832336,7836.605326295725,789,1,0.06855838745832443,0,0,6.4876251220703125,0.4581259787082672
0.44470611214637756,0.3506777286529541,0,4.471864700317383,2.66784168720781,9.751387596130371,-0.0001398153108311817,0,0,0.8254552483558655,2.458890676498413,1.8857940435409546,3.480128049850464,9.526347160339355,0,0.1297404170036316,0.002093997085466981,0.06447315216064453,1e-06,0.01220703125,0.9975539445877075,0.0007566360873170197,-0.003153605153784156,0.0027604103088378906,4402.743515566,0.2671009600162506,3.6656649112701416,0,0.9975267052650452,2.7457619466986216e-07,-0.0002061387203866616,1,0.44138824939727783,2035.157067637928,0,0.0,1,0,1,0,6.4271650314331055,0.6711446046829224,0.5932456254959106,11.498046875,1762705363.63492,0.0007203674176707864,14.742813110351562,0.3506777286529541,0,0.30278587341308594,0.0,790,1,0,0.26500698924064636,2.000317335128784,0,0.28677815198898315,0.10218557715415955,0.025775030255317688,26.069976806640625,1.2855919071158805e-18,0,0.6324864029884338,8140.628270551712,790,1,0.045717597007751465,0,0,6.670461654663086,0.44249698519706726
0.4432280659675598,0.31377243995666504,0,4.472280502319336,2.588540607051136,10.678882598876953,0.0,0,0,0.8483834862709045,2.4602608680725098,2.4169156551361084,3.4236347675323486,9.676187515258789,0,0.07102667540311813,0.003963627852499485,0.066185861825943,1e-06,0.011327743530273438,0.998447835445404,0.0010034841252490878,-0.003809108166024089,0.0028104782104492188,4409.431993533,0.2678946256637573,4.625515937805176,0,0.9978138208389282,3.633689971138665e-08,-0.00015919542056508362,1,0.44081369042396545,1974.6624159027688,0,0.0,1,0,1,0,5.469419479370117,0.6832408308982849,0.5791908502578735,11.498046875,1762705368.4279952,0.0009165508090518415,62.128395080566406,0.31377243995666504,0,0.27951908111572266,0.0,791,1,0,0.2639309763908386,2.0003180503845215,0,0.22673432528972626,0.095169797539711,0.03564024716615677,161.4878387451172,9.081614621730711e-17,0,0.5242374539375305,7898.649663611075,791,1,0.06283978372812271,0,0,11.609421730041504,0.44291403889656067
0.437483012676239,0.2013111114501953,0,6.47740364074707,2.608689985706688,10.760781288146973,-6.205859972396865e-05,0,0,0.8567174077033997,2.462555408477783,2.1524085998535156,3.4653735160827637,10.582782745361328,0,0.1307389885187149,0.003011443419381976,0.058493055403232574,1e-06,0.007480621337890625,0.9991331100463867,0.0010391753166913986,-0.0030794020276516676,0.004437923431396484,4413.783621826,0.25015056133270264,3.3635597229003906,0,0.998994767665863,8.806580353848403e-07,-0.0002587835770100355,1,0.4313916265964508,1990.0333243700838,0,0.0,1,0,1,0,5.8341522216796875,0.7061027884483337,0.6354615688323975,11.498046875,1762705375.1145248,0.000881544838193804,19.1015567779541,0.2013111114501953,0,0.2779587507247925,0.0,792,1,0,0.2471391260623932,4.000864267349243,0,0.20123718678951263,0.09285037219524384,0.024691283702850342,38.19766616821289,8.061959503112312e-18,0,0.5022856593132019,7960.133297480335,792,1,0.05479943007230759,0,0,6.3824782371521,0.43314307928085327
0.44400301575660706,0.6446609497070312,0,3.6984641551971436,2.6739294238896267,8.701690673828125,0.0,0,0,0.8185251355171204,2.6866915225982666,1.5849213600158691,2.8651750087738037,8.142494201660156,0,0.20381762087345123,0.004659591242671013,0.05750254914164543,1e-06,0.0107574462890625,0.9964945316314697,0.00207610079087317,-0.002348858630284667,0.002834320068359375,4418.64099585,0.26611441373825073,3.055067777633667,0,0.9981180429458618,9.488530139378781e-08,-0.0001368477678624913,1,0.43948400020599365,2039.8010839576839,0,0.0,1,0,1,0,5.938504219055176,0.6819643378257751,0.8907924890518188,11.498046875,1762705379.4649866,0.0008685309439897537,12.423212051391602,0.6446609497070312,0,0.3020768463611603,0.0,793,1,0,0.26145482063293457,1.0002257823944092,0,0.21913030743598938,0.09671039134263992,0.016318082809448242,37.4368896484375,1.4674641083979147e-18,0,0.5296391844749451,8159.2043358307355,793,1,0.06811079382896423,0,0,6.15224027633667,0.4419820010662079
0.4473618268966675,0.5992534160614014,0,4.247439384460449,2.658429033612827,8.931120872497559,-1.9257753592683002e-05,0,0,0.8650180697441101,2.2348458766937256,2.3082408905029297,3.133262872695923,9.371355056762695,0,0.09382902085781097,0.003338102251291275,0.05962979421019554,1e-06,0.006473541259765625,0.9995150566101074,0.0013449265388771892,-0.0012898079585283995,0.0032351016998291016,4424.244355151,0.27801620960235596,3.0369908809661865,0,0.9990996718406677,2.6399618491268484e-07,-4.6517143346136436e-05,1,0.44640517234802246,2027.976645883178,0,0.0,1,0,1,0,5.459670066833496,0.6845535039901733,0.6979676485061646,11.498046875,1762705384.3188996,0.0005975833628326654,12.828946113586426,0.5992534160614014,0,0.27081620693206787,0.0,794,1,0,0.274678111076355,2.0003302097320557,0,0.20303592085838318,0.10585430264472961,0.00910292100161314,22.851139068603516,8.351858597261627e-19,0,0.4983251988887787,8111.906583532712,794,1,0.05768667533993721,0,0,5.7562255859375,0.4480748474597931
0.45940130949020386,0.3724334239959717,0,5.2310004234313965,2.6653370107258443,10.373326301574707,-5.077592140878551e-05,0,0,0.8146747350692749,2.2189083099365234,3.01643443107605,4.272767066955566,10.495085716247559,0,0.33047768473625183,0.002326565096154809,0.07152093201875687,1e-06,0.012739181518554688,0.9958061575889587,0.0022449407260864973,-0.002690052380785346,0.00281524658203125,4429.64636874,0.3155668377876282,4.081243515014648,0,0.9894186854362488,7.107203714440402e-08,-0.00012037451233481988,1,0.4638602137565613,2033.2463807823844,0,0.0,1,0,1,0,4.858978271484375,0.6220404505729675,0.8550871014595032,11.498046875,1762705389.92881,0.0008468527812510729,24.90300178527832,0.3724334239959717,0,0.303600937128067,0.0,795,1,0,0.31324025988578796,3.0004072189331055,0,0.25853171944618225,0.11401327699422836,0.030265292152762413,56.03175735473633,3.041611602912202e-17,0,0.5452010035514832,8132.985523129538,795,1,0.04818343371152878,0,0,6.822638988494873,0.464790403842926
0.45188912749290466,0.29579806327819824,0,4.507472038269043,2.6620046249461824,10.60014820098877,-6.364945147652179e-05,0,0,0.8609649538993835,2.494661808013916,2.6741340160369873,3.5057308673858643,11.332367897033691,0,0.08998613059520721,0.0025083611253648996,0.05265963077545166,1e-06,0.0104827880859375,0.9986625909805298,0.0010903911897912621,-0.0011552779469639063,0.0027420520782470703,4435.747578349,0.2913879454135895,3.1698129177093506,0,0.9975013136863708,6.472263521573041e-06,-9.996052540373057e-05,1,0.4532892405986786,2030.704277739279,0,0.0,1,0,1,0,5.394170761108398,0.6519123911857605,0.4742385447025299,11.498046875,1762705395.3301501,0.0006267786375246942,20.09367561340332,0.29579806327819824,0,0.26523375511169434,0.0,796,1,0,0.2888796031475067,2.00032114982605,0,0.2357001155614853,0.06662724167108536,0.0250091515481472,34.68683624267578,4.078239309647332e-17,0,0.4918063282966614,8122.817110957116,796,1,0.05002591758966446,0,0,5.940361022949219,0.454449325799942
0.44705960154533386,0.25356101989746094,0,5.8392486572265625,2.6285435480114376,9.245434761047363,0.0,0,0,0.8269202709197998,2.8272626399993896,1.8837555646896362,2.9583580493927,8.79967212677002,0,0.12685663998126984,0.003492433112114668,0.06916879117488861,1e-06,0.011188507080078125,0.9974175691604614,0.0034362541045993567,-0.0014099562540650368,0.002828836441040039,4439.67747253,0.2710128128528595,3.1192710399627686,0,0.9972080588340759,2.6113298190466594e-08,1.1019134944945108e-05,1,0.442717581987381,2005.1785699954305,0,0.0,1,0,1,0,5.924474716186523,0.6621716618537903,0.6029237508773804,11.498046875,1762705401.430552,0.0009412405779585242,20.4730281829834,0.25356101989746094,0,0.29429173469543457,0.0,797,1,0,0.26752036809921265,3.0004348754882812,0,0.25161463022232056,0.10953813046216965,0.020634781569242477,40.94606399536133,4.873352816534308e-15,0,0.5517358779907227,8020.714279981722,797,1,0.05900039151310921,0,0,6.747517108917236,0.44453442096710205
0.4595053493976593,0.20244860649108887,0,3.7154784202575684,2.663931878271237,9.354915618896484,-1.4677412764285691e-05,0,0,0.8374161124229431,2.7035512924194336,2.0820300579071045,3.275111675262451,8.961792945861816,0,0.09981760382652283,0.002861602697521448,0.06186757981777191,1e-06,0.010976791381835938,0.9984611868858337,0.0012639393098652363,-0.001216909964568913,0.0027108192443847656,4445.264708206,0.3111342489719391,3.3083298206329346,0,0.9972540736198425,1.0351123336249657e-07,-0.00011048871965613216,1,0.461839884519577,2032.1744786302913,0,0.0,1,0,1,0,7.226526260375977,0.6403655409812927,0.5694741010665894,11.498046875,1762705405.3557596,0.0005351383588276803,19.896181106567383,0.20244860649108887,0,0.28631460666656494,0.0,798,1,0,0.30827265977859497,1.0002124309539795,0,0.24576562643051147,0.09544361382722855,0.0231020450592041,43.03932571411133,1.1192922494048002e-17,0,0.5654048919677734,8128.697914521165,798,1,0.053424298763275146,0,0,6.092752456665039,0.4630177915096283
0.44392117857933044,0.3230874538421631,0,5.261508941650391,2.633022102501773,8.603991508483887,0.0,0,0,0.8196572661399841,2.249626874923706,2.0158138275146484,2.6975347995758057,8.173602104187012,0,0.12131316214799881,0.0028446391224861145,0.07500435411930084,1e-06,0.012310028076171875,0.9951447248458862,0.0016678901156410575,-0.003094239393249154,0.0029151439666748047,4462.05944599,0.26258206367492676,2.513641595840454,0,0.9961875081062317,1.0320803056629302e-07,-0.000129136853502132,1,0.43853846192359924,2008.595025277433,0,0.0,1,0,1,0,6.137688636779785,0.6675223708152771,0.7830209732055664,11.498046875,1762705410.947526,0.0008480771793983877,12.312905311584473,0.3230874538421631,0,0.29973888397216797,0.0,799,1,0,0.25973743200302124,3.0003609657287598,0,0.24791984260082245,0.11737889796495438,0.036257147789001465,24.833520889282227,1.5179852810034178e-17,0,0.5268996357917786,8034.380101109732,799,1,0.05326507240533829,0,0,5.64020299911499,0.4400853216648102
0.42068612575531006,0.3923511505126953,0,2.2842464447021484,2.110062890030188,8.400497436523438,-4.814891144633293e-05,0,0,0.861079752445221,2.271120548248291,1.4858222007751465,2.6814956665039062,8.050535202026367,0,0.07694458961486816,0.0025949953123927116,0.05139489471912384,1e-06,0.01551055908203125,0.9977623820304871,0.0006618552142754197,-0.0013619784731417894,0.0026099681854248047,4465.223590783,0.21556997299194336,3.1190290451049805,0,0.9972224235534668,7.086146069923416e-07,-9.817281534196809e-05,1,0.4094480574131012,1609.6567590185296,0,0.0,1,0,1,0,4.760372161865234,0.709505021572113,0.3419719338417053,11.498046875,1762705427.7406769,0.0004689630586653948,14.441206932067871,0.3923511505126953,0,0.2641960382461548,13.005903244018555,800,1,0,0.21297498047351837,0.0002722740173339844,0,0.23111939430236816,0.06077791377902031,0.019630154594779015,29.488178253173828,2.355987202678762e-16,0,0.44849440455436707,6438.627036074118,800,1,0.05087967589497566,0,0,5.861844539642334,0.41125527024269104
0.4431222081184387,0.8094825744628906,0,2.3470497131347656,2.243537433352179,9.13901138305664,0.0,0,0,0.8233661651611328,2.3352913856506348,1.847767949104309,3.1533193588256836,8.962580680847168,0,0.1692643016576767,0.0037151703145354986,0.07087460905313492,1e-06,0.014394760131835938,0.9957084655761719,0.00110536883585155,-0.0013363565085455775,0.0024962425231933594,4470.599992339,0.2666666805744171,3.6890459060668945,0,0.9957213997840881,8.414263419354029e-08,-6.801817653467879e-05,1,0.4402817487716675,1711.4775160349618,0,0.0,1,0,1,0,5.385024070739746,0.6722139716148376,0.8239930868148804,11.498046875,1762705430.906539,0.0006477530696429312,28.772994995117188,0.8094825744628906,0,0.29611513018608093,0.0,801,1,0,0.26295149326324463,0.00010442733764648438,0,0.24261194467544556,0.10018054395914078,0.02613370679318905,57.506744384765625,1.2649613195352873e-17,0,0.5016944408416748,6845.910064139847,801,1,0.06084514781832695,0,0,6.85633659362793,0.4422622621059418
0.4396548271179199,1.075031042098999,0,4.293844938278198,2.21176126849532,9.307631492614746,0.0,0,0,0.8380928039550781,2.281248092651367,1.8529950380325317,2.9523043632507324,9.798979759216309,0,0.15604673326015472,0.0025773197412490845,0.060873452574014664,1e-06,0.0089874267578125,0.9975267052650452,0.00142955151386559,-0.0016342519083991647,0.0032253265380859375,4477.824706605,0.25093722343444824,2.708082914352417,0,0.9981980919837952,8.414508556597866e-07,-5.9567057178355753e-05,1,0.4321122467517853,1687.2371397034303,0,0.0,1,0,1,0,6.199586868286133,0.6874467730522156,0.5841938257217407,11.498046875,1762705436.2827418,0.0005946396850049496,12.771952629089355,1.075031042098999,0,0.28629618883132935,0.0,802,1,0,0.24835988879203796,2.0003442764282227,0,0.21193979680538177,0.09832508862018585,0.023544589057564735,24.357934951782227,1.884131733348279e-18,0,0.5041176676750183,6748.948558813721,802,1,0.05070778355002403,0,0,5.673000812530518,0.4336032569408417
0.42804449796676636,0.5328772068023682,0,6.687429666519165,2.1283280795573827,9.071854591369629,-6.305072747636586e-05,0,0,0.8275430798530579,2.674851655960083,1.71907377243042,2.5769424438476562,8.24245834350586,0,0.25456124544143677,0.002887947717681527,0.06706102192401886,1e-06,0.0173187255859375,0.9953389763832092,0.0020692222751677036,-0.0027015386149287224,0.0028922557830810547,4482.197599409,0.22025413811206818,2.763117790222168,0,0.9958668351173401,2.291849909852317e-07,-0.00018408773757983,1,0.412493497133255,1623.5903180210212,0,0.0,1,0,1,0,6.352027893066406,0.6954435706138611,0.7268625497817993,11.498046875,1762705443.5106344,0.0008423340041190386,14.813199996948242,0.5328772068023682,0,0.2917309105396271,0.0,803,1,0,0.21736618876457214,4.000582456588745,0,0.260559618473053,0.09166733175516129,0.034727793186903,81.0157241821289,1.3291924731264587e-17,0,0.5383592844009399,6494.361272084085,803,1,0.05366714298725128,0,0,8.758971214294434,0.41445785760879517
0.4471605122089386,0.6850254535675049,0,3.6762535572052,2.186416554351992,8.557143211364746,-4.871145574725233e-05,0,0,0.8549652099609375,2.663658618927002,1.8316277265548706,2.78592848777771,7.78701114654541,0,0.11720003187656403,0.003822264727205038,0.061778146773576736,1e-06,0.011327743530273438,0.998955488204956,0.000824127288069576,-0.0019673798233270645,0.003168821334838867,4488.190141768,0.27950310707092285,4.0212178230285645,0,0.9976457953453064,2.007135435633245e-06,-0.0001476373290643096,1,0.4469100832939148,1667.9029811724417,0,0.0,1,0,1,0,7.320688247680664,0.6672483682632446,0.6436007618904114,11.498046875,1762705447.879328,0.0005221976316533983,55.42513656616211,0.6850254535675049,0,0.2745104134082794,0.0,804,1,0,0.2756808400154114,1.0003001689910889,0,0.2568635940551758,0.09559057652950287,0.0206076018512249,221.69154357910156,9.688450730362965e-16,0,0.5466548204421997,6671.611924689767,804,1,0.0617135688662529,0,0,13.821052551269531,0.4488086700439453
0.46327078342437744,0.7066347599029541,0,5.2789905071258545,2.1280990961180803,10.261852264404297,-2.9136390367057174e-05,0,0,0.7962214946746826,2.266099691390991,2.078843832015991,3.8276255130767822,9.290037155151367,0,0.14551198482513428,0.00515810726210475,0.07301992177963257,1e-06,0.020841598510742188,0.992175281047821,0.0023032473400235176,-0.0014361711218953133,0.0034301280975341797,4492.653221839,0.3278762102127075,5.1578826904296875,0,0.9771566987037659,3.697307988659304e-07,-8.628521027276292e-05,1,0.4675683379173279,1623.415638516198,0,0.0,1,0,1,0,7.061124801635742,0.6055544018745422,0.5168309807777405,11.498046875,1762705453.8727012,0.0006664319662377238,66.29737091064453,0.7066347599029541,0,0.31551215052604675,0.0,805,1,0,0.3227181136608124,3.000535726547241,0,0.30226778984069824,0.09352867305278778,0.04143764078617096,198.73837280273438,3.257326410031741e-18,0,0.5804716348648071,6493.662554064792,805,1,0.07164252549409866,0,0,14.205769538879395,0.469492107629776
0.43666744232177734,0.6019589900970459,0,3.8442792892456055,2.2119012514368035,8.876336097717285,-9.278858487959951e-05,0,0,0.8323425650596619,2.832468271255493,2.040437698364258,2.8182740211486816,9.200312614440918,0,0.3372466564178467,0.0036513006780296564,0.05667221546173096,1e-06,0.011104583740234375,0.9972527623176575,0.0014429530128836632,-0.00178184499964118,0.0028045177459716797,4497.056358933,0.24600638449192047,2.7871620655059814,0,0.9974787831306458,5.037052375200801e-08,-6.515510904137045e-05,1,0.428556889295578,1687.3439253774363,0,0.0,1,0,1,0,6.463764190673828,0.685416042804718,0.522566020488739,11.498046875,1762705458.3271124,0.0005936950328759849,13.210501670837402,0.6019589900970459,0,0.2908255457878113,0.0,806,1,0,0.242355078458786,1.0001869201660156,0,0.24731801450252533,0.07648494094610214,0.028720006346702576,120.8391342163086,1.986981664653109e-19,0,0.5572494268417358,6749.375701509745,806,1,0.060322459787130356,0,0,8.6599760055542,0.4307314455509186
0.4537235200405121,1.0479307174682617,0,3.341708183288574,2.1788400077470857,9.89823055267334,0.0,0,0,0.8378399014472961,2.329793930053711,1.9689059257507324,3.35037899017334,8.887508392333984,0,0.14229583740234375,0.0032378581818193197,0.06676550209522247,1e-06,0.010835647583007812,0.9976667165756226,0.00349456537514925,-0.004711261484771967,0.0027570724487304688,4504.404259209,0.2943960130214691,4.641059398651123,0,0.9974821209907532,3.530294634401798e-07,-2.7027381293009967e-05,1,0.45435282588005066,1662.1232295308062,0,0.0,1,0,1,0,6.681751251220703,0.6515621542930603,0.5636671781539917,11.498046875,1762705462.7244196,0.0014739047037437558,60.09519958496094,1.0479307174682617,0,0.28188231587409973,0.0,807,1,0,0.29115816950798035,1.0001938343048096,0,0.2259274423122406,0.10199423134326935,0.013441434130072594,240.36289978027344,1.870245800706563e-19,0,0.5057128071784973,6648.492918123225,807,1,0.056817058473825455,0,0,15.558736801147461,0.455827534198761
0.44617950916290283,1.1105327606201172,0,6.241734027862549,2.1136090393132894,9.431784629821777,-8.50336073199287e-05,0,0,0.8299320936203003,2.228271245956421,2.154987096786499,3.0731499195098877,9.605462074279785,0,0.11563168466091156,0.003979307599365711,0.0687277689576149,1e-06,0.014318466186523438,0.9959477782249451,0.0010257555404677987,-0.0014241825556382537,0.0031228065490722656,4508.164826222,0.2733784317970276,2.6756985187530518,0,0.9955524206161499,4.39937402063606e-08,-1.591358523000963e-05,1,0.44369179010391235,1612.3619310724066,0,0.0,1,0,1,0,5.589999198913574,0.6615585088729858,0.6019366979598999,11.498046875,1762705470.0874782,0.0005789137212559581,11.405896186828613,1.1105327606201172,0,0.29419606924057007,0.0,808,1,0,0.26939913630485535,4.00060772895813,0,0.2489314079284668,0.08780235052108765,0.041105300188064575,26.18970489501953,3.0951205053613373e-20,0,0.5128143429756165,6449.447724289626,808,1,0.0629623755812645,0,0,5.477393627166748,0.4457378089427948
0.45239177346229553,1.0632166862487793,0,2.6887588500976562,2.6662369972377267,9.41777229309082,-3.7173238524701446e-05,0,0,0.8146132826805115,2.67756724357605,2.2450051307678223,3.2866740226745605,9.396323204040527,0,0.19852975010871887,0.004074356984347105,0.07336791604757309,1e-06,0.011373519897460938,0.9976898431777954,0.0016823463374748826,-0.002251684432849288,0.0024175643920898438,4515.364927737,0.2831678092479706,2.9323275089263916,0,0.9977654218673706,8.771807813445776e-08,-0.00016523711383342743,1,0.44861069321632385,2033.9329334812269,0,0.0,1,0,1,0,6.419450759887695,0.658752977848053,0.7263086438179016,11.498046875,1762705473.8462846,0.0009274879121221602,11.681519508361816,1.0632166862487793,0,0.30562278628349304,0.0,809,1,0,0.2790934443473816,5.269050598144531e-05,0,0.23594102263450623,0.10471963882446289,0.02807261236011982,41.242332458496094,9.383023355077273e-17,0,0.5420743823051453,8135.7317339249075,809,1,0.06370863318443298,0,0,6.039157390594482,0.45059460401535034
0.45723941922187805,0.6673464775085449,0,6.527561664581299,2.4521679014334694,8.867827415466309,0.0,0,0,0.8381724953651428,2.5147693157196045,2.2298340797424316,3.198802947998047,8.672758102416992,0,0.17025195062160492,0.002300025662407279,0.07591087371110916,1e-06,0.01496124267578125,0.9981855154037476,0.0008272667764686048,-0.0011205840855836868,0.0028405189514160156,4520.339663224,0.30309227108955383,3.349034547805786,0,0.9931132197380066,3.8039888750063255e-07,-6.660900544375181e-05,1,0.45866110920906067,1870.6308022573667,0,0.0,1,0,1,0,6.450665473937988,0.6318117380142212,0.7215349078178406,11.498046875,1762705481.0479176,0.0004264240269549191,14.82948112487793,0.6673464775085449,0,0.28663986921310425,0.0,810,1,0,0.30079224705696106,4.000515699386597,0,0.24372896552085876,0.10811562091112137,0.03319239616394043,23.434364318847656,1.7747049200123127e-17,0,0.490584135055542,7482.523209029467,810,1,0.04790951684117317,0,0,6.186080455780029,0.45965349674224854
0.4494902193546295,0.4261617660522461,0,4.540544748306274,2.470188212081291,9.182694435119629,-3.1826151825953275e-05,0,0,0.8356062769889832,2.528744697570801,1.9812822341918945,3.0667102336883545,7.934423923492432,0,0.1389915943145752,0.003850509412586689,0.07362011820077896,1e-06,0.01357269287109375,0.9972335696220398,0.0013820575550198555,-0.001734701101668179,0.0028388500213623047,4526.140436971,0.28493770956993103,3.1942121982574463,0,0.9946780204772949,3.860044444081723e-07,-0.00011426836135797203,1,0.4495808780193329,1884.3775559541077,0,0.0,1,0,1,0,5.320180892944336,0.6509220004081726,0.5236524343490601,11.498046875,1762705486.0224376,0.0007022324716672301,15.493997573852539,0.4261617660522461,0,0.2862224876880646,0.0,811,1,0,0.281087189912796,2.00026798248291,0,0.2273608297109604,0.08466051518917084,0.05668110027909279,31.665607452392578,1.4743783705175413e-16,0,0.4765785336494446,7537.510223816431,811,1,0.06193991005420685,0,0,6.375850677490234,0.4514358937740326
0.46475136280059814,0.24579071998596191,0,5.546097755432129,2.543325024092636,10.200779914855957,0.0,0,0,0.83025723695755,2.534069061279297,2.940270185470581,3.9268805980682373,10.307144165039062,0,0.10566019266843796,0.0038919970393180847,0.06618229299783707,1e-06,0.01160430908203125,0.9980589151382446,0.0008237203001044691,-0.0008137791883200407,0.0028879642486572266,4531.078815171,0.3337387442588806,3.5925986766815186,0,0.9948057532310486,2.0240884168742923e-07,-0.00013335151015780866,1,0.47021448612213135,1940.1698095136428,0,0.0,1,0,1,0,6.556495666503906,0.6171924471855164,0.6954327821731567,11.498046875,1762705491.8226893,0.00043019602890126407,14.105894088745117,0.24579071998596191,0,0.29719480872154236,0.0,812,1,0,0.32984673976898193,3.000441551208496,0,0.2299153357744217,0.09232022613286972,0.02101127803325653,26.51517105102539,3.840671639269879e-20,0,0.5003600716590881,7760.679238054571,812,1,0.062271926552057266,0,0,6.3779778480529785,0.47160500288009644
0.43527743220329285,0.37903642654418945,0,4.546711683273315,2.543373987381956,9.847441673278809,0.0,0,0,0.8454654812812805,2.5332119464874268,1.7163631916046143,3.205749750137329,8.667061805725098,0,0.07793879508972168,0.004220151342451572,0.06362444162368774,1e-06,0.01416015625,0.9957776665687561,0.0011403828393667936,-0.0016196052310988307,0.003397703170776367,4537.073503165,0.25232988595962524,5.496804237365723,0,0.9945144653320312,2.820891268129344e-06,-7.764164911350235e-05,1,0.4319537878036499,1940.2071610494525,0,0.0,1,0,1,0,6.209922790527344,0.6781593561172485,0.505713939666748,11.498046875,1762705496.7555523,0.0005319268093444407,76.87726593017578,0.37903642654418945,0,0.2745591402053833,0.0,813,1,0,0.24810972809791565,2.000309705734253,0,0.22079741954803467,0.07349734008312225,0.053102027624845505,249.65318298339844,7.114654894823721e-18,0,0.41491708159446716,7760.82864419781,813,1,0.06483116745948792,0,0,15.693591117858887,0.434387743473053
0.45744335651397705,0.36571836471557617,0,5.615310192108154,2.5612651755235283,10.575166702270508,0.0,0,0,0.859325110912323,2.60357403755188,2.7456655502319336,4.267669677734375,11.425622940063477,0,0.0940396711230278,0.0023490721359848976,0.04311700165271759,1e-06,0.009521484375,0.9987252950668335,0.001068244455382228,-0.0015585352666676044,0.002646207809448242,4541.965423244,0.30749353766441345,4.3425445556640625,0,0.9969384074211121,6.569946435774909e-07,-2.396158924966585e-05,1,0.46052268147468567,1953.8554139309304,0,-8.514949634275126e-09,1,0,1,0,5.1453704833984375,0.6481810212135315,0.4634206295013428,11.498046875,1762705502.7441685,0.0004553667677100748,27.814836502075195,0.36571836471557617,0,0.2712644636631012,0.0,814,1,0,0.3051444888114929,3.000370502471924,0,0.20274867117404938,0.06826566159725189,0.012220263481140137,39.32732009887695,9.097065481863679e-20,0,0.45693734288215637,7815.421655723721,814,1,0.048415955156087875,0,0,7.557010173797607,0.4615097939968109
0.4663430154323578,0.5921087265014648,0,4.293170928955078,2.537856467314214,11.646455764770508,0.0,0,0,0.8184540271759033,2.28068470954895,2.960068702697754,4.684946060180664,10.929838180541992,0,0.10087473690509796,0.004227336961776018,0.06456062197685242,1e-06,0.011548995971679688,0.9971010684967041,0.0010326961055397987,-0.001062607392668724,0.0025920867919921875,4547.888474604,0.3372475504875183,4.557863712310791,0,0.9908161163330078,2.8690351427940186e-08,-2.4997170839924365e-05,1,0.4713490605354309,1935.9981331991337,0,0.0,1,0,1,0,5.683042526245117,0.6114538908004761,0.6548800468444824,11.498046875,1762705507.6494458,0.0004464472003746778,16.781660079956055,0.5921087265014648,0,0.2999599277973175,0.0,815,1,0,0.3330202102661133,2.000333786010742,0,0.21958193182945251,0.1013190969824791,0.02045699581503868,27.384254455566406,2.862518609581133e-20,0,0.4911644458770752,7743.992532796535,815,1,0.06488801538944244,0,0,6.862788200378418,0.47282570600509644
0.43802276253700256,0.25655388832092285,0,5.6566174030303955,2.4783963239617077,9.415570259094238,-0.00010360300802858546,0,0,0.8508616089820862,2.559220552444458,2.350829601287842,3.3848824501037598,8.784850120544434,0,0.13223733007907867,0.0033085194882005453,0.07402364909648895,1e-06,0.008457183837890625,0.9990822076797485,0.0009080294985324144,-0.003591212909668684,0.08593940734863281,4552.304437694,0.2510339021682739,3.477088451385498,0,0.9985122680664062,3.9833957998780534e-07,-0.0001658719702390954,1,0.4317360818386078,1890.6390957544238,0,0.0,1,0,1,0,7.421346664428711,0.697320818901062,0.820595383644104,11.498046875,1762705513.5713174,0.0008284730720333755,18.349393844604492,0.25655388832092285,0,0.2811520993709564,0.0,816,1,0,0.24772539734840393,3.000377893447876,0,0.23575134575366974,0.1121867299079895,0.03035292588174343,57.04451370239258,9.877682159031536e-18,0,0.6065681576728821,7562.556383017695,816,1,0.057430438697338104,0,0,7.161209583282471,0.4336528182029724
0.4664880335330963,0.465700626373291,0,3.94441556930542,2.6301686500798036,9.884766578674316,-1.0324396498617716e-05,0,0,0.8472771048545837,2.9326837062835693,2.409359931945801,3.917565107345581,10.252298355102539,0,0.218584343791008,0.0025278059765696526,0.052464231848716736,1e-06,0.013479232788085938,0.9991082549095154,0.001998577732592821,-0.001553984242491424,0.0028510093688964844,4557.436779796,0.3356926143169403,3.8838047981262207,0,0.9948306679725647,1.982474941542023e-06,-9.405981109011918e-05,1,0.471404492855072,2006.4182754756794,0,0.0,1,0,1,0,5.888989448547363,0.6171822547912598,0.502083957195282,11.498046875,1762705517.988658,0.0006937028956599534,15.875489234924316,0.465700626373291,0,0.2844170928001404,0.0,817,1,0,0.3331648111343384,1.0002796649932861,0,0.23200662434101105,0.08132170885801315,0.011051476001739502,46.40290832519531,6.1203109032435e-19,0,0.49713563919067383,8025.6731019027175,817,1,0.050220049917697906,0,0,7.000308036804199,0.4722917079925537
0.43908748030662537,0.8477532863616943,0,4.2758097648620605,2.5989167370356596,12.683015823364258,-0.0001271936489501968,0,0,0.8489071726799011,2.260793685913086,2.2334306240081787,3.7563536167144775,10.97972583770752,0,0.10219702869653702,0.004083299543708563,0.07788509130477905,1e-06,0.009984970092773438,0.9985370635986328,0.00226528849452734,-0.0013895378215238452,0.002657175064086914,4562.296520722,0.2531645596027374,5.821599006652832,0,0.9976681470870972,1.6958243520548422e-07,-2.1714509784942493e-05,1,0.4325251281261444,1982.5778234676134,0,0.0,1,0,1,0,5.865150451660156,0.684857189655304,0.6860046982765198,11.498046875,1762705523.120024,0.0007872062851674855,78.93120574951172,0.8477532863616943,0,0.2753598690032959,0.0,818,1,0,0.24908126890659332,2.0003104209899902,0,0.2266906052827835,0.09796305000782013,0.046662308275699615,262.8681335449219,2.9890907625348827e-18,0,0.49013158679008484,7930.3112938704535,818,1,0.06377661228179932,0,0,21.765506744384766,0.43486881256103516
0.4476913511753082,0.882390022277832,0,3.9692113399505615,2.6856694284913267,9.082042694091797,-4.7359390009660274e-05,0,0,0.857430636882782,1.9568405151367188,2.1519713401794434,3.1635582447052,9.537725448608398,0,0.2839078903198242,0.003231887938454747,0.060362558811903,1e-06,0.010730743408203125,0.9992682933807373,0.0011715177679434419,-0.0018217043252661824,0.002830028533935547,4568.783498927,0.274710476398468,3.213358163833618,0,0.9984208345413208,7.028406798781361e-07,-0.00016505317762494087,1,0.4447822868824005,2048.7569202255613,0,0.0,1,0,1,0,7.308010101318359,0.6771026253700256,0.4638693928718567,11.498046875,1762705527.98058,0.0008645366178825498,12.930192947387695,0.882390022277832,0,0.27693068981170654,0.0,819,1,0,0.2714785933494568,2.000485897064209,0,0.23103868961334229,0.0925518050789833,0.008886249735951424,25.675018310546875,8.461588338355077e-21,0,0.5550026893615723,8195.027680902245,819,1,0.05676539987325668,0,0,6.556667327880859,0.4464283585548401
0.45868441462516785,0.6872880458831787,0,5.790588617324829,2.5965757696047826,9.217659950256348,4.190062827547081e-05,0,0,0.838365375995636,2.771939516067505,2.6068601608276367,3.6657984256744385,9.875517845153809,0,0.10643459856510162,0.002329521346837282,0.06472987681627274,1e-06,0.013425827026367188,0.9982837438583374,0.0011173620587214828,-0.0016841928008943796,0.002919435501098633,4573.692360049,0.30643796920776367,3.6561877727508545,0,0.9951483607292175,1.3079043981178984e-07,-5.094416337669827e-05,1,0.46007752418518066,1980.792021695753,0,0.0,1,0,1,0,6.019207000732422,0.6353858709335327,0.6005303263664246,11.498046875,1762705534.4654303,0.0006403173319995403,15.157021522521973,0.6872880458831787,0,0.28312617540359497,0.0,820,1,0,0.3041084408760071,3.0064096450805664,0,0.24775199592113495,0.09207111597061157,0.023566534742712975,27.779932022094727,8.631055318453002e-19,0,0.5294070243835449,7923.168086783012,820,1,0.04821396991610527,0,0,6.088760852813721,0.46106263995170593
0.46589550375938416,0.5797502994537354,0,4.323530673980713,2.6448594606476097,9.588944435119629,0.0,0,0,0.8333829641342163,2.3104655742645264,2.7829384803771973,3.792940855026245,10.632108688354492,0,0.26108813285827637,0.0038550503086298704,0.05209708586335182,1e-06,0.008684158325195312,0.9985396862030029,0.000928456720430404,-0.0041130403988063335,0.002866506576538086,4578.962890018,0.3307633101940155,3.7232649326324463,0,0.9971702694892883,6.289993166319618e-07,-0.000171769512235187,1,0.46914368867874146,2017.62512747884,0,0.0,1,0,1,0,6.865060806274414,0.6326861381530762,0.6555693745613098,11.498046875,1762705539.3752048,0.0009225404355674982,13.549490928649902,0.5797502994537354,0,0.29676055908203125,0.0,821,1,0,0.32690826058387756,2.00028133392334,0,0.2058333307504654,0.09179292619228363,0.0077021121978759766,22.017921447753906,3.0719510988555446e-18,0,0.512245237827301,8070.50050991536,821,1,0.061977218836545944,0,0,6.412590980529785,0.47054845094680786
0.4562072455883026,0.686335563659668,0,4.576590299606323,2.5960532408911416,10.121380805969238,-3.967545853811316e-05,0,0,0.8301273584365845,2.564441680908203,2.7195029258728027,3.648146867752075,9.360109329223633,0,0.3429453670978546,0.0034843203611671925,0.054863326251506805,1e-06,0.01513671875,0.9971222281455994,0.0024878457188606262,-0.0017254360718652606,0.002928495407104492,4584.443945125,0.3040650188922882,4.178088188171387,0,0.9937002062797546,5.4115186998160425e-08,-9.651089203543961e-05,1,0.45856383442878723,1980.3934118345644,0,0.0,1,0,1,0,6.418498992919922,0.637639582157135,0.5582332611083984,11.498046875,1762705544.6456974,0.0008157261181622744,47.09575271606445,0.686335563659668,0,0.2904638946056366,0.0,822,1,0,0.3005807101726532,2.000323534011841,0,0.25787055492401123,0.08811018615961075,0.01345630083233118,141.28573608398438,3.1128444251827415e-21,0,0.565138578414917,7921.573647338258,822,1,0.05893205106258392,0,0,10.070927619934082,0.46006372570991516
0.45055943727493286,0.5945031642913818,0,4.882724046707153,2.6097198984265395,9.462244033813477,0.0,0,0,0.8368657827377319,2.8702216148376465,2.1462254524230957,3.203263759613037,9.384096145629883,0,0.10103193670511246,0.0033301617950201035,0.06089023873209953,1e-06,0.00878143310546875,0.9978962540626526,0.0016424203058704734,-0.0026532821357250214,0.003084421157836914,4589.343786743,0.2837773561477661,3.452521800994873,0,0.9969366788864136,6.707604427447222e-08,-0.0001201655832119286,1,0.44927117228507996,1990.8189909862504,0,0.0,1,0,1,0,6.594327926635742,0.6646665334701538,0.5689433217048645,11.498046875,1762705550.1297057,0.0007825663196854293,19.51839256286621,0.5945031642913818,0,0.2851249575614929,0.0,823,1,0,0.28044718503952026,2.0004942417144775,0,0.23978522419929504,0.09844081103801727,0.014554365538060665,42.284549713134766,3.005499544346097e-17,0,0.5926324129104614,7963.275963945001,823,1,0.057618238031864166,0,0,7.298863410949707,0.450883686542511
0.4457296133041382,0.5932445526123047,0,4.295579671859741,2.6102283071691956,8.033154487609863,-1.8661321519175544e-05,0,0,0.8218286037445068,2.2835853099823,1.330763578414917,2.691828966140747,6.863449573516846,0,0.21254681050777435,0.003262233454734087,0.06884245574474335,1e-06,0.00970458984375,0.9982055425643921,0.0012767489533871412,-0.001957534346729517,0.003020763397216797,4594.245725058,0.2662484347820282,3.2217013835906982,0,0.9976028800010681,1.717851034754858e-07,-7.928948616608977e-05,1,0.4403102397918701,1991.2068294591352,0,0.0,1,0,1,0,6.877401351928711,0.6742659211158752,0.7983811497688293,11.498046875,1762705555.0264533,0.0008321170462295413,14.404714584350586,0.5932445526123047,0,0.3017185926437378,0.0,824,1,0,0.2629861831665039,2.000257730484009,0,0.26482608914375305,0.10675830394029617,0.02581033669412136,50.38157272338867,8.218513722096841e-20,0,0.64661705493927,7964.827317836541,824,1,0.057029880583286285,0,0,7.318112373352051,0.4420511722564697
0.43134260177612305,0.6150596141815186,0,4.279177188873291,2.6682155739545435,7.272562026977539,0.0,0,0,0.8754843473434448,2.2669975757598877,1.1758344173431396,2.2818546295166016,7.54271936416626,0,0.12887980043888092,0.0027382257394492626,0.039421431720256805,1e-06,0.006481170654296875,0.9992027878761292,0.0011614233953878284,-0.0012482849415391684,0.0031926631927490234,4600.745401429,0.2415115088224411,2.871150016784668,0,0.9988699555397034,1.0312975291526527e-06,-4.331912350608036e-05,1,0.4263922870159149,2035.4422863069217,0,0.0,1,0,1,0,7.085954666137695,0.7159923315048218,0.4422900080680847,11.498046875,1762705559.9277403,0.0004741612065117806,12.500344276428223,0.6150596141815186,0,0.2616013288497925,0.0,825,1,0,0.23877328634262085,2.0003204345703125,0,0.19007430970668793,0.06021907180547714,0.012154406867921352,28.022655487060547,1.9258487522354067e-19,0,0.4862684905529022,8141.769145227687,825,1,0.052263520658016205,0,0,6.4423675537109375,0.4280582368373871
0.4224722981452942,0.738628625869751,0,5.762800455093384,2.55391737577465,8.39928913116455,-1.0737838238128461e-05,0,0,0.8512746095657349,2.7448220252990723,1.7214866876602173,2.3677284717559814,8.532466888427734,0,0.09179500490427017,0.0021349273156374693,0.061414122581481934,1e-06,0.010456085205078125,0.9975945353507996,0.0007138901273719966,-0.002699218224734068,0.003180265426635742,4604.693654876,0.22352689504623413,2.3152008056640625,0,0.9979028701782227,3.6184243867865007e-07,-0.0001114708575187251,1,0.41522809863090515,1948.2501613170957,0,0.0,1,0,1,0,7.088932037353516,0.7158862948417664,0.6392018795013428,11.498046875,1762705566.4312983,0.000703933765180409,11.732071876525879,0.738628625869751,0,0.2712750732898712,0.0,826,1,0,0.221391960978508,3.0050742626190186,0,0.23192435503005981,0.08688984811306,0.027932537719607353,23.221147537231445,2.6737760270769924e-19,0,0.5419211983680725,7793.000645268383,826,1,0.046160854399204254,0,0,5.612839698791504,0.41665297746658325
0.45230263471603394,0.5884854793548584,0,3.349490165710449,2.618014733160286,10.071252822875977,-5.578581112786196e-05,0,0,0.8591331839561462,2.3364498615264893,2.267543315887451,3.402914047241211,10.115984916687012,0,0.1142338439822197,0.0023603462614119053,0.06434160470962524,1e-06,0.011760711669921875,0.9988133311271667,0.0016289803897961974,-0.001735363039188087,0.0030291080474853516,4611.261290253,0.29346969723701477,3.314846992492676,0,0.9951016306877136,5.4926872508076485e-06,-3.5948334698332474e-05,1,0.45431849360466003,1997.1466871213759,0,0.0,1,0,1,0,6.616233825683594,0.6499494910240173,0.4572814106941223,11.498046875,1762705570.376841,0.0006154077709652483,15.962886810302734,0.5884854793548584,0,0.2674452066421509,0.0,827,1,0,0.2911093533039093,1.0001952648162842,0,0.24883180856704712,0.07374753803014755,0.04258288815617561,24.779338836669922,7.58491906071665e-21,0,0.5547643899917603,7988.586748485503,827,1,0.04853079468011856,0,0,5.245697975158691,0.4553965628147125
0.43746334314346313,1.0659675598144531,0,5.493772029876709,2.5678551841604373,9.46265983581543,-0.0001672588405199349,0,0,0.8390132188796997,3.480682611465454,1.7038521766662598,3.145742177963257,8.710925102233887,0,0.12883687019348145,0.0030687397811561823,0.05714109539985657,1e-06,0.010202407836914062,0.9974032044410706,0.001001483527943492,-0.0015322805847972631,0.003083944320678711,4615.794709816,0.25409165024757385,3.7959835529327393,0,0.9964080452919006,4.8250168305230545e-08,-0.00013951533765066415,1,0.433646023273468,1958.8825872888958,0,0.0,1,0,1,0,6.100187301635742,0.6873365640640259,0.521187424659729,11.498046875,1762705576.9440475,0.0005405429401434958,31.349428176879883,1.0659675598144531,0,0.28397461771965027,0.0,828,1,0,0.25102290511131287,2.000441789627075,0,0.2282678633928299,0.09056823700666428,0.020014774054288864,125.32626342773438,6.515062171069119e-19,0,0.49735984206199646,7835.530349155583,828,1,0.05531679838895798,0,0,9.676513671875,0.43539392948150635
0.4406372010707855,0.6190016269683838,0,3.906398296356201,2.6836687165715722,7.833926677703857,-4.044782690471038e-05,0,0,0.866511881351471,2.894585371017456,1.3940788507461548,2.564357280731201,7.674323558807373,0,0.13443849980831146,0.002311841817572713,0.05126370117068291,1e-06,0.00691986083984375,0.9991274476051331,0.0013042505597695708,-0.0019223791314288974,0.0028162002563476562,4622.139301979,0.2614949941635132,3.1196584701538086,0,0.9984350204467773,3.281294169710236e-08,-0.00010138466313946992,1,0.4382425844669342,2047.2306816097846,0,0.0,1,0,1,0,7.488288879394531,0.6926555037498474,0.5707340836524963,11.498046875,1762705581.4767087,0.000639790843706578,13.77834415435791,0.6190016269683838,0,0.2698710560798645,0.0,829,1,0,0.2591831386089325,1.000178575515747,0,0.2279723435640335,0.0855124220252037,0.007926125079393387,23.16994285583496,1.895991280284393e-19,0,0.6091121435165405,8188.922726439138,829,1,0.04803217202425003,0,0,5.9412031173706055,0.43950536847114563
0.45266464352607727,1.0618772506713867,0,5.27582049369812,2.604533708202325,8.345454216003418,-2.5191033273586072e-05,0,0,0.8285859823226929,2.2634944915771484,1.8063949346542358,2.9326889514923096,8.073742866516113,0,0.4045245945453644,0.005791505333036184,0.052090685814619064,1e-06,0.011373519897460938,0.9988793730735779,0.00233143731020391,-0.003307031001895666,0.003201723098754883,4626.948326905,0.29316049814224243,3.090158462524414,0,0.9960600137710571,6.727512413817749e-07,-9.757971565704793e-05,1,0.4525975286960602,1986.8627173664422,0,0.0,1,0,1,0,6.24293327331543,0.666388988494873,0.6766995191574097,11.498046875,1762705587.8219109,0.0008231707033701241,12.939372062683105,1.0618772506713867,0,0.3050479590892792,0.0,830,1,0,0.2873689830303192,3.000369071960449,0,0.20806603133678436,0.0872209444642067,0.010696306824684143,33.27305221557617,4.96287108990074e-18,0,0.46574509143829346,7947.450869465769,830,1,0.07589171081781387,0,0,6.543065547943115,0.45527416467666626
0.45643529295921326,0.5844573974609375,0,4.217341184616089,2.6251587219073294,10.297954559326172,0.0,0,0,0.8614494204521179,2.204988956451416,2.757115602493286,3.7544145584106445,10.105509757995605,0,0.35855168104171753,0.0033931166399270296,0.057953089475631714,1e-06,0.00838470458984375,0.9986749887466431,0.0010593751212581992,-0.0026517855003476143,0.003187417984008789,4633.162450823,0.30610761046409607,3.6973013877868652,0,0.9964627027511597,5.668213702847424e-07,-0.00019906918168999255,1,0.4594884216785431,2002.5964629680414,0,0.0,1,0,1,0,6.823139190673828,0.6537429094314575,0.5588774085044861,11.498046875,1762705592.630744,0.0008428762666881084,13.364140510559082,0.5844573974609375,0,0.26548895239830017,0.0,831,1,0,0.3027144968509674,2.0002849102020264,0,0.20306946337223053,0.0944364070892334,0.01792830228805542,29.830223083496094,2.895396696328772e-22,0,0.4735754132270813,8010.385851872165,831,1,0.05815860629081726,0,0,7.291838645935059,0.46093085408210754
0.44260531663894653,1.0530445575714111,0,5.154774904251099,2.6297337902579976,8.453252792358398,0.0,0,0,0.83561772108078,3.1405391693115234,1.8227057456970215,2.922727346420288,8.126104354858398,0,0.08881396055221558,0.0035720665473490953,0.05761575698852539,1e-06,0.016843795776367188,0.9967837333679199,0.0012821382842957973,-0.001112470286898315,0.0031516551971435547,4639.554347633,0.27129843831062317,3.4764881134033203,0,0.9939608573913574,4.0801543832458265e-07,-2.8708596801152453e-05,1,0.4428136944770813,2006.0865436326606,0,0.0,1,0,1,0,4.500024795532227,0.6705166101455688,0.46719464659690857,11.498046875,1762705598.8455184,0.0004595684295054525,29.00333023071289,1.0530445575714111,0,0.28994789719581604,0.0,832,1,0,0.2677263915538788,2.000339984893799,0,0.27219057083129883,0.0809389129281044,0.02035333402454853,64.40279388427734,2.364565264154284e-18,0,0.546050488948822,8024.346174530642,832,1,0.0596652552485466,0,0,7.041870594024658,0.4446694254875183
0.4365369975566864,0.6781742572784424,0,5.70555853843689,2.5512002810441294,9.826521873474121,-1.8748642105492763e-05,0,0,0.8575724959373474,2.6923327445983887,2.2137131690979004,3.576050281524658,9.37915325164795,0,0.44985660910606384,0.0028316269163042307,0.047541454434394836,1e-06,0.01004791259765625,0.999077558517456,0.046098098158836365,-0.0024692837614566088,0.003345489501953125,4643.655801137,0.2557176947593689,4.216577053070068,0,0.9976208209991455,1.9279590901533084e-07,0.0015405095182359219,1,0.43471357226371765,1946.1774316754627,0,0.0,1,0,1,0,7.128971099853516,0.695724368095398,0.5886242985725403,11.498046875,1762705605.237864,0.008771219290792942,32.78811264038086,0.6781742572784424,0,0.279105544090271,0.0,833,1,0,0.2528860867023468,3.000505208969116,0,0.2642904222011566,0.08079291880130768,0.014719588682055473,98.35865783691406,1.971813291869206e-18,0,0.5783073306083679,7784.709726701851,833,1,0.05314343050122261,0,0,8.874199867248535,0.43631139397621155
0.4526744484901428,0.7131457328796387,0,3.381779909133911,2.574271807965636,10.277490615844727,-0.00011226769856875762,0,0,0.8525288105010986,2.370096206665039,2.4027504920959473,3.304908514022827,10.172119140625,0,0.16817152500152588,0.0015748031437397003,0.064488984644413,1e-06,0.012014389038085938,0.9985997080802917,0.002505123382434249,-0.0026462634559720755,0.0028209686279296875,4650.379453074,0.29658791422843933,3.343541145324707,0,0.9953834414482117,4.4291093104220636e-07,-0.00012009563943138346,1,0.4561085104942322,1963.7774944155594,0,0.0,1,0,1,0,6.046394348144531,0.6587237119674683,0.5532914996147156,11.498046875,1762705609.3402407,0.0009738182416185737,16.921369552612305,0.7131457328796387,0,0.27660655975341797,0.0,834,1,0,0.2950131297111511,1.000232458114624,0,0.22850322723388672,0.10266951471567154,0.00897317472845316,134.6931610107422,1.903980345736795e-17,0,0.48046204447746277,7855.109977662238,834,1,0.03965773060917854,0,0,9.962674140930176,0.45681318640708923
0.45108145475387573,0.8428499698638916,0,5.870135068893433,2.5630512549483484,10.301030158996582,-7.432895654346794e-05,0,0,0.8470266461372375,2.857576847076416,2.0873286724090576,3.60860538482666,9.458335876464844,0,0.12932877242565155,0.0032722512260079384,0.05678717419505119,1e-06,0.011749267578125,0.9986217021942139,0.0009996122680604458,-0.001375058782286942,0.0030126571655273438,4654.249849675,0.28992146253585815,3.6502983570098877,0,0.9935979843139648,2.33168734098399e-07,-7.031534914858639e-05,1,0.4522455632686615,1955.2179206277165,0,0.0,1,0,1,0,5.806816101074219,0.6519559025764465,0.5391951203346252,11.498046875,1762705616.0607204,0.00043276487849652767,15.40913200378418,0.8428499698638916,0,0.27916890382766724,0.0,835,1,0,0.286649227142334,3.00038480758667,0,0.23357579112052917,0.08534036576747894,0.023433873429894447,29.17036247253418,6.286206627981956e-19,0,0.47579482197761536,7820.871682510866,835,1,0.057116154581308365,0,0,6.847088813781738,0.45377519726753235
0.4359753727912903,0.49907445907592773,0,3.3670737743377686,2.5667197424860175,9.589371681213379,-4.2609492084011436e-05,0,0,0.8569531440734863,2.354609966278076,2.3139686584472656,3.0473709106445312,8.659648895263672,0,0.10736551135778427,0.0018014410743489861,0.07474163174629211,1e-06,0.020112991333007812,0.9978923201560974,0.0008099952829070389,-0.001882225158624351,0.0029587745666503906,4660.793846432,0.26160928606987,3.10896897315979,0,0.9928368330001831,8.320137112605153e-08,-0.00014665102935396135,1,0.4385729432106018,1958.0164181456269,0,0.0,1,0,1,0,6.631771087646484,0.6752797365188599,0.6651235222816467,11.498046875,1762705619.9342978,0.0005596113624051213,13.798556327819824,0.49907445907592773,0,0.26666638255119324,0.0,836,1,0,0.25980785489082336,1.0002501010894775,0,0.279558926820755,0.10734717547893524,0.03578227013349533,27.118457794189453,4.9372121127354675e-17,0,0.5462943911552429,7832.065672582507,836,1,0.04240938276052475,0,0,6.69775390625,0.43955492973327637
0.4302496910095215,0.828942060470581,0,5.698770999908447,2.568223739088943,7.774742126464844,-2.9226877813925967e-05,0,0,0.876194417476654,2.685446262359619,1.4924348592758179,2.393784284591675,7.392288684844971,0,0.06822043657302856,0.003385416930541396,0.03572547435760498,1e-06,0.008028030395507812,0.9991549253463745,0.0008603534661233425,-0.0008328416734002531,0.0033462047576904297,4664.844229827,0.24296876788139343,2.7795658111572266,0,0.9983445405960083,1.7183802469844522e-07,-3.1670853786636144e-05,1,0.4268847703933716,1959.1637385922725,0,0.0,1,0,1,0,5.526323318481445,0.7095991969108582,0.5744383335113525,11.498046875,1762705626.4690642,0.00045773506280966103,13.106861114501953,0.828942060470581,0,0.254941463470459,0.0,837,1,0,0.2395833432674408,3.0004560947418213,0,0.21742954850196838,0.07028835266828537,0.004103491548448801,36.488319396972656,3.025228199002181e-16,0,0.46953245997428894,7836.65495436909,837,1,0.058093324303627014,0,0,6.642061710357666,0.42893218994140625
0.43529242277145386,0.6772751808166504,0,3.3723301887512207,2.5931467920421793,8.975569725036621,-2.1893805751460604e-05,0,0,0.8420559763908386,2.358750581741333,1.9141006469726562,2.87113094329834,7.931704044342041,0,0.11733295768499374,0.004385964944958687,0.06122298538684845,1e-06,0.01175689697265625,0.9980466961860657,0.001051645609550178,-0.0007930833962745965,0.0040988922119140625,4671.117284106,0.25346261262893677,3.0664074420928955,0,0.9967502355575562,9.939096656808033e-08,-2.0145849703112617e-05,1,0.43252822756767273,1978.1762338269427,0,0.0,1,0,1,0,6.820423126220703,0.68696528673172,0.4221954345703125,11.498046875,1762705630.5268538,0.0003443370806053281,14.749409675598145,0.6772751808166504,0,0.28400281071662903,0.0,838,1,0,0.24907664954662323,1.0001862049102783,0,0.26688262820243835,0.08041572570800781,0.03151999041438103,41.36429214477539,1.3900562364824726e-18,0,0.5774315595626831,7912.704935307771,838,1,0.06608885526657104,0,0,7.131410121917725,0.43504366278648376
0.4573390781879425,0.7820346355438232,0,5.482660531997681,2.5947324293365623,9.363998413085938,0.0,0,0,0.8390139937400818,2.4701788425445557,2.508106231689453,3.543529987335205,10.18864917755127,0,0.09743870049715042,0.002956393174827099,0.04898205026984215,1e-06,0.006740570068359375,0.998234212398529,0.0017217478016391397,-0.001105166389606893,0.0031058788299560547,4675.197565342,0.3099285662174225,3.5797348022460938,0,0.9978094696998596,4.2333553551543446e-08,-4.670848647947423e-05,1,0.461294561624527,1979.3858336925748,0,0.0,1,0,1,0,5.2479705810546875,0.6472641825675964,0.6589224934577942,11.498046875,1762705636.7986937,0.0005843593971803784,13.714122772216797,0.7820346355438232,0,0.2877822518348694,0.0,839,1,0,0.3069721758365631,3.0004401206970215,0,0.21704839169979095,0.08243155479431152,0.01717125065624714,22.776296615600586,9.892599488961878e-21,0,0.4856410324573517,7917.543334770299,839,1,0.05429897829890251,0,0,6.7785115242004395,0.46252086758613586
0.43069055676460266,0.474959135055542,0,3.602653980255127,2.637872850053032,8.496506690979004,0.0,0,0,0.8753589391708374,2.5910227298736572,1.543291687965393,2.3766188621520996,8.367328643798828,0,0.26001277565956116,0.003314635483548045,0.06786838918924332,1e-06,0.0064792633056640625,0.999527096748352,0.0015696926275268197,-0.001995834056288004,0.002762317657470703,4680.926736799,0.24273331463336945,2.561924457550049,0,0.9987851977348328,1.1468280263216002e-06,-8.933572826208547e-05,1,0.42678311467170715,2012.295407203995,0,0.0,1,0,1,0,6.912378311157227,0.7092055082321167,0.5232555270195007,11.498046875,1762705640.8833523,0.0006745728896930814,14.210068702697754,0.474959135055542,0,0.26050519943237305,0.0,840,1,0,0.23941867053508759,1.0001730918884277,0,0.22101661562919617,0.09658004343509674,0.027894435450434685,23.483966827392578,9.603149185531312e-18,0,0.520615816116333,8049.18162881598,840,1,0.0574847012758255,0,0,6.182268142700195,0.42878982424736023
0.44049009680747986,1.125446081161499,0,4.594112157821655,2.6325247426986604,9.71364688873291,-3.9497215766459703e-05,0,0,0.8563421368598938,2.5808801651000977,1.624807357788086,3.1182565689086914,8.549976348876953,0,0.224076509475708,0.0018952854443341494,0.04306887462735176,1e-06,0.007825851440429688,0.9990894794464111,0.00048411815077997744,-0.0007411515107378364,0.0029625892639160156,4686.074220654,0.26107555627822876,3.393264055252075,0,0.998001754283905,1.4892204092120664e-07,-6.44960455247201e-05,1,0.43823665380477905,2008.2156154633813,0,0.0,1,0,1,0,4.672418594360352,0.6838968396186829,0.3320799767971039,11.498046875,1762705646.609736,0.0003563920909073204,17.52875328063965,1.125446081161499,0,0.2748614549636841,0.0,841,1,0,0.2591802775859833,2.0001986026763916,0,0.2305193543434143,0.0627303496003151,0.010862396098673344,39.09487533569336,1.5626914152617037e-18,0,0.4908613860607147,8032.862461853525,841,1,0.043498750776052475,0,0,7.1839375495910645,0.43927305936813354
0.41999173164367676,0.8633966445922852,0,4.275540590286255,2.6998582077120936,6.3502302169799805,0.0,0,0,0.8501908779144287,2.2633092403411865,1.2071629762649536,1.925352692604065,5.960811138153076,0,0.3996480107307434,0.0025786487385630608,0.0578988641500473,1e-06,0.00765228271484375,0.9989190101623535,0.0016990642761811614,-0.0028161939699202776,0.002972841262817383,4692.242419808,0.22073234617710114,2.617530345916748,0,0.9984957575798035,1.1024410184745648e-07,-0.00012825388694182038,1,0.4130455553531647,2059.5807987378284,0,0.0,1,0,1,0,5.968660354614258,0.7266923189163208,0.6435713768005371,11.498046875,1762705651.7569451,0.0008066177251748741,13.97421646118164,0.8633966445922852,0,0.2783116102218628,0.0,842,1,0,0.2181537002325058,2.000236749649048,0,0.19575472176074982,0.09826425462961197,0.016784951090812683,25.14971160888672,6.750196139082652e-17,0,0.45117855072021484,8238.323194951314,842,1,0.0507214181125164,0,0,5.913949012756348,0.41479384899139404
0.39029568433761597,0.40392255783081055,0,5.75587010383606,2.5956374360439076,16.23628807067871,-6.649026181548834e-05,0,0,0.876971423625946,2.742614507675171,1.247205138206482,2.6601974964141846,7.507819652557373,0,0.08736864477396011,0.003447615308687091,0.05702337250113487,1e-06,0.00563812255859375,0.9994009733200073,0.0011196661507710814,-0.0020589525811374187,0.003066539764404297,4696.933174754,0.17142309248447418,13.699546813964844,0,0.9993223547935486,1.1566585271793883e-06,-9.105110802920535e-05,1,0.3738803267478943,1980.076216036304,0,0.0,1,0,1,0,6.7772369384765625,0.7718840837478638,0.4803650975227356,11.498046875,1762705657.9247096,0.000645731866825372,223.0120391845703,0.40392255783081055,0,0.25359833240509033,0.0,843,1,0,0.16797548532485962,3.000427722930908,0,0.19946938753128052,0.07926798611879349,0.026276977732777596,2230.077392578125,1.0191272119514677e-17,0,0.47130030393600464,7920.304864145216,843,1,0.05862070620059967,0,0,136.3778533935547,0.3769143521785736
0.44751620292663574,0.4512617588043213,0,4.235785722732544,2.708559071406161,9.447845458984375,0.0,0,0,0.8644052743911743,2.2232468128204346,1.85435950756073,3.1958932876586914,8.99251937866211,0,0.15010184049606323,0.0014381591463461518,0.05257229134440422,1e-06,0.007848739624023438,0.9991047382354736,0.001028562313877046,-0.002610070165246725,0.0031299591064453125,4701.90184236,0.2773250341415405,3.829097032546997,0,0.9982960820198059,6.550026796503516e-07,-0.00013164903793949634,1,0.4470136761665344,2066.218233157735,0,0.0,1,0,1,0,6.962680816650391,0.6726402044296265,0.49971649050712585,11.498046875,1762705662.6189208,0.0006875735125504434,34.451873779296875,0.4512617588043213,0,0.2644789516925812,0.0,844,1,0,0.2758868634700775,2.0002903938293457,0,0.21345874667167664,0.0810219943523407,0.014868567697703838,50.11177062988281,2.9444797540470404e-17,0,0.4659237563610077,8264.87293263094,844,1,0.037900328636169434,0,0,6.809709548950195,0.44773197174072266
0.40950360894203186,0.3032257556915283,0,4.649838924407959,2.6460133423379295,7.0518269538879395,0.0,0,0,0.8358275890350342,2.6366281509399414,1.2176886796951294,1.8168343305587769,6.4341325759887695,0,0.1180603876709938,0.004153913352638483,0.06321307271718979,1e-06,0.008331298828125,0.9982764720916748,0.0012515108101069927,-0.0012675374746322632,0.0027666091918945312,4707.36482331,0.19151727855205536,2.7840452194213867,0,0.998499870300293,1.9797154493517155e-07,-4.8529731429880485e-05,1,0.39024558663368225,2018.5053635470194,0,0.0,1,0,1,0,6.715670585632324,0.7324939966201782,0.9835368394851685,11.498046875,1762705667.5798824,0.0006135752191767097,29.61905288696289,0.3032257556915283,0,0.28915196657180786,0.0,845,1,0,0.18736335635185242,2.000303268432617,0,0.26969173550605774,0.10476908087730408,0.019639067351818085,118.47608947753906,1.942090482233579e-15,0,0.5848298668861389,8074.021454188078,845,1,0.06432389467954636,0,0,8.673049926757812,0.39353811740875244
0.41607367992401123,0.5920860767364502,0,4.867527961730957,2.7068677236809826,8.114709854125977,0.0,0,0,0.8442164063453674,2.855131149291992,1.415682077407837,2.1201884746551514,7.656045913696289,0,0.20505455136299133,0.002673796843737364,0.07271810621023178,1e-06,0.00725555419921875,0.9977311491966248,0.002007415983825922,-0.0023696778807789087,0.002882242202758789,4712.230423015,0.20721924304962158,2.297804355621338,0,0.9986670613288879,1.1542964273303369e-07,-0.00012212163710501045,1,0.4034140408039093,2064.9279923262666,0,0.0,1,0,1,0,6.409648895263672,0.7251238822937012,0.5452279448509216,11.498046875,1762705673.0476365,0.0009164170478470623,12.674275398254395,0.5920860767364502,0,0.27669766545295715,0.0,846,1,0,0.20454545319080353,2.000269651412964,0,0.2327922135591507,0.10204767435789108,0.03012460470199585,42.84782791137695,9.952219662522631e-20,0,0.5290161371231079,8259.711969305066,846,1,0.051645342260599136,0,0,6.23048734664917,0.4053591787815094
0.4226224422454834,0.6012842655181885,0,4.257964372634888,2.652071380504858,7.160241603851318,-4.6394543460337445e-05,0,0,0.8565701246261597,2.2455039024353027,1.30826735496521,1.8802180290222168,6.700311660766602,0,0.19372732937335968,0.002073075855150819,0.049631692469120026,1e-06,0.007297515869140625,0.9988829493522644,0.0014573431108146906,-0.001473937532864511,0.003210783004760742,4717.612355905,0.22181911766529083,2.0694665908813477,0,0.9987334609031677,7.355128764174879e-05,-4.240946509526111e-05,1,0.4141281843185425,2023.126724421078,0,0.0,1,0,1,0,6.135397911071777,0.7177770733833313,0.5531129240989685,11.498046875,1762705677.914025,0.0006791845662519336,13.263463973999023,0.6012842655181885,0,0.2707241475582123,0.0,847,1,0,0.21974603831768036,2.0004119873046875,0,0.2315617948770523,0.08446195721626282,0.007946938276290894,20.782150268554688,2.5620758112250008e-17,0,0.5074307918548584,8092.506897684312,847,1,0.04548971727490425,0,0,5.1768107414245605,0.415523886680603
0.4404929280281067,0.6028668880462646,0,4.771276235580444,2.705315113207815,9.302258491516113,-5.7828376156976447e-05,0,0,0.8593812584877014,2.757600784301758,1.6777108907699585,3.025669574737549,8.845734596252441,0,0.13114109635353088,0.002809552475810051,0.0617673359811306,1e-06,0.0076503753662109375,0.9984981417655945,0.0010771851520985365,-0.0018358796369284391,0.0028667449951171875,4722.751036805,0.2608870267868042,3.085324287414551,0,0.998051643371582,8.850339838772925e-08,-0.00011775176972150803,1,0.43762072920799255,2063.7435868973735,0,0.0,1,0,1,0,5.432305335998535,0.6864027380943298,0.76201331615448,11.498046875,1762705683.2956398,0.0007080708746798337,13.84780216217041,0.6028668880462646,0,0.262479692697525,0.0,848,1,0,0.258077472448349,2.0003714561462402,0,0.20620527863502502,0.08116556704044342,0.03524328023195267,22.725448608398438,2.982812771878335e-19,0,0.45915767550468445,8254.974347589494,848,1,0.05293600633740425,0,0,5.745065212249756,0.4391624927520752
0.43634945154190063,0.8759675025939941,0,4.255850315093994,2.6456282332936962,9.143462181091309,0.0,0,0,0.8371518850326538,2.243044137954712,2.072683811187744,2.7370645999908447,8.7205810546875,0,0.2686614692211151,0.003448275849223137,0.06479089707136154,1e-06,0.009351730346679688,0.997552216053009,0.0017874410841614008,-0.004333852790296078,0.003180265426635742,4727.622401356,0.247629314661026,2.7031373977661133,0,0.9977812170982361,7.247011239996937e-07,-0.00022946897661313415,1,0.42964687943458557,2018.2115839734636,0,0.0,1,0,1,0,7.051706314086914,0.6884969472885132,0.6578487157821655,11.498046875,1762705688.4352114,0.001142917899414897,13.021985054016113,0.8759675025939941,0,0.2845233976840973,0.0,849,1,0,0.24418103694915771,2.0004255771636963,0,0.25479915738105774,0.0981203094124794,0.033299993723630905,41.639198303222656,9.669172922227947e-17,0,0.5881239175796509,8072.846335893854,849,1,0.05862700566649437,0,0,6.818070888519287,0.4316818118095398
0.4065563976764679,0.5922095775604248,0,4.270887851715088,2.6955302353187087,6.698210716247559,7.84799995017238e-05,0,0,0.8658425211906433,2.25830340385437,1.1623210906982422,1.9461830854415894,6.4734416007995605,0,0.22922025620937347,0.0031720856204628944,0.054683297872543335,1e-06,0.0080108642578125,0.9990297555923462,0.0009590280242264271,-0.0014598047127947211,0.0028564929962158203,4733.708335665,0.18834258615970612,2.7126080989837646,0,0.998808741569519,2.216236453023157e-06,-1.0558524991211016e-05,1,0.38847434520721436,2056.279214671887,0,0.0,1,0,1,0,5.401350021362305,0.7430381178855896,0.5262956023216248,11.498046875,1762705693.3053148,0.0004641979467123747,13.89894962310791,0.5922095775604248,0,0.26595544815063477,0.0,850,1,0,0.1851705014705658,2.000326633453369,0,0.2356700897216797,0.07944410294294357,0.01991829089820385,25.39405059814453,8.015231243128579e-17,0,0.49338895082473755,8225.116858687548,850,1,0.05623744800686836,0,0,5.8450164794921875,0.39102423191070557
0.4348684847354889,0.5940122604370117,0,5.475008964538574,2.645024071194029,7.8348917961120605,0.0,0,0,0.857022225856781,2.4625236988067627,1.8275456428527832,2.4713027477264404,7.72490119934082,0,0.16875037550926208,0.0032059187069535255,0.05144491046667099,1e-06,0.007549285888671875,0.9991750717163086,0.003277582349255681,-0.0021022942382842302,0.0031757354736328125,4738.739250042,0.24784216284751892,2.503552198410034,0,0.9983368515968323,5.999174845783273e-08,-1.5886995242908597e-05,1,0.429924339056015,2017.750700266221,0,0.0,1,0,1,0,6.5468339920043945,0.6962297558784485,0.7188966870307922,11.498046875,1762705699.3815565,0.0008493359200656414,10.875677108764648,0.5940122604370117,0,0.2729264795780182,0.0,851,1,0,0.24463625252246857,3.0003979206085205,0,0.22563782334327698,0.07935421168804169,0.013250657357275486,33.08078384399414,6.866824991707327e-20,0,0.526390016078949,8071.002801064884,851,1,0.0565369687974453,0,0,6.099758625030518,0.43181291222572327
0.4415578246116638,1.094451904296875,0,3.845608949661255,2.707296109474248,9.219039916992188,-1.466888079448836e-05,0,0,0.8634757399559021,2.8271164894104004,2.09504771232605,2.9982893466949463,10.294740676879883,0,0.18978853523731232,0.0025050099939107895,0.042846936732530594,1e-06,0.0075168609619140625,0.9994301199913025,0.0012219370109960437,-0.002690910594537854,0.002807140350341797,4745.043118844,0.2662825584411621,3.1854169368743896,0,0.9980628490447998,4.7123105417767874e-08,-0.00022193766199052334,1,0.4407353103160858,2065.2547854710847,0,0.0,1,0,1,0,5.504222869873047,0.6913830041885376,0.4229123592376709,11.498046875,1762705704.4209359,0.0008358264458365738,14.271661758422852,1.094451904296875,0,0.2683029770851135,0.0,852,1,0,0.26377755403518677,1.000248908996582,0,0.19738498330116272,0.06421083956956863,0.006726503372192383,25.035694122314453,1.1256717351225082e-18,0,0.4725334644317627,8261.019141884339,852,1,0.0499936081469059,0,0,7.380489826202393,0.4420691132545471
0.39730820059776306,1.0646412372589111,0,5.223337888717651,2.5982204403263855,5.760625839233398,0.0,0,0,0.879243791103363,2.211019277572632,0.9643757939338684,1.4713695049285889,6.170721054077148,0,0.26779890060424805,0.003462050575762987,0.041526563465595245,1e-06,0.00339508056640625,0.9996383190155029,0.0008452790207229555,-0.0010200105607509613,0.0030782222747802734,4749.080449508,0.1813581883907318,1.7770239114761353,0,0.9994788765907288,3.32136806946437e-07,-9.398724614584353e-06,1,0.38247624039649963,1982.0466550793815,0,0.0,1,0,1,0,6.513192176818848,0.7773494124412537,0.6062988042831421,11.498046875,1762705710.7172499,0.0004497967311181128,9.514226913452148,1.0646412372589111,0,0.2587794065475464,0.0,853,1,0,0.17789612710475922,3.0005123615264893,0,0.15992383658885956,0.07765811681747437,0.002735048532485962,25.377511978149414,1.084855231579115e-17,0,0.43020057678222656,7928.186620317526,853,1,0.05874507501721382,0,0,5.525486469268799,0.3853659927845001
0.42883965373039246,1.0727636814117432,0,2.967181921005249,2.6327968036831284,7.989695072174072,0.0,0,0,0.8502920866012573,2.9548497200012207,1.6585689783096313,2.226848840713501,8.105550765991211,0,0.1968374252319336,0.003735699225217104,0.04549797624349594,1e-06,0.007913589477539062,0.9988283514976501,0.001968735596165061,-0.0017531000776216388,0.0023221969604492188,4755.684356276,0.23581601679325104,2.49312686920166,0,0.9984453320503235,2.2041115244064713e-07,-1.9892722775693983e-05,1,0.422209233045578,2008.423156577242,0,0.0,1,0,1,0,5.96506404876709,0.7096917629241943,0.4254351258277893,11.498046875,1762705714.7644067,0.0006959154270589352,13.351318359375,1.0727636814117432,0,0.28190356492996216,0.0,854,1,0,0.23208031058311462,8.845329284667969e-05,0,0.2256430983543396,0.07458086311817169,0.008730444125831127,26.70263671875,1.3448605146991318e-17,0,0.5116010904312134,8033.692626308968,854,1,0.061013221740722656,0,0,6.055852890014648,0.42455729842185974
0.4313485622406006,0.3370552062988281,0,6.257525444030762,2.5675694007559566,7.662386894226074,-8.618852007202804e-06,0,0,0.8683289885520935,2.244748592376709,1.6721857786178589,2.7007219791412354,7.495771408081055,0,0.08363906294107437,0.0016806722851470113,0.05970076844096184,1e-06,0.0069293975830078125,0.9993917942047119,0.0008081105188466609,-0.0013295297976583242,0.0029952526092529297,4760.473534859,0.24033613502979279,3.2570674419403076,0,0.9983890056610107,1.0142442761207349e-06,-6.130933616077527e-05,1,0.4263128638267517,1958.6645780576016,0,0.0,1,0,1,0,6.569660186767578,0.7074690461158752,0.5279112458229065,11.498046875,1762705721.3655958,0.00039431103505194187,17.48873519897461,0.3370552062988281,0,0.2658785879611969,0.0,855,1,0,0.2386554628610611,4.000535726547241,0,0.2099129557609558,0.09153154492378235,0.01693275012075901,30.561006546020508,2.03837465460497e-18,0,0.4967399537563324,7834.658312230406,855,1,0.0409664548933506,0,0,7.030590057373047,0.4273388683795929
0.45322370529174805,0.5307064056396484,0,4.252039432525635,2.5800470808435594,9.960125923156738,-2.992084318975685e-06,0,0,0.8693690896034241,2.2388315200805664,2.6333401203155518,3.3520619869232178,9.622735977172852,0,0.11057739704847336,0.004444444552063942,0.05459738150238991,1e-06,0.008287429809570312,0.9992177486419678,0.00102560396771878,-0.0012645961251109838,0.0028791427612304688,4766.237295984,0.2902923822402954,3.0650882720947266,0,0.99777752161026,2.412356252534664e-07,-2.448030500090681e-05,1,0.4518701732158661,1968.183148420968,0,0.0,1,0,1,0,7.150705337524414,0.6650793552398682,0.6237186789512634,11.498046875,1762705726.1555586,0.0005452946061268449,14.465997695922852,0.5307064056396484,0,0.2643648684024811,0.0,856,1,0,0.285847932100296,2.0003063678741455,0,0.2306542694568634,0.07980994135141373,0.023511789739131927,29.315954208374023,3.1381958065130655e-19,0,0.5707399249076843,7872.732593683872,856,1,0.0665261372923851,0,0,7.077225208282471,0.45395034551620483
0.4494912922382355,0.23757076263427734,0,5.519202470779419,2.5597024046413064,8.692427635192871,0.0,0,0,0.8697248697280884,2.5064597129821777,2.298431396484375,3.164336681365967,9.817384719848633,0,0.11713749915361404,0.002168256789445877,0.06084704026579857,1e-06,0.010438919067382812,0.9994842410087585,0.001050771796144545,-0.0014643283793702722,0.0030603408813476562,4771.270074605,0.2840416431427002,3.3407061100006104,0,0.9970147609710693,3.370181502759806e-06,-7.06251448718831e-05,1,0.44996076822280884,1952.6632576567022,0,0.0,1,0,1,0,6.1478118896484375,0.6671380400657654,0.7779706716537476,11.498046875,1762705731.9203715,0.0005032310145907104,14.211041450500488,0.23757076263427734,0,0.26581794023513794,0.0,857,1,0,0.2818733751773834,3.000518798828125,0,0.24379056692123413,0.09605882316827774,0.014896988868713379,29.959850311279297,1.515134022519172e-16,0,0.5388875007629395,7810.653030626809,857,1,0.04651907831430435,0,0,6.935672760009766,0.45100563764572144
0.45993590354919434,0.19643163681030273,0,4.8301568031311035,2.5652798693894883,9.779130935668945,0.0,0,0,0.8588405847549438,2.817824125289917,2.6917331218719482,3.4661800861358643,9.946298599243164,0,0.19048725068569183,0.001803833176381886,0.06546835601329803,1e-06,0.014043807983398438,0.9993168115615845,0.0009253484895452857,-0.001328888931311667,0.0028464794158935547,4775.357858451,0.32040587067604065,3.1271958351135254,0,0.9908912777900696,6.475013378803851e-07,-4.32949309470132e-05,1,0.46598684787750244,1956.9180141724996,0,0.0,1,0,1,0,5.654520034790039,0.6231028437614441,0.45397377014160156,11.498046875,1762705736.9543176,0.00045450072502717376,18.390972137451172,0.19643163681030273,0,0.27132490277290344,0.0,858,1,0,0.3186020255088806,2.0003011226654053,0,0.24961064755916595,0.08397763222455978,0.038259267807006836,68.87884521484375,1.2955809401930708e-18,0,0.5061158537864685,7827.6720566899985,858,1,0.042438019067049026,0,0,7.19434118270874,0.4666851758956909
0.4518207013607025,0.33004236221313477,0,3.7472007274627686,2.6074953457858534,11.15802001953125,-0.0001525141706224531,0,0,0.8513085246086121,2.7349631786346436,3.0954227447509766,3.956885814666748,11.312177658081055,0,0.13484610617160797,0.003320961259305477,0.05798729509115219,1e-06,0.015209197998046875,0.9979789853096008,0.0012355587678030133,-0.0016587075078859925,0.0027899742126464844,4780.938245402,0.29380738735198975,3.874138832092285,0,0.994088888168335,3.3804124655034684e-07,-5.2555642469087616e-05,1,0.45403119921684265,1989.121995976864,0,0.0,1,0,1,0,6.667108535766602,0.6491944193840027,0.670685350894928,11.498046875,1762705741.0388327,0.0005346756661310792,42.58261489868164,0.33004236221313477,0,0.2712913751602173,0.0,859,1,0,0.2904864251613617,1.0002129077911377,0,0.268197238445282,0.07761729508638382,0.03634077310562134,85.1456298828125,1.6031408780877918e-17,0,0.5562407374382019,7956.487983907456,859,1,0.05753763020038605,0,0,7.235595226287842,0.45554929971694946
0.45337238907814026,0.30696797370910645,0,5.266558885574341,2.629449579627708,9.113603591918945,-4.198844180791639e-06,0,0,0.8524165153503418,2.25363826751709,2.3404152393341064,2.9910645484924316,9.138970375061035,0,0.2987111508846283,0.0017956903902813792,0.06230362877249718,1e-06,0.012783050537109375,0.998043954372406,0.0008580285939387977,-0.001466379500925541,0.0027933120727539062,4786.778412562,0.29588985443115234,2.819119930267334,0,0.9946554899215698,5.275705916574225e-06,-4.297151826904155e-05,1,0.4556799829006195,2005.8697341886425,0,0.0,1,0,1,0,6.007841110229492,0.6516472101211548,0.6335319876670837,11.498046875,1762705746.6224618,0.000524371862411499,13.262906074523926,0.30696797370910645,0,0.2698304057121277,0.0,860,1,0,0.29409417510032654,3.000504970550537,0,0.2491450160741806,0.08682192116975784,0.034656722098588943,25.563018798828125,1.6124872745470897e-18,0,0.547440767288208,8023.47893675457,860,1,0.04234174266457558,0,0,6.112573146820068,0.4564872980117798
0.4486824572086334,0.47408199310302734,0,5.356889724731445,2.592530647430237,8.837035179138184,0.0,0,0,0.8571813106536865,2.344418525695801,1.9801015853881836,3.0397298336029053,10.044134140014648,0,0.18176832795143127,0.0025281545240432024,0.05191519483923912,1e-06,0.0064239501953125,0.9994608759880066,0.0014888615114614367,-0.001156845479272306,0.0028905868530273438,4789.859212255,0.2838428020477295,3.2082595825195312,0,0.998799741268158,1.3002044170207228e-06,-4.893543155048974e-05,1,0.44969233870506287,1977.7062092869958,0,0.0,1,0,1,0,6.980145454406738,0.6828502416610718,1.9802417755126953,11.498046875,1762705752.4623625,0.0005627832724712789,14.27904987335205,0.47408199310302734,0,0.28335481882095337,0.0,861,1,0,0.2813146412372589,3.0003905296325684,0,0.20134511590003967,0.14140427112579346,0.005857710726559162,21.52951431274414,1.7535052838690713e-19,0,0.47634658217430115,7910.824837147983,861,1,0.05022292956709862,0,0,6.42638635635376,0.45091328024864197
0.4461214244365692,0.46414899826049805,0,2.6079514026641846,2.787965813984201,8.83116340637207,-0.00012343417620286345,0,0,0.8557020425796509,2.5957236289978027,2.0390119552612305,2.8678793907165527,8.579524993896484,0,0.07907935976982117,0.0017010419396683574,0.05187775194644928,1e-06,0.008359909057617188,0.9989359378814697,0.000484646821860224,-0.0011144544696435332,0.002473592758178711,4796.047550108,0.2742930054664612,3.1703524589538574,0,0.9976847171783447,1.2385459058350534e-07,-9.219856292475015e-05,1,0.44534003734588623,2126.7934892348458,0,0.0,1,0,1,0,6.17628288269043,0.6752921342849731,0.39669090509414673,11.498046875,1762705755.5428529,0.00040025447378866374,15.771625518798828,0.46414899826049805,0,0.2718265652656555,0.0,862,1,0,0.2725919783115387,0.000118255615234375,0,0.252482533454895,0.0773124024271965,0.015820574015378952,44.471622467041016,6.216644874369309e-19,0,0.5535380840301514,8507.173956939383,862,1,0.04121297597885132,0,0,7.205894947052002,0.4462047219276428
0.4401046931743622,0.8980586528778076,0,5.279151916503906,2.6668434157188594,9.186948776245117,0.0,0,0,0.8408526182174683,2.2667245864868164,2.1761345863342285,2.7997350692749023,9.660359382629395,0,0.11406029760837555,0.0035001030191779137,0.06262892484664917,1e-06,0.011602401733398438,0.9980761408805847,0.0008555563981644809,-0.001667503733187914,0.002977609634399414,4802.397432863,0.2614782750606537,2.91402530670166,0,0.9968404769897461,5.1090219130855985e-06,-2.2126345356809907e-05,1,0.43756696581840515,2034.3955384640267,0,0.0,1,0,1,0,7.069665908813477,0.6753522157669067,0.46988409757614136,11.498046875,1762705761.7280283,0.0005124410381540656,14.277746200561523,0.8980586528778076,0,0.2851793169975281,0.0,863,1,0,0.2579781711101532,3.000490427017212,0,0.2937605082988739,0.0836324617266655,0.029370691627264023,29.473417282104492,5.174232445456412e-17,0,0.6298854351043701,8137.582153856107,863,1,0.059064120054244995,0,0,6.334190845489502,0.439485102891922
0.42125403881073,0.5126931667327881,0,5.834184646606445,2.6844385169373206,7.913173198699951,0.0,0,0,0.8798466920852661,2.8204429149627686,1.6566283702850342,1.9644886255264282,7.318706512451172,0,0.13876190781593323,0.0019518542103469372,0.05344635248184204,1e-06,0.0065784454345703125,0.9994335770606995,0.0008635122794657946,-0.0010985598200932145,0.0039250850677490234,4806.818141158,0.22337886691093445,1.9941022396087646,0,0.9989292621612549,1.0513648618371008e-07,-1.9251121557317674e-05,1,0.41525232791900635,2047.8179220980546,0,0.0,1,0,1,0,6.119585037231445,0.727816641330719,0.43618670105934143,11.498046875,1762705768.083253,0.0004155993810854852,13.443015098571777,0.5126931667327881,0,0.2520529329776764,0.0,864,1,0,0.22142702341079712,3.0004723072052,0,0.23531174659729004,0.07745631039142609,0.016711771488189697,22.784027099609375,3.7424029883340675e-17,0,0.5777500867843628,8191.2716883922185,864,1,0.04414144530892372,0,0,5.916007995605469,0.41655537486076355
0.4520872235298157,0.5020291805267334,0,3.912024974822998,2.6850277034493453,9.820170402526855,-1.6344469258910976e-05,0,0,0.8698044419288635,2.898886203765869,2.421937942504883,3.5114829540252686,9.91241455078125,0,0.08707250654697418,0.002485354198142886,0.05986879765987396,1e-06,0.008516311645507812,0.9982985854148865,0.0009677599300630391,-0.0014232039684429765,0.002571582794189453,4811.955728759,0.29256170988082886,3.2081165313720703,0,0.9963874816894531,2.3627301004580659e-07,-6.312425102805719e-05,1,0.45383763313293457,2048.2673817117393,0,0.0,1,0,1,0,6.884629249572754,0.6579713821411133,0.4137134552001953,11.498046875,1762705772.5041077,0.0005909241153858602,12.847726821899414,0.5020291805267334,0,0.2562934458255768,0.0,865,1,0,0.290076345205307,1.0001564025878906,0,0.27671635150909424,0.0703134685754776,0.03668799251317978,27.94888687133789,7.738872185708082e-17,0,0.6120919585227966,8193.069526846957,865,1,0.04979575797915459,0,0,5.787710666656494,0.45497918128967285
0.4527147114276886,0.8743300437927246,0,4.255666017532349,2.7124150218270047,9.278128623962402,-1.5290503142750822e-05,0,0,0.8611620664596558,2.2415173053741455,2.592513084411621,3.4324798583984375,10.00741195678711,0,0.1927325576543808,0.0026187803596258163,0.06824903935194016,1e-06,0.009389877319335938,0.9990289807319641,0.0007109798607416451,-0.0015810689656063914,0.0038361549377441406,4816.709315321,0.29498690366744995,3.3151862621307373,0,0.9967458248138428,2.5275446091654885e-07,-4.752258973894641e-05,1,0.4548931121826172,2069.159736317038,0,0.0,1,0,1,0,5.753824234008789,0.6556237936019897,0.8162258267402649,11.498046875,1762705777.6415038,0.0004919811035506427,15.76529598236084,0.8743300437927246,0,0.273449569940567,0.0,866,1,0,0.2923681437969208,2.0005757808685303,0,0.2945464849472046,0.11061587929725647,0.022322535514831543,27.02621841430664,3.7339853089075134e-19,0,0.6103731393814087,8276.638945268152,866,1,0.051111746579408646,0,0,6.478012561798096,0.45607954263687134
0.44891783595085144,0.487835168838501,0,4.257819652557373,2.727428496403089,11.499619483947754,-2.1373740310082212e-05,0,0,0.8624914884567261,2.245929718017578,2.3138997554779053,4.616276264190674,9.805554389953613,0,0.21562553942203522,0.002852753968909383,0.055558476597070694,1e-06,0.00826263427734375,0.9992680549621582,0.0005775277386419475,-0.0016970987198874354,0.0031137466430664062,4821.429975858,0.2843976318836212,29.604307174682617,0,0.9975345134735107,1.173507655494177e-07,-0.00010209238098468632,1,0.4498019218444824,2080.6127318376602,0,-1.1920929132713809e-08,1,0,1,0,6.127541542053223,0.6684198379516602,0.4657377600669861,11.498046875,1762705782.393722,0.00044434171286411583,490.8797302246094,0.487835168838501,0,0.26943013072013855,0.0,867,1,0,0.28154489398002625,2.000321388244629,0,0.2714463472366333,0.07969550788402557,0.018419815227389336,666.1939086914062,2.0704824972618283e-18,0,0.5954269170761108,8322.450927350641,867,1,0.053340792655944824,0,0,40.19402313232422,0.45117655396461487
0.44955864548683167,0.20781826972961426,0,4.504836320877075,2.6814586240179605,10.595956802368164,0.0,0,0,0.866855263710022,2.48471999168396,2.7280325889587402,3.9400997161865234,11.835392951965332,0,0.12874428927898407,0.0020313942804932594,0.06535179167985916,1e-06,0.00740814208984375,0.9992688894271851,0.0017144649755209684,-0.002308580558747053,0.010873079299926758,4826.561199188,0.2867959141731262,3.6490461826324463,0,0.9974236488342285,2.756645471890806e-07,-6.100587052060291e-05,1,0.4513438940048218,2045.5447174455005,0,0.0,1,0,1,0,5.97711181640625,0.6660239696502686,0.5350537300109863,11.498046875,1762705787.1135826,0.0007650261977687478,15.367148399353027,0.20781826972961426,0,0.26285481452941895,0.0,868,1,0,0.28476452827453613,2.000317096710205,0,0.2687678337097168,0.09463507682085037,0.0263937059789896,38.01787185668945,3.712127836702624e-19,0,0.559650719165802,8182.178869782002,868,1,0.045029349625110626,0,0,6.7504048347473145,0.45230719447135925
0.4479963481426239,0.8277378082275391,0,4.277578592300415,2.712620403709212,10.072227478027344,-1.1391514817660209e-05,0,0,0.8783336877822876,2.2647035121917725,2.397275924682617,3.3287017345428467,10.078553199768066,0,0.1305268555879593,0.002658059587702155,0.05509929731488228,1e-06,0.0070285797119140625,0.9994032382965088,0.0011292833369225264,-0.0010875817388296127,0.002729177474975586,4833.205291901,0.2857414186000824,3.091348171234131,0,0.9975698590278625,7.711266334808897e-06,-3.317415394121781e-05,1,0.45053935050964355,2069.316411426788,0,-1.4901161193847656e-08,1,0,1,0,5.7694292068481445,0.6705554127693176,0.494545042514801,11.498046875,1762705792.2253237,0.0005217406433075666,14.431925773620605,0.8277378082275391,0,0.2550826966762543,0.0,869,1,0,0.28308334946632385,2.000481128692627,0,0.2432018369436264,0.08502655476331711,0.02058984339237213,36.32364273071289,2.1698469479593013e-18,0,0.5521800518035889,8277.265645707152,869,1,0.05149269476532936,0,0,5.960470199584961,0.45180970430374146
0.4556679129600525,0.5885541439056396,0,6.0574164390563965,2.668235536171998,9.032038688659668,-6.063823457225226e-05,0,0,0.8486835360527039,3.044727087020874,2.3818085193634033,3.079540967941284,9.804022789001465,0,0.09912241250276566,0.003275529947131872,0.07395774871110916,1e-06,0.01043701171875,0.9978941082954407,0.0009541083709336817,-0.0008869345183484256,0.0027031898498535156,4837.912445006,0.3042389154434204,2.750422239303589,0,0.9938050508499146,1.4575917361980828e-07,-9.42665574257262e-05,1,0.4587210416793823,2035.457514439885,0,0.0,1,0,1,0,6.649486541748047,0.6400806307792664,0.546113908290863,11.498046875,1762705798.87821,0.00047273433301597834,13.519356727600098,0.5885541439056396,0,0.27332767844200134,0.0,870,1,0,0.3009634017944336,3.0004324913024902,0,0.2971687614917755,0.0983254611492157,0.03243632987141609,29.2333927154541,2.376686130592744e-23,0,0.6212754845619202,8141.83005775954,870,1,0.05714394152164459,0,0,6.060216426849365,0.46012869477272034
0.45679977536201477,0.46194028854370117,0,4.247954607009888,2.5808252628982236,9.060525894165039,-2.7892394427908584e-05,0,0,0.8369616270065308,2.2362024784088135,2.4419972896575928,3.2754321098327637,9.707430839538574,0,0.10321161150932312,0.0037950663827359676,0.07025087624788284,1e-06,0.015359878540039062,0.998242974281311,0.0008985192398540676,-0.0008507944294251502,0.0028429031372070312,4842.849257765,0.3149905204772949,3.81709885597229,0,0.9890130758285522,2.0151101125520654e-06,-4.1960975067922845e-05,1,0.4630313515663147,1968.776782861892,0,0.0,1,0,1,0,6.45037841796875,0.6247197389602661,0.5781757235527039,11.498046875,1762705803.5950768,0.00035975241917185485,35.09224319458008,0.46194028854370117,0,0.2816372215747833,0.0,871,1,0,0.3111954629421234,2.000335216522217,0,0.33552220463752747,0.09312081336975098,0.03706005588173866,105.07501220703125,2.57675715040399e-18,0,0.6432548761367798,7875.107131447568,871,1,0.061493586748838425,0,0,8.555051803588867,0.4645610451698303
0.3949790596961975,0.3387768268585205,0,4.591847896575928,2.7032121748805737,10.84432601928711,-1.7813365502661327e-06,0,0,0.9145410060882568,2.578878402709961,2.4204390048980713,3.2245733737945557,10.158108711242676,0,0.09446538239717484,0.0010562450625002384,0.04804449900984764,1e-06,0.00110626220703125,0.9998697638511658,0.0007255128584802151,-0.0020430651493370533,0.0029256343841552734,4848.601626047,0.183258518576622,3.1075775623321533,0,0.9998538494110107,1.3519270680717455e-07,-8.730274566914886e-05,1,0.38603663444519043,2062.1393650951527,0,0.0,1,0,1,0,5.66253662109375,0.7840409874916077,0.4087272584438324,11.498046875,1762705808.532871,0.0005246243090368807,15.523252487182617,0.3387768268585205,0,0.21789082884788513,0.0,872,1,0,0.1822022795677185,2.0003395080566406,0,0.14923535287380219,0.06978793442249298,0.0101318359375,26.088973999023438,1.2630024317676698e-19,0,0.42389675974845886,8248.55746038061,872,1,0.03248490020632744,0,0,5.679932117462158,0.38690388202667236
0.4398721158504486,0.44831180572509766,0,5.297401666641235,2.7384457064711865,7.939815521240234,-9.56295207288349e-06,0,0,0.8760350942611694,2.2699270248413086,1.9445137977600098,2.5329723358154297,8.93140697479248,0,0.07728321850299835,0.0031607099808752537,0.06345921754837036,1e-06,0.00798797607421875,0.9993513822555542,0.0007920724456198514,-0.0010928439442068338,0.01861715316772461,4852.729722409,0.2642839848995209,2.588000535964966,0,0.9973315000534058,3.8506689747919154e-07,-5.382653762353584e-05,1,0.43930038809776306,2089.0171859112475,0,0.0,1,0,1,0,6.253398895263672,0.681681752204895,1.0945883989334106,11.498046875,1762705814.2857811,0.0003824463055934757,14.091519355773926,0.44831180572509766,0,0.2540043294429779,0.0,873,1,0,0.26112326979637146,3.0004241466522217,0,0.23786285519599915,0.10433931648731232,0.02206323854625225,20.36491584777832,1.872647306616103e-16,0,0.5361711382865906,8356.06874364499,873,1,0.05613809823989868,0,0,6.137251377105713,0.44100481271743774
0.4584895074367523,0.4893648624420166,0,3.630683183670044,2.776963215487007,9.17123031616211,-3.254711191402748e-05,0,0,0.8702508807182312,2.6199703216552734,2.508439540863037,3.356764554977417,9.893729209899902,0,0.09598486125469208,0.0013623979175463319,0.042776286602020264,1e-06,0.006565093994140625,0.9995065927505493,0.0005427472060546279,-0.0004206178127788007,0.0025184154510498047,4858.134880129,0.3138964772224426,3.6614553928375244,0,0.9971041083335876,1.283643200622464e-06,-1.7181295334012248e-05,1,0.46358931064605713,2118.4001815654606,0,0.0,1,0,1,0,5.800148010253906,0.6457245349884033,0.6987431645393372,11.498046875,1762705818.4125655,0.0002555342798586935,15.622058868408203,0.4893648624420166,0,0.267168790102005,0.0,874,1,0,0.31253406405448914,1.000124216079712,0,0.24538083374500275,0.08996561169624329,0.00546477222815156,48.55587387084961,1.205137787498347e-19,0,0.5397932529449463,8473.600726261842,874,1,0.03689054772257805,0,0,7.340409278869629,0.46413806080818176
0.45972153544425964,0.8117837905883789,0,4.586145639419556,2.7672170806651777,9.382254600524902,0.0,0,0,0.8570008873939514,2.574827194213867,2.8220362663269043,3.7129883766174316,9.050642967224121,0,0.08901267498731613,0.003701989771798253,0.06484510004520416,1e-06,0.01123809814453125,0.9988712072372437,0.00096362573094666,-0.001639893394894898,0.0027534961700439453,4863.551872259,0.3204534947872162,3.33921217918396,0,0.9920228719711304,8.751924838179548e-07,-7.484116213163361e-05,1,0.4652634561061859,2110.9653644022437,0,0.0,1,0,1,0,4.583467483520508,0.626353919506073,0.725963294506073,11.498046875,1762705823.8176112,0.0005359283532015979,14.273526191711426,0.8117837905883789,0,0.2712076008319855,0.0,875,1,0,0.31675150990486145,2.000293016433716,0,0.2833944261074066,0.1010078564286232,0.019825946539640427,26.16813087463379,5.295126817114666e-21,0,0.5610066056251526,8443.861457608975,875,1,0.060738276690244675,0,0,5.867435455322266,0.4667048752307892
0.46102142333984375,0.5035419464111328,0,4.906091213226318,2.729600665651533,8.711209297180176,0.0,0,0,0.8676124215126038,2.8946831226348877,2.0937249660491943,3.189725160598755,8.338665008544922,0,0.11834729462862015,0.0020283975172787905,0.06242789700627327,1e-06,0.0113067626953125,0.9994122982025146,0.0018081642920151353,-0.001676970743574202,0.0028743743896484375,4868.426585727,0.316937118768692,3.482985019683838,0,0.995092511177063,1.6362126586955128e-07,-3.0322979000629857e-05,1,0.4645383954048157,2082.269766293368,0,0.0,1,0,1,0,5.681231498718262,0.6349365711212158,0.46071845293045044,11.498046875,1762705829.2335055,0.0007154421764425933,13.94940185546875,0.5035419464111328,0,0.2675897479057312,0.0,876,1,0,0.3149087131023407,2.0003674030303955,0,0.26912161707878113,0.08591926097869873,0.02511516585946083,31.445758819580078,1.798866369396619e-18,0,0.5699570178985596,8329.079065173471,876,1,0.04499773681163788,0,0,7.245520114898682,0.4653416574001312
0.45495525002479553,0.596771240234375,0,4.273430824279785,2.7273403858130036,9.373985290527344,-6.762396198567444e-10,0,0,0.8947619795799255,2.261547803878784,2.2819836139678955,3.305450677871704,9.516993522644043,0,0.12899842858314514,0.0022681450936943293,0.056082114577293396,1e-06,0.009021759033203125,0.9997011423110962,0.0014435196062549949,-0.0014039897359907627,0.0026216506958007812,4874.295102294,0.3041834533214569,4.10029935836792,0,0.99689781665802,3.25489163515158e-05,-0.0001024923549266532,1,0.4591465890407562,2080.5455168709677,0,0.0,1,0,1,0,4.886775970458984,0.6517044901847839,0.48272424936294556,11.498046875,1762705834.109959,0.0006107031367719173,42.2288818359375,0.596771240234375,0,0.23687976598739624,0.0,877,1,0,0.30191531777381897,2.0002739429473877,0,0.2631799578666687,0.076478011906147,0.030422499403357506,126.25634765625,6.974962054692443e-20,0,0.53980952501297,8322.182067483871,877,1,0.04757700115442276,0,0,9.558733940124512,0.46011871099472046
0.45134127140045166,0.5672736167907715,0,5.294854164123535,2.6871646152084283,9.212395668029785,0.0,0,0,0.8832056522369385,2.2833988666534424,1.8408143520355225,3.1636223793029785,8.921795845031738,0,0.1016460508108139,0.00186697777826339,0.05888287350535393,1e-06,0.00931549072265625,0.9994505643844604,0.0011029549641534686,-0.0011880546808242798,0.002767324447631836,4879.006330742,0.2889147996902466,3.415257453918457,0,0.9971064329147339,9.462906405133253e-07,-4.068586804351071e-06,1,0.4524368941783905,2049.8975200704995,0,0.0,1,0,1,0,4.80345344543457,0.6621859073638916,0.6129454374313354,11.498046875,1762705839.9796593,0.00042400043457746506,15.194867134094238,0.5672736167907715,0,0.2439788579940796,0.0,878,1,0,0.2870478332042694,3.0004117488861084,0,0.2567572593688965,0.09364154189825058,0.02273164503276348,98.87025451660156,1.7362054152806356e-20,0,0.5346469283103943,8199.590080281998,878,1,0.04317322373390198,0,0,8.46653938293457,0.45331114530563354
0.45976582169532776,0.47461533546447754,0,4.228561162948608,2.8010786294308634,9.079459190368652,8.32219302537851e-05,0,0,0.850341796875,2.215985059738159,2.4166922569274902,3.2866573333740234,9.429807662963867,0,0.08819480985403061,0.0009220839128829539,0.04706094041466713,1e-06,0.009410858154296875,0.9991085529327393,0.0008407672867178917,-0.0010209075408056378,0.0027740001678466797,4884.345630468,0.3146611452102661,3.4979257583618164,0,0.9960224032402039,2.295752636882753e-07,-4.389382229419425e-05,1,0.46406519412994385,2136.7965711871475,0,-1.4901161193847656e-08,1,0,1,0,6.210968971252441,0.6414322853088379,0.6293380856513977,11.498046875,1762705844.6901267,0.00044303276808932424,15.144865036010742,0.47461533546447754,0,0.28016752004623413,0.0,879,1,0,0.3137390613555908,2.0003929138183594,0,0.28236594796180725,0.0766153484582901,0.009355836547911167,22.178009033203125,9.797401824890822e-20,0,0.591111421585083,8547.18628474859,879,1,0.03035532869398594,0,0,6.26507568359375,0.46443429589271545
0.4689277410507202,0.8160531520843506,0,4.517696857452393,2.768762694003303,10.812590599060059,0.0,0,0,0.8551083207130432,2.505911350250244,3.743558168411255,4.764189720153809,10.550446510314941,0,0.09552225470542908,0.00379722798243165,0.05701934173703194,1e-06,0.014341354370117188,0.9987042546272278,0.001552657806314528,-0.0016495854360982776,0.0029304027557373047,4890.706863576,0.3594076335430145,5.594710350036621,0,0.9872150421142578,2.4841035894951347e-08,-6.815528467996046e-05,1,0.4787433445453644,2112.1444320823102,0,-1.1920929132713809e-08,1,0,1,0,6.061040878295898,0.5958285331726074,0.8154774904251099,11.498046875,1762705850.0302727,0.0006287383148446679,67.72013854980469,0.8160531520843506,0,0.2738465666770935,0.0,880,1,0,0.3556104004383087,2.00028657913208,0,0.3323656916618347,0.10091455280780792,0.016537683084607124,169.299560546875,1.5510511228867044e-18,0,0.6424880027770996,8448.577728329241,880,1,0.06151038780808449,0,0,11.718294143676758,0.47987237572669983
0.44875770807266235,0.5176241397857666,0,5.835796594619751,2.644628577713553,10.22322940826416,-3.257676507928409e-05,0,0,0.8510885238647461,2.824096202850342,2.9366016387939453,3.175485372543335,9.958272933959961,0,0.09753810614347458,0.00342857139185071,0.062016282230615616,1e-06,0.009174346923828125,0.9982720613479614,0.0009881419828161597,-0.0011922597186639905,0.0028977394104003906,4894.876475186,0.2857142984867096,2.630781650543213,0,0.9959276914596558,2.6980933398590423e-07,-5.8306482969783247e-05,1,0.4501630961894989,2017.4489989486895,0,0.0,1,0,1,0,5.382728576660156,0.6575735211372375,0.47576576471328735,11.498046875,1762705856.3907034,0.0004116854106541723,13.135826110839844,0.5176241397857666,0,0.2767578363418579,0.0,881,1,0,0.2822857201099396,3.000396251678467,0,0.26412734389305115,0.08198078721761703,0.030968576669692993,37.08164978027344,4.0482273462072873e-19,0,0.5281198024749756,8069.795995794758,881,1,0.05846022069454193,0,0,6.699427604675293,0.45180559158325195
0.4455454349517822,0.5546715259552002,0,3.5947368144989014,2.7140977339242656,8.181779861450195,0.0,0,0,0.8883825540542603,2.581425189971924,1.7521703243255615,3.0475101470947266,8.426109313964844,0,0.12626869976520538,0.0030785019043833017,0.03863183408975601,1e-06,0.007663726806640625,0.9994968771934509,0.0005502259009517729,-0.0006078706937842071,0.002673625946044922,4899.874344006,0.2814263701438904,3.681183338165283,0,0.9979633092880249,4.078942765772808e-06,-2.1108202417963184e-05,1,0.44824308156967163,2070.443389479053,0,0.0,1,0,1,0,7.053993225097656,0.6755765676498413,0.6138070821762085,11.498046875,1762705860.5467854,0.00023635808611288667,17.148801803588867,0.5546715259552002,0,0.24333208799362183,0.0,882,1,0,0.2783478796482086,1.0001847743988037,0,0.2447255253791809,0.0723099559545517,0.013864517211914062,22.85586166381836,4.619183852637128e-19,0,0.5016929507255554,8281.773557916213,882,1,0.0554058812558651,0,0,6.925178527832031,0.44975265860557556
0.4447837471961975,0.7048764228820801,0,4.297707796096802,2.6632773649687134,8.906389236450195,-2.580310138000641e-05,0,0,0.859041690826416,2.285329580307007,2.4678614139556885,3.0817501544952393,8.74365520477295,0,0.0842885971069336,0.002807674231007695,0.06163889169692993,1e-06,0.008754730224609375,0.9993026256561279,0.0011684729252010584,-0.0008935574442148209,0.0027625560760498047,4905.674597643,0.2751520872116089,3.321772575378418,0,0.9977213144302368,5.825120297231479e-07,-1.8748698948911624e-06,1,0.4452182650566101,2031.6751846205007,0,0.0,1,0,1,0,5.988414764404297,0.6717432737350464,0.5467040538787842,11.498046875,1762705865.5575416,0.00036763399839401245,17.004222869873047,0.7048764228820801,0,0.27218562364578247,0.0,883,1,0,0.2723444104194641,2.000331401824951,0,0.2587331533432007,0.09546542167663574,0.02441549301147461,30.14870262145996,2.0025658766405787e-19,0,0.5610617399215698,8126.700738482003,883,1,0.05291924625635147,0,0,7.164738655090332,0.4466431438922882
0.458088219165802,0.5068702697753906,0,5.2867515087127686,2.630430269702904,10.052719116210938,-0.00010669834591681138,0,0,0.8492048978805542,2.27502179145813,2.4955341815948486,3.691497802734375,9.485898971557617,0,0.2517102360725403,0.002212878782302141,0.07923877239227295,1e-06,0.017627716064453125,0.9986323118209839,0.0015343396225944161,-0.0013987405691295862,0.002875089645385742,4910.487792333,0.311794638633728,3.663973569869995,0,0.9906203746795654,3.832870163478219e-07,-8.813331078272313e-05,1,0.462372362613678,2006.617851420361,0,0.0,1,0,1,0,6.817317008972168,0.630277156829834,0.6559187173843384,11.498046875,1762705871.3583567,0.0006072098040021956,20.161062240600586,0.5068702697753906,0,0.2786445617675781,0.0,884,1,0,0.3095817565917969,3.0004489421844482,0,0.27253565192222595,0.10321033000946045,0.045772451907396317,47.065731048583984,5.840041949183104e-19,0,0.5239984393119812,8026.471405681444,884,1,0.046994369477033615,0,0,6.286735534667969,0.4632777273654938
0.44524839520454407,0.5154688358306885,0,4.289498567581177,2.65451906230076,8.362580299377441,5.0033726438414305e-05,0,0,0.8532528281211853,2.2785744667053223,1.7132585048675537,2.8085548877716064,7.961773872375488,0,0.2700203061103821,0.002248454140499234,0.049051348119974136,1e-06,0.0068950653076171875,0.9994557499885559,0.0013998468639329076,-0.003946047741919756,0.00267791748046875,4915.582672485,0.2743113934993744,3.0584030151367188,0,0.9984938502311707,4.1801026640087e-08,-7.201168773462996e-05,1,0.44508469104766846,2024.9939330077586,0,0.0,1,0,1,0,5.340641021728516,0.6853757500648499,0.6989074945449829,11.498046875,1762705876.169892,0.0009633653098717332,15.177495002746582,0.5154688358306885,0,0.2853345274925232,0.0,885,1,0,0.2720629572868347,2.000325918197632,0,0.21101821959018707,0.09318297356367111,0.002845593960955739,45.532440185546875,2.6323231631486046e-19,0,0.4607691764831543,8099.975732031035,885,1,0.047371186316013336,0,0,7.1739373207092285,0.44622930884361267
0.43626460433006287,0.5377027988433838,0,4.550710439682007,2.643580212509177,8.74514389038086,0.0,0,0,0.8789432048797607,2.538573980331421,2.1556074619293213,2.978001356124878,9.183915138244629,0,0.1688021421432495,0.0020468500442802906,0.04865023493766785,1e-06,0.008037567138671875,0.9993006587028503,0.0014477670192718506,-0.0012408159673213959,0.0030248165130615234,4921.695018327,0.2522174119949341,4.685030937194824,0,0.9980781078338623,5.652553340951272e-07,-4.344743138062768e-05,1,0.43316036462783813,2016.6492558959508,0,0.0,1,0,1,0,5.51915168762207,0.7004234194755554,0.513830840587616,11.498046875,1762705881.2654512,0.0005392688908614218,61.97547149658203,0.5377027988433838,0,0.25523045659065247,0.0,886,1,0,0.2501705586910248,2.000363826751709,0,0.22208353877067566,0.07414069026708603,0.0072637200355529785,134.2801971435547,7.153922192477379e-19,0,0.5091924071311951,8066.597023583803,886,1,0.04520094022154808,0,0,10.125142097473145,0.43433475494384766
0.4401389956474304,0.5298173427581787,0,5.57866907119751,2.629049413306013,8.323369026184082,-5.941682257315506e-09,0,0,0.8738099336624146,2.566666841506958,1.7860323190689087,2.7510175704956055,9.287246704101562,0,0.10116338729858398,0.004012840799987316,0.04623875766992569,1e-06,0.00403594970703125,0.9994317293167114,0.0010445662774145603,-0.0004673284711316228,0.0031824111938476562,4927.20908085,0.25976458191871643,3.033663749694824,0,0.9992249608039856,1.3422184110822855e-06,-7.402630217256956e-06,1,0.436341255903244,2005.5644682046327,0,0.0,1,0,1,0,6.1068267822265625,0.6979112029075623,0.42432329058647156,11.498046875,1762705887.3807247,0.00029882893431931734,13.564240455627441,0.5298173427581787,0,0.26312965154647827,0.0,887,1,0,0.25575172901153564,3.0005719661712646,0,0.20417115092277527,0.07000446319580078,0.0036581414751708508,35.23508834838867,1.0133168306310992e-16,0,0.4808449149131775,8022.257872818531,887,1,0.06322821974754333,0,0,6.711283206939697,0.4385640025138855
0.46322038769721985,0.5768742561340332,0,4.930313348770142,2.5852378130839955,8.21015453338623,0.0,0,0,0.8725653290748596,2.9177680015563965,2.0329906940460205,3.394007921218872,7.823808670043945,0,0.12224912643432617,0.0030395137146115303,0.05149976164102554,1e-06,0.0074310302734375,0.9995750188827515,0.0011471629841253161,-0.0012315184576436877,0.003312349319458008,4932.158011415,0.33156031370162964,3.871234178543091,0,0.9956612586975098,4.886857823294122e-06,-6.527801451738924e-05,1,0.4697347581386566,1972.142886907698,0,0.0,1,0,1,0,6.3008012771606445,0.636540949344635,0.6353354454040527,11.498046875,1762705892.8949475,0.000523258582688868,15.493988037109375,0.5768742561340332,0,0.26103848218917847,0.0,888,1,0,0.3285207748413086,2.0004053115844727,0,0.26464909315109253,0.09622420370578766,0.010466144420206547,27.492578506469727,2.3655824248890858e-20,0,0.6090538501739502,7888.571547630792,888,1,0.05505490303039551,0,0,6.921514987945557,0.47083351016044617
0.41011157631874084,0.6091859340667725,0,4.330286741256714,2.6048276902706027,7.784162998199463,-2.815008656398277e-06,0,0,0.8709749579429626,2.3186638355255127,1.357464075088501,2.2409722805023193,7.394102573394775,0,0.3544061481952667,0.0023261222522705793,0.050664857029914856,1e-06,0.0055694580078125,0.9992567300796509,0.0009651913424022496,-0.0015774924540892243,0.0026633739471435547,4937.971175424,0.2065596580505371,2.6908419132232666,0,0.9992619156837463,4.6353983407243504e-07,-7.013863796601072e-05,1,0.4031873345375061,1987.086980930087,0,0.0,1,0,1,0,6.856515884399414,0.7509934902191162,0.686531662940979,11.498046875,1762705897.8416197,0.0005149380303919315,12.223122596740723,0.6091859340667725,0,0.26062583923339844,0.0,889,1,0,0.2042335420846939,2.0003132820129395,0,0.21046392619609833,0.08828022330999374,0.009314149618148804,28.362342834472656,3.912599194057913e-20,0,0.5198987722396851,7948.347923720348,889,1,0.04817936569452286,0,0,6.782842636108398,0.40488380193710327
0.4129490554332733,0.5187118053436279,0,5.2863874435424805,2.634832489258904,6.3286824226379395,-3.844212187686935e-05,0,0,0.8837326765060425,2.274585485458374,1.0666931867599487,1.9456387758255005,5.833909034729004,0,0.08757872879505157,0.001792516210116446,0.05348256975412369,1e-06,0.0067272186279296875,0.9993506073951721,0.000655190262477845,-0.0007862353813834488,0.0028421878814697266,4942.745544776,0.2090522050857544,2.5518386363983154,0,0.9993075132369995,7.407063549180748e-07,-8.40658976812847e-05,1,0.40538859367370605,2009.9760747683379,0,0.0,1,0,1,0,6.572713851928711,0.7387916445732117,0.6277134418487549,11.498046875,1762705903.6534662,0.0002915270160883665,13.4389066696167,0.5187118053436279,0,0.2430749535560608,0.0,890,1,0,0.20725968480110168,3.0004963874816895,0,0.2326103001832962,0.08251290023326874,0.01383341196924448,49.850372314453125,3.6546186216027576e-19,0,0.5237551331520081,8039.9042990733515,890,1,0.04230489581823349,0,0,6.407658100128174,0.4066773056983948
0.44993990659713745,0.4722132682800293,0,4.296464443206787,2.620120179259341,8.07785701751709,0.0,0,0,0.8563075065612793,2.284531831741333,2.0492451190948486,2.963322162628174,8.251921653747559,0,0.1620139628648758,0.0021733224857598543,0.04559729993343353,1e-06,0.006992340087890625,0.9993820786476135,0.0015966463834047318,-0.001620734459720552,0.0027704238891601562,4947.682458728,0.2855202555656433,3.0783581733703613,0,0.9987418055534363,4.153670545292698e-07,-2.191018393205013e-05,1,0.4506845772266388,1998.7528219717194,0,0.0,1,0,1,0,6.743107795715332,0.6731794476509094,0.3681257963180542,11.498046875,1762705908.4287727,0.0005552726797759533,13.595919609069824,0.4722132682800293,0,0.2815724015235901,0.0,891,1,0,0.28334692120552063,2.000311851501465,0,0.2662605047225952,0.07253479957580566,0.008080758154392242,20.7565860748291,2.3230170676602995e-19,0,0.593058705329895,7995.011287886878,891,1,0.04657454416155815,0,0,6.193790435791016,0.45172321796417236
0.4490324854850769,0.6936237812042236,0,4.236935377120972,2.580145089404583,8.795819282531738,-8.593906386522576e-05,0,0,0.8497036099433899,2.22589111328125,1.7049180269241333,3.0004122257232666,7.989284515380859,0,0.10224837809801102,0.004945341031998396,0.07902981340885162,1e-06,0.008840560913085938,0.9989678859710693,0.0019815375562757254,-0.0009678371134214103,0.0024940967559814453,4954.2495622,0.284487247467041,4.048342227935791,0,0.9977372288703918,6.595201398340578e-07,-1.2242897355463356e-05,1,0.44883254170417786,1968.257914032666,0,0.0,1,0,1,0,6.493434906005859,0.6631154417991638,0.6676378846168518,11.498046875,1762705913.3669162,0.000560706714168191,42.98991775512695,0.6936237812042236,0,0.27728307247161865,0.0,892,1,0,0.27954190969467163,2.0003435611724854,0,0.2746497392654419,0.11302679032087326,0.04412851855158806,165.9720458984375,4.338642962950354e-19,0,0.6396029591560364,7873.031656130664,892,1,0.07015814632177353,0,0,14.36733341217041,0.4512285888195038
0.4167342483997345,0.48503541946411133,0,6.072909593582153,2.534689325288102,7.283437252044678,-0.00012595679436344653,0,0,0.8853048086166382,3.0612971782684326,1.3099684715270996,2.0063345432281494,7.8904571533203125,0,0.1531793177127838,0.0014496254734694958,0.046769823879003525,1e-06,0.0033111572265625,0.9995434284210205,0.0019032559357583523,-0.0012367622694000602,0.0027518272399902344,4958.263812494,0.21309494972229004,2.1820688247680664,0,0.9994224309921265,5.713454811484553e-07,-6.5710446506273e-05,1,0.4085240662097931,1933.582085984053,0,0.0,1,0,1,0,7.261333465576172,0.7399962544441223,0.4575320780277252,11.498046875,1762705919.9313073,0.0006846452597528696,14.798528671264648,0.48503541946411133,0,0.2492632269859314,0.0,893,1,0,0.21164533495903015,3.000453472137451,0,0.223707377910614,0.07732614874839783,0.00913548469543457,24.015907287597656,2.006780491108507e-18,0,0.5757187604904175,7734.328343936212,893,1,0.03805093839764595,0,0,5.598052978515625,0.4095436632633209
0.42431923747062683,0.6333780288696289,0,3.3730533123016357,2.5862751230809344,7.188030242919922,0.0,0,0,0.8670358061790466,2.3617043495178223,1.5389569997787476,2.2578368186950684,6.9407548904418945,0,0.10076205432415009,0.003085687290877104,0.05323273688554764,1e-06,0.0069751739501953125,0.9988216161727905,0.0005695021245628595,-0.0012347454903647304,0.0026662349700927734,4964.420262298,0.22762876749038696,2.658460855484009,0,0.9987350106239319,1.2215153901706799e-06,-2.8493848731159233e-05,1,0.4173305928707123,1972.9341965201552,0,0.0,1,0,1,0,5.301369667053223,0.7097145915031433,0.5917938947677612,11.498046875,1762705923.9453394,0.0003441770968493074,13.959521293640137,0.6333780288696289,0,0.259022980928421,0.0,894,1,0,0.22454307973384857,1.00018310546875,0,0.2409595400094986,0.07424762099981308,0.023467620834708214,21.798723220825195,1.3215435836330176e-16,0,0.5021829009056091,7891.736786080621,894,1,0.05546977370977402,0,0,5.979513645172119,0.4193514883518219
0.4279525876045227,0.851370096206665,0,5.299107551574707,2.5151147320403386,6.934601306915283,-2.8204058253322728e-05,0,0,0.8736693859100342,2.2876169681549072,1.5822625160217285,2.340278148651123,7.10772180557251,0,0.16147352755069733,0.0038353363052010536,0.046708352863788605,1e-06,0.004871368408203125,0.9990864992141724,0.0013214675709605217,-0.0010612416081130505,0.0026960372924804688,4969.23798547,0.24060343205928802,2.883138418197632,0,0.9993354082107544,5.253055519460759e-07,-4.910817006020807e-05,1,0.42515313625335693,1918.6496512802464,0,0.0,1,0,1,0,6.729342460632324,0.7189856767654419,0.6628167033195496,11.498046875,1762705930.1034603,0.0005174863035790622,14.444814682006836,0.851370096206665,0,0.2569625675678253,0.0,895,1,0,0.23676809668540955,3.0004546642303467,0,0.25137946009635925,0.08374300599098206,0.003876039059832692,19.598024368286133,2.6625570669018152e-21,0,0.5572877526283264,7674.598605120986,895,1,0.06181911751627922,0,0,5.835636138916016,0.4275045394897461
0.4450141191482544,0.5123007297515869,0,4.298297882080078,2.566765305840894,7.1845479011535645,0.0,0,0,0.8516208529472351,2.2853522300720215,1.7035833597183228,2.5089917182922363,6.886785507202148,0,0.22678443789482117,0.0051119765266776085,0.08169803023338318,1e-06,0.0069580078125,0.9988206028938293,0.0005996131803840399,-0.0006814677617512643,0.0034770965576171875,4974.020206455,0.27336904406547546,2.801926612854004,0,0.9982713460922241,2.949349564573822e-08,-3.526396176312119e-05,1,0.443106085062027,1958.0511760490463,0,0.0,1,0,1,0,5.927264213562012,0.6713589429855347,0.9195224046707153,11.498046875,1762705934.9212153,0.0003613089502323419,15.509020805358887,0.5123007297515869,0,0.27312347292900085,0.0,896,1,0,0.2682570517063141,2.000387668609619,0,0.26535752415657043,0.12346445769071579,0.0436747670173645,25.57029914855957,2.6737760270769924e-19,0,0.601306676864624,7832.204704196185,896,1,0.07132378220558167,0,0,5.87741231918335,0.44574296474456787
0.4533524811267853,0.49860405921936035,0,4.27712607383728,2.606914666938823,8.688417434692383,-4.813679333892651e-05,0,0,0.8714104294776917,2.264997720718384,2.0937156677246094,3.2153453826904297,7.902121067047119,0,0.1054706946015358,0.0023485205601900816,0.05671996250748634,1e-06,0.0068511962890625,0.9990845918655396,0.0011189705692231655,-0.0008941221749410033,0.002669811248779297,4980.351486071,0.2982620894908905,3.5756609439849854,0,0.9973300695419312,8.508465043632896e-08,-7.104639371391386e-05,1,0.4565059244632721,1988.6790264164028,0,0.0,1,0,1,0,6.276308059692383,0.6522247195243835,0.5841711163520813,11.498046875,1762705939.7031248,0.00044447238906286657,16.222368240356445,0.49860405921936035,0,0.25562605261802673,0.0,897,1,0,0.29591357707977295,2.0003139972686768,0,0.25807908177375793,0.085081547498703,0.023067912086844444,32.444732666015625,4.272682029941727e-19,0,0.5622001886367798,7954.716105665611,897,1,0.04841027781367302,0,0,6.680271625518799,0.4575488865375519
0.4407733678817749,0.5201420783996582,0,5.805403232574463,2.5199546396145878,7.195285797119141,0.0,0,0,0.876512348651886,2.793644905090332,1.8265775442123413,2.609097957611084,7.32047176361084,0,0.08501017093658447,0.003958090674132109,0.05410408601164818,1e-06,0.00556182861328125,0.9990724325180054,0.001115154125727713,-0.0009050144581124187,0.0029380321502685547,4985.834393486,0.270081490278244,3.1906776428222656,0,0.9990799427032471,2.7765208869823255e-05,-6.997534001129679e-06,1,0.4419809877872467,1922.3417639545771,0,-1.4901161193847656e-08,1,0,1,0,5.831640243530273,0.6841602325439453,0.645532488822937,11.498046875,1762705946.0352817,0.0004232788924127817,28.275522232055664,0.5201420783996582,0,0.2534005641937256,0.0,898,1,0,0.26612338423728943,3.0004215240478516,0,0.24449333548545837,0.07890868186950684,0.018874386325478554,63.294166564941406,9.385801921963263e-20,0,0.5282443165779114,7689.3670558183085,898,1,0.06279603391885757,0,0,6.596786975860596,0.44405338168144226
0.4330761432647705,0.598508358001709,0,4.877858400344849,2.537515090249254,9.361871719360352,-0.00011769472621381283,0,0,0.8735244870185852,2.8659842014312744,2.4056854248046875,3.1393544673919678,9.000096321105957,0,0.12789200246334076,0.0030639602337032557,0.07520284503698349,1e-06,0.003017425537109375,0.9995954632759094,0.0008138645207509398,-0.002744937315583229,0.0026879310607910156,5001.932822616,0.2491382658481598,2.8086109161376953,0,0.9994471669197083,1.0524863824912245e-07,-0.00022245215950533748,1,0.4307635724544525,1935.7377144682116,0,0.0,1,0,1,0,6.1046552658081055,0.7089879512786865,0.6160767674446106,11.498046875,1762705951.5179338,0.0007627286831848323,14.583717346191406,0.598508358001709,0,0.2608700394630432,0.0,899,1,0,0.24607430398464203,2.000363349914551,0,0.211375430226326,0.1089722141623497,0.037657540291547775,24.559350967407227,3.059951603299544e-18,0,0.4929001033306122,7742.950857872846,899,1,0.055273476988077164,0,0,5.570622444152832,0.4325554370880127
0.460347056388855,0.5950806140899658,0,2.540926218032837,2.047742011410584,8.460766792297363,0.0,0,0,0.8537563681602478,2.530298948287964,2.40144681930542,3.3577816486358643,8.513360023498535,0,0.18378286063671112,0.0022021580953150988,0.06362088024616241,1e-06,0.011484146118164062,0.9987658262252808,0.0006037521525286138,-0.0013149762526154518,0.002166748046875,5005.166338193,0.31909269094467163,3.5719499588012695,0,0.9926111698150635,2.220374653916224e-06,-5.233818956185132e-05,1,0.4653156101703644,1562.1154160699393,0,0.0,1,0,1,0,4.880247116088867,0.6249864101409912,0.5153117179870605,11.498046875,1762705967.6157763,0.0004856423765886575,20.19528579711914,0.5950806140899658,0,0.2724553346633911,11.914971351623535,900,1,0,0.31689053773880005,7.987022399902344e-05,0,0.28686365485191345,0.08037600666284561,0.029724061489105225,24.947120666503906,6.655402797017602e-20,0,0.5560213923454285,6248.461664279757,900,1,0.04688062146306038,0,0,5.615116596221924,0.4661763608455658
0.43678998947143555,0.5691611766815186,0,2.6602792739868164,2.1448724687978067,7.211184978485107,-1.3417625268630218e-06,0,0,0.879847526550293,2.6493375301361084,2.0454916954040527,2.4121837615966797,7.479244232177734,0,0.08805462718009949,0.001853377209044993,0.05815773084759712,1e-06,0.010410308837890625,0.9993936419487,0.0006180528434924781,-0.0009177287574857473,0.002106189727783203,5010.522405167,0.258443146944046,2.3720531463623047,0,0.9973415732383728,1.6799336663098074e-05,-4.925486064166762e-05,1,0.43679600954055786,1636.2111683712685,0,0.0,1,0,1,0,5.0527191162109375,0.6813528537750244,1.0911091566085815,11.498046875,1762705970.8521543,0.0003261257370468229,11.818530082702637,0.5691611766815186,0,0.2527181804180145,0.0,901,1,0,0.25658977031707764,8.869171142578125e-05,0,0.30086520314216614,0.10390714555978775,0.01998325251042843,20.35968780517578,1.1499768606093363e-19,0,0.6341821551322937,6544.844673485074,901,1,0.043015386909246445,0,0,5.355660438537598,0.4378238916397095
0.4555192291736603,0.8313863277435303,0,4.515457391738892,2.2060231923708957,9.271690368652344,0.0,0,0,0.8659573793411255,2.5036983489990234,2.960602045059204,3.3117222785949707,9.565093040466309,0,0.1418193280696869,0.0025785278994590044,0.0652116909623146,1e-06,0.009510040283203125,0.998940646648407,0.0006465564947575331,-0.0012000364949926734,0.003005504608154297,5015.303486627,0.3080168664455414,3.039153814315796,0,0.9947394728660583,1.3319120739652135e-07,-7.624324643984437e-05,1,0.4606468379497528,1682.8598611582827,0,0.0,1,0,1,0,4.158031463623047,0.635917067527771,0.6753325462341309,11.498046875,1762705976.206373,0.00045790712465532124,20.375404357910156,0.8313863277435303,0,0.26290419697761536,0.0,902,1,0,0.3054383397102356,2.000340461730957,0,0.3006409704685211,0.10010881721973419,0.03221738338470459,38.48387145996094,4.4597674336368e-18,0,0.5486475825309753,6731.439444633131,902,1,0.05071963742375374,0,0,5.954356670379639,0.46172767877578735
0.44328752160072327,0.502455472946167,0,4.2737085819244385,2.17673827476599,8.088927268981934,-3.2563707463850733e-07,0,0,0.8633708953857422,2.262134075164795,1.7694441080093384,2.8803353309631348,8.58804988861084,0,0.08287598192691803,0.0027236538007855415,0.07225098460912704,1e-06,0.011381149291992188,0.9985563158988953,0.0009468437056057155,-0.0006281517562456429,0.0027158260345458984,5020.277827908,0.27110832929611206,3.12290358543396,0,0.9960346817970276,3.8095947729743784e-07,-4.076580808032304e-06,1,0.44316527247428894,1660.519927224198,0,0.0,1,0,1,0,6.574577331542969,0.6611567735671997,0.5215209126472473,11.498046875,1762705980.9894125,0.00033320405054837465,15.046748161315918,0.502455472946167,0,0.26326221227645874,0.0,903,1,0,0.2683846652507782,2.0003013610839844,0,0.29911309480667114,0.08538325875997543,0.056515131145715714,28.619247436523438,3.522009316797684e-18,0,0.6081602573394775,6642.079708896792,903,1,0.05212297663092613,0,0,6.398517608642578,0.4445784389972687
0.4295062720775604,0.7077746391296387,0,4.25697135925293,2.2292322131943223,7.226825714111328,-9.180831511912402e-06,0,0,0.8556035161018372,2.2448883056640625,1.612175703048706,2.3397321701049805,8.03098201751709,0,0.07174612581729889,0.0035195776727050543,0.055270787328481674,1e-06,0.010820388793945312,0.9984483122825623,0.0005805444670841098,-0.0007061039214022458,0.0026857852935791016,5026.244815948,0.23383194208145142,2.7363152503967285,0,0.9975789189338684,3.333035181185551e-07,-4.775575143867172e-05,1,0.4210790693759918,1700.564810814118,0,0.0,1,0,1,0,6.281558036804199,0.6980506181716919,0.4162600636482239,11.498046875,1762705985.9608781,0.0002708512474782765,14.71198558807373,0.7077746391296387,0,0.2700287103652954,0.0,904,1,0,0.23031236231327057,2.0003178119659424,0,0.2632010579109192,0.06711958348751068,0.025297539308667183,44.374141693115234,9.385801921963263e-20,0,0.5589253902435303,6802.259243256472,904,1,0.05922804772853851,0,0,6.273507118225098,0.42331311106681824
0.42791715264320374,0.3874373435974121,0,5.571589469909668,2.1991528877985766,8.625271797180176,-0.00013641123950947076,0,0,0.8693914413452148,2.560054063796997,1.6588935852050781,2.4969546794891357,9.383097648620605,0,0.21931859850883484,0.0016927634133026004,0.051860611885786057,1e-06,0.008647918701171875,0.9991907477378845,0.0008161264704540372,-0.0010168099543079734,0.002669811248779297,5032.450250908,0.22936944663524628,2.7274999618530273,0,0.9983676075935364,1.97730415152364e-07,-3.786460729315877e-05,1,0.4193771779537201,1677.6188646725373,0,0.0,1,0,1,0,5.292611122131348,0.7063497304916382,0.372571736574173,11.498046875,1762705991.927044,0.0004484050441533327,17.1759090423584,0.3874373435974121,0,0.2617654800415039,0.0,905,1,0,0.22767667472362518,3.0004262924194336,0,0.23904554545879364,0.0633741095662117,0.034776557236909866,26.71791648864746,3.2947388973334164e-20,0,0.5005607604980469,6710.475458690149,905,1,0.04111272096633911,0,0,5.501088619232178,0.42047175765037537
0.43712422251701355,0.39592885971069336,0,5.796674966812134,2.1326029158977713,8.469379425048828,-3.924089833162725e-05,0,0,0.854236900806427,2.7673773765563965,1.851224422454834,2.8328542709350586,8.50013256072998,0,0.3142874538898468,0.0029661855660378933,0.06196829304099083,1e-06,0.01444244384765625,0.9975327849388123,0.0007898635230958462,-0.0010120171355083585,0.020201683044433594,5036.553856671,0.2556851804256439,3.1808314323425293,0,0.9940345883369446,8.432868980889907e-08,-2.055275035672821e-05,1,0.4346141517162323,1626.8513673677096,0,0.0,1,0,1,0,6.152076721191406,0.6791579723358154,0.7909263372421265,11.498046875,1762705998.1265755,0.0003537370648700744,17.939088821411133,0.39592885971069336,0,0.27408304810523987,0.0,906,1,0,0.2527190148830414,3.000437021255493,0,0.2639554440975189,0.09392205625772476,0.033650483936071396,22.659818649291992,7.320708717630236e-23,0,0.5275790691375732,6507.405469470838,906,1,0.05438724160194397,0,0,5.6215128898620605,0.4362888038158417
0.4398021697998047,0.5134460926055908,0,3.5906832218170166,2.2297837737831516,7.846604824066162,0.0,0,0,0.8747841715812683,2.579763889312744,1.5295679569244385,2.4572653770446777,8.559598922729492,0,0.21937263011932373,0.0035220806021243334,0.055335596203804016,1e-06,0.008462905883789062,0.9993268251419067,0.000629136455245316,-0.0005859239608980715,0.0026612281799316406,5042.640332807,0.26442697644233704,2.726668119430542,0,0.9979128241539001,6.823338338790563e-08,-7.918521987448912e-06,1,0.4391876459121704,1700.9855675763984,0,0.0,1,0,1,0,6.108461380004883,0.6878644227981567,1.4437638521194458,11.498046875,1762706002.2374275,0.00033699272898957133,12.924914360046387,0.5134460926055908,0,0.2614372968673706,0.0,907,1,0,0.26090487837791443,1.0002365112304688,0,0.2563292384147644,0.11427197605371475,0.010419328697025776,24.600526809692383,4.431847606421298e-20,0,0.571280837059021,6803.942270305593,907,1,0.05925053730607033,0,0,6.305647850036621,0.4410873353481293
0.44739267230033875,0.7950189113616943,0,5.2859132289886475,2.1968421169208603,8.909997940063477,0.0,0,0,0.8619832396507263,2.2734668254852295,2.178453207015991,3.3473806381225586,8.34427261352539,0,0.08915194123983383,0.003633060958236456,0.05684327706694603,1e-06,0.008218765258789062,0.9992805123329163,0.0011771416757255793,-0.001463240711018443,0.002809762954711914,5047.743316443,0.2861035466194153,3.863252639770508,0,0.9970921277999878,9.89975774245977e-07,-2.8794980607926846e-05,1,0.45025208592414856,1675.8560982737565,0,0.0,1,0,1,0,5.694854736328125,0.6657779216766357,0.7184444069862366,11.498046875,1762706008.3247688,0.0005119157140143216,16.080184936523438,0.7950189113616943,0,0.2701657712459564,0.0,908,1,0,0.2824704945087433,3.0004360675811768,0,0.2951544523239136,0.0928267389535904,0.016011441126465797,72.34893798828125,3.4528564101274883e-20,0,0.6370218396186829,6703.424393095026,908,1,0.06017211824655533,0,0,7.5289130210876465,0.45198968052864075
0.39541497826576233,0.5086488723754883,0,4.586942434310913,2.774752389910932,8.03542423248291,0.0,0,0,0.8865126371383667,2.573411464691162,1.7713137865066528,2.5273373126983643,8.546740531921387,0,0.5744632482528687,0.0030639043543487787,0.07227104157209396,1e-06,0.00399017333984375,0.999702513217926,0.0015309096779674292,-0.0013761438895016909,0.0030388832092285156,5052.535642288,0.18368835747241974,2.816521167755127,0,0.9994913339614868,7.886593778039241e-08,-2.22373528231401e-05,1,0.3847348093986511,2116.713658216628,0,0.0,1,0,1,0,6.579123497009277,0.7692061066627502,0.5463915467262268,11.498046875,1762706013.4278073,0.0006062386091798544,14.667277336120605,0.5086488723754883,0,0.24810700118541718,0.0,909,1,0,0.18062445521354675,2.0003230571746826,0,0.19986632466316223,0.10111409425735474,0.033396199345588684,28.886245727539062,3.912599194057913e-20,0,0.5145966410636902,8466.854632866512,909,1,0.05527171492576599,0,0,5.36728048324585,0.3872580826282501
0.4423903822898865,0.4826488494873047,0,4.299799919128418,2.6649767237738846,7.587404251098633,4.991167315893108e-06,0,0,0.8615061044692993,2.2875771522521973,1.4834952354431152,2.7316417694091797,7.5922017097473145,0,0.1129564493894577,0.002657218836247921,0.05773695930838585,1e-06,0.011056900024414062,0.9992138743400574,0.0009795030346140265,-0.0022135667968541384,0.002540111541748047,5058.095843692,0.26727190613746643,3.20117449760437,0,0.9953789114952087,3.464460291979776e-07,-6.242044037207961e-05,1,0.4411766529083252,2032.9715366864345,0,0.0,1,0,1,0,5.558322906494141,0.6734501123428345,0.5535727143287659,11.498046875,1762706018.2174768,0.0006649890565313399,12.928387641906738,0.4826488494873047,0,0.26949837803840637,0.0,910,1,0,0.26461470127105713,2.0003085136413574,0,0.24082255363464355,0.08180679380893707,0.0240840595215559,28.45946502685547,2.32286636569245e-19,0,0.4971635341644287,8131.886146745738,910,1,0.05148538574576378,0,0,6.493537425994873,0.44258445501327515
0.45085757970809937,0.7045412063598633,0,4.850532293319702,2.6540511462315513,9.481209754943848,-6.871832010801882e-05,0,0,0.8289055228233337,2.8383240699768066,2.0893921852111816,3.4915084838867188,9.282464981079102,0,0.10646244883537292,0.0029498524963855743,0.08024419099092484,1e-06,0.023738861083984375,0.993750810623169,0.0009245264227502048,-0.0010552427265793085,0.0028383731842041016,5063.094847876,0.28717681765556335,3.822309970855713,0,0.9835894703865051,4.6584137436411766e-08,-4.1662562580313534e-05,1,0.45108458399772644,2024.6369842802992,0,0.0,1,0,1,0,6.630456924438477,0.6364938616752625,0.6593830585479736,11.498046875,1762706023.7804482,0.0003906507627107203,22.484907150268555,0.7045412063598633,0,0.2893202602863312,0.0,911,1,0,0.2842269539833069,2.0003576278686523,0,0.30333805084228516,0.09766989946365356,0.05493799224495888,62.911827087402344,1.9756683671140095e-18,0,0.5838600993156433,8098.547937121197,911,1,0.054237086325883865,0,0,6.577185153961182,0.45248404145240784
0.44754183292388916,0.42375922203063965,0,4.567570447921753,2.6409510085319456,7.676837921142578,-4.423562131705694e-06,0,0,0.8454564809799194,2.55613374710083,1.5190259218215942,2.4578630924224854,7.834593772888184,0,0.11651107668876648,0.003606853075325489,0.04743403196334839,1e-06,0.018466949462890625,0.9979047775268555,0.0015460002468898892,-0.0013881382765248418,0.002713918685913086,5068.971018663,0.28426510095596313,2.759098768234253,0,0.9944756627082825,5.4016496164877026e-08,3.0269191483967006e-05,1,0.44937145709991455,2014.643573519001,0,0.0,1,0,1,0,6.096830368041992,0.6551960706710815,0.6114892363548279,11.498046875,1762706028.7784417,0.0005672370316460729,11.714471817016602,0.42375922203063965,0,0.28521206974983215,0.0,912,1,0,0.2806582450866699,2.00030255317688,0,0.2861039638519287,0.07405867427587509,0.009453914128243923,20.818422317504883,1.6719312650997176e-18,0,0.6001563668251038,8058.574294076004,912,1,0.059955429285764694,0,0,5.899845123291016,0.4511145353317261
0.4362671971321106,0.31884288787841797,0,5.548658847808838,2.5987637587596,8.563430786132812,0.0,0,0,0.8720589280128479,2.5374913215637207,1.9757527112960815,2.7415237426757812,9.317841529846191,0,0.16469435393810272,0.003710116259753704,0.047466155141592026,1e-06,0.00966644287109375,0.9992082715034485,0.001377979526296258,-0.0014785875100642443,0.002597808837890625,5072.984899469,0.2557506859302521,3.0631461143493652,0,0.9966983199119568,1.3236889628842619e-07,-3.2311563700204715e-05,1,0.43423813581466675,1982.4611243316747,0,0.0,1,0,1,0,6.051662445068359,0.6851333379745483,0.6093165874481201,11.498046875,1762706034.6526887,0.0005134805105626583,20.737117767333984,0.31884288787841797,0,0.2599177062511444,0.0,913,1,0,0.2520405650138855,3.0003855228424072,0,0.2596915364265442,0.07972068339586258,0.012852136977016926,33.69781494140625,3.7861270937691305e-17,0,0.5464407205581665,7929.844497326699,913,1,0.060805145651102066,0,0,6.671536922454834,0.4363362491130829
0.44865402579307556,0.6691498756408691,0,3.3404324054718018,2.7072090711632137,9.087675094604492,-4.181600525043905e-05,0,0,0.8521415591239929,2.3284592628479004,2.097548246383667,3.1986567974090576,9.026407241821289,0,0.12364982068538666,0.002075119176879525,0.05160772427916527,1e-06,0.015550613403320312,0.9987245798110962,0.0004908989649266005,-0.0008968152105808258,0.0025293827056884766,5079.072701014,0.28636646270751953,4.8332624435424805,0,0.9938051104545593,7.182534318417311e-07,-9.219903586199507e-05,1,0.45112305879592896,2065.1883884900694,0,0.0,1,0,1,0,7.066322326660156,0.6533601880073547,0.3733832538127899,11.498046875,1762706038.6685705,0.0003638131311163306,63.30018615722656,0.6691498756408691,0,0.2709715962409973,0.0,914,1,0,0.2842913269996643,1.0002219676971436,0,0.2714148163795471,0.06996381282806396,0.022549182176589966,113.9403305053711,3.212615695260813e-19,0,0.6010385155677795,8260.753553960278,914,1,0.0455109067261219,0,0,8.938602447509766,0.4521096348762512
0.4492718577384949,0.8011724948883057,0,5.278615713119507,2.730310065945886,8.664568901062012,0.0,0,0,0.8745265603065491,2.266782522201538,1.8768157958984375,3.300604820251465,7.833705902099609,0,0.2890326976776123,0.0023055963683873415,0.06720035523176193,1e-06,0.018566131591796875,0.9988782405853271,0.00043414594256319106,-0.001105672912672162,0.0026154518127441406,5082.930654032,0.29176273941993713,3.707855463027954,0,0.9911142587661743,1.5231477163979434e-06,-1.4979775187384803e-05,1,0.45355796813964844,2082.8109307221866,0,0.0,1,0,1,0,6.044149398803711,0.6455751657485962,0.49123382568359375,11.498046875,1762706044.7556927,0.0002815331390593201,15.787958145141602,0.8011724948883057,0,0.2482832819223404,0.0,915,1,0,0.28945714235305786,3.000434160232544,0,0.25971463322639465,0.08845371007919312,0.0347500704228878,26.942245483398438,2.709166432597191e-19,0,0.4839048385620117,8331.243722888747,915,1,0.04796626418828964,0,0,6.155266761779785,0.4546213448047638
0.4603074789047241,0.5137341022491455,0,3.340325355529785,2.745191194905561,9.870738983154297,0.0,0,0,0.8336073756217957,2.328758955001831,2.2258310317993164,3.432319164276123,9.506621360778809,0,0.14945533871650696,0.0027499510906636715,0.07836824655532837,1e-06,0.020116806030273438,0.9966680407524109,0.0007742118323221803,-0.0006940902094356716,0.0026111602783203125,5087.758665793,0.31860145926475525,3.438959836959839,0,0.9813452363014221,1.0606172509142198e-06,-3.135726728942245e-05,1,0.46489977836608887,2094.1629666851645,0,0.0,1,0,1,0,6.547806739807129,0.6108165383338928,0.5124892592430115,11.498046875,1762706048.6165178,0.0003684075199998915,15.875711441040039,0.5137341022491455,0,0.2894873321056366,0.0,916,1,0,0.31585150957107544,1.0002005100250244,0,0.31516799330711365,0.08873088657855988,0.0540357269346714,32.90850067138672,1.3366917132393797e-18,0,0.6416533589363098,8376.651866740658,916,1,0.05237296223640442,0,0,5.591514587402344,0.4659798741340637
0.45180922746658325,0.8079075813293457,0,4.011043310165405,2.833558984218464,11.08787727355957,-1.016535588860279e-05,0,0,0.8362457752227783,2.999850034713745,2.414167642593384,3.641880512237549,11.322364807128906,0,0.13769115507602692,0.003265128470957279,0.06771060824394226,1e-06,0.0125885009765625,0.9967063069343567,0.001318260096013546,-0.001300397445447743,0.0025262832641601562,5093.777962426,0.2858075797557831,3.595470666885376,0,0.9938037395477295,5.074276714367443e-07,-7.219416147563607e-05,1,0.4502847492694855,2161.574137233263,0,0.0,1,0,1,0,6.516435623168945,0.6520612835884094,0.4621647000312805,11.498046875,1762706053.4418015,0.0005641942843794823,15.642280578613281,0.8079075813293457,0,0.287078320980072,0.0,917,1,0,0.2825424373149872,1.0001945495605469,0,0.26590773463249207,0.08121419697999954,0.04856722056865692,45.21860122680664,3.051725451243037e-23,0,0.5974426865577698,8646.296548933053,917,1,0.057054147124290466,0,0,6.883708477020264,0.4518473744392395
0.4410523772239685,0.4864647388458252,0,5.5258307456970215,2.734127653306873,7.736752510070801,0.0,0,0,0.8679617643356323,2.514071226119995,1.79512357711792,2.288668632507324,7.759176731109619,0,0.057998765259981155,0.0018252338049933314,0.051617808640003204,1e-06,0.014108657836914062,0.9989874958992004,0.00031298812245950103,-0.0007404540665447712,0.002958059310913086,5098.529683691,0.2660278379917145,2.4877867698669434,0,0.9954639673233032,3.8594077977904817e-07,-2.2920428818906657e-05,1,0.4409579932689667,2085.723168707031,0,0.0,1,0,1,0,6.290779113769531,0.6826623678207397,0.5021297931671143,11.498046875,1762706059.4607728,0.0002474633220117539,19.156177520751953,0.4864647388458252,0,0.25915607810020447,0.0,918,1,0,0.2642025947570801,3.0004334449768066,0,0.24274276196956635,0.07722219824790955,0.016958609223365784,43.765804290771484,5.230228891972526e-19,0,0.5421469211578369,8342.892674828125,918,1,0.04268861562013626,0,0,6.58774995803833,0.4419293701648712
0.4543910026550293,0.5478413105010986,0,4.199429750442505,2.7092733974304726,8.896831512451172,-7.153691967687337e-06,0,0,0.8486824631690979,2.188416004180908,1.9636489152908325,3.5149741172790527,8.57750415802002,0,0.0876624658703804,0.0018883193843066692,0.06020345166325569,1e-06,0.013126373291015625,0.9990314841270447,0.0010926506947726011,-0.0009751059697009623,0.0024657249450683594,5103.337346762,0.30401942133903503,3.9904868602752686,0,0.992301344871521,3.528268450736505e-07,-8.005587005754933e-05,1,0.4592437148094177,2066.7631551686422,0,0.0,1,0,1,0,6.370309829711914,0.6405852437019348,0.5438903570175171,11.498046875,1762706064.214326,0.00043015542905777693,15.888920783996582,0.5478413105010986,0,0.2799391746520996,0.0,919,1,0,0.30213111639022827,2.00032901763916,0,0.2715490758419037,0.0867728665471077,0.015317559242248535,26.677101135253906,1.848173843153778e-20,0,0.6064988374710083,8267.052620674569,919,1,0.04341960325837135,0,0,7.037891387939453,0.4600529372692108
0.44710516929626465,0.5149209499359131,0,4.281702995300293,2.7474807221674284,9.278836250305176,-1.788633926480543e-05,0,0,0.8661254644393921,2.2698731422424316,2.324188232421875,2.809938669204712,9.571901321411133,0,0.20487986505031586,0.0024697454646229744,0.055326011031866074,1e-06,0.0206756591796875,0.9989241361618042,0.0018901322036981583,-0.0020832158625125885,0.002687215805053711,5107.762380447,0.2862434983253479,2.4008922576904297,0,0.9913380146026611,2.8400282303664426e-07,-7.652671774849296e-05,1,0.450884073972702,2095.9095274390806,0,0.0,1,0,1,0,6.965602874755859,0.6548283100128174,0.4549694359302521,11.498046875,1762706069.020915,0.000618505000602454,11.628117561340332,0.5149209499359131,0,0.26513516902923584,0.0,920,1,0,0.2837737500667572,2.0003151893615723,0,0.2896183729171753,0.08122172206640244,0.013381225988268852,39.46916961669922,1.5474629943352083e-19,0,0.6081821322441101,8383.638109756323,920,1,0.04964125528931618,0,0,5.726163864135742,0.45206043124198914
0.4330795407295227,0.44448208808898926,0,3.974604606628418,2.7376079495906342,8.320364952087402,0.0,0,0,0.8451618552207947,1.9627327919006348,1.4906396865844727,2.237804651260376,7.6670427322387695,0,0.1662055402994156,0.003214638913050294,0.06667239218950272,1e-06,0.012378692626953125,0.9980829954147339,0.0022107278928160667,-0.0011638395953923464,0.002961874008178711,5113.844182416,0.23911967873573303,2.3837296962738037,0,0.9970808029174805,3.994467988377437e-06,6.649810529779643e-05,1,0.42461565136909485,2088.3781049475633,0,0.0,1,0,1,0,6.020367622375488,0.6955104470252991,0.5240131616592407,11.498046875,1762706073.4468908,0.0008235204732045531,12.23698616027832,0.44448208808898926,0,0.28517159819602966,0.0,921,1,0,0.23590503633022308,2.0004284381866455,0,0.29034093022346497,0.0896080955862999,0.02748969756066799,28.48226547241211,3.188566856177148e-17,0,0.6644983887672424,8353.512419790253,921,1,0.056613579392433167,0,0,6.8372602462768555,0.4265986680984497
0.45199960470199585,0.46284008026123047,0,5.613741159439087,2.7256793133976585,9.91032600402832,-1.0192958143306896e-05,0,0,0.8534262776374817,2.5996134281158447,2.2332189083099365,3.2042267322540283,9.522403717041016,0,0.1612684428691864,0.0023942538537085056,0.06160758435726166,1e-06,0.024164199829101562,0.9974542260169983,0.001901574432849884,-0.001237552147358656,0.004297971725463867,5118.875944251,0.29529130458831787,3.200122117996216,0,0.9862627387046814,1.4113835788975848e-07,-5.774060628027655e-05,1,0.4551369845867157,2079.2783714919306,0,0.0,1,0,1,0,5.792200088500977,0.6391448378562927,0.5740209817886353,11.498046875,1762706079.5300276,0.000575863930862397,16.370710372924805,0.46284008026123047,0,0.2743954658508301,0.0,922,1,0,0.2928970456123352,3.000436782836914,0,0.30767107009887695,0.08434636145830154,0.030827190726995468,25.82196617126465,4.672933111800286e-21,0,0.606234073638916,8317.113485967722,922,1,0.048877377063035965,0,0,6.184422016143799,0.4562191069126129
0.45268163084983826,0.5488765239715576,0,4.474165439605713,2.665280272607461,10.28423023223877,0.0,0,0,0.8463644981384277,2.461832046508789,2.4646120071411133,3.245628595352173,10.420748710632324,0,0.10747332125902176,0.0033932134974747896,0.08182001858949661,1e-06,0.026523590087890625,0.99796462059021,0.000530398276168853,-0.0005470256437547505,0.0025310516357421875,5123.771848194,0.2974051833152771,2.8676185607910156,0,0.985517144203186,6.188773795656743e-07,-4.264535891707055e-05,1,0.45564278960227966,2033.2030982356032,0,0.0,1,0,1,0,6.791136741638184,0.6354252696037292,0.6062958240509033,11.498046875,1762706084.5591564,0.0003260632511228323,12.883356094360352,0.5488765239715576,0,0.27514609694480896,0.0,923,1,0,0.2940119802951813,2.0004000663757324,0,0.2977094054222107,0.09928978979587555,0.056671276688575745,27.076547622680664,8.108126210857698e-19,0,0.5880215167999268,8132.812392942413,923,1,0.05815818905830383,0,0,6.490137577056885,0.45716196298599243
0.4464491903781891,0.3831140995025635,0,4.505121231079102,2.72319023349871,8.80202579498291,-3.2679761261533713e-06,0,0,0.8717358112335205,2.493006467819214,1.8660962581634521,2.905311346054077,8.489363670349121,0,0.07293277233839035,0.0035335689317435026,0.0543406680226326,1e-06,0.017686843872070312,0.9990992546081543,0.0006228280835784972,-0.000495850807055831,0.0025796890258789062,5129.471780873,0.2845700979232788,3.133312463760376,0,0.9948927760124207,2.4777368707873393e-06,-4.0145820094039664e-05,1,0.44955822825431824,2077.379582454879,0,0.0,1,0,1,0,5.7488250732421875,0.6604150533676147,0.5275471806526184,11.498046875,1762706089.4546795,0.0003140667104162276,13.669210433959961,0.3831140995025635,0,0.2610064446926117,0.0,924,1,0,0.28103652596473694,2.0003180503845215,0,0.23796820640563965,0.082239530980587,0.015420496463775635,32.910762786865234,2.1574759655902033e-17,0,0.469305157661438,8309.518329819515,924,1,0.05934569984674454,0,0,6.118189811706543,0.45126259326934814
0.45702219009399414,0.19631648063659668,0,5.4966020584106445,2.614616259073633,10.057546615600586,-0.00016694235091563314,0,0,0.8812090754508972,2.484799385070801,2.5731585025787354,3.3141891956329346,10.558976173400879,0,0.18419593572616577,0.002897904720157385,0.06320358067750931,1e-06,0.011127471923828125,0.9994387030601501,0.0013540679356083274,-0.0006945593631826341,0.002712249755859375,5133.511422714,0.3082924783229828,3.0583255290985107,0,0.9927999973297119,3.949278593040617e-08,-5.359681381378323e-05,1,0.46062567830085754,1994.5541687610103,0,0.0,1,0,1,0,6.263758659362793,0.6369079947471619,0.5037131309509277,11.498046875,1762706095.153981,0.0004398692981339991,12.052679061889648,0.19631648063659668,0,0.25504735112190247,0.0,925,1,0,0.30539456009864807,3.0005300045013428,0,0.27656102180480957,0.0862882062792778,0.029903871938586235,26.196138381958008,2.0500553495830137e-19,0,0.5599689483642578,7978.216675044041,925,1,0.05376012250781059,0,0,6.270971775054932,0.46183955669403076
0.46030333638191223,0.6757068634033203,0,3.357799768447876,2.6400370554114407,9.569424629211426,7.464487862307578e-05,0,0,0.8513334393501282,2.3461074829101562,2.239370822906494,3.7956011295318604,8.987756729125977,0,0.07139531522989273,0.0028885037172585726,0.08105774968862534,1e-06,0.026798248291015625,0.9973112344741821,0.0006869455683045089,-0.0021467332262545824,0.002561330795288086,5139.620196992,0.32543808221817017,4.037408351898193,0,0.9781584143638611,2.2024451595825667e-07,-7.438184547936544e-05,1,0.46749699115753174,2013.9463664239909,0,0.0,1,0,1,0,6.358732223510742,0.6126527190208435,0.5973502397537231,11.498046875,1762706099.194377,0.0005391043960116804,26.294178009033203,0.6757068634033203,0,0.27187737822532654,0.0,926,1,0,0.32254958152770996,1.000173568725586,0,0.29712074995040894,0.09780220687389374,0.05134864151477814,78.34400177001953,3.076405673249296e-19,0,0.5785350799560547,8055.7854656959635,926,1,0.053672295063734055,0,0,8.21048641204834,0.46858343482017517
0.44560837745666504,0.8175380229949951,0,5.284384250640869,2.634870838172599,8.622565269470215,-4.49058243248146e-05,0,0,0.8549536466598511,2.2709333896636963,1.7978607416152954,2.767547607421875,8.263016700744629,0,0.24455665051937103,0.003016287926584482,0.05943641439080238,1e-06,0.02533721923828125,0.9979978799819946,0.0008821987430565059,-0.0007221213891170919,0.0033996105194091797,5144.912049302,0.27387893199920654,3.089531660079956,0,0.9916898012161255,4.7312862960779967e-08,-4.962242655892624e-06,1,0.4444499909877777,2010.0053291514284,0,0.0,1,0,1,0,6.435344696044922,0.6603229641914368,0.5582243800163269,11.498046875,1762706105.30291,0.0003518582379911095,16.180593490600586,0.8175380229949951,0,0.27248966693878174,0.0,927,1,0,0.2708626389503479,3.000455856323242,0,0.3016948997974396,0.08869090676307678,0.03229263052344322,26.086580276489258,5.453366549075417e-20,0,0.6063569188117981,8040.021316605714,927,1,0.05484336242079735,0,0,6.596648693084717,0.44599243998527527
0.45778506994247437,0.6851334571838379,0,4.601831912994385,2.634122019506942,10.369587898254395,0.0,0,0,0.8559859991073608,2.590425729751587,2.8345038890838623,3.641516923904419,10.927966117858887,0,0.10143215209245682,0.003268736880272627,0.06634479761123657,1e-06,0.012208938598632812,0.9987578392028809,0.0009288533474318683,-0.0008033812046051025,0.0026645660400390625,5150.357601507,0.30772823095321655,3.5398848056793213,0,0.9942446351051331,2.2340456951042142e-07,-1.7408723579137586e-05,1,0.46023184061050415,2009.4340945061726,0,0.0,1,0,1,0,5.935193061828613,0.6336892247200012,0.6683489680290222,11.498046875,1762706110.5964708,0.0003790598420891911,27.459671020507812,0.6851334571838379,0,0.27170032262802124,0.0,928,1,0,0.30445948243141174,2.000359296798706,0,0.264184832572937,0.09461253136396408,0.028845617547631264,109.83867645263672,1.2293020596364938e-17,0,0.5716692805290222,8037.736378024691,928,1,0.05708601325750351,0,0,8.650806427001953,0.46160730719566345
0.4453618824481964,0.21987676620483398,0,5.218752384185791,2.562005943860379,9.381083488464355,-0.0001662458962528035,0,0,0.8708582520484924,2.2072763442993164,2.1795520782470703,3.0129690170288086,9.30763053894043,0,0.10811277478933334,0.0015932023525238037,0.058607034385204315,1e-06,0.008754730224609375,0.9993818402290344,0.0017074289498850703,-0.0030388643499463797,0.0024068355560302734,5153.911621362,0.2753584682941437,2.972602367401123,0,0.9971939921379089,1.1946745814839232e-07,-0.00023925601271912456,1,0.44594913721084595,1954.4205074008514,0,0.0,1,0,1,0,6.426700592041016,0.677471935749054,0.8722489476203918,11.498046875,1762706116.0421598,0.001028054510243237,12.560909271240234,0.21987676620483398,0,0.2672978639602661,0.0,929,1,0,0.2737652659416199,3.000364065170288,0,0.25901952385902405,0.09949605911970139,0.01836245507001877,24.10511016845703,7.541587882874656e-20,0,0.627455472946167,7817.682029603406,929,1,0.039888422936201096,0,0,6.670443058013916,0.4467540383338928
0.4562547504901886,0.19490647315979004,0,3.354126214981079,2.653348510533434,8.477067947387695,-8.684163185534999e-05,0,0,0.8511230945587158,2.3429336547851562,2.0637965202331543,3.3039417266845703,8.8760347366333,0,0.1672642081975937,0.003050927072763443,0.06221264973282814,1e-06,0.015537261962890625,0.9985314607620239,0.0007724371971562505,-0.001095101935788989,0.002590179443359375,5160.460566685,0.30931705236434937,4.224808216094971,0,0.9923277497291565,1.9196418179490138e-06,-0.00013447192031890154,1,0.46099573373794556,2024.1009802085978,0,0.0,1,0,1,0,5.975100517272949,0.6388497948646545,0.819492757320404,11.498046875,1762706119.5974264,0.0005446007126010954,43.776573181152344,0.19490647315979004,0,0.2748207151889801,0.0,930,1,0,0.3062661290168762,1.0001795291900635,0,0.26742100715637207,0.10105403512716293,0.014790006913244724,83.00231170654297,2.511770894650892e-19,0,0.5607779622077942,8096.403920834391,930,1,0.05515734851360321,0,0,7.356403350830078,0.46226635575294495
0.44992321729660034,0.6853687763214111,0,5.854827642440796,2.6066876117775157,7.733304977416992,-2.9869232093915343e-05,0,0,0.8352869153022766,2.8427796363830566,1.7683573961257935,2.951256275177002,7.089520454406738,0,0.07649584859609604,0.002966772299259901,0.06443899869918823,1e-06,0.0289154052734375,0.9966052770614624,0.0006332501070573926,-0.0015625066589564085,0.0030117034912109375,5165.237532716,0.2923259437084198,3.870511770248413,0,0.9854732155799866,1.851242359407479e-06,-0.00011977501708315685,1,0.45350977778434753,1988.5058178941379,0,0.0,1,0,1,0,5.602872848510742,0.637185275554657,0.700391411781311,11.498046875,1762706126.1449788,0.00046815001405775547,36.61204528808594,0.6853687763214111,0,0.28876686096191406,0.0,931,1,0,0.2893591821193695,3.00046968460083,0,0.31943565607070923,0.08477257937192917,0.04367191717028618,64.54228973388672,8.218513722096841e-20,0,0.5910680294036865,7954.023271576551,931,1,0.054392606019973755,0,0,6.895807266235352,0.45487624406814575
0.4467201828956604,0.49718666076660156,0,4.272038459777832,2.6203228280091517,9.679672241210938,3.698252112371847e-05,0,0,0.8639421463012695,2.2596211433410645,2.1646029949188232,3.359438896179199,10.139317512512207,0,0.11332359910011292,0.0033828227315098047,0.06582336872816086,1e-06,0.02701568603515625,0.9986984133720398,0.0011904818238690495,-0.0016100904904305935,0.0025763511657714844,5171.159604439,0.2798345983028412,3.532634735107422,0,0.9854792356491089,4.0990954630615306e-08,-4.755077316076495e-05,1,0.44728490710258484,1998.90741211753,0,0.0,1,0,1,0,7.161197662353516,0.6475488543510437,0.5937680006027222,11.498046875,1762706130.9205077,0.0005907850572839379,17.48691177368164,0.49718666076660156,0,0.2639778256416321,0.0,932,1,0,0.27645179629325867,2.0002756118774414,0,0.29721781611442566,0.08764544874429703,0.04290124401450157,22.569103240966797,3.1081623777361254e-18,0,0.5922173261642456,7995.62964847012,932,1,0.05806904286146164,0,0,5.930466651916504,0.44896000623703003
0.4197161793708801,0.648996114730835,0,5.266743898391724,2.5758940376754924,9.287059783935547,0.0,0,0,0.8688884377479553,2.2545230388641357,1.8826966285705566,3.1746561527252197,9.183615684509277,0,0.15557697415351868,0.0018685237737372518,0.05930701643228531,1e-06,0.005859375,0.9993866682052612,0.0006892609526403248,-0.0022597815841436386,0.0026674270629882812,5175.421518256,0.21980634331703186,3.21828031539917,0,0.9988100528717041,6.173559654598648e-07,-0.00013423892960418016,1,0.41287997364997864,1965.0150087235397,0,0.0,1,0,1,0,6.044994354248047,0.7275742292404175,0.7935851812362671,11.498046875,1762706136.8436244,0.0005262780468910933,13.382955551147461,0.648996114730835,0,0.2621767520904541,0.0,933,1,0,0.21793782711029053,3.0003669261932373,0,0.24999743700027466,0.08542008697986603,0.024387767538428307,26.799158096313477,3.1389889589831697e-17,0,0.5986124873161316,7860.060034894159,933,1,0.04318968951702118,0,0,6.442835807800293,0.41415050625801086
0.4407801926136017,0.5461182594299316,0,3.708346128463745,2.6574883727248335,11.352490425109863,-6.755839422112331e-06,0,0,0.8727529048919678,2.6969387531280518,1.998202919960022,3.432980537414551,8.788885116577148,0,0.10897498577833176,0.0034519957844167948,0.05225842073559761,1e-06,0.010700225830078125,0.9988860487937927,0.0008717191522009671,-0.0011162122245877981,0.0026404857635498047,5180.440374957,0.2653721868991852,10.570369720458984,0,0.9956570267677307,1.6631946664347197e-06,-3.67490756616462e-05,1,0.439726859331131,2027.259064827439,0,0.0,1,0,1,0,7.235726356506348,0.6769633889198303,0.43121209740638733,11.498046875,1762706141.1052423,0.00045122051960788667,170.81382751464844,0.5461182594299316,0,0.25604936480522156,0.0,934,1,0,0.26192018389701843,1.0002598762512207,0,0.27821242809295654,0.07795906066894531,0.009611500427126884,740.1707153320312,5.2051924095772305e-18,0,0.5878375172615051,8109.036259309756,934,1,0.05865851417183876,0,0,44.45648193359375,0.44157880544662476
0.4395314157009125,0.5191140174865723,0,4.492462158203125,2.6210733427690607,8.14158821105957,-9.34263298404403e-05,0,0,0.8490815758705139,2.481113910675049,1.268811821937561,2.582155466079712,7.029126167297363,0,0.09054655581712723,0.0026013441383838654,0.06964551657438278,1e-06,0.017492294311523438,0.9966833591461182,0.0017414038302376866,-0.001506300177425146,0.002565145492553711,5185.614402621,0.25753307342529297,3.121547222137451,0,0.9942031502723694,4.3251890247120173e-07,-0.00011494431964820251,1,0.43587005138397217,1999.479940624495,0,0.0,1,0,1,0,6.869818687438965,0.674094557762146,0.5639159679412842,11.498046875,1762706146.1234584,0.0005669079255312681,16.323213577270508,0.5191140174865723,0,0.2789435386657715,0.0,935,1,0,0.2549317181110382,2.0003082752227783,0,0.285897821187973,0.08182812482118607,0.04563804343342781,44.31827926635742,3.1128444251827415e-21,0,0.5809087753295898,7997.91976249798,935,1,0.05094251409173012,0,0,6.9360857009887695,0.43732279539108276
0.45943036675453186,0.6595659255981445,0,4.508383512496948,2.656366746390868,10.591649055480957,-0.00014703156193718314,0,0,0.8324563503265381,2.4951162338256836,2.105159282684326,4.092217445373535,9.567506790161133,0,0.12268566340208054,0.004235398955643177,0.07770339399576187,1e-06,0.012002944946289062,0.9967826008796692,0.0010646821465343237,-0.0009787052404135466,0.0033729076385498047,5191.554261082,0.31832367181777954,4.289583206176758,0,0.9896309971809387,4.396268025175232e-07,-0.0001283487508771941,1,0.46420347690582275,2026.4034346857538,0,0.0,1,0,1,0,6.788908004760742,0.6204376220703125,0.8054611086845398,11.498046875,1762706151.297792,0.000469655089545995,19.2963809967041,0.6595659255981445,0,0.29009729623794556,0.0,936,1,0,0.31408828496932983,2.000300645828247,0,0.2759580910205841,0.10649275034666061,0.0544021837413311,61.117610931396484,9.385837464880209e-20,0,0.6240766644477844,8105.613738743015,936,1,0.06494921445846558,0,0,7.679260730743408,0.4658777713775635
0.4372950494289398,0.476102352142334,0,5.455813407897949,2.623343872984954,8.080568313598633,0.0,0,0,0.8669962286949158,2.442906618118286,1.6868327856063843,2.816788911819458,7.648437023162842,0,0.08256006985902786,0.0028237192891538143,0.06080302596092224,1e-06,0.0177001953125,0.9975661039352417,0.001192749012261629,-0.001053237239830196,0.002722024917602539,5196.315853729,0.2617990970611572,3.0866549015045166,0,0.9919061660766602,8.234580946009373e-07,-7.502581865992397e-05,1,0.4381162226200104,2001.212009524354,0,0.0,1,0,1,0,7.185911178588867,0.6751301288604736,0.6231616735458374,11.498046875,1762706157.2368438,0.0005227873916737735,11.649529457092285,0.476102352142334,0,0.25445157289505005,0.0,937,1,0,0.25897538661956787,3.0005695819854736,0,0.2741556763648987,0.08071989566087723,0.03255370259284973,20.633182525634766,1.169845886345186e-22,0,0.5548591017723083,8004.848038097416,937,1,0.05306895449757576,0,0,5.8519206047058105,0.43965816497802734
0.4532212018966675,0.48839783668518066,0,4.267225980758667,2.706091172968898,11.986444473266602,-0.000114644986751955,0,0,0.8736618757247925,2.2557623386383057,2.3753750324249268,3.775243043899536,9.908041000366211,0,0.31956058740615845,0.0045610032975673676,0.06977763026952744,1e-06,0.011613845825195312,0.999198853969574,0.001058525638654828,-0.0013086959952488542,0.0026726722717285156,5202.365318515,0.29828962683677673,5.327795505523682,0,0.9944236874580383,1.984426944545703e-06,-0.00012439601414371282,1,0.4555210471153259,2064.335602351383,0,0.0,1,0,1,0,6.52073860168457,0.6523354053497314,0.9822772741317749,11.498046875,1762706161.9990628,0.0005411867168731987,70.04148864746094,0.48839783668518066,0,0.2570836544036865,0.0,938,1,0,0.29372861981391907,2.00030255317688,0,0.23134075105190277,0.11077336966991425,0.030520744621753693,630.3724975585938,2.6063528907769646e-20,0,0.48076456785202026,8257.342409405532,938,1,0.06738869100809097,0,0,37.90408706665039,0.4575594663619995
0.44972923398017883,0.46282172203063965,0,5.577877044677734,2.5683138510601355,8.196277618408203,-5.107338893139968e-06,0,0,0.8643439412117004,2.5660486221313477,1.873540997505188,3.0501720905303955,8.435338973999023,0,0.06872633844614029,0.00256171403452754,0.06116759777069092,1e-06,0.013486862182617188,0.9989460110664368,0.0019303677836433053,-0.0013334592804312706,0.0027184486389160156,5207.202494425,0.29156962037086487,3.2546982765197754,0,0.9933373928070068,8.426176236753236e-07,-6.537857552757487e-05,1,0.4533544182777405,1959.2324803080685,0,0.0,1,0,1,0,6.733098030090332,0.6469326615333557,0.6157596707344055,11.498046875,1762706168.0484388,0.0006522245239466429,15.149444580078125,0.46282172203063965,0,0.2677806317806244,0.0,939,1,0,0.28900790214538574,3.0004799365997314,0,0.2715397775173187,0.08996205776929855,0.02360057830810547,25.899993896484375,2.2489099565816737e-19,0,0.550152599811554,7836.929921232274,939,1,0.05055439844727516,0,0,5.986423492431641,0.45453810691833496
0.4401412904262543,0.559741735458374,0,4.271393775939941,2.6824528819736813,8.079181671142578,-2.2453936253441498e-05,0,0,0.8500941395759583,2.2589287757873535,1.9035297632217407,2.6136629581451416,7.709067344665527,0,0.08599192649126053,0.003602954326197505,0.07373768836259842,1e-06,0.021831512451171875,0.9963685274124146,0.001048487494699657,-0.0011443700641393661,0.0026879310607910156,5212.361307366,0.2642767131328583,2.962564706802368,0,0.9889786839485168,7.874869112356464e-08,-3.0546980269718915e-05,1,0.43904176354408264,2046.3031849045485,0,0.0,1,0,1,0,7.026468276977539,0.6603411436080933,0.7952178120613098,11.498046875,1762706172.8860655,0.0004822246846742928,14.484655380249023,0.559741735458374,0,0.2723666727542877,0.0,940,1,0,0.26067376136779785,2.000319480895996,0,0.3142481744289398,0.09237316250801086,0.050552260130643845,40.12439727783203,7.870503369148975e-22,0,0.6243554353713989,8185.212739618194,940,1,0.059921782463788986,0,0,5.696047782897949,0.4409870207309723
0.4595724642276764,0.5850105285644531,0,4.567445516586304,2.6614173496258644,8.438814163208008,0.0,0,0,0.8492639660835266,2.555842876434326,1.7447203397750854,3.3188211917877197,7.518619060516357,0,0.09846073389053345,0.003931203857064247,0.06732853502035141,1e-06,0.008722305297851562,0.9990732073783875,0.0010243419092148542,-0.0015359879471361637,0.0029342174530029297,5217.370483169,0.3164619207382202,3.9652485847473145,0,0.9963944554328918,1.2300324669922702e-06,-6.662504165433347e-05,1,0.46358177065849304,2030.256276073916,0,0.0,1,0,1,0,7.579517364501953,0.6337997913360596,0.7409324049949646,11.498046875,1762706178.045677,0.0005487965536303818,13.1436767578125,0.5850105285644531,0,0.283355176448822,0.0,941,1,0,0.3125306963920593,2.000298261642456,0,0.2794935703277588,0.10458196699619293,0.020926861092448235,26.391244888305664,2.3553465430225337e-18,0,0.6343273520469666,8121.025104295664,941,1,0.06258364021778107,0,0,6.8600664138793945,0.4651525914669037
0.4258280396461487,0.480588436126709,0,4.521215200424194,2.714045610423906,7.875978946685791,-6.0607166233239695e-05,0,0,0.8874265551567078,2.5100083351135254,1.5040103197097778,2.2784926891326904,7.641178131103516,0,0.09302409738302231,0.002851711120456457,0.055205024778842926,1e-06,0.009080886840820312,0.9994804859161377,0.0026823063381016254,-0.002423945814371109,0.0025904178619384766,5223.479727796,0.23170152306556702,2.553370237350464,0,0.9986117482185364,1.865069748419046e-06,-5.006174251320772e-05,1,0.420142263174057,2070.403627183316,0,0.0,1,0,1,0,6.922443389892578,0.7042517066001892,0.4879021942615509,11.498046875,1762706183.0540895,0.0009546219371259212,12.1179838180542,0.480588436126709,0,0.25088927149772644,0.0,942,1,0,0.22884981334209442,2.000260591506958,0,0.27363890409469604,0.07592930644750595,0.029552221298217773,39.788063049316406,3.9575376993445777e-22,0,0.6118704080581665,8281.614508733264,942,1,0.05333155393600464,0,0,5.704977512359619,0.421969473361969
0.44570961594581604,0.8181633949279785,0,5.284323215484619,2.6076782633816196,7.722402095794678,-6.240430229809135e-05,0,0,0.8722643256187439,2.2717912197113037,1.6476809978485107,2.733883857727051,7.150738716125488,0,0.09138699620962143,0.002452483167871833,0.07785812765359879,1e-06,0.025821685791015625,0.9987502098083496,0.001291437423788011,-0.001128141419030726,0.0028917789459228516,5228.236250859,0.2826486825942993,3.0345547199249268,0,0.9869810938835144,1.8396215182292508e-06,-6.55677285976708e-05,1,0.44914087653160095,1989.2615342559166,0,0.0,1,0,1,0,6.651655197143555,0.646609365940094,0.6920421719551086,11.498046875,1762706189.1632557,0.0004948284476995468,13.648520469665527,0.8181633949279785,0,0.2540583610534668,0.0,943,1,0,0.2801962196826935,3.0005714893341064,0,0.31003499031066895,0.09393970668315887,0.04576002061367035,34.643028259277344,9.934284060397009e-19,0,0.6126091480255127,7957.046137023666,943,1,0.04946684092283249,0,0,5.731514930725098,0.45033302903175354
0.46200984716415405,0.5074145793914795,0,4.2408599853515625,2.6066168679672033,7.307199478149414,-3.0667506507597864e-05,0,0,0.8692287802696228,2.229740858078003,1.8728315830230713,2.88153076171875,7.5609846115112305,0,0.14453035593032837,0.002761668059974909,0.06450249999761581,1e-06,0.009265899658203125,0.9992462396621704,0.001082009170204401,-0.0013751956867054105,0.0026895999908447266,5234.692802323,0.3297431468963623,3.1900153160095215,0,0.9913409352302551,5.378197442951205e-07,-7.371765241259709e-05,1,0.46917521953582764,1988.4518511365752,0,0.0,1,0,1,0,6.489673614501953,0.6234875321388245,0.9179322123527527,11.498046875,1762706193.918997,0.0005757001345045865,14.724344253540039,0.5074145793914795,0,0.26730939745903015,0.0,944,1,0,0.32698148488998413,2.0002975463867188,0,0.2711131274700165,0.11240708082914352,0.018107088282704353,19.871376037597656,7.044354365526488e-19,0,0.5958040952682495,7953.807404546301,944,1,0.052486203610897064,0,0,5.777222633361816,0.47018471360206604
0.45616382360458374,0.8110146522521973,0,5.639246702194214,2.545050879469937,9.96631145477295,-4.533321043709293e-05,0,0,0.8381054401397705,2.62712025642395,2.9110188484191895,3.4006240367889404,10.549728393554688,0,0.20064795017242432,0.0034978624898940325,0.08382114768028259,1e-06,0.018138885498046875,0.9983974099159241,0.0010266003664582968,-0.001989515498280525,0.0030083656311035156,5239.231355195,0.30684027075767517,2.595489025115967,0,0.9894097447395325,4.981370338441593e-08,-9.233698074240237e-05,1,0.4597465395927429,1941.4863744303982,0,0.0,1,0,1,0,6.0228166580200195,0.6266083121299744,0.8696591854095459,11.498046875,1762706200.3755066,0.0006453781970776618,12.448970794677734,0.8110146522521973,0,0.28943800926208496,0.0,945,1,0,0.30334240198135376,3.0004618167877197,0,0.3123057186603546,0.11018115282058716,0.05533653870224953,21.13058853149414,6.5799545935214805e-18,0,0.6013151407241821,7765.945497721593,945,1,0.059044938534498215,0,0,4.542910575866699,0.4612273871898651
0.44980865716934204,0.28824353218078613,0,4.241820812225342,2.6316911122719535,8.748478889465332,0.0,0,0,0.8399032950401306,2.229750156402588,2.0877177715301514,2.9263598918914795,8.431245803833008,0,0.2526867687702179,0.0028602860402315855,0.06515290588140488,1e-06,0.017759323120117188,0.9975614547729492,0.001539198448881507,-0.0012975039426237345,0.003252744674682617,5244.050459971,0.28536853194236755,2.9682071208953857,0,0.990148663520813,1.7227694115717895e-07,-4.419277320266701e-05,1,0.4502687454223633,2007.5796823557887,0,0.0,1,0,1,0,6.656513214111328,0.6405873894691467,0.5076202154159546,11.498046875,1762706204.911485,0.0005202679894864559,13.171923637390137,0.28824353218078613,0,0.28877121210098267,0.0,946,1,0,0.2825082540512085,2.000319480895996,0,0.30942657589912415,0.08719868212938309,0.024697687476873398,38.39912414550781,5.660384007003297e-19,0,0.6117392778396606,8030.318729423155,946,1,0.05341097712516785,0,0,6.38156270980835,0.45163947343826294
0.4380177855491638,0.28595876693725586,0,4.529452085494995,2.6232161399328606,7.383468151092529,0.0,0,0,0.8388411402702332,2.517483949661255,1.5396672487258911,2.2987773418426514,7.554305553436279,0,0.2582561671733856,0.004645760636776686,0.06410340964794159,1e-06,0.013378143310546875,0.9980553388595581,0.001390187768265605,-0.001708518248051405,0.0026111602783203125,5250.048840666,0.25551682710647583,2.501197576522827,0,0.9959003329277039,4.506828190642409e-07,-0.00010473505972186103,1,0.43356478214263916,2001.1145686510872,0,0.0,1,0,1,0,6.491065979003906,0.686856746673584,0.6449477076530457,11.498046875,1762706209.7334657,0.0006483679753728211,16.97780990600586,0.28595876693725586,0,0.2836301326751709,0.0,947,1,0,0.25087106227874756,2.0002706050872803,0,0.2605997323989868,0.09547705948352814,0.0154581218957901,31.10662269592285,3.884470067399968e-16,0,0.5886956453323364,8004.458274604349,947,1,0.06800920516252518,0,0,5.137936592102051,0.4362019896507263
0.45627185702323914,0.4652111530303955,0,5.527304649353027,2.62619813368246,8.637208938598633,-5.1027491281274706e-05,0,0,0.8450579643249512,2.515068292617798,1.7496452331542969,3.2754733562469482,7.512356758117676,0,0.17741486430168152,0.00275891344062984,0.06672569364309311,1e-06,0.019191741943359375,0.9978736042976379,0.000400928664021194,-0.0008674790733493865,0.002567768096923828,5254.774817664,0.3085738718509674,3.614955425262451,0,0.9889652729034424,1.9863791749230586e-06,-8.097047975752503e-05,1,0.4608006477355957,2003.3893759172938,0,0.0,1,0,1,0,6.842669486999512,0.6240668892860413,0.8925820589065552,11.498046875,1762706215.732139,0.00030187907395884395,14.369304656982422,0.4652111530303955,0,0.2853592038154602,0.0,948,1,0,0.3058149516582489,3.0003390312194824,0,0.28768450021743774,0.08892541378736496,0.04039128124713898,22.938688278198242,2.526154176098254e-20,0,0.6158437132835388,8013.557503669175,948,1,0.052458420395851135,0,0,6.296809196472168,0.4619537889957428
0.45173758268356323,0.4613821506500244,0,4.260085582733154,2.6324448187730694,12.042337417602539,-0.00010154047049582005,0,0,0.8329846262931824,2.2484323978424072,2.3232245445251465,3.7098615169525146,8.93560791015625,0,0.11223724484443665,0.003066309029236436,0.08463868498802185,1e-06,0.026805877685546875,0.9957103729248047,0.000868765520863235,-0.0016660637920722365,0.002655029296875,5260.825806401,0.29724031686782837,10.818994522094727,0,0.9811440110206604,5.529659574676771e-07,-8.973773219622672e-05,1,0.45571422576904297,2008.1546456753986,0,0.0,1,0,1,0,6.486763954162598,0.6259424090385437,0.483379602432251,11.498046875,1762706220.4605765,0.0005774315795861185,174.28939819335938,0.4613821506500244,0,0.2852005064487457,0.0,949,1,0,0.2941740155220032,2.0003249645233154,0,0.31604328751564026,0.08466093242168427,0.06598998606204987,662.2982177734375,1.5257668001354436e-22,0,0.6298452615737915,8032.618582701594,949,1,0.05529459938406944,0,0,40.27920150756836,0.4570870101451874
0.4444557726383209,0.4654853343963623,0,5.57757043838501,2.618471922586202,8.092004776000977,-5.7451532484265044e-05,0,0,0.8506523966789246,2.56484055519104,1.593788743019104,3.0697264671325684,7.1983795166015625,0,0.0728565976023674,0.0025777623523026705,0.07360632717609406,1e-06,0.016078948974609375,0.9967350363731384,0.0007315744296647608,-0.0010652105556800961,0.0031397342681884766,5265.88367199,0.27135246992111206,3.6266958713531494,0,0.9932842254638672,4.097145392734092e-06,-6.075076089473441e-05,1,0.4433606266975403,1997.495453052977,0,0.0,1,0,1,0,6.573976516723633,0.6608060598373413,0.5827561020851135,11.498046875,1762706226.5102608,0.0004068376147188246,14.930502891540527,0.4654853343963623,0,0.27212265133857727,0.0,950,1,0,0.26877468824386597,3.0005300045013428,0,0.27171382308006287,0.08872591704130173,0.05703228712081909,27.599380493164062,7.309697491668218e-20,0,0.5537711977958679,7989.981812211908,950,1,0.05071054771542549,0,0,6.348052501678467,0.44469571113586426
0.44289445877075195,0.4680061340332031,0,4.582298278808594,2.614536063426684,7.744160175323486,-5.657649671775289e-05,0,0,0.8417145013809204,2.5699470043182373,1.5658504962921143,2.5473029613494873,7.278298377990723,0,0.11935068666934967,0.0029485144186764956,0.06097492575645447,1e-06,0.010814666748046875,0.9983566403388977,0.0007631795015186071,-0.0012721973471343517,0.002676248550415039,5270.632771982,0.2721705734729767,2.9433016777038574,0,0.996324896812439,3.3342832921334775e-06,-7.29174935258925e-05,1,0.44360587000846863,1994.492991690997,0,0.0,1,0,1,0,6.322589874267578,0.6707103252410889,0.4419514238834381,11.498046875,1762706231.5672498,0.0005092762294225395,12.223249435424805,0.4680061340332031,0,0.28315427899360657,0.0,951,1,0,0.26922205090522766,2.0002503395080566,0,0.25646454095840454,0.0809350311756134,0.03045841120183468,39.24478530883789,2.526163708062344e-20,0,0.5934365391731262,7977.971966763988,951,1,0.054226264357566833,0,0,6.295827865600586,0.4451276957988739
0.44286856055259705,0.46034717559814453,0,4.283876895904541,2.691350500952049,8.13596248626709,-3.771127012441866e-05,0,0,0.8570259809494019,2.272571563720703,2.092060089111328,2.4651260375976562,7.455326557159424,0,0.12993118166923523,0.003399708541110158,0.05466049909591675,1e-06,0.0112457275390625,0.9991872310638428,0.0010519814677536488,-0.0019251552876085043,0.0026433467864990234,5274.8617586,0.2678484618663788,2.75662899017334,0,0.9975011944770813,1.0344117072236259e-05,-6.339468382066116e-05,1,0.4410928189754486,2053.0907136532755,0,0.0,1,0,1,0,6.547151565551758,0.6798607110977173,0.4749234616756439,11.498046875,1762706236.318614,0.000514769519213587,18.30568504333496,0.46034717559814453,0,0.27731868624687195,0.0,952,1,0,0.26444876194000244,2.0003397464752197,0,0.25005632638931274,0.08273033797740936,0.016928503289818764,151.39430236816406,2.8019972938288372e-19,0,0.5931353569030762,8212.362854613102,952,1,0.05821488797664642,0,0,10.708344459533691,0.4428919851779938
0.45870906114578247,0.5619890689849854,0,3.6603779792785645,2.7237491017782642,9.661721229553223,-9.477118874201551e-05,0,0,0.8325469493865967,2.6492221355438232,2.597700834274292,3.583982229232788,9.80115795135498,0,0.14296667277812958,0.002813852857798338,0.07465854287147522,1e-06,0.013189315795898438,0.9976625442504883,0.0011356614995747805,-0.0029450946021825075,0.002474546432495117,5280.248687375,0.3121212124824524,3.375947952270508,0,0.9906395077705383,8.381711609217746e-07,-0.0001155752397608012,1,0.46225810050964355,2077.805913872694,0,0.0,1,0,1,0,6.451984405517578,0.6297222971916199,0.7044961452484131,11.498046875,1762706240.5476027,0.0006651455187238753,13.013708114624023,0.5619890689849854,0,0.2936801612377167,0.0,953,1,0,0.30930736660957336,1.0001442432403564,0,0.2641664743423462,0.10558713227510452,0.036143600940704346,49.52964782714844,1.1565620745464393e-20,0,0.5754566788673401,8311.223655490776,953,1,0.052976809442043304,0,0,7.346774101257324,0.4634091258049011
0.44814443588256836,0.8161005973815918,0,4.561639785766602,2.798928950256761,8.957268714904785,-3.2181331334868446e-05,0,0,0.8667852282524109,2.5492777824401855,2.15352201461792,3.0702595710754395,8.36441421508789,0,0.07449152320623398,0.0026002167724072933,0.0647781491279602,1e-06,0.010303497314453125,0.9988694190979004,0.0013955703470855951,-0.0007766358903609216,0.002651691436767578,5286.213809032,0.2799566686153412,3.3329813480377197,0,0.9969255924224854,3.1547037337986694e-07,-1.4290098079072777e-05,1,0.44774243235588074,2135.156693234379,0,0.0,1,0,1,0,6.034045219421387,0.6679970026016235,0.7009667158126831,11.498046875,1762706245.931933,0.00043854073737747967,15.57177448272705,0.8161005973815918,0,0.2644701898097992,0.0,954,1,0,0.27735644578933716,2.000324249267578,0,0.20975877344608307,0.09129777550697327,0.04185061529278755,27.949962615966797,8.64479155725324e-20,0,0.4547659456729889,8540.626772937516,954,1,0.05093149468302727,0,0,6.575238227844238,0.44902631640434265
0.4449213445186615,0.7002382278442383,0,5.2599310874938965,2.7130817487812804,8.832894325256348,0.0,0,0,0.8695150017738342,2.246544122695923,1.9036989212036133,3.1636457443237305,8.168044090270996,0,0.18129336833953857,0.0028519046027213335,0.06544938683509827,1e-06,0.0093231201171875,0.9989870190620422,0.0008153770468197763,-0.0015165067743510008,0.003092527389526367,5291.763464195,0.2743939757347107,3.5691535472869873,0,0.9979528188705444,4.831299520446919e-07,-0.00011740638728952035,1,0.4448002576828003,2069.668347483767,0,0.0,1,0,1,0,6.440006256103516,0.6738576292991638,0.43388763070106506,11.498046875,1762706251.8995862,0.0005772547447122633,17.046005249023438,0.7002382278442383,0,0.25946831703186035,0.0,955,1,0,0.2715420722961426,3.000516653060913,0,0.20943351089954376,0.08080937713384628,0.032050635665655136,37.27064895629883,5.779806243386686e-18,0,0.510800302028656,8278.673389935067,955,1,0.053332455456256866,0,0,6.519820690155029,0.44625383615493774
0.44697362184524536,0.8629095554351807,0,4.6780946254730225,2.677002355175569,11.066247940063477,-5.001854879083112e-05,0,0,0.8763245344161987,2.666666269302368,1.899478554725647,4.3757758140563965,8.480348587036133,0,0.1270342767238617,0.0015259410720318556,0.0453762449324131,1e-06,0.006649017333984375,0.999438464641571,0.0010553553001955152,-0.0014362649526447058,0.002876758575439453,5296.48121252,0.27568668127059937,25.272541046142578,0,0.9988510608673096,6.993204237915052e-07,-6.627423135796562e-05,1,0.4461471140384674,2042.1452627202164,0,0.0,1,0,1,0,5.18629264831543,0.6817144155502319,0.3930669128894806,11.498046875,1762706257.4472737,0.0007375943823717535,419.9022216796875,0.8629095554351807,0,0.2587090730667114,0.0,956,1,0,0.2741607427597046,2.000293493270874,0,0.18114657700061798,0.06852549314498901,0.01738075539469719,779.6826782226562,4.0367984243281894e-20,0,0.43106627464294434,8168.581050880865,956,1,0.03903844207525253,0,0,46.919559478759766,0.44691646099090576
0.4587985873222351,0.40932250022888184,0,4.300520420074463,2.7425910048452318,10.186237335205078,-3.957130684284493e-05,0,0,0.850688099861145,2.2881343364715576,2.1355602741241455,3.8422691822052,9.785780906677246,0,0.15416279435157776,0.0019672131165862083,0.07014553248882294,1e-06,0.010265350341796875,0.9983298182487488,0.001338987611234188,-0.0016848434461280704,0.0026497840881347656,5302.600413329,0.31366121768951416,3.945422887802124,0,0.9927229285240173,4.2784574816323584e-07,-0.0001300240255659446,1,0.4632361829280853,2092.1794175098685,0,0.0,1,0,1,0,6.375737190246582,0.6326253414154053,0.6940203309059143,11.498046875,1762706262.1641014,0.0005494465585798025,17.11554527282715,0.40932250022888184,0,0.2780085802078247,0.0,957,1,0,0.3116939961910248,2.0003066062927246,0,0.25214216113090515,0.1071515902876854,0.021576719358563423,50.580078125,2.079995895024452e-20,0,0.544754147529602,8368.717670039474,957,1,0.04431447014212608,0,0,7.212260723114014,0.4640311598777771
0.4476974904537201,0.5776114463806152,0,5.534115791320801,2.662846236391297,8.623891830444336,-4.985972736903932e-06,0,0,0.8383844494819641,2.522639513015747,1.9658406972885132,2.8230626583099365,7.813653469085693,0,0.16393880546092987,0.003466204274445772,0.06792980432510376,1e-06,0.009935379028320312,0.998275637626648,0.0004630623443517834,-0.0015567378140985966,0.002587556838989258,5306.400813386,0.27952462434768677,3.244941234588623,0,0.997779905796051,2.5048571217212157e-08,-7.82636197982356e-05,1,0.4471013844013214,2031.3462991489237,0,0.0,1,0,1,0,6.705437660217285,0.6697125434875488,0.933172345161438,11.498046875,1762706268.2829187,0.00044086610432714224,14.486970901489258,0.5776114463806152,0,0.2846314013004303,0.0,958,1,0,0.2760584056377411,3.0003974437713623,0,0.2658626139163971,0.11297043412923813,0.019939584657549858,24.689706802368164,2.165289880717776e-19,0,0.6434915661811829,8125.385196595695,958,1,0.058779630810022354,0,0,6.554072380065918,0.44882121682167053
0.4578573405742645,0.4560391902923584,0,3.339648723602295,2.756959207017921,9.005521774291992,0.0,0,0,0.8542295098304749,2.328112840652466,2.2399139404296875,3.2474944591522217,9.603633880615234,0,0.09427374601364136,0.0022660321556031704,0.06137005612254143,1e-06,0.012035369873046875,0.9986379146575928,0.0007998658111318946,-0.0018061702139675617,0.0026712417602539062,5312.826191498,0.3115794360637665,3.5219483375549316,0,0.9943249821662903,1.5725627235951833e-05,-6.746983854100108e-05,1,0.46226295828819275,2103.1401684199436,0,0.0,1,0,1,0,6.001140594482422,0.6361372470855713,0.5811527371406555,11.498046875,1762706272.0853956,0.0005244100466370583,16.393630981445312,0.4560391902923584,0,0.2713395655155182,0.0,959,1,0,0.3093133866786957,1.000239372253418,0,0.26046645641326904,0.08598531037569046,0.027742763981223106,52.099029541015625,1.2434213864579204e-19,0,0.5867837071418762,8412.560673679774,959,1,0.04755428060889244,0,0,6.693898677825928,0.463191419839859
0.45839813351631165,0.8674280643463135,0,5.549425363540649,2.676508382086779,9.253390312194824,-6.275768828345463e-05,0,0,0.8443463444709778,2.537505865097046,2.41615629196167,3.3387224674224854,9.508336067199707,0,0.116095170378685,0.0019247219897806644,0.06304202973842621,1e-06,0.011119842529296875,0.9981331825256348,0.0026197161059826612,-0.0014286092482507229,0.0028085708618164062,5317.642347796,0.3133019804954529,3.1073410511016846,0,0.9939618706703186,1.6053782303515618e-07,-4.838168024434708e-05,1,0.4631061553955078,2041.768436453615,0,0.0,1,0,1,0,6.342467308044434,0.6379402875900269,0.5632458329200745,11.498046875,1762706278.5089347,0.0008243240299634635,15.727176666259766,0.8674280643463135,0,0.2773568332195282,0.0,960,1,0,0.31137725710868835,3.0004677772521973,0,0.25463417172431946,0.08185195177793503,0.026177167892456055,22.996950149536133,7.095473783060257e-23,0,0.5732914805412292,8167.07374581446,960,1,0.043834101408720016,0,0,5.9778733253479,0.463885635137558
0.4137798547744751,0.5269064903259277,0,4.283259153366089,2.6733564991099534,8.382349967956543,-6.847137410659343e-05,0,0,0.8901540040969849,2.269594192504883,1.7564313411712646,2.4521079063415527,7.693698406219482,0,0.06149549409747124,0.0034914768766611814,0.06385734677314758,1e-06,0.00629425048828125,0.9995671510696411,0.0011551016941666603,-0.000885412038769573,0.0037267208099365234,5323.996144047,0.20702403783798218,2.6356096267700195,0,0.998999297618866,4.039842679048888e-06,-4.093355164513923e-05,1,0.40266653895378113,2039.3640295701737,0,0.0,1,0,1,0,6.459760665893555,0.7362622618675232,0.3730740547180176,11.498046875,1762706283.3257945,0.0004242778813932091,12.540011405944824,0.5269064903259277,0,0.24220360815525055,0.0,961,1,0,0.20353256165981293,2.000271797180176,0,0.22157469391822815,0.07752399891614914,0.025049027055501938,24.1840763092041,8.138067564092703e-17,0,0.5710914731025696,8157.456118280695,961,1,0.058991529047489166,0,0,6.676559925079346,0.40521448850631714
0.4270780086517334,0.7244229316711426,0,5.62338924407959,2.568144899822711,7.082578659057617,-1.631386908229615e-06,0,0,0.8615395426750183,2.6114561557769775,1.335157871246338,1.9847209453582764,7.1558027267456055,0,0.09151887893676758,0.0017969452310353518,0.058313433080911636,1e-06,0.0087738037109375,0.9983770251274109,0.0007525079417973757,-0.000841424276586622,0.002767324447631836,5327.963922485,0.2273135781288147,2.3689920902252197,0,0.9987955093383789,3.1361713581645745e-07,-3.4795451938407496e-05,1,0.4179690182209015,1959.1035962342573,0,0.0,1,0,1,0,6.458146095275879,0.7096430063247681,0.5687869787216187,11.498046875,1762706289.6807003,0.0003259227960370481,13.562792778015137,0.7244229316711426,0,0.2651892900466919,0.0,962,1,0,0.22551663219928741,3.000497341156006,0,0.2511555254459381,0.08686914294958115,0.0199559535831213,21.14679718017578,1.81270453235796e-19,0,0.6117271184921265,7836.414384937029,962,1,0.04235704615712166,0,0,6.241297721862793,0.4191438555717468
0.44458726048469543,0.5887937545776367,0,3.367513656616211,2.6444891768733196,8.707429885864258,-1.1754060324165039e-05,0,0,0.8561588525772095,2.3558859825134277,1.7849141359329224,2.7845654487609863,8.15329360961914,0,0.13204103708267212,0.0017293557757511735,0.061816297471523285,1e-06,0.0077667236328125,0.9988184571266174,0.0016043857904151082,-0.0010705026797950268,0.002830028533935547,5334.095163793,0.26999565958976746,3.2756311893463135,0,0.9983350038528442,8.668401392242231e-07,-8.096107194432989e-05,1,0.44310489296913147,2017.3426573293214,0,0.0,1,0,1,0,6.488178253173828,0.68161541223526,0.6682392954826355,11.498046875,1762706293.6466467,0.0005678651505149901,15.099167823791504,0.5887937545776367,0,0.27346518635749817,0.0,963,1,0,0.26826632022857666,1.0001709461212158,0,0.2657368779182434,0.09282324463129044,0.020509928464889526,32.85639953613281,1.6310138907580328e-20,0,0.699579119682312,8069.370629317285,963,1,0.0415540412068367,0,0,6.4388041496276855,0.44400522112846375
0.4517943561077118,0.6239314079284668,0,5.500756025314331,2.635984247256336,9.735109329223633,-8.358038758160546e-05,0,0,0.8529477715492249,2.4888010025024414,2.4286186695098877,3.503176689147949,8.872222900390625,0,0.11158902198076248,0.003514938522130251,0.06173596531152725,1e-06,0.011747360229492188,0.9984284043312073,0.000929651374462992,-0.0031448863446712494,0.0028755664825439453,5339.436667149,0.2989894449710846,4.375008583068848,0,0.9931433200836182,8.867947798307796e-08,-0.0001353176194243133,1,0.4563058912754059,2010.8546907821449,0,0.0,1,0,1,0,6.782135963439941,0.64349764585495,0.5812151432037354,11.498046875,1762706299.7786403,0.0007378687150776386,41.58314895629883,0.6239314079284668,0,0.2749752402305603,0.0,964,1,0,0.2954745292663574,3.0004210472106934,0,0.3200649619102478,0.08812426030635834,0.028517207130789757,166.3325958251953,4.761196805139646e-19,0,0.776710569858551,8043.4187631285795,964,1,0.05918912962079048,0,0,11.466164588928223,0.45786547660827637
0.45417818427085876,1.0541000366210938,0,4.281513452529907,2.6475187444126567,8.203343391418457,-0.00011162866576341912,0,0,0.8507106304168701,2.269000291824341,2.0874738693237305,2.911768674850464,8.299714088439941,0,0.17592518031597137,0.0033534541726112366,0.04977891966700554,1e-06,0.009250640869140625,0.9977545142173767,0.0008934256038628519,-0.002119300188496709,0.003560781478881836,5345.379681428,0.2962217628955841,3.115009307861328,0,0.9973775744438171,3.511511579290527e-07,-8.119193080347031e-05,1,0.45512938499450684,2019.6537561546872,0,0.0,1,0,1,0,6.4639129638671875,0.6536871194839478,0.4741039276123047,11.498046875,1762706305.1211002,0.0006050263182260096,15.991070747375488,1.0541000366210938,0,0.2720940411090851,0.0,965,1,0,0.29286831617355347,2.0003089904785156,0,0.2710447311401367,0.07808041572570801,0.010641861706972122,42.1474494934082,3.399325222915663e-20,0,0.6820107102394104,8078.615024618749,965,1,0.057818297296762466,0,0,6.41711950302124,0.4566410481929779
0.43866896629333496,0.46154069900512695,0,5.475746393203735,2.5816377102984376,9.083525657653809,4.4970533963351045e-06,0,0,0.8792175650596619,2.463744878768921,2.2168049812316895,3.1409223079681396,9.880682945251465,0,0.08666833490133286,0.004422226455062628,0.05819544941186905,1e-06,0.00940704345703125,0.9987757802009583,0.0007101687369868159,-0.0016492975410073996,0.0027189254760742188,5349.660983095,0.26091137528419495,3.1296660900115967,0,0.9982103705406189,1.2671689546550624e-05,-0.00010499810741748661,1,0.43673691153526306,1969.3965565450746,0,0.0,1,0,1,0,6.51103401184082,0.6905462145805359,0.5979520082473755,11.498046875,1762706311.0654738,0.00047588671441189945,21.271486282348633,0.46154069900512695,0,0.24591125547885895,0.0,966,1,0,0.2564891278743744,3.0004212856292725,0,0.28029492497444153,0.0786723643541336,0.0336766354739666,46.79700469970703,6.906147090076567e-21,0,0.7809844017028809,7877.586226180299,966,1,0.06635899841785431,0,0,6.346813201904297,0.4391739070415497
0.4449436068534851,0.9278106689453125,0,3.3447155952453613,2.6823100699899554,9.293399810791016,0.0,0,0,0.871081531047821,2.3336188793182373,2.0291340351104736,2.9942023754119873,9.142340660095215,0,0.15378208458423615,0.0021186440717428923,0.04289229214191437,1e-06,0.0048465728759765625,0.9989981055259705,0.001692129299044609,-0.0007107380661182106,0.002546548843383789,5357.214276986,0.2698622941970825,3.4332237243652344,0,0.9990851879119873,6.47424201360991e-07,-1.5685092876083218e-05,1,0.44284188747406006,2046.1942411019925,0,-1.1920929132713809e-08,1,0,1,0,6.828647613525391,0.6899020671844482,0.6218045353889465,11.498046875,1762706315.3453019,0.0004649835464078933,17.80181884765625,0.9278106689453125,0,0.2630055546760559,0.0,967,1,0,0.26774364709854126,1.0001890659332275,0,0.260272353887558,0.07834435254335403,0.010946904309093952,95.91526794433594,6.216691920266648e-19,0,0.8146722316741943,8184.77696440797,967,1,0.04598603397607803,0,0,9.524249076843262,0.44394683837890625
0.44933849573135376,0.8918864727020264,0,6.654079914093018,2.4848716673331537,8.828693389892578,-9.850553760770708e-05,0,0,0.8550536632537842,2.641430377960205,2.0561230182647705,3.1541759967803955,8.678704261779785,0,0.10049044340848923,0.003445305861532688,0.05764012783765793,1e-06,0.01068115234375,0.9984146356582642,0.0008817769703455269,-0.002102762693539262,0.002766132354736328,5361.489485769,0.2863910496234894,3.406219720840454,0,0.9951057434082031,1.847608928073896e-06,-0.00012733219773508608,1,0.45047876238822937,1895.5787969709427,0,0.0,1,0,1,0,6.710416793823242,0.6636137962341309,0.464287132024765,11.498046875,1762706322.898466,0.000601193227339536,13.7333984375,0.8918864727020264,0,0.2722555994987488,0.0,968,1,0,0.28294575214385986,4.0005881786346436,0,0.283024400472641,0.07943063974380493,0.02520151622593403,26.34200096130371,2.9242470435722595e-21,0,0.7965897917747498,7582.315187883771,968,1,0.05860183760523796,0,0,6.704156875610352,0.4521230459213257
0.40655747056007385,0.9224016666412354,0,3.3438236713409424,2.584332639927835,9.406237602233887,-1.2801080629287753e-05,0,0,0.891913890838623,2.3321640491485596,1.9709466695785522,2.61266827583313,8.835478782653809,0,0.08547376841306686,0.0046747177839279175,0.04539354518055916,1e-06,0.000911712646484375,0.9997595548629761,0.0009488511132076383,-0.0013115019537508488,0.002683877944946289,5366.593381126,0.2025710940361023,2.7279629707336426,0,0.9997685551643372,2.2148377354369586e-08,-7.701473077759147e-05,1,0.39845240116119385,1971.452377588862,0,0.0,1,0,1,0,6.493913650512695,0.7674689888954163,0.6073586940765381,11.498046875,1762706327.1709049,0.00046800277777947485,13.625009536743164,0.9224016666412354,0,0.2496526688337326,0.0,969,1,0,0.19789637625217438,1.00016450881958,0,0.18456818163394928,0.07591338455677032,0.015415958128869534,45.12666320800781,4.574291662194624e-20,0,0.6432850956916809,7885.809510355448,969,1,0.06821855157613754,0,0,6.412517070770264,0.40195462107658386
0.44255170226097107,0.6245565414428711,0,4.47364068031311,2.5605062051916128,8.623444557189941,0.0,0,0,0.8531577587127686,2.461313247680664,1.9569889307022095,2.7857937812805176,7.500614166259766,0,0.1298438161611557,0.0025784270837903023,0.07157102972269058,1e-06,0.008356094360351562,0.9980859160423279,0.0023105479776859283,-0.003410031320527196,0.002659320831298828,5371.04408692,0.2698753774166107,2.980719804763794,0,0.998313307762146,1.459861437069776e-06,-8.136623364407569e-05,1,0.4425961673259735,1953.2764351097612,0,0.0,1,0,1,0,6.481451034545898,0.6808092594146729,0.7667110562324524,11.498046875,1762706332.2759526,0.0009117278386838734,14.14496898651123,0.6245565414428711,0,0.27041497826576233,0.0,970,1,0,0.2672969400882721,2.0003156661987305,0,0.28730854392051697,0.104737788438797,0.035302869975566864,77.60734558105469,1.4393648670000193e-20,0,0.8015915155410767,7813.105740439045,970,1,0.05071815848350525,0,0,7.652846336364746,0.4439425766468048
0.43575090169906616,0.2024977207183838,0,4.244032859802246,2.6639738829111654,9.620633125305176,0.0,0,0,0.8601741194725037,2.2310593128204346,1.7672080993652344,3.012542963027954,9.215519905090332,0,0.115489162504673,0.003846153849735856,0.051757585257291794,1e-06,0.00476837158203125,0.9991592764854431,0.0013159632217139006,-0.0021594238933175802,0.002871274948120117,5376.777361969,0.252115398645401,3.203234910964966,0,0.9991665482521057,1.4988407315286167e-07,-0.00021243123046588153,1,0.4320503771305084,2032.2065217759678,0,0.0,1,0,1,0,6.67469596862793,0.7074720859527588,0.7975174784660339,11.498046875,1762706336.7299001,0.0008316097664646804,17.24090576171875,0.2024977207183838,0,0.2732919156551361,0.0,971,1,0,0.2482692301273346,2.0003788471221924,0,0.2565094232559204,0.08554240316152573,0.01742197759449482,35.38267517089844,4.719495463910065e-20,0,0.7733116149902344,8128.826087103871,971,1,0.0619039423763752,0,0,5.792247772216797,0.43426889181137085
0.4410191476345062,0.19704794883728027,0,5.524994373321533,2.5624708401266014,8.500350952148438,0.0,0,0,0.866897463798523,2.5132482051849365,1.6820993423461914,2.7840445041656494,7.9243316650390625,0,0.07300004363059998,0.0027688047848641872,0.06025013327598572,1e-06,0.0057373046875,0.9991834759712219,0.0009214536403305829,-0.0018366274889558554,0.0027000904083251953,5381.211327585,0.2621135115623474,3.399183511734009,0,0.9989411234855652,5.785265102531412e-07,-9.963637421606109e-05,1,0.4383256137371063,1954.7751524783525,0,0.0,1,0,1,0,6.207553863525391,0.6928679943084717,0.6794236302375793,11.498046875,1762706342.458973,0.0005430468590930104,14.389439582824707,0.19704794883728027,0,0.26648733019828796,0.0,972,1,0,0.2593446969985962,3.000458002090454,0,0.25170600414276123,0.0964110940694809,0.013145157136023045,27.798038482666016,1.1321481457284921e-19,0,0.6974408030509949,7819.10060991341,972,1,0.05255259945988655,0,0,6.344461441040039,0.4398347735404968
0.4598175585269928,0.19681620597839355,0,4.228155851364136,2.6539511603519226,10.163118362426758,-1.0344000429540756e-06,0,0,0.8586596846580505,2.215766191482544,2.436373710632324,4.044951915740967,8.880576133728027,0,0.13009075820446014,0.002998155076056719,0.04905315488576889,1e-06,0.0069446563720703125,0.9985359907150269,0.0033963024616241455,-0.001114965183660388,0.0029773712158203125,5387.104022891,0.3194188177585602,5.294625759124756,0,0.9967356324195862,1.1299357538518962e-06,-2.9295167678355938e-06,1,0.46513280272483826,2024.560710275524,0,0.0,1,0,1,0,5.843475341796875,0.6381887793540955,0.7009944915771484,11.498046875,1762706346.8908594,0.0008232961408793926,60.810455322265625,0.19681620597839355,0,0.26688656210899353,0.0,973,1,0,0.31642067432403564,2.00026798248291,0,0.22619587182998657,0.07839514315128326,0.01024102233350277,114.74974060058594,2.326516407177988e-22,0,0.569162905216217,8098.242841102096,973,1,0.05467957258224487,0,0,9.746784210205078,0.4663052260875702
0.45509427785873413,0.19763898849487305,0,5.690258502960205,2.6222524204121815,9.027512550354004,-4.2141105950577185e-05,0,0,0.8606650233268738,2.6783177852630615,2.0461442470550537,3.2969250679016113,9.36772346496582,0,0.0918993353843689,0.001825928222388029,0.06050746887922287,1e-06,0.009614944458007812,0.9972761273384094,0.0008373471791855991,-0.001367224263958633,0.0027871131896972656,5391.773326793,0.2988435924053192,3.54514741897583,0,0.995211660861969,6.334349563985597e-06,-0.0001073788880603388,1,0.4569907486438751,2000.3793973689474,0,0.0,1,0,1,0,5.893003463745117,0.649262011051178,0.8516419529914856,11.498046875,1762706352.7855117,0.0005205951165407896,15.787428855895996,0.19763898849487305,0,0.26119524240493774,0.0,974,1,0,0.2970176637172699,3.000415325164795,0,0.24747270345687866,0.0937204360961914,0.036319997161626816,24.873777389526367,6.866824991707327e-20,0,0.5942083597183228,8001.5175894757895,974,1,0.042696185410022736,0,0,6.607951641082764,0.4577975571155548
0.4469712972640991,0.3759133815765381,0,4.282249450683594,2.697159954895018,8.349311828613281,-8.75014447956346e-05,0,0,0.8565295934677124,2.2705743312835693,1.9179235696792603,2.65187406539917,8.43482780456543,0,0.0834336131811142,0.003238866338506341,0.05495784431695938,1e-06,0.013614654541015625,0.9980934262275696,0.0012596126180142164,-0.0009788429597392678,0.0026788711547851562,5397.741541926,0.28137651085853577,3.0470335483551025,0,0.9944502115249634,1.4426269956402393e-07,-7.596515933983028e-05,1,0.4481269121170044,2057.522442607749,0,0.0,1,0,1,0,6.202625274658203,0.6600143909454346,0.6782212257385254,11.498046875,1762706357.450288,0.0004950813017785549,21.62502098083496,0.3759133815765381,0,0.2731775641441345,0.0,975,1,0,0.2781376540660858,2.000302314758301,0,0.2886059284210205,0.08334749191999435,0.019674137234687805,88.96610260009766,3.047135305662739e-20,0,0.6487263441085815,8230.089770430995,975,1,0.05682455375790596,0,0,8.212518692016602,0.4497162401676178
0.430663138628006,0.43135809898376465,0,5.536554336547852,2.5991721215376407,7.24580717086792,-3.906034544343129e-05,0,0,0.8657333254814148,2.505051851272583,1.3984295129776,2.344599723815918,6.967653274536133,0,0.16895708441734314,0.0023803855292499065,0.05829336866736412,1e-06,0.006671905517578125,0.9992290139198303,0.0012773281196132302,-0.0023306997027248144,0.021811485290527344,5402.851841237,0.24113306403160095,2.7968811988830566,0,0.9990030527114868,5.545618364521943e-07,-0.0001589281891938299,1,0.4263720214366913,1982.7726429640866,0,0.0,1,0,1,0,6.737239837646484,0.7142561674118042,0.507990837097168,11.498046875,1762706363.4257803,0.0006334445206448436,12.650863647460938,0.43135809898376465,0,0.2618737816810608,0.0,976,1,0,0.23875267803668976,3.0003507137298584,0,0.24112378060817719,0.08801934868097305,0.02336289919912815,35.32943344116211,1.1430876739529913e-20,0,0.6944342851638794,7931.090571856346,976,1,0.048736896365880966,0,0,6.263554096221924,0.4278217852115631
0.4458030164241791,0.49017834663391113,0,4.598751544952393,2.7190001742099548,8.039392471313477,0.0,0,0,0.8414760231971741,2.587374448776245,1.8788729906082153,2.6364352703094482,8.25388240814209,0,0.12681938707828522,0.0037993923760950565,0.0541708804666996,1e-06,0.008947372436523438,0.9990448951721191,0.0012161793420091271,-0.001968669006600976,0.0027353763580322266,5407.631110007,0.27456942200660706,2.610231399536133,0,0.9984475374221802,4.0746445506556483e-07,-5.1652281399583444e-05,1,0.44441381096839905,2074.183205092526,0,0.0,1,0,1,0,6.486602783203125,0.6767279505729675,0.8345298767089844,11.498046875,1762706368.523477,0.000616729783359915,11.849088668823242,0.49017834663391113,0,0.28667446970939636,0.0,977,1,0,0.27077001333236694,2.0003225803375244,0,0.26709461212158203,0.08803460747003555,0.015391065739095211,23.64483642578125,1.0680361681840743e-17,0,0.6724303364753723,8296.732820370104,977,1,0.061529792845249176,0,0,5.812788009643555,0.446353554725647
0.4472721219062805,0.4970967769622803,0,4.2856409549713135,2.700959836048992,8.323321342468262,0.0,0,0,0.8690206408500671,2.2739920616149902,2.0025744438171387,2.828256368637085,8.693758964538574,0,0.06547532230615616,0.0030620056204497814,0.040018096566200256,1e-06,0.0061817169189453125,0.9994165897369385,0.0008775650640018284,-0.0008650491363368928,0.0027971267700195312,5413.414315792,0.2760908305644989,3.541025400161743,0,0.9986856579780579,9.65362232818734e-07,-4.398132659844123e-05,1,0.4455723762512207,2060.4211734521523,0,0.0,1,0,1,0,6.418895721435547,0.6847208142280579,0.28062060475349426,11.498046875,1762706373.3142567,0.0003801091224886477,27.563432693481445,0.4970967769622803,0,0.271109402179718,0.0,978,1,0,0.27302882075309753,2.0004384517669678,0,0.22340118885040283,0.06235383823513985,0.007024836726486683,82.44463348388672,3.418791189953865e-21,0,0.6508609652519226,8241.68469380861,978,1,0.055257659405469894,0,0,7.991626262664795,0.4471193253993988
0.43840301036834717,0.49901413917541504,0,5.28003454208374,2.6642948367436032,8.692340850830078,-5.996813706588e-05,0,0,0.8694659471511841,2.2627406120300293,2.12153959274292,2.809359073638916,9.10813045501709,0,0.0969381332397461,0.0029387068934738636,0.048417188227176666,1e-06,0.007930755615234375,0.9992505311965942,0.0015303618274629116,-0.0014718094607815146,0.0027647018432617188,5418.621858052,0.2604953646659851,3.4262537956237793,0,0.998293399810791,1.5891336033746484e-06,-5.188187788007781e-05,1,0.43733441829681396,2032.451360689612,0,0.0,1,0,1,0,6.298135757446289,0.6891332268714905,0.40518832206726074,11.498046875,1762706379.095224,0.0004936234327033162,31.321292877197266,0.49901413917541504,0,0.25899598002433777,0.0,979,1,0,0.257556676864624,3.0003573894500732,0,0.24101196229457855,0.0686950832605362,0.016986863687634468,78.30323791503906,7.014903569168817e-21,0,0.5856605768203735,8129.805442758448,979,1,0.05413581058382988,0,0,7.803319454193115,0.4389509856700897
0.44426974654197693,0.5853109359741211,0,4.597874641418457,2.6256910343124993,7.5828471183776855,0.0,0,0,0.8587523698806763,2.5861756801605225,1.596343994140625,2.716028928756714,7.615105628967285,0,0.07155342400074005,0.002288805553689599,0.05912581458687782,1e-06,0.011058807373046875,0.9975487589836121,0.0006164751830510795,-0.0009876558324322104,0.0026738643646240234,5425.800408654,0.27715355157852173,3.3536112308502197,0,0.9966458082199097,8.482005142695925e-08,-5.8702258684206754e-05,1,0.4464925527572632,2003.0025362964427,0,0.0,1,0,1,0,5.992386817932129,0.6710019707679749,0.45871028304100037,11.498046875,1762706384.286135,0.00037512576091103256,14.4402494430542,0.5853109359741211,0,0.2613361179828644,0.0,980,1,0,0.27486473321914673,2.000321388244629,0,0.2312627136707306,0.08256437629461288,0.024538377299904823,21.832422256469727,6.155382456486954e-20,0,0.5383491516113281,8012.010145185771,980,1,0.047791656106710434,0,0,6.092764854431152,0.4476395547389984
0.40558934211730957,0.5685572624206543,0,5.8304784297943115,2.6356472468365166,10.376553535461426,-0.00015273949247784913,0,0,0.906776487827301,2.816122055053711,2.8174095153808594,3.824340343475342,10.275179862976074,0,0.12524013221263885,0.0026569711044430733,0.05650842562317848,1e-06,0.0006427764892578125,0.9998508095741272,0.001673396211117506,-0.0030040715355426073,0.003260374069213867,5430.082293136,0.199552521109581,3.7669317722320557,0,0.9998931288719177,8.818796004561591e-08,-9.413150837644935e-05,1,0.39768052101135254,2010.5976107651857,0,-1.1920929132713809e-08,1,0,1,0,6.300622940063477,0.7722952365875244,0.46382400393486023,11.498046875,1762706391.4834235,0.0007112075109034777,15.232955932617188,0.5685572624206543,0,0.2324712574481964,0.0,981,1,0,0.1968955397605896,3.0004220008850098,0,0.1569090634584427,0.080288827419281,0.018289294093847275,39.431724548339844,6.387069041376451e-21,0,0.5502141118049622,8042.390443060743,981,1,0.051480889320373535,0,0,6.73991584777832,0.39969193935394287
0.4424123466014862,0.8863363265991211,0,3.3868720531463623,2.5953486562488695,8.387848854064941,0.0,0,0,0.8756430745124817,2.375638246536255,2.115255117416382,2.5911993980407715,8.491819381713867,0,0.11801794171333313,0.002101392252370715,0.04097330570220947,1e-06,0.0063323974609375,0.9993360638618469,0.0013642740668728948,-0.0012281178496778011,0.0027048587799072266,5436.751311396,0.2692408859729767,2.7617108821868896,0,0.9986685514450073,7.378717015171787e-08,-2.9815118978149258e-05,1,0.44252386689186096,1979.855921015171,0,0.0,1,0,1,0,5.650876998901367,0.6943767070770264,0.6504307389259338,11.498046875,1762706395.7651973,0.0004274921375326812,13.904129981994629,0.8863363265991211,0,0.25675275921821594,0.0,982,1,0,0.2671394944190979,1.0001966953277588,0,0.2304227203130722,0.07591241598129272,0.007604158017784357,24.57901382446289,1.9368695768044834e-20,0,0.6043252944946289,7919.423684060684,982,1,0.04579876735806465,0,0,7.262466907501221,0.4436236023902893
0.46046870946884155,0.9045953750610352,0,5.757701873779297,2.553340579068967,8.439237594604492,-5.910208710702136e-05,0,0,0.8511009216308594,2.7455832958221436,2.5843167304992676,3.1171629428863525,8.99606704711914,0,0.09844405949115753,0.003048161044716835,0.06533629447221756,1e-06,0.015533447265625,0.9982767105102539,0.0006403524894267321,-0.0014858781360089779,0.0027549266815185547,5440.58097377,0.3253403902053833,2.974790096282959,0,0.9912095665931702,6.395221134880558e-07,-7.783795444993302e-05,1,0.4674016833305359,1947.8101532394844,0,0.0,1,0,1,0,6.2089338302612305,0.6277065277099609,0.5332516431808472,11.498046875,1762706402.4349818,0.00042499080882407725,14.522165298461914,0.9045953750610352,0,0.2773337662220001,0.0,983,1,0,0.3222922086715698,3.0004806518554688,0,0.2798575758934021,0.08854872733354568,0.033196523785591125,25.433218002319336,8.125190016316478e-18,0,0.654076874256134,7791.240612957938,983,1,0.055131543427705765,0,0,6.348209857940674,0.4685494899749756
0.448809951543808,0.4825572967529297,0,3.340090751647949,2.6019040840860614,8.100822448730469,-5.901237818761729e-05,0,0,0.8729238510131836,2.328712224960327,1.7283298969268799,2.8884429931640625,8.192784309387207,0,0.0735291838645935,0.003433476435020566,0.04558151587843895,1e-06,0.008579254150390625,0.9990591406822205,0.0006952725816518068,-0.0022249482572078705,0.0026090145111083984,5448.36547642,0.2871244549751282,3.4115166664123535,0,0.9971511363983154,1.4005776449721452e-07,-0.00011800243373727426,1,0.45083704590797424,1984.8567144873707,0,0.0,1,0,1,0,6.3040618896484375,0.6715567111968994,0.4509144723415375,11.498046875,1762706406.264477,0.0005477452068589628,13.924114227294922,0.4825572967529297,0,0.25563326478004456,0.0,984,1,0,0.2836909890174866,1.000168800354004,0,0.2418622076511383,0.07382404059171677,0.012136527337133884,62.61687469482422,5.295126817114666e-21,0,0.6459203362464905,7939.426857949483,984,1,0.0585014708340168,0,0,6.987637519836426,0.45246872305870056
0.46350234746932983,1.0699615478515625,0,6.706968069076538,2.4949535886728285,8.555741310119629,3.1200822832033737e-06,0,0,0.8647571802139282,2.6914873123168945,2.4821579456329346,3.2719926834106445,8.554061889648438,0,0.12312208116054535,0.0024433585349470377,0.06062591075897217,1e-06,0.008836746215820312,0.9983366131782532,0.0010115094482898712,-0.0020220756996423006,0.003113269805908203,5451.693858136,0.32318970561027527,3.3082351684570312,0,0.9961228966712952,5.525676442630356e-06,-7.547815766884014e-05,1,0.466815322637558,1903.2697681287116,0,0.0,1,0,1,0,7.050971984863281,0.6350522637367249,0.5550110936164856,11.498046875,1762706414.0491874,0.0006250389269553125,14.311945915222168,1.0699615478515625,0,0.25942808389663696,0.0,985,1,0,0.3207463324069977,4.003435850143433,0,0.2591039538383484,0.09359860420227051,0.012313395738601685,23.868698120117188,4.974311602001936e-21,0,0.6709510087966919,7613.079072514846,985,1,0.049375396221876144,0,0,6.343613624572754,0.46774640679359436
0.4542379081249237,0.9690172672271729,0,2.3519232273101807,2.5849335114328214,8.314223289489746,-3.082760304096155e-05,0,0,0.8455637097358704,2.3396222591400146,1.6521830558776855,3.1677303314208984,8.204622268676758,0,0.1658509522676468,0.0036535568069666624,0.06427695602178574,1e-06,0.009532928466796875,0.9979403018951416,0.001188143971376121,-0.002418080810457468,0.002528667449951172,5458.776506656,0.30023640394210815,3.7885122299194336,0,0.9968991279602051,8.063908296662703e-08,-9.676859190221876e-05,1,0.45680007338523865,1971.910751073308,0,0.0,1,0,1,0,6.39156436920166,0.6536949276924133,0.6327928304672241,11.498046875,1762706417.3768215,0.0006099911406636238,17.93912124633789,0.9690172672271729,0,0.278546541929245,0.0,986,1,0,0.2965828478336334,0.000110626220703125,0,0.2513481080532074,0.08853539824485779,0.026837056502699852,27.49049186706543,2.818139400365383e-20,0,0.6222676634788513,7887.643004293232,986,1,0.06034062057733536,0,0,6.587299823760986,0.4584099054336548
0.44417354464530945,0.6184709072113037,0,6.456566572189331,2.459972780515303,7.848433971405029,0.0,0,0,0.8497673869132996,2.4445736408233643,1.826677918434143,2.487649917602539,8.024965286254883,0,0.14565375447273254,0.0026103465352207422,0.05533146113157272,1e-06,0.010684967041015625,0.9987581968307495,0.001555749331600964,-0.001869058352895081,0.0029010772705078125,5462.028318868,0.27242523431777954,2.9537243843078613,0,0.9976937770843506,1.3068994064724393e-07,-3.2861935324035585e-05,1,0.4439162015914917,1876.5847368186323,0,0.0,1,0,1,0,6.74321174621582,0.6780109405517578,0.5837129950523376,11.498046875,1762706424.459991,0.00060360535280779,16.703161239624023,0.6184709072113037,0,0.2829347550868988,0.0,987,1,0,0.2698149085044861,4.000556707382202,0,0.27602165937423706,0.08428966999053955,0.019570980221033096,25.39940071105957,2.383110653487723e-18,0,0.7160067558288574,7506.338947274529,987,1,0.051030874252319336,0,0,6.324035167694092,0.44526031613349915
0.4299887418746948,0.20137667655944824,0,3.0419890880584717,2.5437587746421992,9.207818031311035,-9.163757931673899e-05,0,0,0.8800313472747803,2.0311474800109863,1.8272181749343872,2.7231948375701904,8.991190910339355,0,0.10361237823963165,0.004054445773363113,0.04856579005718231,1e-06,0.00566864013671875,0.999442458152771,0.001138277817517519,-0.001253316760994494,0.002501249313354492,5468.792420854,0.2383434772491455,3.4621798992156982,0,0.9990850687026978,9.491520813753596e-07,-0.0001597147638676688,1,0.4236149489879608,1940.5006951508108,0,0.0,1,0,1,0,6.196816444396973,0.7229028344154358,0.3085359036922455,11.498046875,1762706427.711087,0.0006578637985512614,33.911495208740234,0.20137667655944824,0,0.25719308853149414,0.0,988,1,0,0.2342890352010727,1.0001957416534424,0,0.1999131441116333,0.06509792059659958,0.015890441834926605,112.74813079833984,3.5072309338232055e-20,0,0.6452092528343201,7762.002780603243,988,1,0.06355451047420502,0,0,9.239167213439941,0.426131933927536
0.44751235842704773,0.9093334674835205,0,5.845016002655029,2.464161561470217,9.12846851348877,0.0,0,0,0.8595954775810242,2.8329885005950928,2.2047815322875977,2.6994075775146484,9.496539115905762,0,0.11151909083127975,0.0030782760586589575,0.0551983118057251,1e-06,0.010372161865234375,0.9988586902618408,0.0008526704041287303,-0.0012109011877328157,0.0029900074005126953,5473.400384099,0.28232190012931824,2.7739460468292236,0,0.9969882369041443,1.9931992483179783e-06,-4.430727130966261e-05,1,0.44867682456970215,1879.7801390068719,0,0.0,1,0,1,0,6.2415008544921875,0.6651193499565125,0.5075604915618896,11.498046875,1762706434.4723685,0.000396391173126176,21.837491989135742,0.9093334674835205,0,0.2704048752784729,0.0,989,1,0,0.2792436182498932,3.0004353523254395,0,0.2666262984275818,0.08142828196287155,0.019063154235482216,152.81459045410156,7.692775560840095e-18,0,0.6291535496711731,7519.1205560274875,989,1,0.05540284514427185,0,0,10.546133041381836,0.4501786530017853
0.44205114245414734,0.3379404544830322,0,4.268968105316162,2.514097083460457,8.523073196411133,0.0,0,0,0.8763980269432068,2.2567310333251953,1.9050014019012451,2.738253355026245,8.402396202087402,0,0.06456407904624939,0.0032753844279795885,0.052270740270614624,1e-06,0.0054225921630859375,0.9992564916610718,0.0010001104092225432,-0.0023265937343239784,0.0027549266815185547,5477.905145846,0.2680776119232178,5.5383381843566895,0,0.9989218711853027,6.6737557062879205e-06,-5.636011337628588e-05,1,0.4412834346294403,1917.873340335842,0,0.0,1,0,1,0,6.077897071838379,0.6981604099273682,0.5688244104385376,11.498046875,1762706439.086118,0.0006462548626586795,84.17996215820312,0.3379404544830322,0,0.2512444257736206,0.0,990,1,0,0.2648022174835205,2.0002615451812744,0,0.23192521929740906,0.08394061774015427,0.01074932236224413,252.53990173339844,1.0105926662830855e-21,0,0.7194506525993347,7671.493361343368,990,1,0.05714436620473862,0,0,15.851280212402344,0.4430140256881714
0.4433174133300781,0.8079895973205566,0,3.687116861343384,2.5511033652619046,8.094897270202637,0.0,0,0,0.888805627822876,2.6760213375091553,1.9995555877685547,2.895211696624756,8.820842742919922,0,0.09111308306455612,0.001801338279619813,0.045320428907871246,1e-06,0.0050754547119140625,0.9994416832923889,0.0007104434189386666,-0.0011693205451592803,0.0026557445526123047,5484.801929532,0.2732887268066406,3.2167694568634033,0,0.9987215995788574,2.4455502511955274e-07,-1.741823143674992e-05,1,0.4447840750217438,1946.103499687629,0,0.0,1,0,1,0,5.917560577392578,0.6930847764015198,0.5353869795799255,11.498046875,1762706443.5886946,0.00037307303864508867,12.996976852416992,0.8079895973205566,0,0.2432262897491455,0.0,991,1,0,0.27148741483688354,1.0001871585845947,0,0.18144865334033966,0.08162885904312134,0.006917039398103952,24.590089797973633,5.153740534705513e-19,0,0.5265079140663147,7784.413998750516,991,1,0.04240938648581505,0,0,7.041265487670898,0.44570520520210266
0.44174349308013916,0.5939228534698486,0,6.29554557800293,2.5403794307271492,7.755663871765137,0.0,0,0,0.8586671948432922,2.283440589904785,1.3044897317886353,2.4991989135742188,7.565317153930664,0,0.10565214604139328,0.002198285423219204,0.04921054095029831,1e-06,0.007720947265625,0.9986454844474792,0.0008659533923491836,-0.001048967125825584,0.003038644790649414,5489.738642799,0.2640140652656555,3.010662317276001,0,0.9985082745552063,3.0112443027974223e-07,-4.472967987112497e-07,1,0.43967121839523315,1937.9227701990903,0,0.0,1,0,1,0,7.120859146118164,0.6882761120796204,0.453241229057312,11.498046875,1762706450.4855819,0.00043670853483490646,14.564225196838379,0.5939228534698486,0,0.2710152268409729,0.0,992,1,0,0.26181578636169434,4.00043797492981,0,0.2549986243247986,0.07006844133138657,0.018435249105095863,66.88036346435547,2.774448108151244e-20,0,0.7135125994682312,7751.691080796361,992,1,0.04683946073055267,0,0,7.508099555969238,0.4408552646636963
0.4448023736476898,0.40448832511901855,0,4.523807764053345,2.4632466960608075,7.830697536468506,0.0,0,0,0.8725290298461914,2.512336254119873,1.7644846439361572,2.573523759841919,8.73382568359375,0,0.06383398175239563,0.0018908058991655707,0.045735400170087814,1e-06,0.006534576416015625,0.99884033203125,0.0014459865633398294,-0.0016931279096752405,0.002802133560180664,5494.073454697,0.27558496594429016,2.6209540367126465,0,0.9984621405601501,3.450969927598635e-07,-6.876418046886101e-05,1,0.4459065794944763,1879.08223597431,0,0.0,1,0,1,0,5.860904693603516,0.6888961791992188,0.4852295219898224,11.498046875,1762706455.4213457,0.0004860426706727594,11.271526336669922,0.40448832511901855,0,0.25225579738616943,0.0,993,1,0,0.27369415760040283,2.000307559967041,0,0.1943659782409668,0.07311795651912689,0.012969222851097584,27.648067474365234,6.798662885852257e-21,0,0.5099642276763916,7516.32894389724,993,1,0.043447405099868774,0,0,6.375925540924072,0.4468613862991333
0.4455825686454773,0.32974958419799805,0,3.998694896697998,2.6072472448949098,8.439452171325684,-0.0001716872793622315,0,0,0.8663651943206787,1.9866516590118408,1.8678425550460815,2.9752774238586426,8.0197114944458,0,0.18063956499099731,0.0018276761984452605,0.04646695405244827,1e-06,0.0076751708984375,0.9993576407432556,0.0011012923205271363,-0.0016643012640997767,0.0026400089263916016,5500.550597098,0.2783289849758148,3.384267807006836,0,0.9982923269271851,2.386797461895185e-07,-0.00012099705054424703,1,0.44732603430747986,1988.9327327667895,0,0.0,1,0,1,0,7.152844429016113,0.6871919631958008,0.504642903804779,11.498046875,1762706459.7566395,0.0005934006767347455,16.78322982788086,0.32974958419799805,0,0.262365460395813,0.0,994,1,0,0.27650129795074463,2.0003159046173096,0,0.24694980680942535,0.07644613087177277,0.010404369793832302,45.03286361694336,1.7672580662815604e-19,0,0.697426438331604,7955.730931067158,994,1,0.0427178218960762,0,0,6.989295482635498,0.44823476672172546
0.3963467478752136,0.42049694061279297,0,6.047189712524414,2.4996329924195795,7.888695240020752,-7.406796612485778e-06,0,0,0.9089521765708923,3.0335819721221924,1.895745873451233,2.6145455837249756,8.012807846069336,0,0.13606344163417816,0.0018130018142983317,0.06127073988318443,1e-06,0.00168609619140625,0.9997860193252563,0.0018519583391025662,-0.0014771467540413141,0.0029296875,5505.339048355,0.186221182346344,2.91261625289917,0,0.9997299313545227,7.369968443526886e-06,-8.957288810051978e-05,1,0.3878418207168579,1906.8394408170107,0,0.0,1,0,1,0,6.482398986816406,0.7759565711021423,0.45097780227661133,11.498046875,1762706466.2328885,0.0005791281000711024,15.310684204101562,0.42049694061279297,0,0.22139835357666016,0.0,995,1,0,0.18440818786621094,3.000455856323242,0,0.17548617720603943,0.07926899939775467,0.025908920913934708,34.85757064819336,4.821157576779966e-21,0,0.5061485767364502,7627.357763268043,995,1,0.042543500661849976,0,0,6.080522537231445,0.3893102705478668
0.44456931948661804,0.5033996105194092,0,4.278100967407227,2.6138432412238135,7.061468124389648,0.0,0,0,0.8758404850959778,2.2663631439208984,1.1708674430847168,2.622303009033203,6.501100540161133,0,0.07465683668851852,0.0027939463034272194,0.048981472849845886,1e-06,0.005184173583984375,0.9994317293167114,0.002226552926003933,-0.002001951215788722,0.002854585647583008,5510.421119657,0.27147847414016724,3.864729642868042,0,0.9987714886665344,2.5105203249609076e-08,-4.050091592944227e-05,1,0.4433270990848541,1993.9644738222087,0,0.0,1,0,1,0,6.807415962219238,0.6907736659049988,0.7551798224449158,11.498046875,1762706471.0220478,0.0006891306838952005,15.75268268585205,0.5033996105194092,0,0.2556716799736023,0.0,996,1,0,0.2686845064163208,2.00039005279541,0,0.1952895075082779,0.09250078350305557,0.00444069504737854,26.302337646484375,3.9184929972862275e-23,0,0.498692125082016,7975.857895288835,996,1,0.052790045738220215,0,0,6.491474151611328,0.4447740614414215
0.4118417203426361,0.48195838928222656,0,4.573654413223267,2.5467323717967782,5.378037452697754,-0.00011082709534093738,0,0,0.8809826374053955,2.562133550643921,0.9626625776290894,1.5986145734786987,5.419596195220947,0,0.0787377655506134,0.0026803663931787014,0.05571770668029785,1e-06,0.0067901611328125,0.9993478655815125,0.0009158162283711135,-0.0008662365144118667,0.002766132354736328,5515.401783655,0.20817512273788452,2.0284669399261475,0,0.9989470839500427,3.9719509459246183e-07,-8.679846359882504e-05,1,0.40410783886909485,1942.769097093275,0,0.0,1,0,1,0,6.238162994384766,0.7448406219482422,0.5373965501785278,11.498046875,1762706476.0852466,0.00045713508734479547,10.38387680053711,0.48195838928222656,0,0.2448306381702423,0.0,997,1,0,0.20549476146697998,2.0003018379211426,0,0.18220335245132446,0.0859205424785614,0.01321501936763525,22.143905639648438,2.536720988370964e-18,0,0.452000230550766,7771.0763883731,997,1,0.05170859768986702,0,0,5.105982780456543,0.40604808926582336
0.4384641647338867,0.686499834060669,0,4.287394046783447,2.633589137975095,6.984246730804443,-2.2687949240207672e-05,0,0,0.8634934425354004,2.2754170894622803,1.1540199518203735,2.3538050651550293,6.47639274597168,0,0.12983207404613495,0.005026223603636026,0.044435225427150726,1e-06,0.0074005126953125,0.9988868236541748,0.0011082232231274247,-0.0014427799033001065,0.0027587413787841797,5521.425208505,0.25786712765693665,3.0816268920898438,0,0.9984188675880432,1.0809957302626572e-06,-6.828611367382109e-05,1,0.4346880316734314,2009.0275870207577,0,0.0,1,0,1,0,6.99005126953125,0.6907302141189575,0.5063250064849854,11.498046875,1762706481.0665255,0.00047909250133670866,14.758553504943848,0.686499834060669,0,0.2703785300254822,0.0,998,1,0,0.25284090638160706,2.0003130435943604,0,0.21058081090450287,0.0674092099070549,0.01647379621863365,25.27067756652832,1.1082494502657632e-18,0,0.5265141725540161,8036.110348083031,998,1,0.0707252025604248,0,0,6.303750514984131,0.4375082850456238
0.42753174901008606,0.5205574035644531,0,5.4952309131622314,2.556272571301219,9.321700096130371,-3.1337312744739165e-09,0,0,0.8774257898330688,2.4829530715942383,1.2661404609680176,3.8255505561828613,6.198946475982666,0,0.1749037206172943,0.0031446542125195265,0.04183230549097061,1e-06,0.008129119873046875,0.9987610578536987,0.0013272955548018217,-0.0015735803171992302,0.002742767333984375,5536.53002511,0.23831985890865326,31.012723922729492,0,0.9983676075935364,6.994571890572843e-07,-3.6720837670145556e-05,1,0.4241558909416199,1950.0468169599512,0,0.0,1,0,1,0,6.856410980224609,0.7155964970588684,0.28223955631256104,11.498046875,1762706487.0894866,0.0005296044400893152,516.247314453125,0.5205574035644531,0,0.2507723867893219,0.0,999,1,0,0.2351752072572708,3.000476598739624,0,0.21264305710792542,0.057423125952482224,0.013814985752105713,825.9236450195312,5.191159771324389e-23,0,0.4981938600540161,7800.187267839805,999,1,0.055995263159275055,0,0,49.65372085571289,0.4261036217212677
