perf/throughput,progress/problems,_runtime,progress/total_problems,prompt_len/max,is_truncated/mean,prompt_len/min,seq_len/mean,batch/off_policy_level/mean,metrics/pattern_reward,metrics/affix_reward,reward/mean,seq_len/min,metrics/char_overlap_reward,time/wait_for_ckpt,_step,time/update_weights,completion_len/max,batch/async_level,completion_len/min,batch/off_policy_level/min,batch/solve_all,seq_len/max,batch/solve_none,is_truncated/max,step,progress/ckpt_step,batch/effective_batch_size,metrics/length_penalty_reward,time/step,prompt_len/mean,batch/off_policy_level/max,progress/samples,time/save_ckpt,progress/total_samples,progress/tokens,is_truncated/min,progress/total_tokens,_timestamp,completion_len/mean,time/generate_completions,metrics/exact_match_reward
12069.865721424307,32,56.073178754,32,200,0.375,98,566.80078125,0.0,0,1.0,0.12833384445308177,379.375,0.05210962343250221,0.0,0,0.0,512.0,0,277.375,0,0,712.0,0,1.0,0,0,1,0.11941279844387567,12.20566177368164,130.59375,0,256,0.0,256,145101,0,145101.0,1762975476.4494977,436.20703125,12.02175760269165,0
15169.213979319362,32,171.904345943,64,166,0.2782258064516129,96,535.2802419354839,0.0,0,1.0,0.13620826277753934,393.875,0.06748910505408884,0.0,1,0.0,512.0,1,296.625,0,0,662.625,0,1.0,1,0,1,0.15140294511147712,9.238038778305054,125.12903225806451,0,256,0.0,512,137440,0,282541.0,1762975485.692153,410.15120967741933,9.060456275939941,0
1175.4351435317164,32,270.194152098,96,199,0.3046875,96,531.0078125,0.03125,0,0.96875,0.1193461042189446,391.125,0.03054152771180558,104.01390600204468,2,2.561768054962158,512.0,1,287.125,0,0,699.25,0,1.0,2,0,1,0.10908532451055661,115.826092004776,119.84375,1,256,0.0,768,135938,0,418479.0,1762975601.5227811,411.1640625,115.64908599853516,0
1379.9959675363154,32,370.07486417,128,203,0.27734375,96,526.87890625,0.0625,0,0.9895833333333333,0.12720865958699362,344.25,0.05169186186997813,87.01260137557983,3,1.6255531311035156,512.0,1,248.25,0,0,712.0,0,1.0,3,1,1,0.11941302586443103,98.28607606887817,124.15625,1,256,0.0,1024,134881,0,553360.0,1762975699.813297,402.72265625,97.74014067649841,0
1354.2388929824492,32,466.947962671,160,178,0.28515625,97,526.6640625,0.0625,0,1.0,0.12993676305980642,332.5,0.05326339479411016,88.01220965385437,4,1.3238072395324707,505.875,1,230.5,0,0,666.25,0,0.875,4,2,1,0.1285605606732293,99.87619686126709,124.4375,1,256,0.0,1280,134826,0,688186.0,1762975799.6941748,402.2265625,99.55850529670715,0
1349.5387074103915,32,561.030456894,192,171,0.25,99,509.7109375,0.21875,0,0.97265625,0.12223031793591459,351.875,0.03777376579627584,85.01227402687073,5,2.340346574783325,508.0,1,249.875,0,0,663.125,0,0.875,5,3,1,0.11606626517772957,96.86596512794495,119.375,1,256,0.0,1536,130486,0,818672.0,1762975896.5647159,390.3359375,96.68933486938477,0
1467.0853841333676,32,655.088229141,224,183,0.30859375,96,537.36328125,0.25,0,0.99609375,0.13002273104043405,363.75,0.05634610422109023,84.01229691505432,6,1.375884771347046,510.375,1,259.125,0,0,690.75,0,0.875,6,4,1,0.12762756797477348,94.07887649536133,126.90625,1,256,0.0,1792,137565,0,956237.0,1762975990.6488404,410.45703125,93.76754856109619,0
1482.323438250381,32,753.701813797,256,229,0.30078125,97,543.53125,0.4375,0,0.9947916666666667,0.1303146392096233,377.0,0.05503058384960318,83.01220536231995,7,2.019925355911255,512.0,1,280.0,0,0,741.0,0,1.0,7,5,1,0.13219570515357326,94.05397915840149,132.03125,1,256,0.0,2048,139144,0,1095381.0,1762976084.7075803,411.5,93.86885237693787,0
1347.5717119092196,32,850.195077318,288,186,0.2421875,103,518.1328125,0.4375,0,1.0,0.12417535833081696,298.625,0.034881380912251986,87.01299333572388,8,1.5120964050292969,512.0,1,195.625,0,0,698.0,0,1.0,8,6,1,0.11466054765577707,98.60881996154785,123.65625,1,256,0.0,2304,132642,0,1228023.0,1762976183.3210883,394.4765625,98.43038320541382,0
1403.4381815782924,32,943.777051137,320,181,0.2734375,97,527.18359375,0.5,0,0.97265625,0.12239943107772533,354.125,0.040833304567598705,87.01246857643127,9,1.5806872844696045,512.0,1,257.125,0,0,685.25,0,1.0,9,7,1,0.113114301094704,96.48737001419067,125.34375,1,256,0.0,2560,134959,0,1362982.0,1762976279.8138614,401.83984375,96.16312408447266,0
1411.0827066587426,32,1037.29763944,352,170,0.23828125,96,514.078125,0.53125,0,1.0,0.1284713175138524,323.625,0.04875139020496394,83.01180243492126,10,1.7844336032867432,502.25,1,214.625,0,0,668.25,0,0.75,10,8,1,0.12480692981906413,93.57610988616943,123.3125,1,256,0.0,2816,131604,0,1494586.0,1762976373.3959563,390.765625,93.26455450057983,0
1397.8856973940688,32,1128.896563922,384,188,0.234375,96,509.6875,0.65625,0,1.0,0.13328186799624364,332.0,0.0631978821361798,85.01265692710876,11,1.8146345615386963,510.5,1,232.5,0,0,698.5,0,0.75,11,9,1,0.13761527712671792,93.51610136032104,127.75,1,256,0.0,3072,130480,0,1625066.0,1762976466.91688,381.9375,93.34096503257751,0
1430.9251299880696,32,1219.765440962,416,198,0.2734375,97,510.1953125,0.75,0,0.9986979166666667,0.13231277190939067,289.125,0.05994523705584369,84.01242327690125,12,1.7640705108642578,512.0,1,192.125,0,0,681.25,0,1.0,12,10,1,0.13635955221036838,91.59292435646057,126.0,1,256,0.0,3328,130610,0,1755676.0,1762976558.5151856,384.1953125,91.27661347389221,0
1467.851676683759,32,1311.56690715,448,179,0.23828125,96,519.91796875,0.84375,0,0.9876302083333334,0.12534189042683114,351.75,0.047785725220726175,84.01244640350342,13,1.7673141956329346,497.5,1,254.75,0,0,666.375,0,0.875,13,11,1,0.11347816366235053,90.8636474609375,125.125,1,256,0.0,3584,133099,0,1888775.0,1762976649.383958,394.79296875,90.67605543136597,0
1467.6575810090324,32,1407.677261331,480,351,0.27734375,97,524.484375,0.875,0,0.9798177083333334,0.13747207181453425,318.375,0.07346313734870996,85.01275753974915,14,3.131962537765503,512.0,1,221.375,0,0,863.0,0,1.0,14,12,1,0.16531782340972634,91.79659676551819,138.75,1,256,0.0,3840,134268,0,2023043.0,1762976741.1859045,385.734375,91.48455452919006,0
1321.782977729801,32,1497.924828114,512,192,0.203125,97,495.27734375,0.90625,0,1.0,0.13429781929096968,326.625,0.06517683294106395,90.01370477676392,15,2.066667318344116,503.0,1,224.0,0,0,681.375,0,0.875,15,13,1,0.14174968468504592,96.10501146316528,125.5,1,256,0.0,4096,126791,0,2149834.0,1762976837.2959018,369.77734375,95.92421913146973,0
1499.5684359643194,32,1585.225361682,544,205,0.2578125,97,526.8671875,0.9375,0,1.0,0.1317672098850659,302.5,0.058851757757667794,84.013108253479,16,2.0592522621154785,503.125,1,205.5,0,0,707.25,0,0.875,16,14,1,0.13331238889021566,90.24225807189941,132.0625,1,256,0.0,4352,134878,0,2284712.0,1762976927.5437434,394.8046875,89.94454455375671,0
1441.6737807557472,32,1681.733965382,576,283,0.15625,98,489.94921875,0.9375,0,1.0,0.13611010573879234,309.75,0.06811590242134002,81.01233839988708,17,1.9935951232910156,512.0,1,206.75,0,0,795.0,0,1.0,17,15,1,0.14991283503016223,87.29478645324707,128.03125,1,256,0.0,4608,125427,0,2410139.0,1762977014.8444195,361.91796875,87.00095796585083,0
1190.3016823112469,32,1769.353305861,608,196,0.0625,98,447.421875,0.9375,0,0.9622395833333334,0.12932900204484024,305.0,0.05852774584534112,91.01362299919128,18,2.071540355682373,505.0,1,201.0,0,0,701.0,0,0.875,18,16,1,0.1426632969495913,96.50269532203674,122.09375,1,256,0.0,4864,114540,0,2524679.0,1762977111.3528903,325.328125,96.22770571708679,0
1418.4415769593072,32,1848.350716816,640,204,0.140625,97,484.515625,0.875,0,0.984375,0.12969545202098406,278.125,0.056876785192173505,83.01135659217834,19,2.4289658069610596,498.625,1,181.125,0,0,673.25,0,0.75,19,17,1,0.13255063321699576,87.61404418945312,130.5625,1,256,0.0,5120,124036,0,2648715.0,1762977198.9717643,353.953125,87.44526529312134,0
1622.1790225451075,32,1933.943493837,672,220,0.1015625,100,499.453125,0.96875,0,1.0,0.1364677652116899,261.5,0.07081350171661249,75.01030254364014,20,2.8204128742218018,481.125,1,157.5,0,0,662.375,0,0.625,20,18,1,0.14870043245578277,78.98817706108093,130.0,1,256,0.0,5376,127860,0,2776575.0,1762977277.964275,369.453125,78.81990718841553,0
1380.0290344787866,32,2021.532177776,704,181,0.0703125,97,459.90234375,0.96875,0,0.984375,0.1318560440216005,268.25,0.06380737596474134,81.01138758659363,21,2.3598430156707764,467.875,1,164.25,0,0,606.0,0,0.375,21,19,1,0.13771379219101498,85.5913360118866,123.875,1,256,0.0,5632,117735,0,2894310.0,1762977363.5607324,336.02734375,85.31342244148254,0
1199.7111649059848,32,2101.184323705,736,167,0.02734375,100,409.7421875,0.71875,0,1.0,0.12882447913883902,291.375,0.05347532323193711,83.01204419136047,22,2.746626138687134,445.625,1,189.375,0,0,612.625,0,0.25,22,20,1,0.12086276328301071,87.58612895011902,120.34375,1,256,0.0,5888,104894,0,2999204.0,1762977451.1515644,289.3984375,87.43271136283875,0
1401.453721941376,32,2173.809264372,768,181,0.046875,98,435.1796875,0.96875,0,0.984375,0.1375739508305031,278.375,0.07957136879558824,75.01076102256775,23,1.9764695167541504,495.0,1,180.375,0,0,656.875,0,0.5,23,21,1,0.15481451380923641,79.645987033844,123.15625,1,256,0.0,6144,111406,0,3110610.0,1762977530.8021133,312.0234375,79.49317073822021,0
1615.1301253693407,32,2249.758243258,800,218,0.0625,97,457.1484375,0.96875,0,1.0,0.13500503402721659,252.125,0.06732138909799523,67.00997304916382,24,2.033357620239258,469.125,1,155.125,0,0,642.0,0,0.375,24,22,1,0.14360504138411692,72.62047290802002,131.09375,1,256,0.0,6400,117030,0,3227640.0,1762977603.4267647,326.0546875,72.45855808258057,0
1424.006061472904,32,2329.144813437,832,232,0.01953125,97,421.57421875,0.96875,0,0.94921875,0.13118420849544804,275.125,0.07172845922103836,71.01079440116882,25,1.684812068939209,418.875,1,170.125,0,0,641.875,0,0.25,25,23,1,0.14611094434160246,75.94554495811462,129.15625,1,256,0.0,6656,107923,0,3335563.0,1762977679.3766248,292.41796875,75.78830099105835,0
1334.4962438764442,32,2407.177389157,864,192,0.01953125,98,413.03515625,0.96875,0,0.9830729166666667,0.13841372919623582,246.875,0.08001462973666823,75.01132559776306,26,1.9898476600646973,443.25,1,144.875,0,0,635.25,0,0.25,26,24,1,0.16069007721490328,79.38309979438782,127.53125,1,256,0.0,6912,105737,0,3441300.0,1762977758.764074,285.50390625,79.2336437702179,0
1284.9051004764492,32,2479.591392182,896,184,0.00390625,96,390.80078125,0.96875,0,1.0,0.14791720125349528,228.625,0.09788921388285104,74.01126670837402,27,2.340582847595215,414.75,1,132.625,0,0,570.625,0,0.125,27,25,1,0.18892905651283387,78.01806950569153,124.96875,1,256,0.0,7168,100045,0,3541345.0,1762977836.7868302,265.83203125,77.86178135871887,0
1457.397575303276,32,2546.801748385,928,203,0.0234375,96,411.4140625,0.96875,0,0.970703125,0.14682119449989445,231.25,0.10575657833675106,68.01032304763794,28,2.208543062210083,409.625,1,135.25,0,0,596.625,0,0.375,28,26,1,0.190663775550295,72.41752529144287,131.59375,1,256,0.0,7424,105322,0,3646667.0,1762977909.2090957,279.8203125,72.26717114448547,0
1429.8019641823234,32,2618.609779607,960,179,0.015625,97,374.58203125,0.96875,0,0.96875,0.13084887952760557,236.875,0.06576039839367118,63.009272813797,29,2.008392572402954,352.625,1,133.875,0,0,520.625,0,0.25,29,27,1,0.13881199899247568,67.20661640167236,123.84375,1,256,0.0,7680,95893,0,3742560.0,1762977976.4200778,250.73828125,67.06732988357544,0
1293.8104607371833,32,2687.674341871,992,182,0.0,96,362.2109375,0.96875,0,1.0,0.12752892544925276,232.625,0.04826998862250991,68.01003694534302,30,1.7740190029144287,392.125,1,136.625,0,0,555.125,0,0.0,30,28,1,0.11916618483167174,71.80423378944397,121.0,1,256,0.0,7936,92726,0,3835286.0,1762978048.2290394,241.2109375,71.66892123222351,0
1341.272805288654,32,2751.885791693,1024,202,0.0,97,361.125,0.96875,0,1.0,0.14316101681742147,218.75,0.08657287554837056,64.00978922843933,31,2.2563562393188477,371.125,1,117.75,0,0,573.125,0,0.0,31,29,1,0.1723096113849823,69.05916333198547,125.875,1,256,0.0,8192,92448,0,3927734.0,1762978117.293025,235.25,68.92557549476624,0
1383.7699207084966,32,2815.617299011,1056,169,0.0,98,346.34765625,0.96875,0,0.9609375,0.14164323056940892,232.125,0.08801766951952016,60.00920271873474,32,2.2166028022766113,360.125,1,126.125,0,0,521.125,0,0.0,32,30,1,0.18630631110336598,64.20551228523254,121.65625,1,256,0.0,8448,88665,0,4016399.0,1762978181.5030951,224.69140625,64.07495832443237,0
1410.93932035644,32,2876.114481963,1088,174,0.0,97,350.53125,0.96875,0,1.0,0.1408173347167426,208.625,0.08063637315132452,60.00943732261658,33,2.173534870147705,347.0,1,104.625,0,0,508.125,0,0.0,33,31,1,0.16460040057651792,63.72914457321167,125.46875,1,256,0.0,8704,89736,0,4106135.0,1762978245.236483,225.0625,63.600183725357056,0
1475.606472531755,32,2936.00339264,1120,232,0.00390625,97,347.890625,0.96875,0,0.9791666666666667,0.13912647594419852,223.25,0.08318665175379025,56.00833535194397,34,1.9835443496704102,387.375,1,115.75,0,0,619.375,0,0.125,34,32,1,0.1638165261784921,60.48242473602295,128.1875,1,256,0.0,8960,89060,0,4195195.0,1762978305.7235131,219.703125,60.35484504699707,0
1401.8475682860796,32,2999.041999225,1152,173,0.00390625,98,327.30859375,0.96875,0,1.0,0.14255743399619786,210.25,0.08180147179780664,56.008403301239014,35,1.9963421821594238,345.0,1,108.25,0,0,506.75,0,0.125,35,33,1,0.17464759757757692,59.89494204521179,120.875,1,256,0.0,9216,83791,0,4278986.0,1762978365.622773,206.43359375,59.77183389663696,0
1372.2581271756173,32,3056.783980445,1184,185,0.0,102,337.08984375,0.96875,0,0.9921875,0.13720192413911123,210.5,0.07015193162708494,57.00895071029663,36,3.093327283859253,330.25,1,106.5,0,0,484.875,0,0.0,36,34,1,0.1596852520912949,63.01361966133118,124.40625,1,256,0.0,9472,86295,0,4365281.0,1762978428.640768,212.68359375,62.88539910316467,0
1486.1858827251192,32,3116.13275383,1216,220,0.00390625,100,334.5234375,0.96875,0,0.986328125,0.13796684688794564,211.125,0.07592648383249304,54.00779581069946,37,1.896733283996582,385.625,1,106.125,0,0,605.625,0,0.125,37,35,1,0.1609915841429801,57.74761700630188,128.59375,1,256,0.0,9728,85638,0,4450919.0,1762978486.392636,205.9296875,57.62267088890076,0
1418.757125505341,32,3175.631161013,1248,187,0.0,103,328.234375,0.96875,0,0.9739583333333334,0.15001558138094312,196.875,0.11071244375899361,55.008002042770386,38,2.046571969985962,356.125,1,92.875,0,0,494.125,0,0.0,38,36,1,0.2031817286387405,59.35395884513855,133.8125,1,256,0.0,9984,84028,0,4534947.0,1762978545.750748,194.421875,59.226486682891846,0
1223.634193874749,32,3236.740284294,1280,195,0.0,96,283.8515625,0.96875,0,0.998046875,0.15272997866478394,191.875,0.11469805223748795,55.00831365585327,39,1.758005142211914,273.875,1,95.875,0,0,468.875,0,0.0,39,37,1,0.19990453811524228,59.49557018280029,119.53125,1,256,0.0,10240,72666,0,4607613.0,1762978605.2506251,164.3203125,59.38539505004883,0
1374.7612710493022,32,3290.063121407,1312,203,0.0,99,324.5806451612903,0.96875,0,0.9908854166666666,0.13834385466153823,189.5,0.0806068386854715,58.00841236114502,40,2.0901496410369873,307.0,1,87.5,0,0,493.75,0,0.0,40,38,1,0.15422630171851498,61.10341691970825,129.09677419354838,1,256,0.0,10496,83832,0,4691445.0,1762978666.358135,195.48387096774192,60.97931456565857,0
1312.6644943380936,32,3348.065985441,1344,163,0.0,98,272.84765625,0.96875,0,0.986328125,0.15966370248864198,187.25,0.12927781348358935,50.007866621017456,41,1.9952101707458496,270.625,1,84.25,0,0,419.625,0,0.0,41,39,1,0.23450218194616065,53.320191860198975,119.96875,1,256,0.0,10752,69849,0,4761294.0,1762978719.6826258,152.87890625,53.21161675453186,0
1254.9978305022112,32,3395.391280591,1376,238,0.0,99,283.77734375,0.96875,0,0.984375,0.15886283747720997,173.5,0.12861217743174896,54.00824594497681,42,2.912393569946289,304.875,1,71.5,0,0,465.0,0,0.0,42,40,1,0.23135267993906788,57.996925592422485,127.46875,1,256,0.0,11008,72647,0,4833941.0,1762978777.6838982,156.30859375,57.88615584373474,0
1496.7371398014016,32,3449.072899418,1408,218,0.0,96,276.0078125,0.96875,0,0.9856770833333333,0.1627446124914914,171.375,0.12997405488218888,44.00643348693848,43,2.1029913425445557,266.375,1,75.375,0,0,484.0,0,0.0,43,41,1,0.2545472878781352,47.320521116256714,124.09375,1,256,0.0,11264,70658,0,4904599.0,1762978825.008549,151.9140625,47.208022117614746,0
1245.21180565634,32,3498.145616689,1440,201,0.0,99,260.578125,0.96875,0,0.98046875,0.13911459719927893,182.375,0.08031134769661268,51.00774145126343,44,1.8011889457702637,248.125,1,79.375,0,0,449.125,0,0.0,44,42,1,0.16670301773304272,53.67805862426758,121.96875,1,256,0.0,11520,66708,0,4971307.0,1762978878.690828,138.609375,53.571609020233154,0
1328.1048594763365,32,3546.452888933,1472,180,0.00390625,97,254.0390625,0.96875,0,1.0,0.1589867451959562,157.75,0.12045146608008717,45.006572246551514,45,2.9309117794036865,208.0,1,55.75,0,0,387.125,0,0.125,45,43,1,0.2326430131995918,49.06875705718994,124.0625,1,256,0.0,11776,65034,0,5036341.0,1762978927.764286,129.9765625,48.9675190448761,0
1373.747958368886,32,3591.329367305,1504,160,0.0,97,256.07459677419354,0.0,0,1.0,0.16791569803945589,166.5,0.14576761392117668,46.00652837753296,46,2.9309117794036865,223.5,2,66.875,0,0,378.5,0,0.0,46,44,1,0.2584145017014702,48.30331826210022,124.16129032258064,0,256,0.0,12032,66212,0,5102553.0,1762978976.0721154,131.9133064516129,48.19806981086731,0
1537.597067769099,32,3640.641915033,1536,208,0.0,99,268.875,0.0,0,1.0,0.16864816350193385,171.0,0.14165477333018864,41.00604486465454,47,2.821812868118286,221.75,2,69.0,0,0,418.25,0,0.0,47,44,1,0.2687813922393074,44.87231707572937,132.5625,0,256,0.0,12288,68832,0,5171385.0,1762979020.9486575,136.3125,44.76595425605774,0
1323.738230949314,32,3688.583669073,1568,177,0.0,96,252.1915322580645,0.0,0,0.96875,0.16770808916443253,157.875,0.15224825525274926,46.006531715393066,48,1.8610646724700928,212.625,2,61.875,0,0,389.625,0,0.0,48,45,1,0.26922292075921783,49.30805015563965,127.70967741935483,0,256,0.0,12544,65137,0,5236522.0,1762979070.261096,124.48185483870968,49.20685863494873,0
1304.9656252094994,32,3733.683400341,1600,184,0.0,97,243.8671875,0.0,0,0.984375,0.18270680561565084,151.125,0.17323635550716165,45.006728649139404,49,2.1374013423919678,183.625,2,54.125,0,0,367.625,0,0.0,49,46,1,0.33081356342812307,47.93755531311035,126.90625,0,256,0.0,12800,62430,0,5298952.0,1762979118.2028868,116.9609375,47.84034061431885,0
1353.8390558404608,32,3779.791891163,1632,183,0.0,100,237.96875,0.0,0,0.994140625,0.1807950209352331,160.0,0.17306431120106636,42.006190061569214,50,1.6955780982971191,200.5,2,58.0,0,0,381.5,0,0.0,50,47,1,0.3117873079667987,45.09571433067322,127.25,0,256,0.0,13056,60920,0,5359872.0,1762979163.3028688,110.71875,44.997963190078735,0
1336.727892479585,32,3822.485463589,1664,200,0.0,97,240.2109375,0.0,0,0.93359375,0.16978350216591817,150.125,0.15508809093572956,43.006258487701416,51,1.687004566192627,200.125,2,53.125,0,0,392.0,0,0.0,51,48,1,0.30271005985848165,46.104060888290405,131.625,0,256,0.0,13312,61494,0,5421366.0,1762979209.4112506,108.5859375,46.003379106521606,0
1239.0850229952978,32,3866.080695533,1696,157,0.0,96,206.1953125,0.0,0,0.9765625,0.17695196591060347,144.0,0.16619159167758837,39.00596904754639,52,1.957247018814087,186.25,2,48.0,0,0,339.25,0,0.0,52,49,1,0.30704931716723877,42.68934464454651,117.125,0,256,0.0,13568,52786,0,5474152.0,1762979252.1047757,89.0703125,42.600789308547974,0
1236.7767399767401,32,3903.287769072,1728,267,0.0,96,210.15234375,0.0,0,0.9817708333333334,0.18904997356136022,139.5,0.19050670137178966,40.0059916973114,53,1.8401033878326416,156.625,2,43.5,0,0,418.375,0,0.0,53,50,1,0.35181033302445963,43.590806007385254,123.03125,0,256,0.0,13824,53799,0,5527951.0,1762979295.7000537,87.12109375,43.49936270713806,0
1471.0401775190721,32,3938.967434795,1760,173,0.0,98,213.25390625,0.0,0,0.98828125,0.17272891054793826,151.875,0.15230485871060437,33.00483822822571,54,2.884303092956543,148.75,2,48.75,0,0,315.125,0,0.0,54,51,1,0.28959875870544916,37.201101779937744,122.6875,0,256,0.0,14080,54593,0,5582544.0,1762979332.9054832,90.56640625,37.11183476448059,0
1455.1428955027811,32,3978.518166271,1792,169,0.0,99,202.3125,0.0,0,0.94921875,0.18207355533731595,147.875,0.18296995629996354,32.004688024520874,55,1.9566729068756104,154.25,2,42.875,0,0,310.75,0,0.0,55,52,1,0.3370512605154883,35.67718052864075,122.21875,0,256,0.0,14336,51792,0,5634336.0,1762979368.5867996,80.09375,35.59238076210022,0
1361.4426054629,32,4014.926823209,1824,185,0.0,96,209.92741935483872,0.0,0,0.9596354166666667,0.1918625214654744,127.5,0.20007921877599844,36.005141496658325,56,1.8638710975646973,167.0,2,31.5,0,0,352.0,0,0.0,56,53,1,0.37255424029072004,39.5464231967926,128.06451612903226,0,256,0.0,14592,53721,0,5688057.0,1762979408.1374362,81.86290322580645,39.458879709243774,0
1410.7664558038712,32,4051.295384351,1856,216,0.0,97,200.13671875,0.0,0,0.984375,0.20071999315354383,144.875,0.2143712102123449,33.004786014556885,57,1.9208471775054932,129.5,2,43.0,0,0,340.125,0,0.0,57,54,1,0.3960550074071656,36.40448045730591,122.65625,0,256,0.0,14848,51235,0,5739292.0,1762979444.5463154,77.48046875,36.31713795661926,0
1479.0834299137312,32,4087.443353904,1888,202,0.0,98,209.59375,0.0,0,0.9778645833333333,0.20810455555699175,139.875,0.23357508533309007,32.005120277404785,58,2.5586965084075928,139.5,2,37.875,0,0,315.5,0,0.0,58,55,1,0.4240205343802691,36.36426043510437,129.65625,0,256,0.0,15104,53656,0,5792948.0,1762979480.9149258,79.9375,36.27652025222778,0
1491.8236243188958,32,4124.519180882,1920,200,0.0,96,211.66129032258064,0.0,0,0.974609375,0.22015146198887683,135.0,0.2504590190813785,33.00481724739075,59,1.6874804496765137,140.25,2,32.75,0,0,324.375,0,0.0,59,56,1,0.48399147115067404,36.143338203430176,131.03225806451613,0,256,0.0,15360,53788,0,5846736.0,1762979517.0627992,80.62903225806451,36.05520057678223,0
1399.6070564387799,32,4163.076917242,1952,210,0.0,98,202.203125,0.0,0,1.0,0.2124937992583539,132.375,0.23012770696458207,34.00514221191406,60,1.518968105316162,142.125,2,31.375,0,0,352.125,0,0.0,60,57,1,0.44312171910291653,37.07128071784973,128.25,0,256,0.0,15616,51764,0,5898500.0,1762979554.1383622,73.953125,36.98466634750366,0
1310.2475090661862,32,4200.228927153,1984,219,0.0,96,195.59375,0.0,0,0.9791666666666667,0.2134407389046602,134.25,0.23649773018553316,35.00504541397095,61,1.606523036956787,180.75,2,33.625,0,0,399.75,0,0.0,61,58,1,0.45483017467257936,38.551488637924194,127.75,0,256,0.0,15872,50072,0,5948572.0,1762979592.6940372,67.84375,38.21568036079407,0
1270.9210814769158,32,4236.620516062,2016,196,0.0,96,182.75,0.0,0,1.0,0.24577750465740952,126.0,0.29061122022195235,34.00506806373596,62,1.7334260940551758,134.5,2,30.0,0,0,299.375,0,0.0,62,59,1,0.5843684040867936,37.14989423751831,120.1875,0,256,0.0,16128,46784,0,5995356.0,1762979629.8481631,62.5625,36.811097621917725,0
1333.568825613365,32,4269.783658051,2048,170,0.0,97,189.10546875,0.0,0,1.0,0.20245202575624577,127.25,0.20817977024743461,33.00483751296997,63,1.620802879333496,102.5,2,24.25,0,0,264.0,0,0.0,63,60,1,0.40544047804505906,36.3874032497406,123.59375,0,256,0.0,16384,48411,0,6043767.0,1762979666.2399561,65.51171875,36.301838397979736,0
1542.446704856378,32,4306.96041979,2080,167,0.0,97,199.26953125,0.0,0,0.9921875,0.2492438394703152,130.5,0.31084805313678776,30.00438690185547,64,1.5911073684692383,118.125,2,33.125,0,0,269.0,0,0.0,64,61,1,0.5857031922863845,33.158498764038086,131.96875,0,256,0.0,16640,51013,0,6094780.0,1762979699.4027817,67.30078125,33.07277965545654,0
1311.4019461335272,32,4343.64939128,2112,202,0.0,96,189.98828125,0.0,0,0.9251302083333333,0.2526031809919811,127.875,0.331344257101632,34.00476884841919,65,1.670870304107666,106.0,2,29.875,0,0,308.0,0,0.0,65,62,1,0.6254753915888087,37.17238211631775,132.0,0,256,0.0,16896,48637,0,6143417.0,1762979736.5795515,57.98828125,37.08779001235962,0
1296.2785604303738,32,4379.359075621,2144,246,0.0,101,185.3359375,0.0,0,0.98046875,0.22136293855346462,122.75,0.23627045181051481,33.004685163497925,66,1.7166481018066406,112.0,2,20.75,0,0,348.75,0,0.0,66,63,1,0.5070798212757444,36.68449568748474,130.0625,0,256,0.0,17152,47446,0,6190863.0,1762979773.268587,55.2734375,36.60170078277588,0
1298.9494200796526,32,4411.952575523,2176,171,0.0,100,180.75,0.0,0,1.0,0.24682644967696157,125.625,0.2893555494053439,31.004881143569946,67,2.5914011001586914,87.125,2,25.625,0,0,241.25,0,0.0,67,64,1,0.5930355986392855,35.70472764968872,127.125,0,256,0.0,17408,46272,0,6237135.0,1762979808.9776294,53.625,35.622634172439575,0
1366.4630285248777,32,4443.229686568,2208,190,0.0,103,172.18359375,0.0,0,1.0,0.2132886793600382,129.125,0.22292133404156506,29.004122018814087,68,1.5485386848449707,101.375,2,25.125,0,0,291.375,0,0.0,68,65,1,0.4580294170115013,32.58969712257385,125.9375,0,256,0.0,17664,44079,0,6281214.0,1762979841.5716121,46.24609375,32.25773334503174,0
1421.6882146946025,32,4476.187341293,2240,172,0.0,96,173.2421875,0.0,0,0.96484375,0.2434749390453974,122.25,0.29890672290707027,28.004150867462158,69,1.6613550186157227,105.5,2,17.875,0,0,261.5,0,0.0,69,66,1,0.5813947964265558,31.2733895778656,126.96875,0,256,0.0,17920,44350,0,6325564.0,1762979872.8492668,46.2734375,31.1953067779541,0
1254.7073503155734,32,4508.690949198,2272,170,0.0,96,161.14453125,0.0,0,0.984375,0.2527631355680034,117.75,0.3164097282867737,30.004443407058716,70,1.746835470199585,82.25,2,17.625,0,0,252.25,0,0.0,70,67,1,0.6069579327376577,32.95338773727417,121.78125,0,256,0.0,18176,41253,0,6366817.0,1762979905.8068454,39.36328125,32.87858319282532,0
1226.8224350965775,32,4538.23038344,2304,165,0.0,98,155.39453125,0.0,0,1.0,0.24161264182215286,118.75,0.27943744921758606,29.004310131072998,71,1.6726446151733398,77.0,2,16.875,0,0,231.125,0,0.0,71,68,1,0.5715010131909043,32.49844765663147,117.46875,0,256,0.0,18432,39781,0,6406598.0,1762979938.3095582,37.92578125,32.426045417785645,0
1362.702994878619,32,4567.295674513,2336,163,0.0,97,156.828125,0.0,0,1.0,0.2543896905851947,116.625,0.31081143666844246,26.00370216369629,72,1.744229793548584,80.5,2,19.625,0,0,232.375,0,0.0,72,69,1,0.6148493550100413,29.535890579223633,117.875,0,256,0.0,18688,40148,0,6446746.0,1762979967.8495684,38.953125,29.462032556533813,0
1363.2708705074558,32,4596.297643758,2368,200,0.0,97,154.37109375,0.0,0,0.982421875,0.2653035787339917,116.625,0.3429690129705133,26.00397825241089,73,1.885878086090088,71.75,2,18.625,0,0,271.75,0,0.0,73,70,1,0.6564505909325935,29.061238050460815,118.3125,0,256,0.0,18944,39519,0,6486265.0,1762979996.9150708,36.05859375,28.988369703292847,0
1564.9833699773064,32,4625.733604466,2400,220,0.0,96,176.76953125,0.0,0,0.9375,0.27036625722370616,113.25,0.3734031035722105,26.003615617752075,74,1.6687822341918945,96.5,2,16.25,0,0,305.0,0,0.0,74,71,1,0.6795709100617606,28.99768304824829,132.71875,0,256,0.0,19200,45253,0,6531518.0,1762980025.9169252,44.05078125,28.91596221923828,0
1407.5816292723907,32,4659.335357437,2432,181,0.0,96,161.421875,0.0,0,1.0,0.2772715654120602,117.625,0.3561502462178547,26.0038423538208,75,1.6730051040649414,84.375,2,19.125,0,0,265.375,0,0.0,75,72,1,0.706943441123262,29.431711435317993,123.71875,0,256,0.0,19456,41324,0,6572842.0,1762980055.3529155,37.703125,29.358155250549316,0
1176.4201236476288,32,4686.172200993,2464,171,0.0,97,154.0625,0.0,0,0.98046875,0.27312735150775536,113.375,0.3437803778869729,30.004599809646606,76,1.754633903503418,64.125,2,15.5,0,0,230.75,0,0.0,76,73,1,0.7088293395357386,33.59782338142395,121.53125,0,256,0.0,19712,39440,0,6612282.0,1762980088.9549863,32.53125,33.52543807029724,0
1576.198257639407,32,4715.178052907,2496,185,0.0,97,164.75,0.0,0,0.9921875,0.2726156160700085,120.75,0.35396376050828,23.003382444381714,77,2.0907490253448486,85.375,2,16.75,0,0,250.125,0,0.0,77,74,1,0.6840274264556833,26.832261562347412,129.3125,0,256,0.0,19968,42176,0,6654458.0,1762980115.791524,35.4375,26.758055210113525,0
1307.7245498368559,32,4747.596130262,2528,177,0.0,100,147.7890625,0.0,0,0.98046875,0.2923592418129968,119.75,0.38532418492734466,26.00442099571228,78,1.775517225265503,85.75,2,14.5,0,0,262.75,0,0.0,78,75,1,0.7816501988501856,29.001962900161743,119.59375,0,256,0.0,20224,37834,0,6692292.0,1762980144.797632,28.1953125,28.931169033050537,0
1284.9834342732372,32,4775.984574681,2560,351,0.0,103,162.3125,0.0,0,1.0,0.26444857027342583,117.25,0.33303398884365465,29.004287719726562,79,1.634521245956421,154.0,2,12.25,0,0,505.0,0,0.0,79,76,1,0.6522784833646329,32.412142515182495,130.84375,0,256,0.0,20480,41552,0,6733844.0,1762980177.2139351,31.46875,32.33660364151001,0
1381.8407995110272,32,4805.263678085,2592,181,0.0,97,152.796875,0.0,0,0.984375,0.28849694827491607,112.625,0.37812872085299704,25.003759622573853,80,1.8488857746124268,82.5,2,15.375,0,0,251.75,0,0.0,80,77,1,0.7628913606954443,28.385752201080322,123.375,0,256,0.0,20736,39116,0,6772960.0,1762980205.603941,29.421875,28.30716824531555,0
1344.057692389806,32,4833.174489966,2624,166,0.0,96,153.3203125,0.0,0,0.986328125,0.2973908539283965,112.75,0.3965353000912195,26.00481629371643,81,1.6300556659698486,68.875,2,13.75,0,0,234.875,0,0.0,81,78,1,0.7963398760676839,29.27475333213806,124.4375,0,256,0.0,20992,39250,0,6812210.0,1762980234.8830314,28.8828125,29.20261549949646,0
1441.0438261632446,32,4861.54277184,2656,197,0.0,96,156.671875,0.0,0,1.0,0.2878990209377105,111.625,0.39142893346805185,25.003698348999023,82,1.644195795059204,51.75,2,14.375,0,0,248.75,0,0.0,82,79,1,0.7307548949606677,27.906510591506958,129.09375,0,256,0.0,21248,40108,0,6852318.0,1762980262.7938657,27.578125,27.832602500915527,0
1443.7556458892745,32,4889.891002945,2688,174,0.0,97,159.28629032258064,0.0,0,1.0,0.27745224369592214,110.0,0.3731979142802898,25.00371766090393,83,1.6144657135009766,61.0,2,13.0,0,0,235.0,0,0.0,83,80,1,0.6854177389324276,28.36363387107849,129.83870967741936,0,256,0.0,21504,40844,0,6893162.0,1762980291.1618004,29.447580645161292,28.29010581970215,0
1369.163637124142,32,4918.091558921,2720,181,0.0,97,151.20703125,0.0,0,1.0,0.29710935093959734,114.75,0.40522503092239315,25.003628253936768,84,1.6143217086791992,83.75,2,14.875,0,0,264.75,0,0.0,84,81,1,0.7737622983674577,28.344575881958008,124.125,0,256,0.0,21760,38709,0,6931871.0,1762980319.5105615,27.08203125,28.27200412750244,0
1433.160636891124,32,4947.342807739,2752,177,0.0,97,157.43359375,0.0,0,1.0,0.3079787631546555,112.125,0.42393657396763806,25.003746271133423,85,1.9466562271118164,49.375,2,13.875,0,0,226.375,0,0.0,85,82,1,0.8212763224075192,28.196091413497925,130.65625,0,256,0.0,22016,40303,0,6972174.0,1762980347.7108145,26.77734375,28.121760368347168,0
1271.4317454370266,32,4975.63614113,2784,201,0.0,97,144.91015625,0.0,0,1.0,0.3011540055657145,111.375,0.41538173077302776,26.003987073898315,86,1.690382957458496,62.0,2,12.0,0,0,263.0,0,0.0,86,83,1,0.7871843960740594,29.247148036956787,120.1875,0,256,0.0,22272,37097,0,7009271.0,1762980376.9621382,24.72265625,29.177342891693115,0
1419.016761921224,32,5004.734438909,2816,193,0.0,98,156.3984375,0.0,0,0.9049479166666667,0.27741501478659153,112.875,0.3736337898662996,25.00381064414978,87,1.885432243347168,80.375,2,13.875,0,0,273.375,0,0.0,87,84,1,0.7479564343110996,28.287625312805176,129.65625,0,256,0.0,22528,40038,0,7049309.0,1762980405.2538807,26.7421875,28.215311527252197,0
1372.0070340574857,32,5033.791299562,2848,177,0.0,101,155.53125,0.0,0,0.98046875,0.29999200378249113,112.875,0.4025320278968679,26.003904819488525,88,1.7092361450195312,55.625,2,11.875,0,0,225.0,0,0.0,88,85,1,0.8095914880207837,29.095507621765137,130.4375,0,256,0.0,22784,39816,0,7089125.0,1762980434.3535793,25.09375,29.020259380340576,0
1326.1462283829374,32,5062.056802043,2880,203,0.0,97,150.12109375,0.0,0,0.875,0.2937158652843264,111.0,0.39856590951869963,26.003992080688477,89,1.6483573913574219,41.875,2,12.375,0,0,226.875,0,0.0,89,86,1,0.8433512225372432,29.051626682281494,128.0625,0,256,0.0,23040,38431,0,7127556.0,1762980463.4094439,22.05859375,28.979458808898926,0
1353.794760828508,32,5091.940224906,2912,174,0.0,97,149.08984375,0.0,0,0.953125,0.2863270261760331,111.875,0.387763780967859,25.00364589691162,90,1.6614010334014893,47.125,2,11.375,0,0,220.125,0,0.0,90,87,1,0.7564117998830754,28.26262593269348,125.875,0,256,0.0,23296,38167,0,7165723.0,1762980491.6761837,23.21484375,28.192604303359985,0
1220.312304786554,32,5120.254098925,2944,171,0.0,97,142.9415322580645,0.0,0,0.96875,0.28673630464318967,111.125,0.3727463878126177,27.003870725631714,91,1.5905702114105225,39.625,2,10.9375,0,0,206.625,0,0.0,91,88,1,0.7687468472044409,29.87845206260681,122.48387096774194,0,256,0.0,23552,36377,0,7202100.0,1762980521.5587347,20.45766129032258,29.809582233428955,0
1307.3289881658206,32,5148.716631447,2976,192,0.0,96,144.19921875,0.0,0,0.9453125,0.269050486740224,109.875,0.32300943321857,25.003747701644897,92,1.7039008140563965,39.25,2,12.875,0,0,227.25,0,0.0,92,89,1,0.7327823339767334,28.31077241897583,124.28125,0,256,0.0,23808,36915,0,7239015.0,1762980549.8735564,19.91796875,28.23696279525757,0
1408.5811541003538,32,5177.745634339,3008,230,0.0,97,156.1640625,0.0,0,0.919921875,0.3124039610994979,114.0,0.44382729569105916,25.003737926483154,93,1.8971030712127686,58.5,2,11.5,0,0,280.125,0,0.0,93,90,1,0.877642096408574,28.458349466323853,132.9375,0,256,0.0,24064,39978,0,7278993.0,1762980578.3361614,23.2265625,28.38175129890442,0
1287.304258834488,32,5206.248803895,3040,189,0.0,96,145.58203125,0.03125,0,0.96875,0.30443210650643326,108.125,0.41421651088165146,25.00385570526123,94,2.85211443901062,35.375,2,11.875,0,0,224.375,0,0.0,94,91,1,0.8314253622006864,29.02487874031067,125.65625,1,256,0.0,24320,37269,0,7316262.0,1762980607.3652432,19.92578125,28.951197624206543,0
1393.848307207354,32,5235.719703192,3072,201,0.0,97,155.91935483870967,0.03125,0,0.96875,0.3072989968538373,108.875,0.4261406813305771,25.00359272956848,95,1.6260144710540771,56.0,2,11.0,0,0,252.375,0,0.0,95,92,1,0.8346390705848127,28.49876046180725,132.3548387096774,1,256,0.0,24576,39623,0,7355885.0,1762980635.868251,23.56451612903226,28.427053213119507,0
1289.8459890091708,32,5263.766122462,3104,193,0.0,96,148.1015625,0.03125,0,0.96484375,0.30904800981342,110.25,0.4046836848927545,26.004050254821777,96,1.687854528427124,44.625,2,11.25,0,0,229.125,0,0.0,96,93,1,0.8775126522324608,29.46652603149414,127.59375,1,256,0.0,24832,37914,0,7393799.0,1762980665.3389356,20.5078125,29.394207000732422,0
1428.92146109423,32,5292.015685623,3136,243,0.0,97,156.09765625,0.03125,0,0.9453125,0.3056705596286595,107.5,0.4171851023137366,25.003833532333374,97,1.6264922618865967,42.0,2,10.5,0,0,272.0,0,0.0,97,94,1,0.8513485944394148,28.042399168014526,133.78125,1,256,0.0,25088,39961,0,7433760.0,1762980693.3855038,22.31640625,27.965847730636597,0
1233.3557888794892,32,5319.346497552,3168,171,0.0,97,135.75,0.03125,0,0.99609375,0.2960261103930647,108.125,0.3874844826110241,25.003646850585938,98,1.6162872314453125,25.375,2,11.0,0,0,186.75,0,0.0,98,95,1,0.7927989258057326,28.24381446838379,118.75,1,256,0.0,25344,34752,0,7468512.0,1762980721.6334405,17.0,28.17678427696228,0
1432.6008246979172,32,5346.859240583,3200,191,0.0,99,152.5,0.03125,0,0.9752604166666666,0.31886863973428425,113.5,0.4567457544143738,24.003572702407837,99,1.8488495349884033,47.5,2,11.25,0,0,228.5,0,0.0,99,96,1,0.8666229812316188,27.328245639801025,130.71875,1,256,0.0,25600,39040,0,7507552.0,1762980748.9658668,21.78125,27.25113606452942,0
1400.466531256532,32,5374.42595915,3232,189,0.00390625,99,141.19140625,1.03125,0,0.96875,0.2928651349123915,112.75,0.3703089490999197,20.00305676460266,100,2.593158483505249,83.625,1,10.625,0,0,226.25,0,0.125,100,97,1,0.812855633949384,25.8839111328125,120.96875,2,256,1.6241323947906494,25856,36145,0,7543697.0,1762980776.4783118,20.22265625,25.809256553649902,0
1438.8134163289606,32,5418.826300419,3264,180,0.0,96,154.5078125,0.96875,0,0.96875,0.3288149939949957,108.5,0.4694821677576644,23.003337144851685,101,1.7405588626861572,38.875,1,11.125,0,0,212.5,0,0.0,101,99,1,0.9202904029564186,27.561822175979614,133.90625,1,256,0.0,26112,39554,0,7583251.0,1762980804.0442824,20.6015625,27.490708351135254,0
847.063289834175,32,5447.193596582,3296,177,0.0,96,146.63671875,0.96875,0,0.92578125,0.30753327012672393,109.5,0.4199218913135022,40.00616693496704,102,1.7003540992736816,34.0,1,11.75,0,0,210.0,0,0.0,102,100,1,0.8731384457601565,44.395057678222656,127.71875,1,256,0.0,26368,37539,0,7620790.0,1762980848.4435701,18.91796875,44.316641330718994,0
1369.124402828824,32,5476.904113149,3328,172,0.0,98,151.28515625,0.96875,0,0.9921875,0.3197397819402982,111.125,0.4270670202214857,25.003660202026367,103,1.9947075843811035,45.875,1,12.0,0,0,206.25,0,0.0,103,101,1,0.9007175193066737,28.357640743255615,130.46875,1,256,0.0,26624,38729,0,7659519.0,1762980876.8055809,20.81640625,28.28742218017578,0
1231.7726620161825,32,5505.97329382,3360,183,0.0,96,141.47265625,0.96875,0,0.947265625,0.30156650282007635,107.0,0.3952281185986795,25.003719568252563,104,1.6544511318206787,28.75,1,11.0,0,0,210.125,0,0.0,104,102,1,0.8519621106689363,29.71382761001587,124.5,1,256,0.0,26880,36217,0,7695736.0,1762980906.5236728,16.97265625,29.40234112739563,0
1336.6152375503132,32,5537.642295341,3392,242,0.0,97,151.265625,0.96875,0,0.96875,0.29599097182969264,111.5,0.404366735472966,26.003862142562866,105,1.7463839054107666,47.75,1,12.25,0,0,289.75,0,0.0,105,103,1,0.7882841649006631,29.043824911117554,131.28125,1,256,0.0,27136,38724,0,7734460.0,1762980935.5719464,19.984375,28.971688270568848,0
1204.9439370909545,32,5566.364224771,3424,283,0.0,97,147.61491935483872,0.96875,0,0.97265625,0.31554455537166604,109.625,0.444786230982331,27.004005670547485,106,1.9102590084075928,39.625,1,10.0,0,0,322.625,0,0.0,106,104,1,0.8621445611679985,31.682228088378906,128.09677419354838,1,256,0.0,27392,38091,0,7772551.0,1762980967.2583582,19.518145161290324,31.61225914955139,0
1294.054187973135,32,5594.237256665,3456,237,0.0,101,144.76953125,0.96875,0,0.9752604166666667,0.3070262433264944,114.5,0.3993032891002237,24.003665447235107,107,1.6932854652404785,49.75,1,11.875,0,0,286.75,0,0.0,107,105,1,0.8642636255985532,28.710126399993896,126.3125,1,256,0.0,27648,37061,0,7809612.0,1762980995.9726212,18.45703125,28.63944983482361,0
1335.2260679671665,32,5623.618626576,3488,192,0.0,96,144.91015625,0.96875,0,0.96875,0.2906801895025047,108.125,0.3636084518688161,24.003655910491943,108,1.7166719436645508,27.125,1,10.875,0,0,219.125,0,0.0,108,106,1,0.8072233275249432,27.853689193725586,126.625,1,256,0.0,27904,37097,0,7846709.0,1762981023.830502,18.28515625,27.783310174942017,0
1273.290840209602,32,5653.0475423,3520,197,0.0,98,145.88671875,0.96875,0,1.0,0.3054760696802449,113.625,0.39969244218405,26.00381326675415,109,1.5856850147247314,55.5,1,10.625,0,0,252.5,0,0.0,109,107,1,0.8369172082895658,29.402879238128662,126.53125,1,256,0.0,28160,37347,0,7884056.0,1762981053.237529,19.35546875,29.33108353614807,0
1323.186136931291,32,5680.472012303,3552,242,0.0,97,151.72265625,0.96875,0,0.97265625,0.3165459999767044,108.75,0.44663314278267263,25.003849029541016,110,1.6744487285614014,51.375,1,10.0,0,0,293.375,0,0.0,110,108,1,0.8663583094677993,29.424363613128662,132.625,1,256,0.0,28416,38841,0,7922897.0,1762981082.666275,19.09765625,29.354146718978882,0
1349.4264436190101,32,5710.110803704,3584,183,0.0,97,144.1328125,0.96875,0,1.0,0.30709824097503735,109.25,0.396389675659917,23.00348997116089,111,1.7961223125457764,33.125,1,11.25,0,0,209.375,0,0.0,111,109,1,0.8521353722870266,27.41968297958374,126.0,1,256,0.0,28672,36898,0,7959795.0,1762981110.0901513,18.1328125,27.34346890449524,0
1274.5994521752946,32,5738.457020037,3616,195,0.0,96,147.16796875,0.96875,0,0.9427083333333334,0.3010930547386931,107.125,0.3938047867960185,25.003769874572754,112,1.9022586345672607,28.5,1,11.125,0,0,219.5,0,0.0,112,110,1,0.853741760307707,29.635446548461914,129.34375,1,256,0.0,28928,37675,0,7997470.0,1762981139.7297108,17.82421875,29.558305501937866,0
1240.0694250712145,32,5767.842302251,3648,190,0.0,96,136.91796875,0.96875,0,1.0,0.31632094813739464,108.375,0.4247263786347576,24.003568172454834,113,1.6794278621673584,27.375,1,11.375,0,0,217.375,0,0.0,113,111,1,0.8758378160696212,28.33136296272278,120.375,1,256,0.0,29184,35051,0,8032521.0,1762981168.0652206,16.54296875,28.265352964401245,0
1269.0095054034607,32,5792.534209538,3680,182,0.0,97,145.32421875,0.96875,0,0.95703125,0.3108128055617584,109.875,0.4177488035110309,25.003883600234985,114,1.7058486938476562,29.0,1,11.25,0,0,206.625,0,0.0,114,112,1,0.8770661323970148,29.391021013259888,126.8125,1,256,0.0,29440,37203,0,8069724.0,1762981197.4603372,18.51171875,29.31656527519226,0
1508.2200019379625,32,5818.969514091,3712,181,0.0,101,145.00390625,0.96875,0,0.90234375,0.27847389305366244,115.25,0.3663203434916513,20.003019094467163,115,1.9949367046356201,33.25,1,10.5,0,0,214.25,0,0.0,115,113,1,0.7665029957022145,24.684829473495483,127.6875,1,256,0.0,29696,37121,0,8106845.0,1762981222.1494265,17.31640625,24.612457036972046,0
1432.2206914338597,32,5846.598359768,3744,197,0.0,98,147.5,0.0,0,0.9173177083333334,0.29656663092649843,111.375,0.3915640381227119,24.003488779067993,116,1.9949367046356201,35.25,2,10.0,0,0,232.25,0,0.0,116,114,1,0.8434803497908181,26.435404062271118,128.40625,0,256,0.0,29952,37760,0,8144605.0,1762981248.5888805,19.09375,26.364651918411255,0
1358.912955076281,32,5874.346570759,3776,183,0.0,96,146.25,0.0,0,0.9921875,0.3113309597205586,107.5,0.4103044448549782,24.003686666488647,117,1.980726718902588,25.5,2,11.5,0,0,200.125,0,0.0,117,114,1,0.8670088049970863,27.623048782348633,128.59375,0,256,0.0,30208,37440,0,8182045.0,1762981276.2161033,17.65625,27.551433563232422,0
1255.962217831576,32,5902.594212635,3808,191,0.0,102,135.7890625,0.0,0,0.962890625,0.2869706981881206,114.625,0.3522081434112939,25.003655672073364,118,1.6722455024719238,27.25,2,10.75,0,0,207.875,0,0.0,118,115,1,0.8016000467057453,27.744952917099,120.09375,0,256,0.0,30464,34762,0,8216807.0,1762981303.9652822,15.6953125,27.677584171295166,0
1349.5709124077846,32,5926.421533191,3840,212,0.0,96,146.6733870967742,0.0,0,1.0,0.3224747885218876,107.0,0.4411987811652077,25.00378656387329,119,1.6231203079223633,36.125,2,10.0,0,0,248.125,0,0.0,119,116,1,0.8949002152589736,28.242555618286133,128.7741935483871,0,256,0.0,30720,38020,0,8254827.0,1762981332.211996,17.899193548387096,28.1719172000885,0
1501.6137263024652,32,5954.915635793,3872,200,0.0,96,139.33984375,0.0,0,1.0,0.31438568054640614,110.0,0.42921081758280466,21.003212213516235,120,1.6619741916656494,30.5,2,8.5,0,0,230.5,0,0.0,120,117,1,0.8569567801989677,23.82477641105652,122.28125,0,256,0.0,30976,35671,0,8290498.0,1762981356.0410385,17.05859375,23.755110502243042,0
1331.346090357333,32,5980.234493405,3904,216,0.0,96,147.78515625,0.0,0,0.9752604166666667,0.31162343437321127,108.0,0.43175124535493037,25.0037899017334,121,1.7750792503356934,30.0,2,11.0,0,0,243.75,0,0.0,121,118,1,0.8516476242370569,28.489784955978394,130.53125,0,256,0.0,31232,37833,0,8328331.0,1762981384.5351388,17.25390625,28.41710376739502,0
1490.0328406719395,32,6009.284501143,3936,203,0.0,97,146.93359375,0.0,0,0.9563802083333334,0.3035786364525447,109.875,0.40502335352375407,22.003356218338013,122,1.608830451965332,43.25,2,12.25,0,0,246.25,0,0.0,122,119,1,0.8462396327630703,25.31393337249756,128.75,0,256,0.0,31488,37615,0,8365946.0,1762981409.8532882,18.18359375,25.244410037994385,0
1343.5741028597574,32,6037.207772453,3968,202,0.0,98,152.07421875,0.0,0,0.951171875,0.32919445184047214,109.625,0.46179500107989563,26.00384020805359,123,1.650573492050171,37.375,2,11.0,0,0,239.375,0,0.0,123,120,1,0.9447884274966198,29.04657769203186,133.34375,0,256,0.0,31744,38931,0,8404877.0,1762981438.903923,18.73046875,28.97569990158081,0
1357.7835538913155,32,6067.587824396,4000,184,0.0,97,147.69921875,0.0,0,0.98046875,0.3107509024921363,110.375,0.41533839976478365,25.003652811050415,124,1.6798365116119385,31.125,2,12.375,0,0,204.125,0,0.0,124,121,1,0.8642423169278638,27.918654680252075,129.0,0,256,0.0,32000,37811,0,8442688.0,1762981466.8269029,18.69921875,27.84759020805359,0
1203.8549790816758,32,6095.586249719,4032,173,0.0,98,142.515625,0.0,0,0.96875,0.2866302990181269,110.75,0.3811012260237639,27.004096746444702,125,1.655031442642212,28.875,2,11.25,0,0,201.25,0,0.0,125,122,1,0.7569003587558275,30.376219034194946,125.09375,0,256,0.0,32256,36484,0,8479172.0,1762981497.2072203,17.421875,30.305975914001465,0
1398.8115901246017,32,6123.968191113,4064,203,0.0,97,152.578125,0.0,0,0.984375,0.31303160471217717,110.25,0.40505011268427205,25.003785371780396,126,1.6700780391693115,28.5,2,9.875,0,0,218.75,0,0.0,126,123,1,0.890560547835485,27.99426794052124,135.125,0,256,0.0,32512,39060,0,8518232.0,1762981525.2056408,17.453125,27.92370343208313,0
1350.1967911339443,32,6152.175328341,4096,229,0.0,97,149.29296875,0.0,0,0.9563802083333333,0.3160420005645018,109.0,0.4423285991450181,25.00373411178589,127,1.6359748840332031,36.0,2,10.75,0,0,265.0,0,0.0,127,124,1,0.8795883993477659,28.37754774093628,131.3125,0,256,0.0,32768,38219,0,8556451.0,1762981553.5872853,17.98046875,28.306244134902954,0
1312.355212100641,32,6182.53386582,4128,178,0.0,99,144.21875,0.0,0,1.0,0.31227410458078875,111.0,0.41839304140107164,25.003689527511597,128,1.923354148864746,25.625,2,10.375,0,0,202.625,0,0.0,128,125,1,0.8573033086704962,28.202998399734497,127.90625,0,256,0.0,33024,36920,0,8593371.0,1762981581.7945995,16.3125,28.132627248764038,0
1237.912684816429,32,6209.889230857,4160,197,0.0,96,146.453125,0.0,0,0.9583333333333333,0.3065806792881351,108.0,0.403019966068964,27.004080057144165,129,1.6255455017089844,29.875,2,10.0,0,0,226.875,0,0.0,129,126,1,0.8676223516067265,30.354517698287964,129.59375,0,256,0.0,33280,37492,0,8630863.0,1762981612.1532168,16.859375,30.286465644836426,0
1387.3366866818217,32,6237.863533193,4192,189,0.0,96,148.65322580645162,0.0,0,0.98046875,0.3081427472396021,108.25,0.4355626982710939,24.003668069839478,130,1.8715901374816895,32.25,2,12.25,0,0,221.25,0,0.0,130,127,1,0.8198888839025558,27.351078987121582,130.51612903225808,0,256,0.0,33536,37846,0,8668709.0,1762981639.508487,18.137096774193548,27.27960729598999,0
1381.7987794028054,32,6267.297558841,4224,199,0.0,96,150.58203125,0.0,0,0.970703125,0.29878279023585225,108.375,0.41323454848117064,25.003653049468994,131,1.64384126663208,36.0,2,11.75,0,0,225.875,0,0.0,131,128,1,0.7937704535974539,27.97017765045166,131.09375,0,256,0.0,33792,38549,0,8707258.0,1762981667.4828048,19.48828125,27.89769434928894,0
1217.4743390902252,32,6295.098809927,4256,173,0.0,102,140.3084677419355,0.0,0,0.984375,0.3050924435044793,112.875,0.39354152734400843,26.0039381980896,132,1.6548845767974854,29.0,2,10.75,0,0,202.0,0,0.0,132,129,1,0.8529775869045171,29.429847955703735,123.51612903225806,0,256,0.0,34048,35746,0,8743004.0,1762981696.9168794,16.79233870967742,29.360783100128174,0
1357.9268481233269,32,6318.823496575,4288,200,0.0,105,147.0703125,0.0,0,0.98828125,0.3031009810619588,118.875,0.4036463805337888,24.003599643707275,133,2.3186135292053223,42.625,2,11.0,0,0,242.625,0,0.0,133,130,1,0.823623866368007,27.795720100402832,128.59375,0,256,0.0,34304,37650,0,8780654.0,1762981724.7168834,18.4765625,27.726088523864746,0
1482.8400942328885,32,6347.731415557,4320,164,0.0,98,137.00390625,0.0,0,1.0,0.3035512174035612,110.875,0.4052622771620757,21.003336429595947,134,1.651472806930542,27.125,2,10.625,0,0,191.125,0,0.0,134,131,1,0.8166584131409742,23.721001625061035,120.71875,0,256,0.0,34560,35073,0,8815727.0,1762981748.442095,16.28515625,23.652584075927734,0
1328.4151336881184,32,6373.011085374,4352,195,0.0,97,149.60546875,0.0,0,0.9739583333333333,0.318110584312303,108.75,0.44264914483693746,26.004021883010864,135,1.655803918838501,38.25,2,11.125,0,0,220.5,0,0.0,135,132,1,0.8812328134105478,28.903841733932495,131.15625,0,256,0.0,34816,38299,0,8854026.0,1762981777.3500745,18.44921875,28.83059597015381,0
1551.99803157736,32,6401.324418179,4384,196,0.0,97,152.8046875,0.0,0,1.0,0.3202095214746672,109.625,0.4446133778276059,22.00325870513916,136,1.6388921737670898,33.25,2,11.75,0,0,229.25,0,0.0,136,133,1,0.8752456393943067,25.276183605194092,133.5,0,256,0.0,35072,39118,0,8893144.0,1762981802.630326,19.3046875,25.204928874969482,0
1322.6375467503979,32,6429.445299903,4416,181,0.0,97,145.89453125,0.0,0,0.96875,0.29721066218645253,110.75,0.3860978321279789,25.003793716430664,137,1.8496153354644775,36.875,2,10.375,0,0,217.875,0,0.0,137,134,1,0.8207739717390452,28.309369802474976,128.0,0,256,0.0,35328,37349,0,8930493.0,1762981830.9438875,17.89453125,28.23827290534973,0
1395.7639480606992,32,6458.256936195,4448,183,0.0,96,151.61328125,0.0,0,0.96875,0.31872599115227845,108.0,0.4492098189715159,25.003702402114868,138,1.5992119312286377,29.875,2,9.375,0,0,207.625,0,0.0,138,135,1,0.8800601823865017,28.115774154663086,132.625,0,256,0.0,35584,38813,0,8969306.0,1762981859.0639498,18.98828125,27.807710647583008,0
1236.9080143970502,32,6487.637331671,4480,204,0.0,96,138.8671875,0.0,0,0.919921875,0.3096736397187196,107.875,0.4278459560154041,26.00371813774109,139,1.5938341617584229,33.875,2,10.0,0,0,220.25,0,0.0,139,136,1,0.8807484067709253,28.80812978744507,122.75,0,256,0.0,35840,35550,0,9004856.0,1762981887.8762176,16.1171875,28.741021633148193,0
1255.3811793367072,32,6513.064646253,4512,182,0.0,97,143.7109375,0.0,0,0.984375,0.31611914928014284,109.5,0.4536908397838936,26.003812551498413,140,1.6203696727752686,32.0,2,8.5,0,0,213.0,0,0.0,140,137,1,0.8462898754890942,29.37602949142456,126.3125,0,256,0.0,36096,36790,0,9041646.0,1762981917.2564218,17.3984375,29.305840015411377,0
1422.4906760244214,32,6541.839436716,4544,177,0.0,96,140.8828125,0.0,0,0.96875,0.3151653480529554,108.625,0.4338352588571316,22.00331163406372,141,1.9206984043121338,34.75,2,11.25,0,0,211.75,0,0.0,141,138,1,0.8768219752101936,25.423551321029663,123.5625,0,256,0.0,36352,36066,0,9077712.0,1762981942.6840515,17.3203125,25.35412049293518,0
1343.305482389779,32,6570.212247093,4576,232,0.0,99,150.59765625,0.0,0,0.9622395833333334,0.31620139501120575,110.625,0.4425710498159042,26.0038902759552,142,1.6379306316375732,44.625,2,11.375,0,0,249.125,0,0.0,142,139,1,0.8764215114312771,28.770689964294434,132.75,0,256,0.0,36608,38553,0,9116265.0,1762981971.4588277,17.84765625,28.700098752975464,0
1348.2929130276302,32,6596.669957312,4608,170,0.0,97,149.03515625,0.0,0,0.953125,0.30167207190630024,109.125,0.40451598125352933,25.003580570220947,143,1.6522548198699951,34.75,2,10.5,0,0,204.75,0,0.0,143,140,1,0.8363758377039627,28.368197917938232,129.40625,0,256,0.0,36864,38153,0,9154418.0,1762981999.831394,19.62890625,28.297263622283936,0
1427.8403632053416,32,6626.529846149,4640,203,0.0,103,147.140625,0.0,0,1.0,0.3233486447438051,115.125,0.4670266317172773,23.003425359725952,144,1.7018272876739502,46.125,2,10.125,0,0,249.125,0,0.0,144,141,1,0.8662887893356643,26.453648567199707,128.5,0,256,0.0,37120,37668,0,9192086.0,1762982026.2892706,18.640625,26.38110041618347,0
1322.752784955571,32,6654.999776029,4672,229,0.0,96,153.890625,0.0,0,0.95703125,0.31058621953590304,108.5,0.4349059884477143,26.003718852996826,145,2.501659393310547,42.375,2,10.625,0,0,267.625,0,0.0,145,142,1,0.8526793123090678,29.855950832366943,133.84375,0,256,0.0,37376,39396,0,9231482.0,1762982056.1493995,20.046875,29.783343076705933,0
1291.387983340459,32,6683.489308916,4704,230,0.0,96,143.24609375,0.0,0,0.96875,0.3150156964305217,108.375,0.42532293984335506,25.003602504730225,146,1.684239149093628,28.625,2,8.75,0,0,247.5,0,0.0,146,143,1,0.8871740564123376,28.46526527404785,126.875,0,256,0.0,37632,36671,0,9268153.0,1762982084.6189988,16.37109375,28.396578311920166,0
1202.3698203199474,32,6712.864265478,4736,163,0.0,97,133.47265625,0.0,0,1.0,0.3115305195415397,108.75,0.41754318768926296,25.003870248794556,147,1.8923733234405518,31.5,2,10.125,0,0,194.5,0,0.0,147,144,1,0.8534792133579141,28.485422611236572,117.40625,0,256,0.0,37888,34169,0,9302322.0,1762982113.108541,16.06640625,28.41804528236389,0
1214.5651416497897,32,6735.63857635,4768,183,0.0,100,139.015625,0.0,0,1.0,0.30204002083941206,112.125,0.38499529191949416,26.0038480758667,148,1.9121463298797607,29.75,2,10.875,0,0,210.625,0,0.0,148,145,1,0.8336064163700883,29.36925768852234,121.75,0,256,0.0,38144,35588,0,9337910.0,1762982142.48203,17.265625,29.301022052764893,0
1567.3568718922397,32,6760.887147015,4800,161,0.0,97,138.96484375,0.0,0,0.94140625,0.3178283677986984,109.25,0.4483359164004598,20.00302815437317,149,1.663010835647583,29.25,2,9.5,0,0,190.25,0,0.0,149,146,1,0.8934703967907093,22.769781351089478,122.71875,0,256,0.0,38400,35575,0,9373485.0,1762982165.2559247,16.24609375,22.697447299957275,0
1590.5935910938788,32,6785.274178979,4832,231,0.0,97,156.38671875,0.0,0,0.9127604166666666,0.3376487006750539,108.625,0.5045538780370301,22.00327491760254,150,1.6198556423187256,38.25,2,10.875,0,0,269.25,0,0.0,150,147,1,0.9697458893398752,25.24426293373108,136.34375,0,256,0.0,38656,40035,0,9413520.0,1762982190.5064378,20.04296875,25.169848680496216,0
1479.0440308488744,32,6815.061229831,4864,189,0.0,98,140.47265625,0.0,0,0.978515625,0.3005442546408338,110.125,0.4040245281982557,21.003235340118408,151,1.9401214122772217,43.0,2,10.125,0,0,225.125,0,0.0,151,148,1,0.8125852433412176,24.382931232452393,121.96875,0,256,0.0,38912,35961,0,9449481.0,1762982214.8935552,18.50390625,24.31367778778076,0
1175.9679765613148,32,6843.437506867,4896,180,0.0,96,136.50390625,0.0,0,0.9375,0.30133819751920043,108.25,0.3971945392201594,27.004064798355103,152,1.6095936298370361,29.25,2,11.0,0,0,209.25,0,0.0,152,149,1,0.8543285978344572,29.782780170440674,120.3125,0,256,0.0,39168,34945,0,9484426.0,1762982244.680492,16.19140625,29.71594524383545,0
1408.6536859507692,32,6866.718055741,4928,193,0.0,97,155.72265625,0.0,0,1.0,0.33184476060671797,109.0,0.492462439397226,25.003690481185913,153,1.6239163875579834,36.5,2,11.125,0,0,222.75,0,0.0,153,150,1,0.8890151515151515,28.37188172340393,136.21875,0,256,0.0,39424,39865,0,9524291.0,1762982273.0565972,19.50390625,28.300071477890015,0
1504.9849654695092,32,6894.59039882,4960,171,0.0,97,136.44921875,0.0,0,0.953125,0.3046105303732078,110.125,0.4036272946520214,20.002952098846436,154,1.842864751815796,26.625,2,9.625,0,0,197.625,0,0.0,154,151,1,0.8571504762853568,23.27656078338623,120.375,0,256,0.0,39680,34931,0,9559222.0,1762982296.3374133,16.07421875,23.210198640823364,0
1259.976237475957,32,6921.000427866,4992,163,0.0,97,136.8359375,0.0,0,0.947265625,0.2928292983526663,108.75,0.3842715186176451,25.003750324249268,155,1.6445255279541016,27.0,2,10.0,0,0,182.75,0,0.0,155,152,1,0.8083228808609153,27.868536949157715,120.53125,0,256,0.0,39936,35030,0,9594252.0,1762982324.2099502,16.3046875,27.802111625671387,0
1416.192173236568,32,6942.860198477,5024,237,0.0,96,145.6875,0.0,0,0.94921875,0.2912503729641811,108.25,0.3593573530826435,23.0033438205719,156,1.5756301879882812,40.875,2,12.0,0,0,277.875,0,0.0,156,153,1,0.8297135156510157,26.405392169952393,127.625,0,256,0.0,40192,37296,0,9631548.0,1762982350.6196215,18.0625,26.335408926010132,0
1687.3218923949453,32,6971.405422183,5056,497,0.0,97,143.59375,0.0,0,0.96875,0.3095803072928338,109.125,0.4049725214828864,19.00276279449463,157,1.6579697132110596,55.625,2,9.0,0,0,552.625,0,0.0,157,154,1,0.878072019975043,21.855743408203125,126.84375,0,256,0.0,40448,36760,0,9668308.0,1762982372.479628,16.75,21.78600311279297,0
1269.337878156924,32,7000.018277497,5088,186,0.0,97,141.16796875,0.0,0,0.96875,0.30256967494956877,110.25,0.3952932492093197,25.003732442855835,158,1.7516930103302002,30.375,2,11.0,0,0,216.375,0,0.0,158,155,1,0.8442401673846986,28.54082989692688,123.78125,0,256,0.0,40704,36139,0,9704447.0,1762982401.0246735,17.38671875,28.470748901367188,0
1353.2424754563358,32,7028.635877292,5120,184,0.0,102,150.83984375,0.0,0,0.94921875,0.31577033847778035,113.875,0.4502627032530376,25.003718852996826,159,1.9550964832305908,31.125,2,8.5,0,0,213.375,0,0.0,159,156,1,0.8719728188478189,28.6087007522583,132.09375,0,256,0.0,40960,38615,0,9743062.0,1762982429.6375272,18.74609375,28.53516697883606,0
1354.7976627183816,32,7058.016961341,5152,196,0.0,100,151.0546875,0.0,0,1.0,0.3172904217968469,113.875,0.45031301795571727,25.003598928451538,160,2.004272222518921,38.625,2,11.0,0,0,234.625,0,0.0,160,157,1,0.8481854547046896,28.61336851119995,131.84375,0,256,0.0,41216,38670,0,9781732.0,1762982458.2551048,19.2109375,28.543007612228394,0
1258.5612226843625,32,7085.930640599,5184,203,0.0,99,144.07421875,0.0,0,1.0,0.3055117600794228,110.75,0.42328260066623835,26.003711462020874,161,1.743833065032959,32.75,2,11.75,0,0,223.625,0,0.0,161,158,1,0.8057015996411676,29.37697148323059,126.125,0,256,0.0,41472,36883,0,9818615.0,1762982487.6363106,17.94921875,29.305685997009277,0
1301.2221192699621,32,7115.383886605,5216,181,0.0,103,141.51171875,0.0,0,1.0,0.3165526043134672,114.5,0.43888209010159784,25.00356888771057,162,1.6630537509918213,33.875,2,11.25,0,0,214.875,0,0.0,162,159,1,0.8585079086209844,27.909478902816772,124.4375,0,256,0.0,41728,36227,0,9854842.0,1762982515.5500863,17.07421875,27.840750217437744,0
1293.3366089326303,32,7144.770302144,5248,180,0.0,102,148.421875,0.0,0,0.99609375,0.3074524501864044,115.125,0.4246700091893894,26.00379252433777,163,1.6827309131622314,37.0,2,11.0,0,0,214.0,0,0.0,163,160,1,0.8193938223235099,29.447943925857544,129.59375,0,256,0.0,41984,37996,0,9892838.0,1762982545.0022917,18.828125,29.378276109695435,0
1349.47094972277,32,7171.954725772,5280,196,0.0,98,154.4921875,0.0,0,0.9778645833333333,0.31782474308683895,111.5,0.44658034978291866,26.00385594367981,164,1.9096081256866455,38.375,2,10.5,0,0,234.375,0,0.0,164,161,1,0.8714814319794789,29.38195562362671,134.875,0,256,0.0,42240,39550,0,9932388.0,1762982574.3885942,19.6171875,29.30778169631958,0
1358.0345374719986,32,7199.934561895,5312,192,0.0,99,142.12701612903226,0.0,0,0.94921875,0.30936062538162895,112.5,0.41599914085513545,24.00347089767456,165,1.6974728107452393,43.25,2,11.75,0,0,235.25,0,0.0,165,162,1,0.8749261480706794,27.18119168281555,124.29032258064517,0,256,0.0,42496,36815,0,9969203.0,1762982601.5739863,17.836693548387096,27.109030723571777,0
1355.5181993825306,32,7228.384154566,5344,185,0.0,102,147.7578125,0.0,0,1.0,0.3057421019386062,114.25,0.41999825766451876,25.003827333450317,166,1.7348897457122803,49.125,2,12.25,0,0,234.125,0,0.0,166,163,1,0.8116163360380162,27.975016117095947,128.34375,0,256,0.0,42752,37826,0,10007029.0,1762982629.553248,19.4140625,27.905195236206055,0
1297.696273711026,32,7257.811298496,5376,180,0.0,97,143.83203125,0.0,0,0.96875,0.3053416252622549,109.0,0.3875481788081801,25.003905773162842,167,1.7592544555664062,32.75,2,10.875,0,0,209.75,0,0.0,167,164,1,0.8730465966707925,28.446072578430176,126.9375,0,256,0.0,43008,36821,0,10043850.0,1762982658.0033844,16.89453125,28.374127864837646,0
1196.5549308005518,32,7285.155298381,5408,171,0.0,96,137.19921875,0.0,0,0.9375,0.3085479975646349,109.375,0.4298682699674156,26.003976583480835,168,1.9418091773986816,32.875,2,10.875,0,0,196.125,0,0.0,168,165,1,0.8588289571410117,29.42314386367798,119.75,0,256,0.0,43264,35123,0,10078973.0,1762982687.4306905,17.44921875,29.353437185287476,0
1318.1038744106677,32,7308.984863577,5440,230,0.0,98,140.40625,0.0,0,0.91796875,0.3249601672050296,111.5,0.4622209684547588,24.00344491004944,169,1.892326831817627,32.125,2,9.375,0,0,245.75,0,0.0,169,166,1,0.9381273234271856,27.339592218399048,123.53125,0,256,0.0,43520,35944,0,10114917.0,1762982714.774526,16.875,27.269474506378174,0
1608.7317104385609,32,7337.334673027,5472,184,0.0,97,149.26171875,0.0,0,1.0,0.33211671520252806,109.625,0.46177659685898165,21.003102779388428,170,1.647345781326294,33.875,2,10.0,0,0,216.875,0,0.0,170,167,1,0.9317426388715451,23.82515025138855,130.59375,0,256,0.0,43776,38211,0,10153128.0,1762982738.6039448,18.66796875,23.752251386642456,0
1313.5728380851776,32,7367.745594745,5504,201,0.0,102,145.07421875,0.0,0,0.978515625,0.2887567783987063,112.875,0.38615252189878263,25.00369095802307,171,1.6069352626800537,32.875,2,9.375,0,0,233.875,0,0.0,171,168,1,0.7578314101263319,28.345807790756226,127.34375,0,256,0.0,44032,37139,0,10190267.0,1762982766.953862,17.73046875,28.27327036857605,0
1236.1078473091993,32,7396.884637523,5536,183,0.0,97,146.4765625,0.0,0,1.0,0.3149813781254538,110.125,0.4116443489410138,27.00395965576172,172,1.876659631729126,32.25,2,10.375,0,0,215.25,0,0.0,172,169,1,0.8843500555816732,30.40684461593628,127.8125,0,256,0.0,44288,37498,0,10227765.0,1762982797.3649921,18.6640625,30.335540771484375,0
1323.4839747817794,32,7426.22796807,5568,234,0.0,102,150.2578125,0.0,0,0.9609375,0.3270784362613818,116.875,0.4580391998157439,26.003865003585815,173,1.868281364440918,41.5,2,11.375,0,0,263.625,0,0.0,173,170,1,0.9291789753215535,29.13451600074768,131.125,0,256,0.0,44544,38466,0,10266231.0,1762982826.503821,19.1328125,29.064197778701782,0
1201.9107886127433,32,7456.542492206,5600,170,0.0,97,137.4296875,0.0,0,0.96875,0.3156634078375181,109.125,0.4421583826200627,26.00373387336731,174,1.6678166389465332,31.25,2,10.25,0,0,199.25,0,0.0,174,171,1,0.8690448754233705,29.33884906768799,121.5625,0,256,0.0,44800,35182,0,10301413.0,1762982855.84683,15.8671875,29.27172327041626,0
1210.06561579545,32,7481.923289209,5632,191,0.0,98,142.93359375,0.0,0,0.9739583333333333,0.30382262076842886,110.625,0.41649443392826535,27.003934383392334,175,1.8225202560424805,38.375,2,9.0,0,0,218.625,0,0.0,175,172,1,0.8208526709962831,30.310975790023804,125.21875,0,256,0.0,45056,36591,0,10338004.0,1762982886.1618898,17.71484375,30.238856077194214,0
1421.6986542451784,32,7510.89415119,5664,219,0.0,97,140.5390625,0.0,0,0.984375,0.3037115212769169,109.625,0.4121482772601246,22.003305673599243,176,1.9644460678100586,70.625,2,10.25,0,0,289.625,0,0.0,176,173,1,0.8189624388326135,25.375072240829468,123.25,0,256,0.0,45312,35978,0,10373982.0,1762982911.541169,17.2890625,25.306347370147705,0
1126.9223545497111,32,7538.746706824,5696,158,0.0,98,127.21875,0.0,0,1.0,0.31635948475868425,111.5,0.4182994959400247,26.00392174720764,177,1.677199363708496,22.125,2,9.5,0,0,176.5,0,0.0,177,174,1,0.8846639038045288,28.968292474746704,112.34375,0,256,0.0,45568,32568,0,10406550.0,1762982940.5135164,14.875,28.8999502658844,0
1325.5808194963734,32,7563.108505055,5728,192,0.0,96,143.83203125,0.0,0,1.0,0.3140142878260047,109.0,0.41788800244951657,25.003615617752075,178,1.6062219142913818,32.875,2,11.0,0,0,219.75,0,0.0,178,175,1,0.8695779155740093,27.84827995300293,126.5,0,256,0.0,45824,36821,0,10443371.0,1762982968.366086,17.33203125,27.777257680892944,0
1486.7266584153288,32,7592.483257482,5760,195,0.0,97,141.03515625,0.0,0,1.0,0.32022495516128213,110.125,0.4337929463307392,21.00322198867798,179,1.6058499813079834,31.25,2,10.5,0,0,221.25,0,0.0,179,176,1,0.8897757726342285,24.357335805892944,124.125,0,256,0.0,46080,36105,0,10479476.0,1762982992.7277305,16.91015625,24.284894466400146,0
1275.2269524386008,32,7621.238486188,5792,170,0.0,97,145.96484375,0.0,0,1.0,0.32968784927628797,110.75,0.47630353297375383,26.00370979309082,180,1.8649122714996338,29.375,2,10.0,0,0,199.375,0,0.0,180,177,1,0.8961809512102481,29.370787382125854,127.96875,0,256,0.0,46336,37367,0,10516843.0,1762983022.1027162,17.99609375,29.30223512649536,0
1244.6288153621783,32,7649.658041053,5824,200,0.0,97,139.453125,0.0,0,0.984375,0.30609584875799967,109.75,0.40629337106896923,26.003812313079834,181,1.6089146137237549,51.25,2,9.75,0,0,251.25,0,0.0,181,178,1,0.8426644969613719,28.750906467437744,122.75,0,256,0.0,46592,35700,0,10552543.0,1762983050.85781,16.703125,28.683250427246094,0
1405.401252340843,32,7675.06671256,5856,249,0.0,96,155.58203125,0.0,0,1.0,0.3121597100573968,108.625,0.4319665804702658,25.003687143325806,182,1.6704797744750977,35.125,2,9.0,0,0,284.125,0,0.0,182,179,1,0.838442626422291,28.415433883666992,136.875,0,256,0.0,46848,39829,0,10592372.0,1762983079.277385,18.70703125,28.339949131011963,0
1371.9538118880469,32,7703.264406197,5888,158,0.0,97,135.78125,0.0,0,0.953125,0.30621247230810805,109.375,0.4101329125715405,22.003149271011353,183,1.885918140411377,23.125,2,10.875,0,0,175.125,0,0.0,183,180,1,0.8591559319586664,25.403881549835205,120.0625,0,256,0.0,47104,34760,0,10627132.0,1762983104.6859396,15.71875,25.336129903793335,0
1385.6016289544054,32,7727.426311642,5920,202,0.0,103,152.20703125,0.0,0,0.9583333333333334,0.29693222793530705,113.875,0.4157838418441594,25.003591299057007,184,1.6851232051849365,46.625,2,10.875,0,0,246.625,0,0.0,184,181,1,0.786280841554279,28.19345211982727,133.625,0,256,0.0,47360,38965,0,10666097.0,1762983132.8836074,18.58203125,28.121358394622803,0
1521.8554844589946,32,7755.269665471,5952,173,0.0,98,143.1953125,0.0,0,0.90625,0.30036334895599937,110.875,0.4162750891699818,21.00315809249878,185,1.6628732681274414,34.25,2,9.375,0,0,204.25,0,0.0,185,182,1,0.84322220748002,24.157862186431885,125.84375,0,256,0.0,47616,36658,0,10702755.0,1762983157.0455992,17.3515625,24.087701082229614,0
1329.1689515714634,32,7784.647381713,5984,184,0.0,96,144.16796875,0.0,0,0.96875,0.3189261724378928,107.25,0.44361092050431095,25.0035879611969,186,1.6514496803283691,32.875,2,11.25,0,0,216.25,0,0.0,186,183,1,0.8888599222468707,27.839194774627686,126.78125,0,256,0.0,47872,36907,0,10739662.0,1762983184.8888948,17.38671875,27.766974210739136,0
1277.8100687388096,32,7811.943373807,6016,202,0.0,97,146.26171875,0.0,0,0.8880208333333333,0.31344927968096714,109.625,0.46314763402200654,26.003775119781494,187,1.6485669612884521,31.375,2,9.0,0,0,219.875,0,0.0,187,184,1,0.8801177969548833,29.372771739959717,128.84375,0,256,0.0,48128,37443,0,10777105.0,1762983214.2658913,17.41796875,29.30247688293457,0
1365.756080300032,32,7840.8310797,6048,230,0.0,97,145.23046875,0.0,0,0.9811197916666667,0.30100793238351947,109.0,0.41272927048611224,24.003600358963013,188,1.8817479610443115,43.375,2,9.625,0,0,273.375,0,0.0,188,185,1,0.8023339941308691,27.29251790046692,127.28125,0,256,0.0,48384,37179,0,10814284.0,1762983241.5625799,17.94921875,27.222284078598022,0
1255.2767554739721,32,7870.215295127,6080,189,0.0,96,141.29296875,0.0,0,0.970703125,0.3252103110012588,106.875,0.4590637088680572,26.003761529922485,189,1.645965814590454,41.5,2,8.75,0,0,230.5,0,0.0,189,186,1,0.9088483781843157,28.8835186958313,124.0625,0,256,0.0,48640,36171,0,10850455.0,1762983270.4504018,17.23046875,28.815159559249878,0
1202.3783613135206,32,7898.568739327,6112,167,0.0,96,137.66796875,0.0,0,0.96875,0.2910085729809226,108.75,0.3680578126751328,26.003963947296143,190,1.6610760688781738,25.5,2,10.125,0,0,192.5,0,0.0,190,187,1,0.8034800696393067,29.379845142364502,121.03125,0,256,0.0,48896,35243,0,10885698.0,1762983299.8345304,16.63671875,29.311073064804077,0
1339.4158775117498,32,7922.256608579,6144,253,0.0,96,147.96484375,0.0,0,0.9466145833333334,0.31201470861842073,106.75,0.429426545233192,25.00373077392578,191,1.845815658569336,46.625,2,9.125,0,0,287.875,0,0.0,191,188,1,0.8764529415896604,28.349239826202393,130.65625,0,256,0.0,49152,37879,0,10923577.0,1762983328.1880553,17.30859375,28.280238151550293,0
1588.290001415536,32,7951.711951358,6176,230,0.0,97,146.49609375,0.0,0,0.9166666666666666,0.30104466412998354,109.5,0.42331195402175437,20.00320291519165,192,2.5811638832092285,45.875,2,10.375,0,0,247.5,0,0.0,192,189,1,0.8314373777264402,23.68374991416931,128.0625,0,256,0.0,49408,37503,0,10961080.0,1762983351.875861,18.43359375,23.612186670303345,0
1305.457896257588,32,7981.123551287,6208,235,0.0,98,149.796875,0.0,0,0.921875,0.3222834066852397,109.5,0.4750403164959247,26.003922939300537,193,1.6509175300598145,40.75,2,10.375,0,0,275.75,0,0.0,193,190,1,0.9005856225736982,29.451078414916992,132.1875,0,256,0.0,49664,38348,0,10999428.0,1762983381.3313253,17.609375,29.375133514404297,0
1319.4047346996097,32,8009.352949381,6240,202,0.0,98,151.1953125,0.0,0,0.9225260416666666,0.31716220324478117,112.625,0.43979638727901493,26.003775596618652,194,1.8635051250457764,36.125,2,9.375,0,0,238.125,0,0.0,194,191,1,0.9130021441487434,29.407469749450684,133.4375,0,256,0.0,49920,38706,0,11038134.0,1762983410.742969,17.7578125,29.335956573486328,0
1340.511381583222,32,8038.317183773,6272,189,0.0,97,147.41796875,0.0,0,0.93359375,0.316632571814293,108.75,0.44899442381875804,25.003687381744385,195,1.6522016525268555,30.375,2,9.0,0,0,219.25,0,0.0,195,192,1,0.8898287470036091,28.22508668899536,130.28125,0,256,0.0,50176,37739,0,11075873.0,1762983438.9723547,17.13671875,28.15268898010254,0
1256.1923577958478,32,8066.706081499,6304,183,0.0,96,141.7734375,0.0,0,1.0,0.3225567493697282,107.125,0.44777219733427687,26.003771543502808,196,1.657041072845459,40.5,2,9.625,0,0,213.5,0,0.0,196,193,1,0.8866820660191524,28.960076808929443,125.0625,0,256,0.0,50432,36294,0,11112167.0,1762983467.936688,16.7109375,28.892071962356567,0
1370.6541442077187,32,8095.008894527,6336,283,0.0,96,151.59375,0.0,0,0.912109375,0.32987466988237335,107.875,0.47896763208232135,25.00386929512024,197,1.654226303100586,42.5,2,10.75,0,0,325.5,0,0.0,197,194,1,0.9524680397727273,28.384740591049194,133.28125,0,256,0.0,50688,38808,0,11150975.0,1762983496.3256397,18.3125,28.313488245010376,0
1378.891408396346,32,8123.293672277,6368,191,0.0,96,152.0390625,0.0,0,0.9752604166666667,0.33401387655882686,107.75,0.48863195628834855,25.003562450408936,198,1.8938179016113281,37.25,2,10.75,0,0,228.25,0,0.0,198,195,1,0.9250762908966034,28.29814314842224,133.71875,0,256,0.0,50944,38922,0,11189897.0,1762983524.628124,18.3203125,28.227023363113403,0
1272.2527436673374,32,8154.990500508,6400,194,0.0,98,140.2109375,0.0,0,0.9375,0.3175757805687359,109.5,0.44029740719089494,25.003752946853638,199,1.859656572341919,38.75,2,8.875,0,0,219.75,0,0.0,199,196,1,0.9051086608703796,28.280776500701904,124.28125,0,256,0.0,51200,35894,0,11225791.0,1762983552.9130933,15.9296875,28.212947607040405,0
1193.5068647848384,32,8180.503764751,6432,172,0.0,97,139.7578125,1.0,0,1.0,0.32124675045023204,110.25,0.46207965195692335,25.003600597381592,200,1.670297622680664,37.5,1,8.375,0,0,203.5,0,0.0,200,197,1,0.8588721337256493,30.04939866065979,122.84375,2,256,1.6418602466583252,51456,35778,0,11261569.0,1762983584.6087546,16.9140625,29.97720503807068,0
1478.5271843080116,32,8216.675649021,6464,233,0.0,98,146.9140625,0.96875,0,0.96875,0.32231846514782625,111.25,0.4449198624602225,21.003059148788452,201,1.7631099224090576,58.25,1,9.5,0,0,291.25,0,0.0,201,199,1,0.9097299510385448,25.50982093811035,129.84375,1,256,0.0,51712,37610,0,11299179.0,1762983610.1227136,17.0703125,25.43747615814209,0
1019.1073460042718,32,8247.47077899,6496,196,0.0,97,143.66015625,0.96875,0,1.0,0.3111502646825508,107.125,0.41225693937881924,33.004960775375366,202,1.7365777492523193,40.625,1,9.0,0,0,236.625,0,0.0,202,200,1,0.8579925120452464,36.15951442718506,126.5,1,256,0.0,51968,36777,0,11335956.0,1762983646.2865622,17.16015625,36.087464332580566,0
1243.885215118674,32,8273.767724173,6528,208,0.0,98,149.28125,0.96875,0,0.96875,0.3163263499278603,109.75,0.44426668678788495,26.00384759902954,203,1.931105613708496,63.875,1,9.25,0,0,271.875,0,0.0,203,201,1,0.8706534171352223,30.79955554008484,129.875,1,256,0.0,52224,38216,0,11374172.0,1762983677.0902588,19.40625,30.723092079162598,0
1393.8781431569407,32,8301.130266559,6560,177,0.0,96,142.7734375,0.96875,0,0.9466145833333333,0.3167707937465821,107.5,0.4419861116550926,23.00378656387329,204,1.7922067642211914,33.5,1,8.0,0,0,210.5,0,0.0,204,202,1,0.8914140872148685,26.29109525680542,126.375,1,256,0.0,52480,36550,0,11410722.0,1762983703.3856695,16.3984375,26.22180438041687,0
1340.9219521792436,32,8330.676041184,6592,200,0.0,96,142.92578125,0.96875,0,0.939453125,0.31676106141101235,107.0,0.45182205593118574,24.003552198410034,205,1.597731113433838,32.875,1,9.0,0,0,229.875,0,0.0,205,203,1,0.8830089181651681,27.357633113861084,126.03125,1,256,0.0,52736,36589,0,11447311.0,1762983730.7474744,16.89453125,27.286450147628784,0
1261.7986962294856,32,8359.003212647,6624,216,0.0,97,145.203125,0.96875,0,0.9596354166666667,0.3141908558624147,108.625,0.42313267546019606,25.003665685653687,206,1.8583950996398926,34.625,1,9.375,0,0,250.625,0,0.0,206,204,1,0.890671860691392,29.527880430221558,128.65625,1,256,0.0,52992,37172,0,11484483.0,1762983760.2794716,16.546875,29.459532737731934,0
1306.3286108189188,32,8387.567928552,6656,195,0.0,97,144.203125,0.96875,0,0.875,0.3222390129566954,108.75,0.46731792141902884,24.003576517105103,207,1.6796469688415527,33.25,1,10.75,0,0,228.25,0,0.0,207,205,1,0.9418361911525974,28.328284740447998,128.09375,1,256,0.0,53248,36916,0,11521399.0,1762983788.6119192,16.109375,28.25935196876526,0
1281.9621132289187,32,8416.971978458,6688,197,0.0,96,142.71875,0.96875,0,0.9921875,0.31919343335437045,107.625,0.4269490998778088,24.003557443618774,208,1.8543803691864014,30.625,1,10.625,0,0,227.625,0,0.0,208,206,1,0.8972324225253914,28.569798469543457,125.3125,1,256,0.0,53504,36536,0,11557935.0,1762983817.1859243,17.40625,28.500062227249146,0
1214.295789772349,32,8445.353035552,6720,172,0.0,96,139.13671875,0.96875,0,1.0,0.3245991168408886,107.125,0.4466335442090765,25.003654718399048,209,1.718003273010254,31.625,1,9.625,0,0,201.625,0,0.0,209,207,1,0.9018160533271553,29.401214361190796,123.1875,1,256,0.0,53760,35619,0,11593554.0,1762983846.5914454,15.94921875,29.33305072784424,0
1425.3283490009383,32,8470.429221235,6752,235,0.0,99,157.546875,0.96875,0,0.9563802083333333,0.3327891919506814,111.0,0.4889534448046874,25.003554344177246,210,1.9704935550689697,43.25,1,8.0,0,0,264.75,0,0.0,210,208,1,0.9290698810427371,28.371710777282715,137.9375,1,256,0.0,54016,40332,0,11633886.0,1762983874.9675136,19.609375,28.296637773513794,0
1465.1898719282717,32,8501.090776961,6784,234,0.0,98,143.10546875,0.96875,0,0.9446614583333334,0.3150190382571515,111.5,0.4414179781515419,21.003138303756714,211,2.496182441711426,32.875,1,9.125,0,0,266.875,0,0.0,211,209,1,0.8817953119567321,25.076244354248047,126.28125,1,256,0.0,54272,36635,0,11670521.0,1762983900.048036,16.82421875,25.00358533859253,0
1244.5729306765506,32,8526.611532619,6816,183,0.0,100,148.6796875,0.96875,0,0.96875,0.3141640323390058,112.625,0.43808840012020667,25.0037362575531,212,2.8112077713012695,38.25,1,9.5,0,0,211.25,0,0.0,212,210,1,0.864475682099763,30.657968997955322,130.53125,1,256,0.0,54528,38062,0,11708583.0,1762983930.710236,18.1484375,30.582378149032593,0
1475.8134808217198,32,8556.090042864,6848,193,0.00390625,99,146.69921875,0.0,0,0.99609375,0.32139442428565335,109.5,0.4330122556104906,23.00353455543518,213,2.8112077713012695,82.0,2,10.5,0,0,220.375,0,0.125,213,211,1,0.901217321090368,25.516512632369995,127.78125,0,256,0.0,54784,37555,0,11746138.0,1762983956.2309666,18.91796875,25.446982622146606,0
1248.337111894461,32,8585.438247985,6880,216,0.0,96,143.37890625,0.0,0,0.9153645833333333,0.31164144123679166,107.25,0.4477829299393695,26.00379776954651,214,2.0105016231536865,37.125,2,8.75,0,0,253.125,0,0.0,214,211,1,0.8703226461038961,29.4743173122406,126.8125,0,256,0.0,55040,36705,0,11782843.0,1762983985.7095244,16.56640625,29.403115272521973,0
1273.5579529023291,32,8613.728549204,6912,193,0.0,101,145.20362903225808,0.0,0,1.0,0.3388821315691722,112.5,0.4940250327287905,25.003732442855835,215,2.5307791233062744,43.0,2,9.375,0,0,236.0,0,0.0,215,212,1,0.933847500156094,29.343201398849487,127.45161290322581,0,256,0.0,55296,37282,0,11820125.0,1762984015.05698,17.75201612903226,29.27389359474182,0
1239.4979803136312,32,8642.148552209,6944,197,0.0,96,136.62890625,0.0,0,0.9368489583333334,0.2926677879616887,107.375,0.3773152995489633,25.003546476364136,216,1.861767292022705,29.875,2,8.625,0,0,226.875,0,0.0,216,213,1,0.8234655481237513,28.286960124969482,121.1875,0,256,0.0,55552,34977,0,11855102.0,1762984043.3481038,15.44140625,28.218682527542114,0
1259.235997423853,32,8667.317782882,6976,166,0.0,99,139.4296875,0.0,0,1.0,0.3166498217321375,111.875,0.45564277944303033,25.0035617351532,217,1.8972454071044922,29.75,2,10.875,0,0,191.375,0,0.0,217,214,1,0.8368084389568764,28.41549062728882,122.84375,0,256,0.0,55808,35694,0,11890796.0,1762984071.7679234,16.5859375,28.34575891494751,0
1438.4156649630954,32,8691.067481752,7008,201,0.0,98,141.00390625,0.0,0,0.98046875,0.3055016125732823,109.25,0.40725617120338714,22.00325870513916,218,1.6420879364013672,37.75,2,9.75,0,0,238.75,0,0.0,218,215,1,0.8400233555506993,25.164098024368286,124.8125,0,256,0.0,56064,36097,0,11926893.0,1762984096.936337,16.19140625,25.094971418380737,0
1604.8532051607672,32,8720.368598903,7040,180,0.0,97,148.4140625,0.0,0,0.953125,0.3271595992476127,108.5,0.5025014516177022,21.003072023391724,219,1.6864099502563477,38.75,2,9.75,0,0,216.75,0,0.0,219,216,1,0.8756453928271484,23.74628472328186,129.96875,0,256,0.0,56320,37994,0,11964887.0,1762984120.6868289,18.4453125,23.674439430236816,0
1249.9819200390964,32,8748.549169056,7072,180,0.0,99,142.7109375,0.0,0,1.0,0.31465994219992355,110.5,0.4221898431560641,25.003666877746582,220,2.5538525581359863,38.25,2,8.875,0,0,218.25,0,0.0,220,217,1,0.8681464904580714,29.29663348197937,126.625,0,256,0.0,56576,36534,0,12001421.0,1762984149.9876823,16.0859375,29.227622747421265,0
1333.8779366701149,32,8776.702803087,7104,207,0.0,97,146.42578125,0.0,0,0.9375,0.303538128532941,110.625,0.42030159821819735,25.003705739974976,221,1.6192493438720703,38.25,2,8.75,0,0,233.5,0,0.0,221,218,1,0.8381853925953433,28.176681756973267,128.03125,0,256,0.0,56832,37485,0,12038906.0,1762984178.1686463,18.39453125,28.102271556854248,0
1308.211659500832,32,8804.695547959,7136,207,0.0,96,143.49609375,0.0,0,0.90625,0.3085156068296661,107.25,0.4300703270117171,25.003609657287598,222,1.6772716045379639,50.625,2,9.375,0,0,248.625,0,0.0,222,219,1,0.8791769428488179,28.14897894859314,126.28125,0,256,0.0,57088,36735,0,12075641.0,1762984206.3221052,17.21484375,28.080318450927734,0
1410.981302611837,32,8834.054685418,7168,206,0.0,97,153.84375,0.0,0,0.96875,0.3117068672730504,109.25,0.4287522942913721,25.003669500350952,223,1.7111611366271973,35.25,2,9.0,0,0,240.0,0,0.0,223,220,1,0.8605427227651734,27.98871898651123,135.40625,0,256,0.0,57344,39384,0,12115025.0,1762984234.3150413,18.4375,27.91248893737793,0
1246.0969971561149,32,8863.450711238,7200,184,0.0,98,142.55078125,0.0,0,0.97265625,0.3276817528630279,109.875,0.47620068430920826,26.0037202835083,224,1.6385843753814697,29.875,2,8.5,0,0,213.5,0,0.0,224,221,1,0.9011732733412421,29.35477042198181,125.4375,0,256,0.0,57600,36493,0,12151518.0,1762984263.6740336,17.11328125,29.285842180252075,0
1244.4940003392117,32,8891.845875664,7232,172,0.0,98,142.54296875,0.0,0,0.97265625,0.30820287418929576,109.375,0.4294744948069931,26.00374460220337,225,1.9018199443817139,31.75,2,9.75,0,0,203.75,0,0.0,225,222,1,0.8336156681859807,29.391746520996094,125.625,0,256,0.0,57856,36491,0,12188009.0,1762984293.0699937,16.91796875,29.32195734977722,0
1251.6093067029008,32,8918.710100071,7264,172,0.0,97,138.47265625,0.0,0,0.8984375,0.30936003963777703,108.125,0.4411985732513228,25.003583192825317,226,1.954690933227539,28.125,2,8.375,0,0,191.125,0,0.0,226,223,1,0.8751771665834167,28.390959978103638,122.8125,0,256,0.0,58112,35449,0,12223458.0,1762984321.4651208,15.66015625,28.322736024856567,0
1488.2389550194255,32,8942.8467398,7296,237,0.0,96,155.71484375,0.0,0,0.8990885416666667,0.30398071235535845,107.5,0.42994106085094114,24.003411054611206,227,1.6437444686889648,43.0,2,9.25,0,0,276.125,0,0.0,227,224,1,0.8538909734566904,26.860242128372192,136.375,0,256,0.0,58368,39863,0,12263321.0,1762984348.3295176,19.33984375,26.785349130630493,0
1527.9868215274532,32,8971.192890906,7328,176,0.0,100,143.609375,0.0,0,0.96875,0.3148355708538586,111.0,0.4169962175466405,21.003119945526123,228,1.6425349712371826,31.75,2,10.0,0,0,207.75,0,0.0,228,225,1,0.897075515630203,24.131711959838867,127.4375,0,256,0.0,58624,36764,0,12300085.0,1762984372.4658792,16.171875,24.06041693687439,0
1308.1209814413949,32,8999.531218408,7360,197,0.0,98,144.46484375,0.0,0,0.986328125,0.33320561647686986,109.625,0.4855553934521877,25.003447771072388,229,1.6199321746826172,35.125,2,9.25,0,0,223.625,0,0.0,229,226,1,0.9164115019095488,28.341495037078857,126.96875,0,256,0.0,58880,36983,0,12337068.0,1762984400.811855,17.49609375,28.271849870681763,0
1281.2821749639984,32,9029.498150942,7392,182,0.0,99,141.46484375,0.0,0,0.9739583333333333,0.3000678896212523,112.0,0.40252071817083235,25.00377368927002,230,1.8978278636932373,29.75,2,9.75,0,0,208.125,0,0.0,230,227,1,0.8144527510250166,28.334601163864136,124.8125,0,256,0.0,59136,36215,0,12373283.0,1762984429.1505835,16.65234375,28.26465606689453,0
1242.4072456705921,32,9058.908171586,7424,188,0.0,102,145.06640625,0.0,0,0.876953125,0.2887328359193563,111.0,0.40453585186982116,27.003923654556274,231,1.6391971111297607,36.625,2,8.0,0,0,224.625,0,0.0,231,228,1,0.800869020302614,29.962559700012207,128.03125,0,256,0.0,59392,37137,0,12410420.0,1762984459.1174405,17.03515625,29.891165018081665,0
1253.9393717754194,32,9087.274141863,7456,198,0.0,96,143.6875,0.0,0,0.9192708333333333,0.3207572264795808,108.375,0.4609377129137424,26.003958463668823,232,1.6552534103393555,39.5,2,9.375,0,0,237.5,0,0.0,232,229,1,0.9109506704233267,29.405938625335693,125.96875,0,256,0.0,59648,36784,0,12447204.0,1762984488.5275607,17.71875,29.33475160598755,0
1276.5834396067967,32,9115.315883192,7488,192,0.0,97,141.078125,0.0,0,0.9752604166666666,0.322891153289321,107.25,0.470215493373324,25.00377917289734,233,1.8811988830566406,35.375,2,8.75,0,0,227.375,0,0.0,233,230,1,0.87548008631993,28.36159324645996,124.40625,0,256,0.0,59904,36116,0,12483320.0,1762984516.8935578,16.671875,28.291139364242554,0
1422.4358161068808,32,9143.713204484,7520,236,0.0,96,155.3828125,0.0,0,1.0,0.33360066262579957,107.625,0.46677690282055645,25.003586530685425,234,1.6206843852996826,42.625,2,9.5,0,0,270.75,0,0.0,234,231,1,0.9349685470779221,28.037090063095093,136.65625,0,256,0.0,60160,39778,0,12523098.0,1762984544.9350595,18.7265625,27.964706420898438,0
1206.5528501421406,32,9172.574033571,7552,164,0.0,97,133.48046875,0.0,0,1.0,0.3226716781893695,109.0,0.4406447032673393,25.003723621368408,235,1.6693105697631836,21.125,2,9.75,0,0,183.75,0,0.0,235,232,1,0.8969515835726773,28.39307188987732,118.71875,0,256,0.0,60416,34171,0,12557269.0,1762984573.3324714,14.76171875,28.321179628372192,0
1238.1199736493986,32,9195.978295577,7584,167,0.0,99,139.23046875,0.0,0,0.96875,0.30711926094512676,110.625,0.41909894351607135,26.00374937057495,236,1.6686084270477295,29.5,2,9.5,0,0,195.125,0,0.0,236,233,1,0.8428298149460833,28.8565571308136,122.9375,0,256,0.0,60672,35643,0,12592912.0,1762984602.1932576,16.29296875,28.788001775741577,0
1734.576580775773,32,9221.357963745,7616,340,0.0,96,158.0546875,0.0,0,0.94140625,0.325926523355581,106.625,0.4705543415375201,20.002910614013672,237,1.643465280532837,80.375,2,8.875,0,0,420.375,0,0.0,237,234,1,0.9178335336538461,23.399871826171875,137.84375,0,256,0.0,60928,40462,0,12633374.0,1762984625.5973117,20.2109375,23.326730251312256,0
1430.6920414146973,32,9250.691428565,7648,185,0.0,101,141.40234375,0.0,0,0.98046875,0.31357175533291404,111.25,0.421264623747175,22.00318694114685,238,1.6132736206054688,33.25,2,8.75,0,0,218.25,0,0.0,238,235,1,0.8751463705565268,25.37589168548584,125.3125,0,256,0.0,61184,36199,0,12669573.0,1762984650.97731,16.08984375,25.301741361618042,0
1380.0017366258937,32,9280.332283244,7680,340,0.0,96,157.69140625,0.0,0,0.93359375,0.30609974454682487,105.875,0.4271283260409737,26.00464415550232,239,1.8685710430145264,68.75,2,9.875,0,0,408.75,0,0.0,239,236,1,0.8487646955908674,29.329123735427856,137.8125,0,256,0.0,61440,40369,0,12709942.0,1762984680.3108218,19.87890625,29.252861738204956,0
1258.6996101194038,32,9310.643628923,7712,182,0.0,97,145.34765625,0.0,0,0.96484375,0.32209415384479373,109.75,0.4636990594883917,27.004764556884766,240,1.6093568801879883,43.875,2,10.5,0,0,225.875,0,0.0,240,237,1,0.885799779647436,29.636494874954224,126.65625,0,256,0.0,61696,37209,0,12747151.0,1762984709.951597,18.69140625,29.561461448669434,0
1147.147862973562,32,9339.995341113,7744,179,0.0,97,135.5078125,0.0,0,1.0,0.3165075960625143,109.125,0.43837642897328566,27.00474762916565,241,1.6570491790771484,37.0,2,9.5,0,0,210.25,0,0.0,241,238,1,0.858882068452381,30.306508779525757,120.03125,0,256,0.0,61952,34690,0,12781841.0,1762984740.262362,15.4765625,30.240216732025146,0
1219.2895512140965,32,9364.811194368,7776,173,0.0,97,139.4375,0.0,0,1.0,0.3232427745597515,106.75,0.4528801118331607,26.004649877548218,242,1.850710153579712,28.75,2,9.0,0,0,201.75,0,0.0,242,239,1,0.8844450146207958,29.347992658615112,123.09375,0,256,0.0,62208,35696,0,12817537.0,1762984769.6145675,16.34375,29.2760648727417,0
1434.7707228812294,32,9389.115200966,7808,209,0.0,97,138.67578125,0.0,0,0.982421875,0.3219239541177774,108.375,0.46286095079539885,21.003689527511597,243,2.5496957302093506,30.5,2,10.0,0,0,236.25,0,0.0,243,240,1,0.8740638430579837,24.811686277389526,123.03125,0,256,0.0,62464,35501,0,12853038.0,1762984794.4305243,15.64453125,24.74332618713379,0
1527.4703596315421,32,9415.306591137,7840,178,0.0,102,144.5546875,0.0,0,0.984375,0.3133463467243575,114.25,0.42248040842741436,21.003167390823364,244,1.6004202365875244,30.875,2,10.25,0,0,208.875,0,0.0,244,241,1,0.8694184335924975,24.299569606781006,127.78125,0,256,0.0,62720,37006,0,12890044.0,1762984818.734391,16.7734375,24.22698402404785,0
1437.7633995720691,32,9443.2698023,7872,195,0.0,96,146.6640625,0.0,0,1.0,0.33219655764832406,106.25,0.46286319183278446,23.00338315963745,245,1.6385977268218994,66.125,2,9.625,0,0,261.125,0,0.0,245,242,1,0.9308261285451144,26.187058448791504,127.5625,0,256,0.0,62976,37546,0,12927590.0,1762984844.9256265,19.1015625,26.114171504974365,0
1339.5239217546048,32,9473.700430938,7904,212,0.0,98,145.91796875,0.0,0,1.0,0.29177319917336464,110.125,0.3825190274055966,25.003669500350952,246,1.6606214046478271,46.125,2,10.125,0,0,258.125,0,0.0,246,243,1,0.7684626246149684,27.959208250045776,127.625,0,256,0.0,63232,37355,0,12964945.0,1762984872.8889575,18.29296875,27.886773347854614,0
1210.6633480990054,32,9502.118820706,7936,189,0.0,96,143.5546875,0.0,0,0.96875,0.29902015378378766,107.25,0.37745325711198074,27.003949403762817,247,1.6124207973480225,38.625,2,9.0,0,0,210.375,0,0.0,247,244,1,0.8443633490759433,30.42592763900757,126.8125,0,256,0.0,63488,36750,0,13001695.0,1762984903.3193946,16.7421875,30.35525941848755,0
1296.5385255209771,32,9529.093180963,7968,193,0.0,98,143.546875,0.0,0,0.9765625,0.3112725686260661,110.125,0.42223478426364597,25.003768920898438,248,1.954268217086792,41.25,2,10.5,0,0,226.25,0,0.0,248,245,1,0.861129078488913,28.41446876525879,125.59375,0,256,0.0,63744,36748,0,13038443.0,1762984931.7381282,17.953125,28.34316086769104,0
1386.565001493601,32,9556.651527478,8000,183,0.0,97,145.69921875,0.0,0,0.984375,0.31206899262608456,106.5,0.4294887831775631,24.003653287887573,249,1.6395022869110107,34.5,2,9.25,0,0,214.5,0,0.0,249,246,1,0.8515582399371462,26.970046758651733,128.21875,0,256,0.0,64000,37299,0,13075742.0,1762984958.7124057,17.48046875,26.90028953552246,0
1362.9991859321694,32,9585.098422,8032,203,0.0,97,146.3203125,0.0,0,0.9557291666666666,0.3177442857779011,108.25,0.4676150287791989,24.003583669662476,250,1.6458914279937744,55.5,2,8.75,0,0,258.5,0,0.0,250,247,1,0.8576557557026308,27.553517818450928,127.875,0,256,0.0,64256,37458,0,13113200.0,1762984986.270173,18.4453125,27.482041358947754,0
1223.6287432672452,32,9613.414566582,8064,172,0.0,96,135.59375,0.0,0,1.0,0.31732102781117355,108.125,0.44912611417449905,25.00356125831604,251,1.9229371547698975,26.75,2,9.0,0,0,198.75,0,0.0,251,248,1,0.8499720331751581,28.443258047103882,119.5,0,256,0.0,64512,34712,0,13147912.0,1762985014.7178373,16.09375,28.36808156967163,0
1266.807435131516,32,9638.429016273,8096,172,0.0,98,139.765625,0.0,0,0.97265625,0.30135079975853346,110.875,0.4062556202181168,25.003942012786865,252,1.8754773139953613,28.375,2,8.25,0,0,200.375,0,0.0,252,249,1,0.818893671432734,28.311526775360107,124.28125,0,256,0.0,64768,35780,0,13183692.0,1762985043.0337536,15.484375,28.244229555130005,0
1496.6587255860834,32,9662.875211151,8128,203,0.0,97,145.8046875,0.0,0,0.947265625,0.31149420501157554,108.875,0.4377120974620359,22.003270387649536,253,1.6314423084259033,43.25,2,8.0,0,0,246.25,0,0.0,253,250,1,0.8615014867944555,25.010478019714355,128.84375,0,256,0.0,65024,37326,0,13221018.0,1762985068.0483148,16.9609375,24.939553260803223,0
1583.0338185110618,32,9691.407272909,8160,202,0.0,99,150.671875,0.0,0,0.9342447916666667,0.30777232756999917,111.0,0.428848465800691,21.003109455108643,254,1.659982681274414,38.5,2,8.75,0,0,240.5,0,0.0,254,251,1,0.8571877016212954,24.441653728485107,132.34375,0,256,0.0,65280,38572,0,13259590.0,1762985092.4943528,18.328125,24.365872383117676,0
1221.8219631563068,32,9719.377139033,8192,170,0.0,99,135.82421875,0.03125,0,0.96875,0.3184598604541049,111.5,0.4446160529027049,24.00341272354126,255,2.850205659866333,31.0,2,8.5,0,0,201.0,0,0.0,255,252,1,0.884410999157093,28.527683973312378,119.46875,1,256,0.0,65536,34771,0,13294361.0,1762985121.0267084,16.35546875,28.458319664001465,0
1328.5194717431273,32,9743.825172863,8224,193,0.0,97,144.7578125,0.03125,0,0.953125,0.3109835352648115,108.125,0.44428825949777717,24.00356125831604,256,2.579733371734619,45.0,2,11.125,0,0,234.0,0,0.0,256,253,1,0.8454225557683738,27.96540093421936,126.5,1,256,0.0,65792,37058,0,13331419.0,1762985148.9965167,18.2578125,27.894209146499634,0
1543.1182640921397,32,9774.211689243,8256,184,0.0,98,146.921875,0.03125,0,0.9765625,0.34090506793545305,109.75,0.5072323508990397,21.003090620040894,257,1.6509289741516113,29.875,2,9.0,0,0,213.875,0,0.0,257,254,1,0.945348985037634,24.44364333152771,130.5625,1,256,0.0,66048,37612,0,13369031.0,1762985173.4444163,16.359375,24.374022960662842,0
1197.1925593919416,32,9802.225548909,8288,199,0.0,97,141.73828125,0.03125,0,0.96875,0.32509722356553195,108.75,0.4515810677995631,27.004054307937622,258,1.8505198955535889,31.625,2,9.375,0,0,230.625,0,0.0,258,255,1,0.9193734000374625,30.382164478302002,124.84375,1,256,0.0,66304,36285,0,13405316.0,1762985203.8309093,16.89453125,30.30840754508972,0
1291.2671280055124,32,9830.721741152,8320,175,0.0,98,140.92578125,0.03125,0,1.0,0.3256330262769549,109.75,0.4797555819498346,25.004666328430176,259,1.6541075706481934,31.75,2,8.875,0,0,204.25,0,0.0,259,256,1,0.8645460659132533,28.009779930114746,124.09375,1,256,0.0,66560,36077,0,13441393.0,1762985231.8449774,16.83203125,27.939222812652588,0
1295.2712831124902,32,9859.032792866,8352,196,0.0,97,143.7734375,0.03125,0,1.0,0.3284215262472496,108.75,0.45155650755524135,25.003620147705078,260,1.711172103881836,38.25,2,9.125,0,0,234.25,0,0.0,260,257,1,0.9207348315746754,28.491610050201416,126.59375,1,256,0.0,66816,36806,0,13478199.0,1762985260.3410518,17.1796875,28.415668964385986,0
1286.064513213692,32,9888.072458553,8384,221,0.0,97,141.859375,0.03125,0,1.0,0.32565320279379084,107.25,0.4482127428761731,25.004704236984253,261,1.8511574268341064,46.5,2,8.0,0,0,267.5,0,0.0,261,258,1,0.9067376947903747,28.307120323181152,124.75,1,256,0.0,67072,36316,0,13514515.0,1762985288.652274,17.109375,28.238085746765137,0
1225.3505623076308,32,9916.022354045,8416,172,0.0,97,138.65625,0.03125,0,1.0,0.32662611572816624,108.5,0.4621413627785684,25.00450587272644,262,2.547088384628296,38.375,2,8.5,0,0,210.375,0,0.0,262,259,1,0.8946522878163503,29.035247802734375,122.65625,1,256,0.0,67328,35496,0,13550011.0,1762985317.6917608,16.0,28.968036651611328,0
1314.2734256092776,32,9941.497331968,8448,168,0.0,98,143.109375,0.03125,0,0.9765625,0.3216764042561784,110.5,0.4723129389959892,25.00437617301941,263,1.6116666793823242,33.125,2,9.25,0,0,196.125,0,0.0,263,260,1,0.8637171097132035,27.945730924606323,126.65625,1,256,0.0,67584,36636,0,13586647.0,1762985345.6415443,16.453125,27.8754780292511,0
1435.9453878165114,32,9970.040397576,8480,175,0.0,98,142.4765625,0.03125,0,1.0,0.33386286248769115,110.375,0.47106064744536047,22.00338888168335,264,1.6351165771484375,34.625,2,9.0,0,0,207.25,0,0.0,264,261,1,0.9310048866574602,25.47098994255066,125.03125,1,256,0.0,67840,36474,0,13623121.0,1762985371.116634,17.4453125,25.40068745613098,0
1354.8337367443698,32,9998.983915475,8512,193,0.0,97,150.63671875,0.03125,0,0.98046875,0.31449262774429554,106.625,0.45069889222578585,25.003649711608887,265,1.93343186378479,35.5,2,9.625,0,0,222.875,0,0.0,265,262,1,0.8420398286609224,28.538569450378418,132.8125,1,256,0.0,68096,38563,0,13661684.0,1762985399.6593304,17.82421875,28.463271141052246,0
1214.1495334255821,32,10027.505028953,8544,187,0.0,96,136.92578125,0.03125,0,0.94921875,0.32038256709006585,107.25,0.45666279740243976,25.003675937652588,266,2.6092567443847656,34.75,2,8.0,0,0,221.75,0,0.0,266,263,1,0.8941875507305195,28.939891815185547,121.90625,1,256,0.0,68352,35053,0,13696737.0,1762985428.6033823,15.01953125,28.87041425704956,0
1350.9694629515755,32,10051.92760253,8576,235,0.0,105,150.109375,0.03125,0,0.953125,0.3231501070058309,116.375,0.46848253203605383,25.003799438476562,267,1.604419469833374,41.125,2,9.0,0,0,276.125,0,0.0,267,264,1,0.8942740039908008,28.516794681549072,132.5,1,256,0.0,68608,38428,0,13735165.0,1762985457.1243718,17.609375,28.444758415222168,0
1437.9656554988726,32,10081.373021718,8608,188,0.0,97,136.76953125,0.03125,0,0.96875,0.3117364163173827,108.25,0.42868756438536504,21.00304079055786,268,1.890700340270996,44.0,2,8.0,0,0,232.0,0,0.0,268,265,1,0.8608260229353979,24.41827893257141,120.59375,1,256,0.0,68864,35013,0,13770178.0,1762985481.5468946,16.17578125,24.348982095718384,0
1208.1822187366624,32,10105.462713606,8640,173,0.0,96,138.6015625,0.03125,0,0.9498697916666666,0.308208341584952,106.75,0.4177124330329851,26.00391387939453,269,1.8238108158111572,32.625,2,9.0,0,0,203.625,0,0.0,269,266,1,0.8645258387445888,29.441241979599,122.625,1,256,0.0,69120,35482,0,13805660.0,1762985510.9923823,15.9765625,29.368086576461792,0
1566.1517974362098,32,10129.880153398,8672,173,0.0,100,146.921875,0.03125,0,1.0,0.3142364455228703,110.375,0.4189722061904629,21.00318717956543,270,1.6692981719970703,34.625,2,9.25,0,0,207.625,0,0.0,270,267,1,0.8696133618985182,24.08526849746704,129.0625,1,256,0.0,69376,37612,0,13843272.0,1762985535.0819414,17.859375,24.015552043914795,0
1559.4495940116196,32,10158.378757186,8704,191,0.0,100,147.29032258064515,0.03125,0,0.955078125,0.31952654728820806,111.0,0.4475333485242695,21.00309681892395,271,1.640810489654541,40.75,2,9.0,0,0,226.875,0,0.0,271,268,1,0.8967471005556943,24.413116216659546,129.38709677419354,1,256,0.0,69632,37962,0,13881234.0,1762985559.4993196,17.903225806451612,24.343204259872437,0
1321.2790193325832,32,10187.478185,8736,198,0.0,98,146.69140625,0.03125,0,0.98046875,0.2947846732063678,110.25,0.4029297600284674,25.00376582145691,272,1.6457695960998535,41.125,2,11.125,0,0,239.125,0,0.0,272,269,1,0.7743456413378288,28.494243144989014,129.15625,1,256,0.0,69888,37553,0,13918787.0,1762985587.9976408,17.53515625,28.421703100204468,0
1225.3196126718183,32,10216.448480802,8768,167,0.0,97,138.94140625,0.03125,0,0.96875,0.3205125603844577,109.0,0.4547114589293437,26.00391149520874,273,1.607111930847168,29.875,2,9.0,0,0,196.875,0,0.0,273,270,1,0.8846351239905927,29.0957293510437,123.125,1,256,0.0,70144,35569,0,13954356.0,1762985617.0976052,15.81640625,29.02834463119507,0
1358.5735289329402,32,10240.711736785,8800,249,0.0,98,153.33984375,0.03125,0,0.9375,0.31260281298609266,109.5,0.4310073387464909,26.00382709503174,274,1.627610445022583,36.125,2,9.625,0,0,281.875,0,0.0,274,271,1,0.8843423015786296,28.96592402458191,135.34375,1,256,0.0,70400,39255,0,13993611.0,1762985646.067794,17.99609375,28.894277095794678,0
1464.991260392491,32,10269.129333822,8832,172,0.0,96,138.43359375,0.03125,0,0.9921875,0.3135709378350791,107.875,0.44243957694387714,21.00338864326477,275,1.589939832687378,35.0,2,8.5,0,0,207.0,0,0.0,275,272,1,0.8390951496420246,24.25912880897522,122.21875,1,256,0.0,70656,35439,0,14029050.0,1762985670.3311493,16.21484375,24.190587997436523,0
1357.3874146353405,32,10293.709969626,8864,283,0.0,101,150.2734375,0.03125,0,0.9557291666666666,0.3160074822404576,112.625,0.43926302039127585,25.003652572631836,276,1.907388687133789,44.75,2,9.625,0,0,327.75,0,0.0,276,273,1,0.8838797433035714,28.413251638412476,132.875,1,256,0.0,70912,38470,0,14067520.0,1762985698.7485235,17.3984375,28.341208696365356,0
1500.2511632149065,32,10324.686279944,8896,209,0.0,97,143.60546875,0.03125,0,1.0,0.31997541718447997,108.125,0.45302385370539777,21.003172159194946,277,1.9027981758117676,36.625,2,10.375,0,0,240.0,0,0.0,277,274,1,0.8624709762893357,24.57680583000183,126.46875,1,256,0.0,71168,36763,0,14104283.0,1762985723.3295174,17.13671875,24.504563570022583,0
1209.746136298191,32,10351.52024335,8928,175,0.0,97,144.8984375,1.0,0,0.96875,0.31472178474326995,107.875,0.4540172604967569,26.003741025924683,278,1.8368165493011475,30.875,1,8.0,0,0,205.875,0,0.0,278,275,1,0.8469555509594572,30.965738773345947,127.875,2,256,0.0,71424,37094,0,14141377.0,1762985754.2994812,17.0234375,30.662631511688232,0
1361.9658242351184,32,10381.850432451,8960,185,0.0,100,142.29296875,0.9375,0,0.9375,0.3037477942664943,111.625,0.4093450449463576,23.004026412963867,279,1.7629492282867432,35.75,1,8.375,0,0,220.75,0,0.0,279,277,1,0.8541919018481519,26.81671977043152,126.28125,1,256,0.0,71680,36427,0,14177804.0,1762985781.1205606,16.01171875,26.745898723602295,0
1190.04902850917,32,10411.207242763,8992,167,0.0,98,140.72265625,0.9375,0,0.984375,0.31554262540729133,109.375,0.4389923028692105,26.004453897476196,280,1.888692855834961,33.375,1,9.0,0,0,196.375,0,0.0,280,278,1,0.862044432222995,30.33964967727661,124.125,1,256,0.0,71936,36025,0,14213829.0,1762985811.4644232,16.59765625,30.271862030029297,0
1202.473526704466,32,10438.713733181,9024,182,0.0,100,137.58203125,0.9375,0,0.98828125,0.31549651463430484,112.0,0.4335704107297308,25.00426983833313,281,2.6145269870758057,35.25,1,9.875,0,0,217.25,0,0.0,281,279,1,0.8663620499223912,29.358067989349365,121.9375,1,256,0.0,72192,35221,0,14249050.0,1762985840.8265765,15.64453125,29.290457725524902,0
1359.4824687331013,32,10464.401881794,9056,203,0.0,97,145.6484375,0.9375,0,0.984375,0.31378609343383246,108.125,0.42290313024827075,23.00396752357483,282,1.695425033569336,31.75,1,9.0,0,0,219.625,0,0.0,282,280,1,0.8717864492278554,27.50240397453308,128.71875,1,256,0.0,72448,37286,0,14286336.0,1762985868.3329902,16.9296875,27.426613330841064,0
1405.1648230312032,32,10493.330171003,9088,181,0.0,103,140.3359375,0.9375,0,0.9375,0.33064068917537714,114.875,0.4751565659989512,21.00399112701416,283,1.7199714183807373,38.125,1,9.125,0,0,219.125,0,0.0,283,281,1,0.9457291731705795,25.68210220336914,123.90625,1,256,0.0,72704,35926,0,14322262.0,1762985894.020365,16.4296875,25.567107439041138,0
1247.3833628835253,32,10518.019219677,9120,195,0.0,97,140.51171875,0.9375,0,0.982421875,0.32061865080429747,107.375,0.4488039520149002,24.003607749938965,284,2.221263885498047,61.25,1,8.375,0,0,256.25,0,0.0,284,282,1,0.8841044860087829,28.905384063720703,123.34375,1,256,0.0,72960,35971,0,14358233.0,1762985922.9305012,17.16796875,28.837165117263794,0
1476.203678038963,32,10541.515367449,9152,202,0.0,97,142.05078125,0.9375,0,0.96875,0.3251393809634475,108.75,0.4474103232347578,20.00342559814453,285,1.8265571594238281,30.375,1,8.25,0,0,223.375,0,0.0,285,283,1,0.9252154421099734,24.701758861541748,125.84375,1,256,0.0,73216,36365,0,14394598.0,1762985947.6364198,16.20703125,24.634134531021118,0
1564.141008149567,32,10571.235421792,9184,219,0.0,98,143.08984375,0.9375,0,0.9485677083333333,0.3179579623103005,110.875,0.4553747118208866,20.00355100631714,286,2.0006866455078125,40.75,1,8.0,0,0,259.75,0,0.0,286,284,1,0.8801749940852652,23.49275493621826,127.3125,1,256,0.0,73472,36631,0,14431229.0,1762985971.1334665,15.77734375,23.419244050979614,0
1213.3301853494086,32,10599.083470863,9216,177,0.0,96,140.5,0.96875,0,1.0,0.3190153101035346,107.75,0.43683813366109214,25.003631353378296,287,2.8463687896728516,36.25,1,8.25,0,0,213.25,0,0.0,287,285,1,0.8776512224754413,29.716018438339233,123.875,1,256,0.0,73728,35968,0,14467197.0,1762986000.8539786,16.625,29.644032955169678,0
1302.6931520809098,32,10626.939319389,9248,169,0.0,97,141.33984375,0.96875,0,0.97265625,0.3143681635847161,108.5,0.4362925771019022,24.00364089012146,288,1.8651330471038818,32.625,1,8.375,0,0,200.25,0,0.0,288,286,1,0.8656268210955711,27.844710111618042,124.375,1,256,0.0,73984,36183,0,14503380.0,1762986028.7029154,16.96484375,27.775535583496094,0
1375.9744183161763,32,10652.486948431,9280,202,0.0,97,148.98046875,0.96875,0,0.962890625,0.31565431446988845,109.25,0.46522178215680754,21.002962827682495,289,2.7552356719970703,41.125,1,9.125,0,0,237.125,0,0.0,289,287,1,0.8421393035901792,27.79309058189392,130.75,1,256,0.0,74240,38139,0,14541519.0,1762986056.5002973,18.23046875,27.717811822891235,0
1369.3473012732925,32,10684.609201443,9312,180,0.0,97,136.41015625,0.96875,0,1.0,0.313832089088348,109.125,0.4178498541775352,22.003239631652832,290,2.037813901901245,29.875,1,8.25,0,0,204.125,0,0.0,290,288,1,0.868414121685606,25.56878352165222,121.25,1,256,0.0,74496,34921,0,14576440.0,1762986082.073385,15.16015625,25.501930713653564,0
1063.6071988594724,32,10707.400346027,9344,166,0.0,97,133.06640625,0.96875,0,1.0,0.3128931329045268,108.0,0.4143850322642671,27.003977060317993,291,1.8141562938690186,29.125,1,9.375,0,0,195.125,0,0.0,291,289,1,0.866774176344489,32.14925932884216,118.28125,1,256,0.0,74752,34065,0,14610505.0,1762986114.2277174,14.78515625,32.027801275253296,0
1631.5390861127191,32,10732.997551723,9376,170,0.0,104,144.7734375,0.96875,0,1.0,0.3217037470420482,112.0,0.4390465326081554,19.002864837646484,292,2.4409525394439697,31.25,1,8.0,0,0,200.25,0,0.0,292,290,1,0.8926296034694472,22.7863290309906,128.65625,1,256,0.0,75008,37062,0,14647567.0,1762986137.0186834,16.1171875,22.7159743309021,0
1382.2703932110858,32,10760.161987161,9408,232,0.0,97,137.8125,0.96875,0,0.91796875,0.2922180696159736,107.5,0.3859647900441536,21.003135204315186,293,2.855746030807495,35.125,1,8.0,0,0,251.375,0,0.0,293,291,1,0.8215215773809523,25.5923068523407,122.59375,1,256,0.0,75264,35280,0,14682847.0,1762986162.6152124,15.21875,25.523226261138916,0
1396.3718099839891,32,10785.513268664,9440,203,0.0,97,147.7578125,0.96875,0,0.94140625,0.3170910567981144,107.875,0.46510890673501504,23.00323486328125,294,1.8856329917907715,55.125,1,9.125,0,0,258.125,0,0.0,294,292,1,0.8661910030074091,27.15989327430725,130.375,1,256,0.0,75520,37826,0,14720673.0,1762986189.7791526,17.3828125,27.088773727416992,0
1350.6011375879036,32,10812.119277542,9472,143,0.0,98,133.1171875,0.96875,0,1.0,0.3089475096671148,107.125,0.40843820314951,19.00280785560608,295,1.8775174617767334,26.375,1,8.5,0,0,169.375,0,0.0,295,293,1,0.8483991269147519,25.347487449645996,117.78125,1,256,0.0,75776,34078,0,14754751.0,1762986215.1318047,15.3359375,25.231727600097656,0
1411.3010940155953,32,10838.040376432,9504,188,0.0,103,146.25390625,0.96875,0,0.9765625,0.3154017677420916,113.375,0.4364492337283778,23.0034077167511,296,2.32891845703125,37.375,1,10.375,0,0,224.375,0,0.0,296,294,1,0.8697044733094401,26.599093437194824,128.96875,1,256,0.0,76032,37441,0,14792192.0,1762986241.7355943,17.28515625,26.529420375823975,0
1450.9163230092338,32,10863.59079226,9536,193,0.0,97,146.46875,0.96875,0,1.0,0.33661759680276526,107.5,0.49173607420488524,20.003118753433228,297,2.0160012245178223,38.875,1,8.75,0,0,230.5,0,0.0,297,295,1,0.9218025464119214,25.913535594940186,129.0625,1,256,0.0,76288,37496,0,14829688.0,1762986267.653482,17.40625,25.842978954315186,0
1384.9678863628826,32,10893.184626878,9568,147,0.0,100,137.86328125,0.96875,0,0.9375,0.2992338716249021,111.5,0.4140181633413011,23.003392457962036,298,1.997990608215332,26.375,1,8.875,0,0,170.375,0,0.0,298,296,1,0.817868259710946,25.552067041397095,122.34375,1,256,0.0,76544,35293,0,14864981.0,1762986293.2099473,15.51953125,25.482901334762573,0
1218.1402470553714,32,10919.795605045,9600,167,0.0,96,140.25,0.9375,0,0.9518229166666667,0.31993439187459366,108.0,0.4541705694868128,25.003602027893066,299,1.9650847911834717,30.875,1,8.0,0,0,191.375,0,0.0,299,297,1,0.8927865754037629,29.588547945022583,124.125,1,256,0.0,76800,35904,0,14900885.0,1762986322.8037412,16.125,29.474438667297363,0
1555.0108111866884,32,10944.292325568,9632,188,0.0,96,145.97265625,0.9375,0,0.95703125,0.3248125622261254,108.375,0.46824160596860165,20.002965450286865,300,1.7677044868469238,38.375,1,8.5,0,0,226.375,0,0.0,300,298,1,0.9030741068827006,24.15964961051941,128.875,1,256,2.444370746612549,77056,37369,0,14938254.0,1762986349.413718,17.09765625,24.031344175338745,0
1451.5189277987376,32,10986.00866745,9664,170,0.0,99,138.47265625,0.9375,0,0.962890625,0.3034331104524614,111.0,0.39163417589510796,20.00292944908142,301,2.0302605628967285,24.75,1,8.0,0,0,189.75,0,0.0,301,299,1,0.8587814184895987,24.49075412750244,123.84375,1,256,0.0,77312,35449,0,14973703.0,1762986373.9090497,14.62890625,24.422003269195557,0
851.2568395186488,32,11012.00823987,9696,197,0.0,96,138.44140625,0.9375,0,0.96875,0.33458072636218616,107.5,0.49578919351485207,37.00601816177368,302,1.7361063957214355,49.875,1,9.0,0,0,246.875,0,0.0,302,300,1,0.9236525843947719,41.70321226119995,121.9375,1,256,0.0,77568,35441,0,15009144.0,1762986415.6167045,16.50390625,41.63373303413391,0
1402.456207112711,32,11034.848286151,9728,297,0.0,97,142.2983870967742,0.9375,0,0.96875,0.32433343409181314,108.5,0.46640197666848104,21.00352454185486,303,2.7419517040252686,73.25,1,8.0,0,0,370.25,0,0.0,303,301,1,0.894520258387446,26.00577735900879,125.80645161290323,1,256,0.0,77824,36358,0,15045502.0,1762986441.626765,16.491935483870968,25.924517154693604,0
1636.9561820309993,32,11064.280217471,9760,221,0.0,100,145.46484375,0.9375,0,1.0,0.3303607204229679,111.75,0.47786223586390264,18.003055810928345,304,2.019481658935547,36.375,1,8.375,0,0,257.375,0,0.0,304,302,1,0.898588488334582,22.818001747131348,128.0625,1,256,0.0,78080,37239,0,15082741.0,1762986464.4492686,17.40234375,22.748929023742676,0
1222.7463935601477,32,11094.653485208,9792,174,0.0,99,140.2265625,0.9375,0,1.0,0.32251858109899495,111.125,0.47700110113091054,25.004106760025024,305,1.7318463325500488,34.75,1,9.0,0,0,205.875,0,0.0,305,303,1,0.8474557391520857,29.427303314208984,123.03125,1,256,0.0,78336,35898,0,15118639.0,1762986493.8806787,17.1953125,29.358500003814697,0
1205.776689832877,32,11124.259815612,9824,173,0.0,99,142.73046875,0.9375,0,1.0,0.3251153538608251,110.25,0.47574601569996294,26.004230737686157,306,1.6897962093353271,34.25,1,8.875,0,0,203.25,0,0.0,306,304,1,0.8664410048055499,30.376607656478882,124.96875,1,256,0.0,78592,36539,0,15155178.0,1762986524.261601,17.76171875,30.30328941345215,0
1295.5375804184562,32,11152.499482378,9856,211,0.0,97,149.4765625,0.9375,0,0.96484375,0.31292364601506917,108.625,0.44208026998855765,25.004472255706787,307,1.9398069381713867,40.5,1,10.0,0,0,247.625,0,0.0,307,305,1,0.853488113449051,29.61353611946106,130.90625,1,256,0.0,78848,38266,0,15193444.0,1762986553.8792245,18.5703125,29.536773443222046,0
1371.3582086348474,32,11182.192850442,9888,193,0.0,97,150.83203125,0.9375,0,1.0,0.32094854529920347,108.875,0.4755940187584422,24.004251718521118,308,1.7570295333862305,34.75,1,10.0,0,0,223.5,0,0.0,308,306,1,0.8388649436500999,28.2275710105896,131.46875,1,256,0.0,79104,38613,0,15232057.0,1762986582.111028,19.36328125,28.15675711631775,0
1259.9903082230526,32,11211.727329179,9920,181,0.0,98,145.79296875,0.9375,0,0.94140625,0.3005873504483523,109.875,0.4148581340221687,26.004667043685913,309,1.6813204288482666,37.875,1,9.875,0,0,218.875,0,0.0,309,307,1,0.8231673242927899,29.69723415374756,128.28125,1,256,0.0,79360,37323,0,15269380.0,1762986611.812347,17.51171875,29.62165641784668,0
1264.7433121585877,32,11241.283765713,9952,205,0.0,97,145.54296875,0.9375,0,0.984375,0.32788923239370465,108.0,0.475068401057559,25.00458550453186,310,1.936150312423706,34.875,1,8.875,0,0,230.0,0,0.0,310,308,1,0.8962536812146187,29.530116081237793,127.90625,1,256,0.0,79616,37259,0,15306639.0,1762986641.3467984,17.63671875,29.4597327709198,0
1227.083599754815,32,11268.663367743,9984,200,0.0,97,141.2734375,0.9375,0,0.9765625,0.32382904386134376,109.375,0.4747163686307404,24.00420832633972,311,2.9046897888183594,39.875,1,10.5,0,0,239.875,0,0.0,311,309,1,0.8748634675679712,29.54092502593994,123.6875,1,256,0.0,79872,36166,0,15342805.0,1762986670.8919995,17.5859375,29.473134517669678,0
1393.5014769886175,32,11297.262517522,10016,196,0.0,98,148.6171875,0.9375,0,0.96875,0.3175800847770113,109.125,0.4480020012242468,23.0036838054657,312,1.677739143371582,37.375,1,8.5,0,0,233.375,0,0.0,312,310,1,0.8740312302144128,27.373376846313477,131.28125,1,256,0.0,80128,38046,0,15380851.0,1762986698.2696342,17.3359375,27.302446842193604,0
1343.8950436172033,32,11325.998288911,10048,193,0.0,96,149.8125,0.9375,0,0.984375,0.3454245750341344,107.0,0.5323028270547252,24.00388216972351,313,1.6766667366027832,38.375,1,9.0,0,0,224.75,0,0.0,313,311,1,0.9368433974879287,28.60777449607849,131.28125,1,256,0.0,80384,38352,0,15419203.0,1762986726.8816612,18.53125,28.53794288635254,0
1301.9636537704614,32,11355.727972719,10080,229,0.0,98,145.5703125,0.9375,0,0.908203125,0.302680921599913,110.25,0.43924373899724356,24.00397562980652,314,1.9695603847503662,39.75,1,9.0,0,0,268.75,0,0.0,314,312,1,0.8267457420030949,28.698689699172974,127.25,1,256,0.0,80640,37266,0,15456469.0,1762986755.5845332,18.3203125,28.622918844223022,0
1177.4346169583248,32,11381.910450997,10112,179,0.0,97,136.53125,0.9375,0,0.96875,0.31263884450994034,108.5,0.4250508961495393,25.003969192504883,315,1.7305216789245605,39.0,1,8.75,0,0,218.0,0,0.0,315,313,1,0.8716911018668831,29.75676417350769,120.96875,1,256,0.0,80896,34952,0,15491421.0,1762986785.345462,15.5625,29.68487548828125,0
1430.7979153446624,32,11408.274673251,10144,176,0.0,102,145.921875,0.9375,0,1.0,0.32831839194875356,112.0,0.47630373019413563,23.003783464431763,316,1.6986918449401855,35.375,1,8.0,0,0,211.375,0,0.0,316,314,1,0.8870509727328433,26.17885422706604,127.40625,1,256,0.0,81152,37356,0,15528777.0,1762986811.5286562,18.515625,26.108508825302124,0
1389.1501061386361,32,11435.004116344,10176,242,0.0,99,142.66015625,0.9375,0,0.96875,0.3165771821279053,110.625,0.42964597430632845,21.003485202789307,317,2.5774548053741455,56.75,1,8.5,0,0,298.75,0,0.0,317,315,1,0.8918199151109307,26.360416889190674,125.90625,1,256,0.0,81408,36521,0,15565298.0,1762986837.8933527,16.75390625,26.290175437927246,0
1410.287608908383,32,11463.394829244,10208,196,0.0,97,146.78515625,0.9375,0,0.962890625,0.3251982800269838,109.125,0.47655453974691575,22.003484964370728,318,1.692631721496582,46.5,1,8.625,0,0,228.875,0,0.0,318,316,1,0.8906553971840048,26.7154860496521,128.6875,1,256,0.0,81664,37577,0,15602875.0,1762986864.6128817,18.09765625,26.644919633865356,0
1288.3515562308821,32,11494.309128181,10240,179,0.0,97,142.296875,0.9375,0,0.96875,0.3222131382071721,108.75,0.4518603176236571,24.00376844406128,319,1.715151071548462,35.375,1,9.875,0,0,212.875,0,0.0,319,317,1,0.8997738312162715,28.35396718978882,125.40625,1,256,0.0,81920,36428,0,15639303.0,1762986892.9711041,16.890625,28.274891138076782,0
1177.034978905444,32,11522.762293313,10272,193,0.0,96,141.953125,0.9375,0,0.9752604166666667,0.3127989087805546,107.5,0.44712771401024726,25.004298448562622,320,2.951323986053467,27.0,1,9.5,0,0,219.0,0,0.0,320,318,1,0.8389821620789234,30.943649291992188,125.0625,1,256,0.0,82176,36340,0,15675643.0,1762986923.918946,16.890625,30.874188661575317,0
1272.717528230618,32,11549.940898018,10304,172,0.0,97,141.1015625,0.9375,0,1.0,0.3297054595845532,107.625,0.4871758807852161,23.0036780834198,321,2.7075979709625244,36.375,1,9.125,0,0,208.375,0,0.0,321,319,1,0.8818018895167332,28.452502012252808,124.4375,1,256,0.0,82432,36122,0,15711765.0,1762986952.3755724,16.6640625,28.381788730621338,0
1404.0663434903863,32,11578.451327012,10336,233,0.0,98,148.67578125,0.9375,0,0.95703125,0.33275637213795384,110.25,0.4781235004952764,23.003767013549805,322,1.699955940246582,50.625,1,10.625,0,0,277.75,0,0.0,322,320,1,0.9428569802593241,27.178861141204834,129.6875,1,256,0.0,82688,38061,0,15749826.0,1762986979.558683,18.98828125,27.107693433761597,0
1266.9315656272686,32,11608.205318504,10368,175,0.0,99,140.67578125,0.9375,0,0.96875,0.3249126912979775,110.0,0.4629893372497528,24.003827571868896,323,2.0313241481781006,34.125,1,8.0,0,0,209.125,0,0.0,323,321,1,0.9029321589868465,28.493796825408936,123.5625,1,256,0.0,82944,36013,0,15785839.0,1762987008.0566392,17.11328125,28.425371170043945,0
1349.070160040839,32,11636.712107194,10400,184,0.0,100,156.4296875,0.9375,0,0.96875,0.33670297980734465,110.375,0.5110908143323651,26.004547595977783,324,1.6541433334350586,37.5,1,9.0,0,0,218.5,0,0.0,324,322,1,0.9173987796058108,29.75664734840393,136.34375,1,256,0.0,83200,40046,0,15825885.0,1762987037.8178225,20.0859375,29.684149265289307,0
1345.6443953965868,32,11665.058239674,10432,231,0.0,96,149.3515625,0.9375,0,0.9778645833333334,0.33229408827893897,106.75,0.4990949893984318,24.004486799240112,325,1.7246649265289307,41.25,1,10.0,0,0,260.125,0,0.0,325,323,1,0.8979242137727952,28.4886794090271,130.09375,1,256,0.0,83456,38234,0,15864119.0,1762987066.3106818,19.2578125,28.413152933120728,0
1304.570233274746,32,11694.417260737,10464,200,0.0,100,144.1328125,0.9375,0,0.96875,0.318627851391281,111.5,0.4584386368905797,24.004210233688354,326,1.687643051147461,44.375,1,8.0,0,0,244.375,0,0.0,326,324,1,0.8671008267544342,28.352832317352295,126.59375,1,256,0.0,83712,36898,0,15901017.0,1762987094.6677043,17.5390625,28.28364396095276,0
1261.4517723553338,32,11722.515638727,10496,185,0.0,97,144.14453125,0.9375,0,0.96875,0.30435383498729446,109.125,0.4220021085068083,25.00433588027954,327,2.8132898807525635,38.375,1,9.125,0,0,223.375,0,0.0,327,325,1,0.8205227552395522,29.32334280014038,124.46875,1,256,0.0,83968,36901,0,15937918.0,1762987123.9953933,19.67578125,29.252802848815918,0
1290.4351781912692,32,11750.999293868,10528,183,0.0,96,141.48046875,0.9375,0,1.0,0.3138786334353827,107.125,0.4229690812961122,23.004192352294922,328,1.9447736740112305,33.375,1,8.25,0,0,209.625,0,0.0,328,326,1,0.8618987811744017,28.13562297821045,124.625,1,256,0.0,84224,36219,0,15974137.0,1762987152.1351287,16.85546875,28.067275762557983,0
1312.7137365900198,32,11781.522492535,10560,192,0.0,98,145.61328125,0.9375,0,0.9609375,0.3197098769178659,109.875,0.47109496286215946,24.004055738449097,329,1.6969881057739258,40.375,1,8.5,0,0,232.375,0,0.0,329,327,1,0.8626475623028932,28.471855640411377,127.75,1,256,0.0,84480,37277,0,16011414.0,1762987180.6112223,17.86328125,28.396899461746216,0
1259.1863318831545,32,11811.128089368,10592,196,0.0,96,149.69921875,0.9375,0,0.9856770833333334,0.32847328731058506,107.0,0.48283028585466514,26.004458904266357,330,1.7556815147399902,41.125,1,10.0,0,0,237.125,0,0.0,330,328,1,0.8889301453754579,30.505106210708618,130.9375,1,256,0.0,84736,38323,0,16049737.0,1762987211.1205406,18.76171875,30.434733152389526,0
1264.0568819488183,32,11836.982271327,10624,202,0.0,97,145.89453125,0.9375,0,0.974609375,0.3071611056160467,108.0,0.4365963754164912,24.004316329956055,331,2.7300522327423096,35.375,1,8.25,0,0,230.75,0,0.0,331,329,1,0.8158726202183233,29.621825218200684,128.75,1,256,0.0,84992,37349,0,16087086.0,1762987240.746691,17.14453125,29.546929836273193,0
1490.7598177085497,32,11867.25496512,10656,233,0.0,99,149.9765625,0.9375,0,0.9270833333333333,0.32369329265302316,111.5,0.4827035608029944,22.003952980041504,332,1.759695291519165,39.125,1,9.125,0,0,272.125,0,0.0,332,330,1,0.896294981060606,25.825452089309692,132.0625,1,256,0.0,85248,38394,0,16125480.0,1762987266.5762925,17.9140625,25.75465178489685,0
1164.431424626523,32,11895.386205096,10688,164,0.00390625,97,137.4375,0.9375,0,0.96875,0.31062174903127654,110.875,0.4109476340142031,26.004597663879395,333,1.886209487915039,75.0,1,8.5,0,0,195.75,0,0.125,333,331,1,0.8770481481895729,30.28368830680847,119.4375,1,256,0.0,85504,35184,0,16160664.0,1762987296.864156,18.0,30.21560502052307,0
1396.0080043691833,32,11921.056303804,10720,184,0.0,98,153.01953125,0.9375,0,0.986328125,0.32510833821488266,108.875,0.47806248570946575,24.004151344299316,334,1.7028136253356934,53.75,1,9.75,0,0,237.75,0,0.0,334,332,1,0.8724201904865967,28.13584852218628,133.25,1,256,0.0,85760,39173,0,16199837.0,1762987325.0040748,19.76953125,28.06072735786438,0
1486.9490233506847,32,11949.711547231,10752,182,0.0,97,148.56640625,0.9375,0,0.96875,0.3319769053202178,107.125,0.4912087083573163,21.003333806991577,335,2.566437244415283,34.5,1,9.25,0,0,216.5,0,0.0,335,333,1,0.9124010909916966,25.653108596801758,129.71875,1,256,0.0,86016,38033,0,16237870.0,1762987350.6615222,18.84765625,25.577877521514893,0
1332.1862443904567,32,11978.307969138,10784,246,0.0,97,148.671875,0.9375,0,0.90625,0.31930406892023167,108.75,0.45680483550088374,24.0035617351532,336,1.922260046005249,42.0,1,9.0,0,0,286.5,0,0.0,336,334,1,0.9154540121336996,28.644407272338867,130.09375,1,256,0.0,86272,38060,0,16275930.0,1762987379.310173,18.578125,28.569578886032104,0
1338.5678058283079,32,12006.682871052,10816,197,0.0,98,149.24609375,0.9375,0,0.9791666666666666,0.32263190184016355,109.75,0.4757452277001816,24.00380039215088,337,1.7018930912017822,47.625,1,9.0,0,0,229.625,0,0.0,337,335,1,0.863774597556404,28.612948656082153,129.8125,1,256,0.0,86528,38207,0,16314137.0,1762987407.927522,19.43359375,28.543193578720093,0
1279.376339642584,32,12035.277309161,10848,167,0.0,96,141.4453125,0.9375,0,0.984375,0.2987352680795937,108.0,0.38098400343805333,24.00356364250183,338,1.681394100189209,33.375,1,8.875,0,0,196.5,0,0.0,338,336,1,0.8273397826132203,28.370518922805786,124.5625,1,256,0.0,86784,36210,0,16350347.0,1762987436.3023813,16.8828125,28.302852630615234,0
1354.9823887168075,32,12062.722750698,10880,176,0.0,100,150.78125,0.9375,0,0.9765625,0.3311320474623193,110.625,0.4875499052608345,25.003942012786865,339,1.8341755867004395,37.5,1,8.0,0,0,212.5,0,0.0,339,337,1,0.9064387760676824,28.55754041671753,131.40625,1,256,0.0,87040,38600,0,16388947.0,1762987464.8642871,19.375,28.487455129623413,0
1409.0853775708924,32,12091.654484,10912,267,0.0,100,151.75201612903226,0.9375,0,0.9296875,0.327771841839647,112.125,0.4910978153186771,23.003433227539062,340,1.7069132328033447,47.125,1,9.875,0,0,311.75,0,0.0,340,338,1,0.9105568585060773,27.46379041671753,132.4516129032258,1,256,0.0,87296,38599,0,16427546.0,1762987492.3322601,19.300403225806452,27.392946243286133,0
1228.5992658435284,32,12121.60595573,10944,193,0.0,97,138.53515625,0.9375,0,1.0,0.30552523483227434,109.0,0.42621052438146395,25.003828763961792,341,1.6598291397094727,44.875,1,9.0,0,0,235.875,0,0.0,341,339,1,0.8018875330398768,28.937657356262207,120.1875,1,256,0.0,87552,35465,0,16463011.0,1762987521.273938,18.34765625,28.866206407546997,0
1302.0993162885268,32,12145.598307938,10976,229,0.0,98,151.83203125,0.9375,0,0.9309895833333334,0.2957548796163382,110.875,0.40093072810268954,25.00374698638916,342,2.817054271697998,38.0,1,8.25,0,0,267.0,0,0.0,342,340,1,0.8164651710831129,29.926371574401855,132.8125,1,256,0.0,87808,38869,0,16501880.0,1762987551.2045856,19.01953125,29.851025581359863,0
1628.4780568093577,32,12173.309531259,11008,236,0.0,96,152.0546875,0.96875,0,0.98828125,0.33361955667427223,107.375,0.49217353671957514,20.00323748588562,343,2.0099430084228516,37.125,1,9.0,0,0,270.0,0,0.0,343,341,1,0.9090448288690476,23.976746797561646,132.71875,1,256,0.0,88064,38926,0,16540806.0,1762987575.1854174,19.3359375,23.903300285339355,0
1336.4440492546846,32,12200.635048553,11040,202,0.0,102,144.421875,0.96875,0,0.9505208333333334,0.3323019350849892,110.25,0.5004949008115385,25.003812313079834,344,1.6271679401397705,40.625,1,8.0,0,0,242.625,0,0.0,344,342,1,0.9143391439289876,27.739168643951416,126.78125,1,256,0.0,88320,36972,0,16577778.0,1762987602.9289086,17.640625,27.66445779800415,0
1384.5769697209832,32,12228.863748097,11072,177,0.0,98,147.1015625,0.96875,0,0.96875,0.312075168156187,110.0,0.4283088111308977,24.00358295440674,345,1.9280550479888916,34.25,1,9.0,0,0,211.25,0,0.0,345,343,1,0.8635893728667166,27.269213438034058,128.8125,1,256,0.0,88576,37658,0,16615436.0,1762987630.2027013,18.2890625,27.198199033737183,0
1347.2096048640494,32,12257.070256825,11104,230,0.0,107,148.40234375,0.96875,0,0.953125,0.305786113495597,117.0,0.45393307693368734,25.003753662109375,346,1.629429578781128,50.625,1,10.0,0,0,280.625,0,0.0,346,344,1,0.79791332072573,28.2693874835968,128.96875,1,256,0.0,88832,37991,0,16653427.0,1762987658.4763231,19.43359375,28.199769258499146,0
1264.8195348102242,32,12285.653443461,11136,181,0.0,98,138.953125,0.96875,0,0.916015625,0.30655770044662123,110.0,0.42728224091629796,25.003997802734375,347,1.6189734935760498,41.0,1,9.0,0,0,222.0,0,0.0,347,345,1,0.8633312650890776,28.193284273147583,123.28125,1,256,0.0,89088,35572,0,16688999.0,1762987686.6738403,15.671875,28.124170303344727,0
1302.547168562609,32,12311.852198412,11168,190,0.0,97,145.04296875,0.96875,0,0.96875,0.33141517224207,108.375,0.4855256097040438,25.003724098205566,348,1.587057113647461,41.375,1,9.375,0,0,231.375,0,0.0,348,346,1,0.9162336686750748,28.575828790664673,126.78125,1,256,0.0,89344,37131,0,16726130.0,1762987715.2537694,18.26171875,28.506453275680542,0
1382.4456261945907,32,12338.326895905,11200,187,0.0,96,141.1875,0.96875,0,0.96875,0.3110503635984718,107.5,0.4105808639464049,21.003378868103027,349,2.6928815841674805,28.75,1,8.75,0,0,206.5,0,0.0,349,347,1,0.8803946053946055,26.212849378585815,125.0,1,256,0.0,89600,36144,0,16762274.0,1762987741.470842,16.1875,26.144970417022705,0
1274.9356669409215,32,12366.507270064,11232,191,0.0,96,131.484375,0.96875,0,0.96875,0.3138891218910528,106.875,0.4297797333391924,23.003645181655884,350,1.9518120288848877,44.125,1,9.875,0,0,235.125,0,0.0,350,348,1,0.8737211681547619,26.471304178237915,115.625,1,256,0.0,89856,33660,0,16795934.0,1762987767.9463718,15.859375,26.401332139968872,0
1304.651405815535,32,12392.001854518,11264,187,0.0,96,143.15234375,0.96875,0,0.9778645833333333,0.3145839277098335,106.0,0.4421617408479105,25.00405502319336,351,1.6172504425048828,32.25,1,8.125,0,0,213.0,0,0.0,351,349,1,0.8557674747127872,28.158406019210815,125.8125,1,256,0.0,90112,36647,0,16832581.0,1762987796.1091113,17.33984375,28.08949565887451,0
1421.1660024584232,32,12420.457568028,11296,168,0.0,96,141.2265625,0.96875,0,0.96875,0.32240179351922316,107.125,0.4838597608458347,22.003735065460205,352,1.8732647895812988,35.75,1,9.0,0,0,197.375,0,0.0,352,350,1,0.8583656090003746,25.50804114341736,123.90625,1,256,0.0,90368,36154,0,16868735.0,1762987821.6213048,17.3203125,25.439674139022827,0
1326.5332898923632,32,12450.279315209,11328,183,0.00390625,98,147.02734375,0.96875,0,1.0,0.32658055817928794,110.0,0.4629584510822654,24.003896951675415,353,1.5771138668060303,72.5,1,10.25,0,0,219.625,0,0.125,353,351,1,0.8932591197522325,28.450480222702026,126.5625,1,256,0.0,90624,37639,0,16906374.0,1762987850.0760365,20.46484375,28.373958110809326,0
1283.7475734201485,32,12477.487551751,11360,190,0.0,101,148.13104838709677,0.96875,0,1.0,0.3261874834847815,112.625,0.4852309754284029,25.00417470932007,354,1.7550628185272217,46.75,1,9.625,0,0,225.5,0,0.0,354,352,1,0.8609419226606727,29.81087851524353,128.3548387096774,1,256,0.0,90880,38178,0,16944552.0,1762987879.89104,19.776209677419356,29.73949146270752,0
1365.8201154652972,32,12507.866370942,11392,189,0.0,100,144.8125,0.96875,0,1.0,0.31883845996521676,111.5,0.42167906010739253,24.003644227981567,355,1.593989610671997,38.75,1,9.375,0,0,227.75,0,0.0,355,353,1,0.8966843196249217,27.21172547340393,127.1875,1,256,0.0,91136,37072,0,16981624.0,1762987907.1070428,17.625,27.142666578292847,0
1197.769482002887,32,12537.339899482,11424,230,0.0,97,141.796875,0.96875,0,0.9765625,0.3268946777526922,108.0,0.47095636379624045,27.00402045249939,356,1.6312055587768555,36.625,1,9.375,0,0,261.5,0,0.0,356,354,1,0.9003143666229603,30.374629020690918,125.25,1,256,0.0,91392,36300,0,17017924.0,1762987937.485912,16.546875,30.30633234977722,0
1190.0594491430218,32,12565.472421349,11456,172,0.0,98,136.66796875,0.96875,0,1.0,0.3199996890862164,109.125,0.44879798573452867,24.00395679473877,357,2.6607658863067627,33.75,1,8.75,0,0,198.375,0,0.0,357,355,1,0.8682672795954046,29.466418743133545,120.71875,1,256,0.0,91648,34987,0,17052911.0,1762987966.956713,15.94921875,29.39937162399292,0
1306.055336834764,32,12589.737275422,11488,188,0.0,99,143.125,0.96875,0,0.908203125,0.300008300516837,111.5,0.4066103288802164,25.003854990005493,358,1.7332842350006104,31.5,1,9.0,0,0,216.0,0,0.0,358,356,1,0.8524394816052917,28.1246280670166,126.625,1,256,0.0,91904,36640,0,17089551.0,1762987995.0856216,16.5,28.05394148826599,0
1624.6731246730526,32,12621.024363191,11520,216,0.0,99,153.5234375,0.96875,0,0.9765625,0.3348838525623101,111.125,0.5240062358970589,21.003480195999146,359,1.6156516075134277,43.5,1,8.0,0,0,253.875,0,0.0,359,357,1,0.8828423692193224,24.263976573944092,133.5625,1,256,0.0,92160,39302,0,17128853.0,1762988019.353895,19.9609375,24.190712213516235,0
1174.776848472603,32,12647.245963051,11552,230,0.0,104,143.171875,0.96875,0,0.9498697916666667,0.308407282412652,112.0,0.4059926749273147,26.004246711730957,360,2.563089370727539,33.625,1,8.0,0,0,263.625,0,0.0,360,358,1,0.8814784550701491,31.27256679534912,126.59375,1,256,0.0,92416,36652,0,17165505.0,1762988050.630809,16.578125,31.199116706848145,0
1404.9700075475462,32,12674.322209559,11584,193,0.0,97,143.38671875,0.96875,0,1.0,0.34217340173895716,108.25,0.497217279517713,23.00336766242981,361,1.7510216236114502,35.875,1,8.0,0,0,224.125,0,0.0,361,359,1,0.9515329722360972,26.196637630462646,126.125,1,256,0.0,92672,36707,0,17202212.0,1762988076.831726,17.26171875,26.12653636932373,0
1373.920529391826,32,12704.87676171,11616,180,0.0,99,145.01953125,0.96875,0,0.9375,0.3180151986395251,110.125,0.4621555493836269,24.00342297554016,362,1.5759074687957764,31.0,1,8.0,0,0,211.0,0,0.0,362,360,1,0.8788939250853314,27.09496021270752,128.375,1,256,0.0,92928,37125,0,17239337.0,1762988103.9308705,16.64453125,27.02121353149414,0
1198.4645400437446,32,12736.17726048,11648,196,0.0,96,141.5546875,0.96875,0,0.974609375,0.3100095639640259,107.25,0.41757061224122155,27.004209756851196,363,1.649672031402588,46.125,1,8.0,0,0,242.125,0,0.0,363,361,1,0.8602300267718769,30.55899214744568,124.21875,1,256,0.0,93184,36238,0,17275575.0,1762988134.4940798,17.3359375,30.23702311515808,0
1165.1667710961744,32,12764.580700792,11680,167,0.0,96,142.11328125,0.96875,0,0.9505208333333333,0.3087864393139649,108.25,0.404501003385328,26.00403904914856,364,2.415820360183716,32.625,1,10.5,0,0,182.875,0,0.0,364,362,1,0.8855610353571062,31.298110485076904,125.375,1,256,0.0,93440,36381,0,17311956.0,1762988165.7963407,16.73828125,31.223856449127197,0
1241.92856318327,32,12791.933304111,11712,161,0.0,97,137.2421875,0.96875,0,0.970703125,0.31668127138993485,108.875,0.4326162656932745,23.003456830978394,365,2.752006769180298,30.125,1,8.75,0,0,184.5,0,0.0,365,363,1,0.8872513716752,28.35703182220459,120.75,1,256,0.0,93696,35134,0,17347090.0,1762988194.1575768,16.4921875,28.28987193107605,0
1462.8968585398025,32,12815.096299041,11744,182,0.0,98,156.078125,0.96875,0,0.9583333333333333,0.31876893443668053,108.625,0.45088392606103533,23.003345012664795,366,1.697967290878296,40.75,1,8.5,0,0,222.75,0,0.0,366,364,1,0.8850587726076007,27.38874578475952,135.625,1,256,0.0,93952,39956,0,17387046.0,1762988221.5506787,20.453125,27.31293034553528,0
1550.80532398259,32,12844.652772116,11776,179,0.0,96,139.890625,0.96875,0,0.974609375,0.3284039328857047,106.625,0.46829452984343956,20.00272035598755,367,1.7275540828704834,42.5,1,9.625,0,0,221.5,0,0.0,367,365,1,0.915227262780112,23.1607403755188,122.75,1,256,0.0,94208,35812,0,17422858.0,1762988244.7157924,17.140625,23.092518091201782,0
1297.1763075008223,32,12870.237752188,11808,232,0.0,98,149.3515625,0.96875,0,0.96875,0.3004202308504622,109.625,0.43347848631580665,26.003737449645996,368,1.8896880149841309,38.875,1,9.625,0,0,249.125,0,0.0,368,366,1,0.7789968905820057,29.550609588623047,131.0,1,256,0.0,94464,38234,0,17461092.0,1762988274.270978,18.3515625,29.474790573120117,0
1577.298158716437,32,12898.985549076,11840,283,0.0,97,157.13671875,0.96875,0,0.9453125,0.30616339480435584,108.875,0.42692533505926367,22.003010272979736,369,1.595529317855835,57.25,1,7.875,0,0,340.25,0,0.0,369,367,1,0.8416471852833538,25.582008123397827,136.375,1,256,0.0,94720,40227,0,17501319.0,1762988299.8571773,20.76171875,25.50373864173889,0
1312.8222576485198,32,12928.253709017,11872,192,0.0,97,147.04296875,0.96875,0,0.970703125,0.33300057932161664,107.5,0.5018659359125288,26.00377082824707,370,1.6238000392913818,44.625,1,9.0,0,0,236.625,0,0.0,370,368,1,0.9037138642607393,28.743355989456177,128.1875,1,256,0.0,94976,37643,0,17538962.0,1762988328.6050384,18.85546875,28.673340797424316,0
1236.0584728538988,32,12957.901422148,11904,174,0.0,99,140.83984375,0.96875,0,0.98046875,0.3057877998448394,110.375,0.40930570283308815,26.00370740890503,371,1.9329113960266113,38.875,1,8.0,0,0,212.875,0,0.0,371,369,1,0.8391985618548119,29.239126443862915,124.21875,1,256,0.0,95232,36055,0,17575017.0,1762988357.8485074,16.62109375,29.169332027435303,0
1241.404859866209,32,12984.955609133,11936,180,0.0,99,143.49609375,0.96875,0,0.953125,0.30126507860347373,110.875,0.4064426097849763,25.00357699394226,372,1.660386323928833,38.375,1,8.875,0,0,211.375,0,0.0,372,370,1,0.8310937109765235,29.662519454956055,125.5625,1,256,0.0,95488,36735,0,17611752.0,1762988387.5152242,17.93359375,29.591474294662476,0
1363.997624931434,32,13016.896887782,11968,253,0.0,98,143.76953125,0.96875,0,0.8528645833333334,0.30087420474557447,108.625,0.4164234263650636,24.003663301467896,373,1.6749238967895508,32.625,1,8.375,0,0,285.125,0,0.0,373,371,1,0.8820204075948561,27.05303955078125,126.71875,1,256,0.0,95744,36805,0,17648557.0,1762988414.5725744,17.05078125,26.983184814453125,0
1168.2743801091392,32,13044.459234063,12000,196,0.0,97,145.41015625,0.96875,0,0.94140625,0.32916315092825105,108.375,0.49635501030746404,28.004053831100464,374,1.5884943008422852,42.375,1,9.375,0,0,225.5,0,0.0,374,372,1,0.9050101591117217,31.939133882522583,127.6875,1,256,0.0,96000,37225,0,17685782.0,1762988446.5159929,17.72265625,31.863234043121338,0
1332.8083977053384,32,13073.781663361,12032,187,0.0,98,142.96484375,0.96875,0,0.9583333333333334,0.3172925463711796,109.625,0.4622057063293412,24.003424406051636,375,1.6915650367736816,39.25,1,9.0,0,0,220.25,0,0.0,375,373,1,0.8601204784798535,27.532137870788574,125.46875,1,256,0.0,96256,36599,0,17722381.0,1762988474.052778,17.49609375,27.460061073303223,0
1315.4838762351299,32,13103.638605522,12064,235,0.0,97,150.41796875,0.96875,0,0.96875,0.3160755745075909,108.75,0.41428767729878935,26.00371813774109,376,1.851287841796875,40.25,1,8.0,0,0,268.0,0,0.0,376,374,1,0.9089535936522198,29.343222618103027,131.15625,1,256,0.0,96512,38507,0,17760888.0,1762988503.4002054,19.26171875,29.27211856842041,0
1202.207390751627,32,13131.520252459,12096,186,0.0,99,139.84765625,0.96875,0,0.9817708333333334,0.3209619569989247,110.25,0.46037059787965534,25.003557682037354,377,2.2461745738983154,32.25,1,9.875,0,0,209.75,0,0.0,377,375,1,0.8714050272644023,29.853527307510376,123.09375,1,256,0.0,96768,35801,0,17796689.0,1762988533.2579718,16.75390625,29.779387712478638,0
1274.5380267570924,32,13156.061435971,12128,193,0.0,97,138.30859375,0.96875,0,1.0,0.33220560378897157,108.5,0.4767731933189673,25.00413727760315,378,1.6056172847747803,36.0,1,9.0,0,0,229.0,0,0.0,378,376,1,0.9123397675011875,27.848310470581055,121.75,1,256,0.0,97024,35407,0,17832096.0,1762988561.1107883,16.55859375,27.780261754989624,0
1466.6214410830048,32,13181.547239084,12160,192,0.0,99,140.27734375,0.96875,0,1.0,0.33835126490116074,110.625,0.4953706179272259,21.00349497795105,379,1.60127592086792,35.75,1,8.375,0,0,224.75,0,0.0,379,377,1,0.9285142754381035,24.558338165283203,123.46875,1,256,0.0,97280,35911,0,17868007.0,1762988585.6732626,16.80859375,24.485527753829956,0
1493.6890722381552,32,13210.19987381,12192,238,0.0,97,148.1640625,0.96875,0,0.953125,0.3236690568657476,106.5,0.46292079856452645,22.00367045402527,380,1.5817856788635254,43.75,1,8.125,0,0,281.75,0,0.0,380,378,1,0.9051493143522821,25.464468479156494,129.875,1,256,0.0,97536,37930,0,17905937.0,1762988611.1418283,18.2890625,25.39350438117981,0
1185.1205629967192,32,13238.562532865,12224,146,0.0,98,132.35546875,0.96875,0,1.0,0.32250168291473297,106.75,0.44394525615519176,24.00356435775757,381,1.7314763069152832,27.875,1,8.75,0,0,173.875,0,0.0,381,379,1,0.891417544557964,28.661021947860718,117.46875,1,256,0.0,97792,33883,0,17939820.0,1762988639.8070617,14.88671875,28.59034013748169,0
1310.7615475796479,32,13263.220889676,12256,192,0.0,97,144.91796875,0.96875,0,0.9140625,0.32072045620505685,107.625,0.4379081395776474,24.0036404132843,382,1.6817269325256348,38.0,1,8.625,0,0,230.0,0,0.0,382,380,1,0.9448838552635157,28.371459484100342,128.34375,1,256,0.0,98048,37099,0,17976919.0,1762988668.1825876,16.57421875,28.303393602371216,0
1446.337713200902,32,13291.45038196,12288,181,0.0,100,138.6796875,0.96875,0,1.0,0.31622800657808947,111.375,0.4505629285597453,21.00364327430725,383,1.9728000164031982,39.625,1,8.375,0,0,214.625,0,0.0,383,381,1,0.8407694724409362,24.61945104598999,121.4375,1,256,0.0,98304,35502,0,18012421.0,1762988692.80662,17.2421875,24.54613447189331,0
1287.518200628692,32,13316.616342133,12320,168,0.0,97,141.578125,0.96875,0,0.96875,0.314335283286055,109.5,0.404966385995044,25.00368642807007,384,1.6472487449645996,28.625,1,8.0,0,0,196.125,0,0.0,384,382,1,0.9097800405803078,28.22616982460022,125.40625,1,256,0.0,98560,36244,0,18048665.0,1762988721.0375836,16.171875,28.15028166770935,0
1408.8952602773297,32,13345.804297968,12352,181,0.0,98,138.25,0.96875,0,1.0,0.33360418089482446,107.0,0.5115410296556965,22.003114938735962,385,1.8397068977355957,42.5,1,8.0,0,0,223.5,0,0.0,385,383,1,0.8753064997579014,25.190012216567993,121.96875,1,256,0.0,98816,35392,0,18084057.0,1762988746.2319367,16.28125,25.120391130447388,0
1264.8408473186391,32,13370.265986625,12384,187,0.0,96,143.7265625,0.96875,0,1.0,0.3248760957943151,106.375,0.4781065624584012,25.003673791885376,386,1.5862488746643066,39.375,1,8.0,0,0,223.375,0,0.0,386,384,1,0.8616985553508991,29.165154457092285,126.96875,1,256,0.0,99072,36794,0,18120851.0,1762988775.401522,16.7578125,29.089825868606567,0
1437.6419290466229,32,13399.650332746,12416,194,0.0,97,137.05859375,0.96875,0,0.96875,0.3086923972673328,106.125,0.44228515113217637,22.00329566001892,387,1.6178133487701416,39.125,1,8.625,0,0,233.125,0,0.0,387,385,1,0.8224024469393165,24.478962659835815,121.21875,1,256,0.0,99328,35087,0,18155938.0,1762988799.8852644,15.83984375,24.405938148498535,0
1239.8775037768366,32,13425.771314373,12448,177,0.0,99,141.9140625,0.96875,0,0.9296875,0.29574447311978747,110.125,0.38847163732330653,26.00374960899353,388,1.6477887630462646,26.875,1,9.0,0,0,192.875,0,0.0,388,386,1,0.8338759710341742,29.371726989746094,125.0,1,256,0.0,99584,36330,0,18192268.0,1762988829.2615592,16.9140625,29.301281690597534,0
1472.1300941710986,32,13453.654047418,12480,192,0.0,97,149.75390625,0.96875,0,0.98046875,0.3259448519178167,107.375,0.470164727324473,22.003288984298706,389,1.860694169998169,37.5,1,8.5,0,0,222.5,0,0.0,389,387,1,0.8924335430194805,26.12549877166748,131.53125,1,256,0.0,99840,38337,0,18230605.0,1762988855.3911948,18.22265625,26.041856050491333,0
1326.8576557707258,32,13482.485398899,12512,174,0.0,97,144.078125,0.96875,0,0.958984375,0.32437187847813725,107.375,0.4686091270310456,25.003841638565063,390,1.6191999912261963,31.875,1,8.25,0,0,204.125,0,0.0,390,388,1,0.8983441038128539,27.877365350723267,127.59375,1,256,0.0,100096,36884,0,18267489.0,1762988883.2734995,16.484375,27.79800820350647,0
1320.3774599937776,32,13511.457329906,12544,351,0.0,98,148.296875,0.96875,0,0.91796875,0.3117644677977413,108.25,0.445403848299708,26.00376272201538,391,1.6382861137390137,35.375,1,8.0,0,0,382.375,0,0.0,391,389,1,0.8725788209186647,28.826355695724487,131.21875,1,256,0.0,100352,37964,0,18305453.0,1762988912.1044235,17.078125,28.752384185791016,0
1279.6581995730842,32,13538.117960352,12576,189,0.0,96,144.38671875,0.96875,0,1.0,0.3119975557647084,106.125,0.43495958938315704,25.003684520721436,392,2.37753963470459,44.125,1,8.0,0,0,232.125,0,0.0,392,390,1,0.8333709192538467,28.961864948272705,127.40625,1,256,0.0,100608,36963,0,18342416.0,1762988941.0705364,16.98046875,28.885056972503662,0
1466.759058587263,32,13568.187374227,12608,197,0.0,97,152.31640625,0.96875,0,0.9765625,0.32272129793679116,108.0,0.4584835852446451,22.003305196762085,393,1.5964651107788086,52.625,1,8.0,0,0,237.625,0,0.0,393,391,1,0.8891222059190809,26.662607669830322,131.9375,1,256,0.0,100864,38993,0,18381409.0,1762988967.737438,20.37890625,26.58446168899536,0
1366.9476036327628,32,13594.527227066,12640,179,0.0,105,159.87890625,0.96875,0,0.90625,0.324010916163098,116.125,0.5010550916787078,26.003389835357666,394,2.1082847118377686,35.625,1,9.125,0,0,214.625,0,0.0,394,392,1,0.8878326521823765,30.06364917755127,139.40625,1,256,0.0,101120,40929,0,18422338.0,1762988997.806419,20.47265625,29.941893815994263,0
1401.2210591499613,32,13623.363685897,12672,235,0.0,97,143.765625,0.96875,0,1.0,0.31180868259209504,106.125,0.41791957098214083,23.00318694114685,395,1.9695873260498047,60.875,1,9.125,0,0,295.875,0,0.0,395,393,1,0.8548317893044456,26.33540391921997,126.375,1,256,0.0,101376,36804,0,18459142.0,1762989024.146577,17.390625,26.265662908554077,0
1268.0145805755187,32,13654.259735452,12704,195,0.0,96,142.4609375,0.96875,0,1.0,0.32730046083223874,104.875,0.46977167151259225,25.003324270248413,396,1.8945512771606445,58.0,1,8.25,0,0,253.0,0,0.0,396,394,1,0.8889741768648018,28.83190369606018,125.28125,1,256,0.0,101632,36470,0,18495612.0,1762989052.982971,17.1796875,28.76149892807007,0
1200.7957430045903,32,13682.84472107,12736,197,0.0,97,144.57421875,0.96875,0,0.9798177083333334,0.3063702785015955,106.125,0.42613517317086524,25.003389596939087,397,1.7319004535675049,35.625,1,8.0,0,0,232.625,0,0.0,397,395,1,0.8210764868939271,30.891201734542847,127.09375,1,256,0.0,101888,37011,0,18532623.0,1762989083.8784866,17.48046875,30.82206130027771,0
1259.0140255204997,32,13710.502136524,12768,177,0.0,98,139.875,0.96875,0,0.94140625,0.29613929621515206,108.5,0.3859284099199425,23.003039121627808,398,1.9553029537200928,27.25,1,8.625,0,0,192.75,0,0.0,398,396,1,0.8320865948744238,28.546711683273315,124.0,1,256,0.0,102144,35808,0,18568431.0,1762989112.4294853,15.875,28.441303491592407,0
1269.1495742300626,32,13714.720869185,12800,187,0.0,98,136.92578125,0.96875,0,0.96875,0.32116677066837596,109.25,0.4370025381726741,22.003143548965454,399,2.91521954536438,27.0,1,7.875,0,0,206.375,0,0.0,399,397,1,0.9126084202256077,27.687750577926636,121.75,1,256,0.0,102400,35053,0,18603484.0,1762989140.1213756,15.17578125,27.619282007217407,0
